<?xml version="1.0" encoding="UTF-8"?>
<window type="dialog">
	<defaultcontrol always="true">213</defaultcontrol>
	<visible>[System.HasMediaDVD | Player.HasMedia] + Window.IsActive(playercontrols) + !Window.IsActive(fullscreenvideo) + !Window.IsActive(visualisation)</visible>
	<coordinates>
		<left>0</left>
		<top>0</top>
	</coordinates>
	<controls>
		<include>fadebackground</include>
		<control type="image"><!-- Dialog background image -->
			<left>123</left>
			<top>125</top>
			<height>175</height>
			<width>1026</width>
			<texture border="8">button-menu-background.png</texture>
		</control>
		<control type="button"><!-- Touch Close button -->
			<left>1128</left>
			<top>116</top>
			<width>32</width>
			<height>32</height>
			<texturefocus>touch-close.png</texturefocus>
			<texturenofocus>touch-close.png</texturenofocus>
			<onclick>Dialog.Close(playercontrols)</onclick>
			<visible>Skin.HasSetting(touch-controls)</visible>
		</control>

		<!-- Media Info -->
 		<control type="group"><!-- Video -->
			<visible>Player.HasVideo</visible>
			<control type="videowindow">
				<left>150</left>
				<top>137</top>
				<width>212</width>
				<height>150</height>
			</control>
			<control type="button"><!-- Touch button for Fullscreen -->
				<left>150</left>
				<top>137</top>
				<width>212</width>
				<height>150</height>
				<texturefocus>-</texturefocus>
				<onclick>Dialog.Close(playercontrols)</onclick>
				<onclick>Fullscreen</onclick>
				<visible>Skin.HasSetting(touch-controls)</visible>
			</control>
			<control type="label"><!-- Now playing -->
				<left>354</left>
				<top>137</top>
				<width>778</width>
				<height>31</height>
				<label>$LOCALIZE[31037]</label>
				<align>center</align>
				<font>font12</font>
				<textcolor>listselected-text</textcolor>
			</control>
			<control type="label">
				<left>354</left>
				<top>168</top>
				<width>778</width>
				<height>31</height>
				<label>$INFO[VideoPlayer.Title]</label>
				<font>font12</font>
				<align>center</align>
				<visible>!Pvr.IsPlayingTv</visible>
			</control>
			<control type="label">
				<left>354</left>
				<top>168</top>
				<width>778</width>
				<height>31</height>
				<label>$INFO[VideoPlayer.ChannelNumberLabel,, - ]$INFO[VideoPlayer.ChannelName]</label>
				<font>font12</font>
				<align>center</align>
				<visible>Pvr.IsPlayingTv</visible>
			</control>
			<control type="label">
				<left>370</left>
				<top>210</top>
				<width>170</width>
				<height>20</height>
				<font>font11</font>
				<label>$INFO[VideoPlayer.Time]</label>
				<align>right</align>
			</control>
			<control type="label">
				<left>940</left>
				<top>210</top>
				<width>170</width>
				<height>20</height>
				<font>font11</font>
				<label>$INFO[VideoPlayer.TimeRemaining,- ]</label>
			</control>
			<control type="group">
				<width>380</width>
				<height>20</height>
				<control type="progress"><!-- Cache -->
					<left>550</left>
					<top>213</top>
					<width>380</width>
					<height>16</height>
					<info>Player.ProgressCache</info>
					<colordiffuse>CacheBarColor</colordiffuse>
				</control>
				<control type="progress">
					<left>550</left>
					<top>213</top>
					<width>380</width>
					<height>16</height>
					<info>Player.Progress</info>
				</control>
				<control type="slider">
					<left>550</left>
					<top>211</top>
					<width>380</width>
					<height>20</height>
					<action>seek</action>
				</control>
			</control>
		</control>

 		<control type="group"><!-- Music -->
			<visible>Player.HasAudio</visible>
			<control type="image">
				<left>164</left>
				<top>137</top>
				<width>150</width>
				<height>150</height>
				<align>left</align>
				<aligny>bottom</aligny>
				<fadetime>300</fadetime>
				<texture fallback="DefaultAudio.png">$VAR[PlayerMusicCover]</texture>
				<aspectratio>keep</aspectratio>
				<visible>!Window.IsActive(visualisation)</visible>
			</control>
			<control type="button"><!-- Touch button for Fullscreen -->
				<left>164</left>
				<top>137</top>
				<width>150</width>
				<height>150</height>
				<texturefocus>-</texturefocus>
				<texturenofocus>-</texturenofocus>
				<onclick>Dialog.Close(playercontrols)</onclick>
				<onclick>Fullscreen</onclick>
				<visible>Skin.HasSetting(touch-controls)</visible>
			</control>
			<control type="label">
				<left>354</left>
				<top>135</top>
				<width>778</width>
				<height>20</height>
				<label>$INFO[MusicPlayer.Artist]</label>
				<font>font12</font>
				<align>center</align>
			</control>
			<control type="label">
				<left>354</left>
				<top>162</top>
				<width>778</width>
				<height>20</height>
				<label>$INFO[MusicPlayer.Album]</label>
				<font>font12</font>
				<align>center</align>
			</control>
			<control type="label">
				<left>354</left>
				<top>188</top>
				<width>778</width>
				<height>20</height>
				<label>$INFO[MusicPlayer.Title]</label>
				<font>font12</font>
				<align>center</align>
				<visible>!Pvr.IsPlayingRadio</visible>
			</control>
			<control type="label">
				<left>310</left>
				<top>220</top>
				<width>200</width>
				<height>20</height>
				<label>$INFO[MusicPlayer.Time]</label>
				<font>font12</font>
				<align>right</align>
				<visible>!Pvr.IsPlayingRadio</visible>
			</control>
			<control type="label"><!-- Now playing -->
				<left>354</left>
				<top>137</top>
				<width>778</width>
				<height>31</height>
				<label>$LOCALIZE[31037]</label>
				<align>center</align>
				<font>font12</font>
				<textcolor>listselected-text</textcolor>
				<visible>Pvr.IsPlayingRadio</visible>
			</control>
			<control type="textbox">
				<left>354</left>
				<top>180</top>
				<height>52</height>
				<width>778</width>
				<font>font12</font>
				<align>center</align>
				<aligny>top</aligny>
				<label>$INFO[MusicPlayer.ChannelName][CR]$INFO[MusicPlayer.Title]</label>
				<include condition="Skin.HasSetting(text-autoscroll)">scrolltext</include>
				<visible>Pvr.IsPlayingRadio</visible>
			</control>
			<control type="progress">
				<left>520</left>
				<top>223</top>
				<width>440</width>
				<height>16</height>
				<info>Player.Progress</info>
				<visible>!Pvr.IsPlayingRadio</visible>
			</control>
			<control type="slider">
				<left>520</left>
				<top>221</top>
				<width>440</width>
				<height>20</height>
				<action>seek</action>
				<visible>!Pvr.IsPlayingRadio</visible>
			</control>
			<control type="label">
				<left>970</left>
				<top>220</top>
				<width>220</width>
				<height>20</height>
				<label>$INFO[MusicPlayer.TimeRemaining,- ]</label>
				<font>font12</font>
			</control>
		</control>
		<!-- End of Media Info-->
		<!-- Player buttons -->
		<control type="grouplist" id="999"><!-- Group OSD Button -->
			<left>354</left>
			<top>245</top>
			<width>778</width>
			<height>40</height>
			<itemgap>2</itemgap>
			<orientation>horizontal</orientation>
			<align>center</align>
			<control type="button" id="208"><!-- DVD Menu</description -->
				<width>40</width>
				<height>40</height>
				<texturefocus>osd-btn-dvdmenu-focus.png</texturefocus>
				<texturenofocus>osd-btn-dvdmenu.png</texturenofocus>
				<onclick>PlayerControl(ShowVideoMenu)</onclick>
				<visible>VideoPlayer.HasMenu</visible>
			</control>
			<control type="button" id="950"><!-- Subtitles Menu -->
				<width>40</width>
				<height>40</height>
				<texturenofocus>osd-btn-subtitle.png</texturenofocus>
				<texturefocus>osd-btn-subtitle-focus.png</texturefocus>
				<onclick>Dialog.Close(playercontrols)</onclick>
				<onclick>ActivateWindow(subtitlesearch)</onclick>
				<visible>Player.HasVideo</visible>
			</control>
			<control type="togglebutton" id="908"><!-- Random -->
				<width>40</width>
				<height>40</height>
				<texturefocus>osd-btn-playthru-focus.png</texturefocus>
				<texturenofocus>osd-btn-playthru.png</texturenofocus>
				<usealttexture>Playlist.IsRandom</usealttexture>
				<alttexturefocus>osd-btn-random-focus.png</alttexturefocus>
				<alttexturenofocus>osd-btn-random.png</alttexturenofocus>
				<onclick>PlayerControl(Random)</onclick>
				<visible>Player.HasAudio</visible>
			</control>
			<control type="group" id="925"><!-- Repeat -->
				<width>40</width>
				<height>40</height>
				<visible>Player.HasAudio</visible>
				<control type="button" id="912">
					<width>40</width>
					<height>40</height>
					<onleft>908</onleft>
					<onright>931</onright>
					<texturefocus>-</texturefocus>
					<texturenofocus>-</texturenofocus>
					<onclick>PlayerControl(Repeat)</onclick>
				</control>
				<control type="image">
					<width>40</width>
					<height>40</height>
					<texture>$VAR[PlayerControlRepeatImage]</texture>
				</control>
			</control>
			<control type="image" id="931"><!-- Dummy -->
				<width>20</width>
				<height>40</height>
				<texture>-</texture>
			</control>
			<control type="button" id="914"><!-- Channel Up -->
				<width>40</width>
				<height>40</height>
				<texturefocus>osd-btn-channelup-focus.png</texturefocus>
				<texturenofocus>osd-btn-channelup.png</texturenofocus>
				<onclick>ChannelUp</onclick>
				<visible>VideoPlayer.Content(LiveTV)</visible>
			</control>
			<control type="button" id="915"><!-- Channel Down -->
				<width>40</width>
				<height>40</height>
				<texturefocus>osd-btn-channeldown-focus.png</texturefocus>
				<texturenofocus>osd-btn-channeldown.png</texturenofocus>
				<onclick>ChannelDown</onclick>
				<visible>VideoPlayer.Content(LiveTV)</visible>
			</control>
			<control type="button" id="916"><!-- Volume Up -->
				<width>40</width>
				<height>40</height>
				<texturefocus>osd-btn-volumeup-focus.png</texturefocus>
				<texturenofocus>osd-btn-volumeup.png</texturenofocus>
				<onclick>VolumeUp</onclick>
			</control>
			<control type="button" id="917"><!-- Volume Down -->
				<width>40</width>
				<height>40</height>
				<texturefocus>osd-btn-volumedown-focus.png</texturefocus>
				<texturenofocus>osd-btn-volumedown.png</texturenofocus>
				<onclick>VolumeDown</onclick>
			</control>
			<control type="button" id="217"><!-- Eject Disk -->
				<width>40</width>
				<height>40</height>
				<texturefocus>osd-btn-eject-focus.png</texturefocus>
				<texturenofocus>osd-btn-eject.png</texturenofocus>
				<onclick>EjectTray()</onclick>
				<onclick>SetFocus(1115)</onclick>
				<visible>System.HasMediadvd</visible>
			</control>
			<control type="button" id="210"><!-- Skip Bwd -->
				<width>40</width>
				<height>40</height>
				<texturefocus>osd-btn-skipback-focus.png</texturefocus>
				<texturenofocus>osd-btn-skipback.png</texturenofocus>
				<onclick>PlayerControl(Previous)</onclick>
			</control>
			<control type="button" id="211"><!-- Rewind -->
				<width>40</width>
				<height>40</height>
				<texturefocus>osd-btn-rewind-focus.png</texturefocus>
				<texturenofocus>osd-btn-rewind.png</texturenofocus>
				<onclick>PlayerControl(Rewind)</onclick>
			</control>
			<control type="togglebutton" id="213"><!-- Play -->
				<width>40</width>
				<height>40</height>
				<texturefocus>osd-btn-pause-focus.png</texturefocus>
				<texturenofocus>osd-btn-pause.png</texturenofocus>
				<usealttexture>Player.Paused | Player.Forwarding | Player.Rewinding</usealttexture>
				<alttexturefocus>osd-btn-play-focus.png</alttexturefocus>
				<alttexturenofocus>osd-btn-play.png</alttexturenofocus>
				<onclick>PlayerControl(Play)</onclick>
			</control>
			<control type="button" id="214"><!-- Stop -->
				<width>40</width>
				<height>40</height>
				<texturefocus>osd-btn-stop-focus.png</texturefocus>
				<texturenofocus>osd-btn-stop.png</texturenofocus>
				<onclick>PlayerControl(Stop)</onclick>
			</control>
			<control type="button" id="215"><!-- Fast Forward -->
				<width>40</width>
				<height>40</height>
				<texturefocus>osd-btn-fastfwd-focus.png</texturefocus>
				<texturenofocus>osd-btn-fastfwd.png</texturenofocus>
				<onclick>PlayerControl(Forward)</onclick>
			</control>
			<control type="button" id="216"><!-- Skip Fwd -->
				<width>40</width>
				<height>40</height>
				<texturefocus>osd-btn-skipfwd-focus.png</texturefocus>
				<texturenofocus>osd-btn-skipfwd.png</texturenofocus>
				<onclick>PlayerControl(Next)</onclick>
			</control>
			<control type="togglebutton" id="909"><!-- Record -->
				<width>40</width>
				<height>40</height>
				<texturefocus>osd-btn-rec-focus.png</texturefocus>
				<texturenofocus>osd-btn-rec.png</texturenofocus>
				<usealttexture>Player.CanRecord + Player.Recording</usealttexture>
				<alttexturefocus>osd-btn-rec-recording-focus.png</alttexturefocus>
				<alttexturenofocus>osd-btn-rec-recording.png</alttexturenofocus>
				<onclick>PlayerControl(record)</onclick>
				<visible>Player.CanRecord</visible>
			</control>
			<control type="image" id="940"><!-- Dummy -->
				<width>20</width>
				<height>40</height>
				<texture>-</texture>
			</control>
			<control type="button" id="923"><!-- 3D Menu -->
				<width>40</width>
				<height>40</height>
				<texturefocus>osd-btn-3D-focus.png</texturefocus>
				<texturenofocus>osd-btn-3D.png</texturenofocus>
				<onclick>Dialog.Close(playercontrols)</onclick>
				<onclick>ActivateWindow(1151)</onclick>
				<onclick>RunScript(script.skin.helper.service,action=setskinsetting,setting=libraryentry-radio-val,header=$LOCALIZE[31561])</onclick>
				<visible>VideoPlayer.IsStereoscopic</visible>
			</control>
			<control type="button" id="926"><!-- Popup Vis Preset List -->
				<width>40</width>
				<height>40</height>
				<texturefocus>osd-btn-vis-focus.png</texturefocus>
				<texturenofocus>osd-btn-vis.png</texturenofocus>
				<onclick>ActivateWindow(visualisationpresetlist)</onclick>
				<visible>Player.HasAudio</visible>
			</control>
			<control type="button" id="927"><!-- Popup Vis Settings -->
				<width>40</width>
				<height>40</height>
				<texturefocus>osd-btn-setting-focus.png</texturefocus>
				<texturenofocus>osd-btn-setting.png</texturenofocus>
				<onclick>Addon.Default.OpenSettings(xbmc.player.musicviz)</onclick>
				<visible>Player.HasAudio</visible>
			</control>
			<control type="button" id="928"><!-- EPG Menu -->
				<width>40</width>
				<height>40</height>
				<texturefocus>osd-btn-guide-focus.png</texturefocus>
				<texturenofocus>osd-btn-guide.png</texturenofocus>
				<onclick>ActivateWindow(tvguide)</onclick>
				<visible>VideoPlayer.HasEpg</visible>
			</control>
			<control type="button" id="921"><!-- Audio Menu -->
				<width>40</width>
				<height>40</height>
				<texturefocus>osd-btn-audio-focus.png</texturefocus>
				<texturenofocus>osd-btn-audio.png</texturenofocus>
				<onclick>ActivateWindow(osdaudiosettings)</onclick>
			</control>
			<control type="button" id="924"><!-- RDS Info -->
				<width>40</width>
				<height>40</height>
				<texturefocus>osd-btn-guide-focus.png</texturefocus>
				<texturenofocus>osd-btn-guide.png</texturenofocus>
				<onclick>ActivateWindow(PVRRadioRDSInfo)</onclick>
				<visible>MusicPlayer.Content(LiveTV) + RDS.HasRadiotextPlus</visible>
			</control>
			<control type="button" id="920"><!-- Video Menu -->
				<width>40</width>
				<height>40</height>
				<texturefocus>osd-btn-video-focus.png</texturefocus>
				<texturenofocus>osd-btn-video.png</texturenofocus>
				<onclick>ActivateWindow(osdvideosettings)</onclick>
				<visible>Player.HasVideo</visible>
			</control>
		</control>
	</controls>
</window>