<?xml version="1.0" encoding="UTF-8"?>
<window>
	<defaultcontrol always="true">50</defaultcontrol>
	<allowoverlay>no</allowoverlay>
	<include>screen-fade</include>
	<views>50,52,54,57,58</views>
	<onload>ClearProperty(ShowScreenSettings,Home)</onload>
	<onunload>ClearProperty(ShowScreenSettings,Home)</onunload>
	<controls>
		<include>background</include>
		<include>Fake-Overlay</include>
		<control type="grouplist">
			<left>780</left>
			<top>35</top>
			<width>auto</width>
			<height>62</height>
			<align>left</align>
			<aligny>bottom</aligny>
			<orientation>horizontal</orientation>
			<control type="label"><!-- Addons heading -->
				<width max="256">auto</width>
				<height>72</height>
				<label>$LOCALIZE[24001]</label>
				<font>font18</font>
				<wrapmultiline>true</wrapmultiline>
				<aligny>top</aligny>
			</control>
			<control type="label"><!-- Number of file -->
				<width max="80">auto</width>
				<height>50</height>
				<label>$INFO[Container.NumItems,(,)]</label>
				<aligny>top</aligny>
			</control>
		</control>

		<control type="group"><!-- Various Views of Addons Browser -->
			<include file="View-General.xml">ListView</include>
			<include file="View-General.xml">IconView</include>
			<include file="View-General.xml">WrapView</include>
			<include file="View-General.xml">WallView</include>
			<include file="View-General.xml">Coverflow</include>
		</control>

		<control type="group"><!-- Screen-settings Menu -->
			<left>0</left>
			<top>720</top>
			<include>screen-settings</include>
			<include>fadebackground</include>
			<control type="image"><!-- Dialog background -->
				<left>438</left>
				<top>94</top>
				<width>400</width>
				<height>538</height>
				<texture border="8">button-menu-background.png</texture>
			</control>
			<control type="label"><!-- Dialog heading -->
				<left>450</left>
				<top>102</top>
				<width>376</width>
				<height>34</height>
				<font>font12</font>
				<label>$LOCALIZE[31557]</label>
				<align>center</align>
			</control>
			<control type="button"><!-- Touch Close button -->
				<left>816</left>
				<top>84</top>
				<width>32</width>
				<height>32</height>
				<texturefocus>touch-close.png</texturefocus>
				<texturenofocus>touch-close.png</texturenofocus>
				<onclick condition="!StringCompare(Window(Home).Property(ShowScreenSettings),show)">SetProperty(ShowScreenSettings,show,Home)</onclick>
				<onclick condition="StringCompare(Window(Home).Property(ShowScreenSettings),show)">ClearProperty(ShowScreenSettings,Home)</onclick>
				<visible>system.getbool(input.enablemouse)</visible>
			</control>
			<control type="image">
				<left>450</left>
				<top>138</top>
				<width>376</width>
				<height>4</height>
				<texture>separator.png</texture>
			</control>
			<control type="grouplist" id="9000">
				<left>450</left>
				<top>146</top>
				<width>376</width>
				<height>484</height>
				<onright>50</onright>
				<onleft>50</onleft>
				<control type="button" id="2"><!-- View as button -->
					<width>376</width>
					<height>48</height>
					<font>font11</font>
					<label>$LOCALIZE[100]</label>
					<textoffsetx>10</textoffsetx>
				</control>
				<control type="radiobutton" id="1198"><!-- Tilt list view icons button  -->
					<width>376</width>
					<height>48</height>
					<label>$LOCALIZE[31886]</label>
					<font>font11</font>
					<onclick>Skin.ToggleSetting(tiltmisclisticon)</onclick>
					<selected>Skin.HasSetting(tiltmisclisticon)</selected>
					<textoffsetx>10</textoffsetx>
					<radioposx>340</radioposx>
					<visible>SubString(Control.GetLabel(2),$LOCALIZE[31941],Right)</visible>
				</control>
				<control type="radiobutton" id="1197"><!-- Tilt wall view icons button -->
					<width>376</width>
					<height>48</height>
					<label>$LOCALIZE[31886]</label>
					<font>font11</font>
					<onclick>Skin.ToggleSetting(tiltmiscwallicon)</onclick>
					<selected>Skin.HasSetting(tiltmiscwallicon)</selected>
					<textoffsetx>10</textoffsetx>
					<radioposx>340</radioposx>
					<visible>SubString(Control.GetLabel(2),$LOCALIZE[31944],Right)</visible>
				</control>
				<control type="button" id="3"><!-- Sort by button -->
					<width>376</width>
					<height>48</height>
					<font>font11</font>
					<label>$LOCALIZE[103]</label>
					<textoffsetx>10</textoffsetx>
				</control>
				<control type="togglebutton" id="4"><!-- Sort direction button -->
					<width>376</width>
					<height>48</height>
					<label>$LOCALIZE[21429]: $LOCALIZE[21430]</label>
					<altlabel>$LOCALIZE[21429]: $LOCALIZE[21431]</altlabel>
					<font>font11</font>
					<textoffsetx>10</textoffsetx>
				</control>
				<control type="button" id="5"><!-- Addon updates button -->
					<width>376</width>
					<height>48</height>
					<font>font11</font>
					<textoffsetx>10</textoffsetx>
					<label>$LOCALIZE[24063]</label>
				</control>
				<control type="radiobutton" id ="6"><!-- Notifications button -->
					<width>376</width>
					<height>48</height>
					<font>font11</font>
					<textoffsetx>10</textoffsetx>
					<label>$LOCALIZE[25000]</label>
					<radioposx>340</radioposx>
				</control>
				<control type="radiobutton" id ="7"><!-- Hide foreign button -->
					<width>376</width>
					<height>48</height>
					<font>font11</font>
					<textoffsetx>10</textoffsetx>
					<label>$LOCALIZE[25001]</label>
					<radioposx>340</radioposx>
				</control>
				<control type="radiobutton" id ="8"><!-- Hide broken button -->
					<width>376</width>
					<height>48</height>
					<font>font11</font>
					<textoffsetx>10</textoffsetx>
					<label>$LOCALIZE[24999]</label>
					<radioposx>340</radioposx>
				</control>
				<control type="button" id="9"><!-- Check for updates -->
					<width>376</width>
					<height>48</height>
					<font>font11</font>
					<textoffsetx>10</textoffsetx>
					<label>$LOCALIZE[24034]</label>
				</control>
			</control>
		</control>

		<include>group-focusvert</include>
		<include>group-focushorz</include>

		<include>touch-controls</include>

	</controls>
</window>
