<?xml version="1.0" encoding="UTF-8"?>
<window>
	<defaultcontrol>20</defaultcontrol>
	<coordinates>
		<left>0</left>
		<top>0</top>
	</coordinates>
	<include>screen-fade</include>
	<controls>
		<include>fadebackground</include>
		<control type="image"><!-- Dialog background image -->
			<left>234</left>
			<top>152</top>
			<width>808</width>
			<height>507</height>
			<texture border="8">button-menu-background.png</texture>
		</control>
		<control type="image"><!-- Scraper image -->
			<left>295</left>
			<top>211</top>
			<width>176</width>
			<height>176</height>
			<aspectratio>keep</aspectratio>
			<texture>$INFO[ListItem.Icon]</texture>
		</control>
		<control type="label" id="1000"><!-- Directory contains -->
			<left>295</left>
			<top>165</top>
			<height>46</height>
			<width>380</width>
			<font>font12</font>
			<label>$LOCALIZE[20344]</label>
		</control>
		<control type="spincontrolex" id="20"><!-- Directory content select spincontrol -->
			<left>683</left>
			<top>165</top>
			<width>320</width>
			<height>46</height>
			<font>font12</font>
			<align>left</align>
			<reverse>yes</reverse>
			<textoffsetx>12</textoffsetx>
			<ondown>21</ondown>
			<onleft>20</onleft>
			<onright>20</onright>
			<subtype>text</subtype>
		</control>
		<control type="list" id="21">
			<left>553</left>
			<top>209</top>
			<width>700</width>
			<height>184</height>
			<onup>20</onup>
			<ondown>5</ondown>
			<itemlayout height="46">
				<control type="image">
					<left>0</left>
					<top>3</top>
					<width>40</width>
					<height>40</height>
					<texture>$INFO[ListItem.Icon]</texture>
				</control>
				<control type="label">
					<left>54</left>
					<top>8</top>
					<width>380</width>
					<height>28</height>
					<font>font12</font>
					<selectedcolor>listselected-text</selectedcolor>
					<label>$INFO[ListItem.Label]</label>
				</control>
			</itemlayout>
			<focusedlayout height="46">
				<control type="image">
					<left>44</left>
					<top>0</top>
					<width>406</width>
					<height>46</height>
					<texture border="8">button-default-focus.png</texture>
					<visible>Control.HasFocus(21)</visible>
				</control>
				<control type="image">
					<left>0</left>
					<top>3</top>
					<width>40</width>
					<height>40</height>
					<texture>$INFO[ListItem.Icon]</texture>
				</control>
				<control type="label">
					<left>54</left>
					<top>8</top>
					<width>380</width>
					<height>28</height>
					<font>font12</font>
					<selectedcolor>listselected-text</selectedcolor>
					<label>$INFO[ListItem.Label]</label>
				</control>
			</focusedlayout>
		</control>
		<control type="grouplist" id="5"><!-- Control area -->
			<left>278</left>
			<top>390</top>
			<width>722</width>
			<height>208</height>
			<itemgap>2</itemgap>
			<onup>21</onup>
			<ondown>28</ondown>
			<onleft>5</onleft>
			<onright>5</onright>
		</control>
		<control type="button" id="7"><!-- Default button -->
			<left>0</left>
			<top>0</top>
			<width>700</width>
			<height>50</height>
			<font>font12</font>
		</control>
		<control type="radiobutton" id="8"><!-- Default radiobutton -->
			<left>0</left>
			<top>0</top>
			<width>700</width>
			<height>50</height>
			<font>font12</font>
			<radioposx>680</radioposx>
		</control>
		<control type="image" id="11">
			<width>619</width>
			<height>4</height>
			<texture>separator.png</texture>
		</control>
		<control type="button" id="22"><!-- Settings -->
			<left>288</left>
			<top>596</top>
			<width>210</width>
			<height>50</height>
			<align>center</align>
			<label>$LOCALIZE[5]</label>
			<font>font12</font>
			<onright>28</onright>
			<onup>5</onup>
		</control>
		<control type="button" id="28"><!-- OK -->
			<left>533</left>
			<top>596</top>
			<width>210</width>
			<height>50</height>
			<align>center</align>
			<label>$LOCALIZE[186]</label>
			<font>font12</font>
			<onleft>22</onleft>
			<onright>29</onright>
			<onup>5</onup>
		</control>
		<control type="button" id="29"><!-- Cancel -->
			<left>778</left>
			<top>596</top>
			<width>210</width>
			<height>50</height>
			<align>center</align>
			<label>$LOCALIZE[222]</label>
			<font>font12</font>
			<onleft>28</onleft>
			<onup>5</onup>
		</control>
	</controls>
</window>