<?xml version="1.0" encoding="UTF-8"?>
<window>
	<defaultcontrol always="true">50</defaultcontrol>
	<allowoverlay>no</allowoverlay>
	<include>screen-fade</include>
	<views>50,54,57,58</views>
	<onload>ClearProperty(ShowScreenSettings,Home)</onload>
	<onunload>ClearProperty(ShowScreenSettings,Home)</onunload>
	<controls>
		<include>background</include>
		<control type="label"><!-- Screen heading -->
			<left>780</left>
			<top>20</top>
			<width>400</width>
			<height>62</height>
			<label>$LOCALIZE[10517]</label>
			<font>font18</font>
			<wrapmultiline>true</wrapmultiline>
		</control>

		<include file="View-Music.xml">AlbumListView</include>
		<!--<include file="View-Music.xml">AudioWallView</include>-->

		<control type="group">
			<left>0</left>
			<top>720</top>
			<include>screen-settings</include>
			<include>fadebackground</include>
			<control type="image"><!-- Button background -->
				<left>460</left>
				<top>162</top>
				<width>398</width>
				<height>410</height>
				<texture border="8">button-menu-background.png</texture>
			</control>
			<control type="label"><!-- Dialog heading -->
				<left>477</left>
				<top>174</top>
				<width>362</width>
				<height>34</height>
				<font>font12</font>
				<label>$LOCALIZE[31557]</label>
				<align>center</align>
			</control>
			<control type="button"><!-- Touch Close button -->
				<left>836</left>
				<top>152</top>
				<width>32</width>
				<height>32</height>
				<texturefocus>touch-close.png</texturefocus>
				<texturenofocus>touch-close.png</texturenofocus>
				<onclick condition="!StringCompare(Window(Home).Property(ShowScreenSettings),show)">SetProperty(ShowScreenSettings,show,Home)</onclick>
				<onclick condition="StringCompare(Window(Home).Property(ShowScreenSettings),show)">ClearProperty(ShowScreenSettings,Home)</onclick>
				<visible>system.getbool(input.enablemouse)</visible>
			</control>
			<control type="image">
				<left>477</left>
				<top>208</top>
				<width>362</width>
				<height>4</height>
				<texture>separator.png</texture>
			</control>
			<control type="grouplist" id="9000">
				<left>477</left>
				<top>225</top>
				<width>362</width>
				<height>336</height>
				<onleft>50</onleft>
				<onright>50</onright>
				<control type="button" id="2"><!-- View type -->
					<width>362</width>
					<height>48</height>
					<font>font11</font>
					<label>$LOCALIZE[100]</label>
					<textoffsetx>10</textoffsetx>
				</control>
				<control type="radiobutton" id="1198"><!-- Tilt icon list view -->
					<width>362</width>
					<height>48</height>
					<label>$LOCALIZE[31886]</label>
					<font>font11</font>
					<onclick>Skin.ToggleSetting(tiltmusiclisticon)</onclick>
					<selected>Skin.HasSetting(tiltmusiclisticon)</selected>
					<radioposx>330</radioposx>
					<textoffsetx>10</textoffsetx>
					<visible>SubString(Control.GetLabel(2),$LOCALIZE[31941],Right)</visible>
				</control>
				<control type="radiobutton" id="1197"><!-- Tilt icon wall view -->
					<width>362</width>
					<height>48</height>
					<label>$LOCALIZE[31886]</label>
					<font>font11</font>
					<onclick>Skin.ToggleSetting(tiltmusicwallicon)</onclick>
					<selected>Skin.HasSetting(tiltmusicwallicon)</selected>
					<radioposx>330</radioposx>
					<textoffsetx>10</textoffsetx>
					<visible>SubString(Control.GetLabel(2),$LOCALIZE[31944],Right)</visible>
				</control>
				<control type="button" id="20"><!-- Shuffle -->
					<width>362</width>
					<height>48</height>
					<font>font12</font>
					<label>$LOCALIZE[191]</label>
					<textoffsetx>10</textoffsetx>
				</control>
				<control type="radiobutton" id="28"><!-- Randomize -->
					<width>362</width>
					<height>48</height>
					<font>font12</font>
					<label>$LOCALIZE[13319]</label>
					<textoffsetx>10</textoffsetx>
					<radioposx>330</radioposx>
				</control>
				<control type="button" id="26"><!-- Repeat -->
					<width>362</width>
					<height>48</height>
					<font>font12</font>
					<textoffsetx>10</textoffsetx>
				</control>
				<control type="button" id="21"><!-- Save -->
					<width>362</width>
					<height>48</height>
					<font>font12</font>
					<label>$LOCALIZE[190]</label>
					<textoffsetx>10</textoffsetx>
				</control>
				<control type="button" id="22"><!-- Clear -->
					<width>362</width>
					<height>48</height>
					<font>font12</font>
					<label>$LOCALIZE[192]</label>
					<textoffsetx>10</textoffsetx>
				</control>
			</control>
		</control>

		<include>group-focusvert</include>

		<include>touch-controls</include>

	</controls>
</window>