<?xml version="1.0" encoding="UTF-8" standalone="yes"?>
<addon id="script.DesiTVRemoteFix"
      name="DesiTV Remote Fix"
      version="1.5.7"
      provider-name="RozebMomin">
  <requires>
    <import addon="xbmc.python" version="2.1.0"/>
  </requires>
  <extension point="xbmc.python.script"
            library="default.py" />
  <extension point="xbmc.addon.metadata">
    <platform>all</platform>
    <minversion>28764</minversion>
    <summary lang="en">A Script for editing XBMC's built in RSS Ticker</summary>
    <description lang="en">A Script for editing XBMC's built in RSS Ticker</description>
  </extension>
</addon>