<?xml version="1.0" encoding="UTF-8"?>
<window id="1153">
	<defaultcontrol always="true">999</defaultcontrol>
	<onunload>ClearProperty(ItemLabel,Home)</onunload>
	<onunload>ClearProperty(ItemIcon,Home)</onunload>
	<onunload>ClearProperty(ItemPath,Home)</onunload>
	<controls>
		<include>background</include>
		<include>fake-overlay</include>

		<control type="label"><!-- Settings label line 1 -->
			<left>946</left>
			<top>25</top>
			<width>309</width>
			<height>31</height>
			<label>$LOCALIZE[31806]</label>
			<font>font18</font>
		</control>
		<control type="label"><!-- Settings label line 2 -->
			<left>946</left>
			<top>62</top>
			<width>309</width>
			<height>31</height>
			<label>$LOCALIZE[5]</label>
			<font>font18</font>
		</control>
		<control type="group" id="999">
			<control type="button" id="981"><!-- Custom Movie settings button -->
				<font>font12</font>
				<left>940</left>
				<top>112</top>
				<width>305</width>
				<height>56</height>
				<label>$LOCALIZE[342]</label>
				<onfocus>Skin.SetString(customsettingmenu,movie)</onfocus>
				<ondown>982</ondown>
				<onleft>100</onleft>
			</control>
			<control type="button" id="982"><!-- Custom TVShows settings button -->
				<font>font12</font>
				<left>940</left>
				<top>166</top>
				<width>305</width>
				<height>56</height>
				<label>$LOCALIZE[20343]</label>
				<onfocus>Skin.SetString(customsettingmenu,tvshows)</onfocus>
				<onup>981</onup>
				<ondown>983</ondown>
				<onleft>200</onleft>
			</control>
			<control type="button" id="983"><!-- Custom TV settings button -->
				<font>font12</font>
				<left>940</left>
				<top>220</top>
				<width>305</width>
				<height>56</height>
				<label>$LOCALIZE[19020]</label>
				<onfocus>Skin.SetString(customsettingmenu,tv)</onfocus>
				<onup>982</onup>
				<ondown>984</ondown>
				<onleft>300</onleft>
			</control>
			<control type="button" id="984"><!-- Custom Radio settings button -->
				<font>font12</font>
				<left>940</left>
				<top>274</top>
				<width>305</width>
				<height>56</height>
				<label>$LOCALIZE[19021]</label>
				<onfocus>Skin.SetString(customsettingmenu,radio)</onfocus>
				<onup>983</onup>
				<ondown>985</ondown>
				<onleft>400</onleft>
			</control>
			<control type="button" id="985"><!-- Custom Favourites settings button -->
				<font>font12</font>
				<left>940</left>
				<top>328</top>
				<width>305</width>
				<height>56</height>
				<label>$VAR[CustomFavHeading]</label>
				<onfocus>Skin.SetString(customsettingmenu,fav)</onfocus>
				<onup>984</onup>
				<ondown>986</ondown>
				<onleft>500</onleft>
			</control>
			<control type="button" id="986"><!-- Custom Music settings button -->
				<font>font12</font>
				<left>940</left>
				<top>382</top>
				<width>305</width>
				<height>56</height>
				<label>$LOCALIZE[2]</label>
				<onfocus>Skin.SetString(customsettingmenu,music)</onfocus>
				<onup>985</onup>
				<ondown>987</ondown>
				<onleft>600</onleft>
			</control>
			<control type="button" id="987"><!-- Custom Addons settings button -->
				<font>font12</font>
				<left>940</left>
				<top>436</top>
				<width>305</width>
				<height>56</height>
				<label>$LOCALIZE[24001]</label>
				<onfocus>Skin.SetString(customsettingmenu,addon)</onfocus>
				<onup>986</onup>
				<onleft>700</onleft>
			</control>
		</control>

		<control type="scrollbar" id="1223"><!-- Scrollbar -->
			<left>12</left>
			<top>112</top>
			<width>18</width>
			<height>542</height>
			<onright>998</onright>
			<animation condition="!Control.HasFocus(1223) + !Container.Scrolling + !StringCompare(Skin.String(show-scrollbar),$LOCALIZE[31875])" effect="fade" start="100" end="0" time="200" reversible="true">Conditional</animation>
			<visible>!StringCompare(Skin.String(show-scrollbar),$LOCALIZE[31877])</visible>
		</control>
		<control type="group" id="998">

			<control type="group" id="100"><!--Custom Movie Settings-->
				<visible>Skin.String(customsettingmenu,movie)</visible>
				<control type="image"><!-- Movie settings button image -->
					<left>940</left>
					<top>112</top>
					<width>305</width>
					<height>56</height>
					<texture border="6">button-default-focus.png</texture>
					<include>settingbutton-fade</include>
					<visible>!ControlGroup(999).HasFocus()</visible>
				</control>
				<control type="group"><!-- Markers for control area items -->
					<control type="image">
						<left>484</left>
						<top>96</top>
						<height>16</height>
						<width>16</width>
						<texture>scroll-up.png</texture>
						<visible>Container(101).HasPrevious</visible>
					</control>
					<control type="image">
						<left>484</left>
						<top>652</top>
						<height>16</height>
						<width>16</width>
						<texture>scroll-down.png</texture>
						<visible>Container(101).HasNext</visible>
					</control>
				</control>

				<control type="grouplist" id="101">
					<left>53</left>
					<top>112</top>
					<width>885</width>
					<height>542</height>
					<itemgap>-2</itemgap>
					<onup>noop</onup>
					<ondown>noop</ondown>
					<onleft condition="StringCompare(Skin.String(show-scrollbar),$LOCALIZE[31877])">noop</onleft>
					<onleft condition="!StringCompare(Skin.String(show-scrollbar),$LOCALIZE[31877])">1223</onleft>
					<onright>999</onright>
					<pagecontrol>1223</pagecontrol>
					<control type="button" id="105"><!-- Movie favourite 1 -->
						<include>settings-submenu-common</include>
						<textwidth>200</textwidth>
						<label>$LOCALIZE[31809] 1</label>
						<label2>$INFO[Skin.String(CustomMovies.1.Label)]</label2>
						<onclick condition="IsEmpty(Window(Home).Property(ItemPath))">RunScript(script.favourites,changetitle=true&amp;property=CustomMovies.1)</onclick>
						<onclick condition="!IsEmpty(Window(Home).Property(ItemPath))">Skin.SetString(CustomMovies.1.Path,$INFO[Window(Home).Property(ItemPath)])</onclick>
						<onclick condition="!IsEmpty(Window(Home).Property(ItemPath))">Skin.SetString(CustomMovies.1.Label,$INFO[Window(Home).Property(ItemName)])</onclick>
						<onclick condition="!IsEmpty(Window(Home).Property(ItemPath))">Skin.SetString(CustomMovies.1.Icon,$INFO[Window(Home).Property(ItemIcon)])</onclick>
						<onclick condition="!IsEmpty(Window(Home).Property(ItemPath))">ClearProperty(ItemPath,Home)</onclick>
					</control>
					<control type="button" id="106"><!-- Movie favourite 1 icon location -->
						<include>settings-submenu-common</include>
						<label>- $LOCALIZE[21371] </label>
						<label2>$INFO[Skin.String(CustomMovies.1.Icon)]</label2>
						<onclick>Skin.SetFile(CustomMovies.1.Icon,.jpg|.png)</onclick>
					</control>
					<control type="button" id="107"><!-- Movie favourite 2 -->
						<include>settings-submenu-common</include>
						<textwidth>200</textwidth>
						<label>$LOCALIZE[31809] 2</label>
						<label2>$INFO[Skin.String(CustomMovies.2.Label)]</label2>
						<onclick condition="IsEmpty(Window(Home).Property(ItemPath))">RunScript(script.favourites,changetitle=true&amp;property=CustomMovies.2)</onclick>
						<onclick condition="!IsEmpty(Window(Home).Property(ItemPath))">Skin.SetString(CustomMovies.2.Path,$INFO[Window(Home).Property(ItemPath)])</onclick>
						<onclick condition="!IsEmpty(Window(Home).Property(ItemPath))">Skin.SetString(CustomMovies.2.Label,$INFO[Window(Home).Property(ItemName)])</onclick>
						<onclick condition="!IsEmpty(Window(Home).Property(ItemPath))">Skin.SetString(CustomMovies.2.Icon,$INFO[Window(Home).Property(ItemIcon)])</onclick>
						<onclick condition="!IsEmpty(Window(Home).Property(ItemPath))">ClearProperty(ItemPath,Home)</onclick>
					</control>
					<control type="button" id="108"><!-- Movie favourite 2 icon location -->
						<include>settings-submenu-common</include>
						<label>- $LOCALIZE[21371] </label>
						<label2>$INFO[Skin.String(CustomMovies.2.Icon)]</label2>
						<onclick>Skin.SetFile(CustomMovies.2.Icon,.jpg|.png)</onclick>
					</control>
					<control type="button" id="109"><!-- Movie favourite 3 -->
						<include>settings-submenu-common</include>
						<textwidth>200</textwidth>
						<label>$LOCALIZE[31809] 3</label>
						<label2>$INFO[Skin.String(CustomMovies.3.Label)]</label2>
						<onclick condition="IsEmpty(Window(Home).Property(ItemPath))">RunScript(script.favourites,changetitle=true&amp;property=CustomMovies.3)</onclick>
						<onclick condition="!IsEmpty(Window(Home).Property(ItemPath))">Skin.SetString(CustomMovies.3.Path,$INFO[Window(Home).Property(ItemPath)])</onclick>
						<onclick condition="!IsEmpty(Window(Home).Property(ItemPath))">Skin.SetString(CustomMovies.3.Label,$INFO[Window(Home).Property(ItemName)])</onclick>
						<onclick condition="!IsEmpty(Window(Home).Property(ItemPath))">Skin.SetString(CustomMovies.3.Icon,$INFO[Window(Home).Property(ItemIcon)])</onclick>
						<onclick condition="!IsEmpty(Window(Home).Property(ItemPath))">ClearProperty(ItemPath,Home)</onclick>
					</control>
					<control type="button" id="110"><!-- Movie favourite 3 icon location -->
						<include>settings-submenu-common</include>
						<label>- $LOCALIZE[21371] </label>
						<label2>$INFO[Skin.String(CustomMovies.3.Icon)]</label2>
						<onclick>Skin.SetFile(CustomMovies.3.Icon,.jpg|.png)</onclick>
					</control>
					<control type="button" id="111"><!-- Movie favourite 4 -->
						<include>settings-submenu-common</include>
						<textwidth>200</textwidth>
						<label>$LOCALIZE[31809] 4</label>
						<label2>$INFO[Skin.String(CustomMovies.4.Label)]</label2>
						<onclick condition="IsEmpty(Window(Home).Property(ItemPath))">RunScript(script.favourites,changetitle=true&amp;property=CustomMovies.4)</onclick>
						<onclick condition="!IsEmpty(Window(Home).Property(ItemPath))">Skin.SetString(CustomMovies.4.Path,$INFO[Window(Home).Property(ItemPath)])</onclick>
						<onclick condition="!IsEmpty(Window(Home).Property(ItemPath))">Skin.SetString(CustomMovies.4.Label,$INFO[Window(Home).Property(ItemName)])</onclick>
						<onclick condition="!IsEmpty(Window(Home).Property(ItemPath))">Skin.SetString(CustomMovies.4.Icon,$INFO[Window(Home).Property(ItemIcon)])</onclick>
						<onclick condition="!IsEmpty(Window(Home).Property(ItemPath))">ClearProperty(ItemPath,Home)</onclick>
					</control>
					<control type="button" id="112"><!-- Movie favourite 4 icon location -->
						<include>settings-submenu-common</include>
						<textwidth>200</textwidth>
						<label>- $LOCALIZE[21371] </label>
						<label2>$INFO[Skin.String(CustomMovies.4.Icon)]</label2>
						<onclick>Skin.SetFile(CustomMovies.4.Icon,.jpg|.png)</onclick>
					</control>
					<control type="button" id="113"><!-- Movie favourite 5 -->
						<include>settings-submenu-common</include>
						<textwidth>200</textwidth>
						<label>$LOCALIZE[31809] 5</label>
						<label2>$INFO[Skin.String(CustomMovies.5.Label)]</label2>
						<onclick condition="IsEmpty(Window(Home).Property(ItemPath))">RunScript(script.favourites,changetitle=true&amp;property=CustomMovies.5)</onclick>
						<onclick condition="!IsEmpty(Window(Home).Property(ItemPath))">Skin.SetString(CustomMovies.5.Path,$INFO[Window(Home).Property(ItemPath)])</onclick>
						<onclick condition="!IsEmpty(Window(Home).Property(ItemPath))">Skin.SetString(CustomMovies.5.Label,$INFO[Window(Home).Property(ItemName)])</onclick>
						<onclick condition="!IsEmpty(Window(Home).Property(ItemPath))">Skin.SetString(CustomMovies.5.Icon,$INFO[Window(Home).Property(ItemIcon)])</onclick>
						<onclick condition="!IsEmpty(Window(Home).Property(ItemPath))">ClearProperty(ItemPath,Home)</onclick>
					</control>
					<control type="button" id="114"><!-- Movie favourite 5 icon location -->
						<include>settings-submenu-common</include>
						<label>- $LOCALIZE[21371] </label>
						<label2>$INFO[Skin.String(CustomMovies.5.Icon)]</label2>
						<onclick>Skin.SetFile(CustomMovies.5.Icon,.jpg|.png)</onclick>
					</control>
				</control>
			</control>

			<control type="group" id="200"><!--Custom TVShows Settings-->
				<visible>Skin.String(customsettingmenu,tvshows)</visible>
				<control type="image"><!-- TVShows settings button image -->
					<left>940</left>
					<top>166</top>
					<width>305</width>
					<height>56</height>
					<texture border="6">button-default-focus.png</texture>
					<include>settingbutton-fade</include>
					<visible>!ControlGroup(999).HasFocus()</visible>
				</control>
				<control type="group"><!-- Markers for control area items -->
					<control type="image">
						<left>484</left>
						<top>96</top>
						<height>16</height>
						<width>16</width>
						<texture>scroll-up.png</texture>
						<visible>Container(201).HasPrevious</visible>
					</control>
					<control type="image">
						<left>484</left>
						<top>652</top>
						<height>16</height>
						<width>16</width>
						<texture>scroll-down.png</texture>
						<visible>Container(201).HasNext</visible>
					</control>
				</control>

				<control type="grouplist" id="201">
					<left>53</left>
					<top>112</top>
					<width>885</width>
					<height>542</height>
					<itemgap>-2</itemgap>
					<onup>noop</onup>
					<ondown>noop</ondown>
					<onleft condition="StringCompare(Skin.String(show-scrollbar),$LOCALIZE[31877])">noop</onleft>
					<onleft condition="!StringCompare(Skin.String(show-scrollbar),$LOCALIZE[31877])">1223</onleft>
					<onright>999</onright>
					<pagecontrol>1223</pagecontrol>
					<control type="button" id="208"><!-- TVShow favourite 1 -->
						<include>settings-submenu-common</include>
						<textwidth>200</textwidth>
						<label>$LOCALIZE[31809] 1</label>
						<label2>$INFO[Skin.String(CustomTVShow.1.Label)]</label2>
						<onclick condition="IsEmpty(Window(Home).Property(ItemPath))">RunScript(script.favourites,changetitle=true&amp;property=CustomTVShow.1)</onclick>
						<onclick condition="!IsEmpty(Window(Home).Property(ItemPath))">Skin.SetString(CustomTVShow.1.Path,$INFO[Window(Home).Property(ItemPath)])</onclick>
						<onclick condition="!IsEmpty(Window(Home).Property(ItemPath))">Skin.SetString(CustomTVShow.1.Label,$INFO[Window(Home).Property(ItemName)])</onclick>
						<onclick condition="!IsEmpty(Window(Home).Property(ItemPath))">Skin.SetString(CustomTVShow.1.Icon,$INFO[Window(Home).Property(ItemIcon)])</onclick>
						<onclick condition="!IsEmpty(Window(Home).Property(ItemPath))">ClearProperty(ItemPath,Home)</onclick>
					</control>
					<control type="button" id="209"><!-- TVShow favourite 1 icon location -->
						<include>settings-submenu-common</include>
						<label>- $LOCALIZE[21371] </label>
						<label2>$INFO[Skin.String(CustomTVShow.1.Icon)]</label2>
						<onclick>Skin.SetFile(CustomTVShow.1.Icon,.jpg|.png)</onclick>
					</control>
					<control type="button" id="210"><!-- TVShow favourite 2 -->
						<include>settings-submenu-common</include>
						<textwidth>200</textwidth>
						<label>$LOCALIZE[31809] 2</label>
						<label2>$INFO[Skin.String(CustomTVShow.2.Label)]</label2>
						<onclick condition="IsEmpty(Window(Home).Property(ItemPath))">RunScript(script.favourites,changetitle=true&amp;property=CustomTVShow.2)</onclick>
						<onclick condition="!IsEmpty(Window(Home).Property(ItemPath))">Skin.SetString(CustomTVShow.2.Path,$INFO[Window(Home).Property(ItemPath)])</onclick>
						<onclick condition="!IsEmpty(Window(Home).Property(ItemPath))">Skin.SetString(CustomTVShow.2.Label,$INFO[Window(Home).Property(ItemName)])</onclick>
						<onclick condition="!IsEmpty(Window(Home).Property(ItemPath))">Skin.SetString(CustomTVShow.2.Icon,$INFO[Window(Home).Property(ItemIcon)])</onclick>
						<onclick condition="!IsEmpty(Window(Home).Property(ItemPath))">ClearProperty(ItemPath,Home)</onclick>
					</control>
					<control type="button" id="211"><!-- TVShow favourite 2 icon location -->
						<include>settings-submenu-common</include>
						<label>- $LOCALIZE[21371] </label>
						<label2>$INFO[Skin.String(CustomTVShow.2.Icon)]</label2>
						<onclick>Skin.SetFile(CustomTVShow.2.Icon,.jpg|.png)</onclick>
					</control>
					<control type="button" id="212"><!-- TVShow favourite 3 -->
						<include>settings-submenu-common</include>
						<textwidth>200</textwidth>
						<label>$LOCALIZE[31809] 3</label>
						<label2>$INFO[Skin.String(CustomTVShow.3.Label)]</label2>
						<onclick condition="IsEmpty(Window(Home).Property(ItemPath))">RunScript(script.favourites,changetitle=true&amp;property=CustomTVShow.3)</onclick>
						<onclick condition="!IsEmpty(Window(Home).Property(ItemPath))">Skin.SetString(CustomTVShow.3.Path,$INFO[Window(Home).Property(ItemPath)])</onclick>
						<onclick condition="!IsEmpty(Window(Home).Property(ItemPath))">Skin.SetString(CustomTVShow.3.Label,$INFO[Window(Home).Property(ItemName)])</onclick>
						<onclick condition="!IsEmpty(Window(Home).Property(ItemPath))">Skin.SetString(CustomTVShow.3.Icon,$INFO[Window(Home).Property(ItemIcon)])</onclick>
						<onclick condition="!IsEmpty(Window(Home).Property(ItemPath))">ClearProperty(ItemPath,Home)</onclick>
					</control>
					<control type="button" id="213"><!-- TVShow favourite 3 icon location -->
						<include>settings-submenu-common</include>
						<label>- $LOCALIZE[21371] </label>
						<label2>$INFO[Skin.String(CustomTVShow.3.Icon)]</label2>
						<onclick>Skin.SetFile(CustomTVShow.3.Icon,.jpg|.png)</onclick>
					</control>
					<control type="button" id="214"><!-- TVShow favourite 4 -->
						<include>settings-submenu-common</include>
						<textwidth>200</textwidth>
						<label>$LOCALIZE[31809] 4</label>
						<label2>$INFO[Skin.String(CustomTVShow.4.Label)]</label2>
						<onclick condition="IsEmpty(Window(Home).Property(ItemPath))">RunScript(script.favourites,changetitle=true&amp;property=CustomTVShow.4)</onclick>
						<onclick condition="!IsEmpty(Window(Home).Property(ItemPath))">Skin.SetString(CustomTVShow.4.Path,$INFO[Window(Home).Property(ItemPath)])</onclick>
						<onclick condition="!IsEmpty(Window(Home).Property(ItemPath))">Skin.SetString(CustomTVShow.4.Label,$INFO[Window(Home).Property(ItemName)])</onclick>
						<onclick condition="!IsEmpty(Window(Home).Property(ItemPath))">Skin.SetString(CustomTVShow.4.Icon,$INFO[Window(Home).Property(ItemIcon)])</onclick>
						<onclick condition="!IsEmpty(Window(Home).Property(ItemPath))">ClearProperty(ItemPath,Home)</onclick>
					</control>
					<control type="button" id="215"><!-- TVShow favourite 4 icon location -->
						<include>settings-submenu-common</include>
						<label>- $LOCALIZE[21371] </label>
						<label2>$INFO[Skin.String(CustomTVShow.4.Icon)]</label2>
						<onclick>Skin.SetFile(CustomTVShow.4.Icon,.jpg|.png)</onclick>
					</control>
					<control type="button" id="216"><!-- TVShow favourite 5 -->
						<include>settings-submenu-common</include>
						<textwidth>200</textwidth>
						<label>$LOCALIZE[31809] 5</label>
						<label2>$INFO[Skin.String(CustomTVShow.5.Label)]</label2>
						<onclick condition="IsEmpty(Window(Home).Property(ItemPath))">RunScript(script.favourites,changetitle=true&amp;property=CustomTVShow.5)</onclick>
						<onclick condition="!IsEmpty(Window(Home).Property(ItemPath))">Skin.SetString(CustomTVShow.5.Path,$INFO[Window(Home).Property(ItemPath)])</onclick>
						<onclick condition="!IsEmpty(Window(Home).Property(ItemPath))">Skin.SetString(CustomTVShow.5.Label,$INFO[Window(Home).Property(ItemName)])</onclick>
						<onclick condition="!IsEmpty(Window(Home).Property(ItemPath))">Skin.SetString(CustomTVShow.5.Icon,$INFO[Window(Home).Property(ItemIcon)])</onclick>
						<onclick condition="!IsEmpty(Window(Home).Property(ItemPath))">ClearProperty(ItemPath,Home)</onclick>
					</control>
					<control type="button" id="217"><!-- TVShow favourite 5 icon location -->
						<include>settings-submenu-common</include>
						<label>- $LOCALIZE[21371] </label>
						<label2>$INFO[Skin.String(CustomTVShow.5.Icon)]</label2>
						<onclick>Skin.SetFile(CustomTVShow.5.Icon,.jpg|.png)</onclick>
					</control>
				</control>
			</control>

			<control type="group" id="300"><!--Custom TV Settings-->
				<visible>Skin.String(customsettingmenu,tv)</visible>
				<control type="image"><!-- TV settings button image -->
					<left>940</left>
					<top>220</top>
					<width>305</width>
					<height>56</height>
					<texture border="6">button-default-focus.png</texture>
					<include>settingbutton-fade</include>
					<visible>!ControlGroup(999).HasFocus()</visible>
				</control>
				<control type="group"><!-- Markers for control area items -->
					<control type="image">
						<left>484</left>
						<top>96</top>
						<height>16</height>
						<width>16</width>
						<texture>scroll-up.png</texture>
						<visible>Container(301).HasPrevious</visible>
					</control>
					<control type="image">
						<left>484</left>
						<top>652</top>
						<height>16</height>
						<width>16</width>
						<texture>scroll-down.png</texture>
						<visible>Container(301).HasNext</visible>
					</control>
				</control>

				<control type="grouplist" id="301">
					<left>53</left>
					<top>112</top>
					<width>885</width>
					<height>542</height>
					<itemgap>-2</itemgap>
					<onup>noop</onup>
					<ondown>noop</ondown>
					<onleft condition="StringCompare(Skin.String(show-scrollbar),$LOCALIZE[31877])">noop</onleft>
					<onleft condition="!StringCompare(Skin.String(show-scrollbar),$LOCALIZE[31877])">1223</onleft>
					<onright>999</onright>
					<pagecontrol>1223</pagecontrol>
					<control type="button" id="305"><!-- TV favourite 1 -->
						<include>settings-submenu-common</include>
						<textwidth>200</textwidth>
						<label>$LOCALIZE[31809] 1</label>
						<label2>$INFO[Skin.String(CustomTV.1.Label)]</label2>
						<onclick condition="IsEmpty(Window(Home).Property(ItemPath))">RunScript(script.favourites,changetitle=true&amp;property=CustomTV.1)</onclick>
						<onclick condition="!IsEmpty(Window(Home).Property(ItemPath))">Skin.SetString(CustomTV.1.Path,$INFO[Window(Home).Property(ItemPath)])</onclick>
						<onclick condition="!IsEmpty(Window(Home).Property(ItemPath))">Skin.SetString(CustomTV.1.Label,$INFO[Window(Home).Property(ItemName)])</onclick>
						<onclick condition="!IsEmpty(Window(Home).Property(ItemPath))">Skin.SetString(CustomTV.1.Icon,$INFO[Window(Home).Property(ItemIcon)])</onclick>
						<onclick condition="!IsEmpty(Window(Home).Property(ItemPath))">ClearProperty(ItemPath,Home)</onclick>
					</control>
					<control type="button" id="306"><!-- TV favourite 1 icon location -->
						<include>settings-submenu-common</include>
						<label>- $LOCALIZE[21371] </label>
						<label2>$INFO[Skin.String(CustomTV.1.Icon)]</label2>
						<onclick>Skin.SetFile(CustomTV.1.Icon,.jpg|.png)</onclick>
					</control>
					<control type="button" id="307"><!-- TV favourite 2 -->
						<include>settings-submenu-common</include>
						<textwidth>200</textwidth>
						<label>$LOCALIZE[31809] 2</label>
						<label2>$INFO[Skin.String(CustomTV.2.Label)]</label2>
						<onclick condition="IsEmpty(Window(Home).Property(ItemPath))">RunScript(script.favourites,changetitle=true&amp;property=CustomTV.2)</onclick>
						<onclick condition="!IsEmpty(Window(Home).Property(ItemPath))">Skin.SetString(CustomTV.2.Path,$INFO[Window(Home).Property(ItemPath)])</onclick>
						<onclick condition="!IsEmpty(Window(Home).Property(ItemPath))">Skin.SetString(CustomTV.2.Label,$INFO[Window(Home).Property(ItemName)])</onclick>
						<onclick condition="!IsEmpty(Window(Home).Property(ItemPath))">Skin.SetString(CustomTV.2.Icon,$INFO[Window(Home).Property(ItemIcon)])</onclick>
						<onclick condition="!IsEmpty(Window(Home).Property(ItemPath))">ClearProperty(ItemPath,Home)</onclick>
					</control>
					<control type="button" id="308"><!-- TV favourite 2 icon location -->
						<include>settings-submenu-common</include>
						<label>- $LOCALIZE[21371] </label>
						<label2>$INFO[Skin.String(CustomTV.2.Icon)]</label2>
						<onclick>Skin.SetFile(CustomTV.2.Icon,.jpg|.png)</onclick>
					</control>
					<control type="button" id="309"><!-- TV favourite 3 -->
						<include>settings-submenu-common</include>
						<textwidth>200</textwidth>
						<label>$LOCALIZE[31809] 3</label>
						<label2>$INFO[Skin.String(CustomTV.3.Label)]</label2>
						<onclick condition="IsEmpty(Window(Home).Property(ItemPath))">RunScript(script.favourites,changetitle=true&amp;property=CustomTV.3)</onclick>
						<onclick condition="!IsEmpty(Window(Home).Property(ItemPath))">Skin.SetString(CustomTV.3.Path,$INFO[Window(Home).Property(ItemPath)])</onclick>
						<onclick condition="!IsEmpty(Window(Home).Property(ItemPath))">Skin.SetString(CustomTV.3.Label,$INFO[Window(Home).Property(ItemName)])</onclick>
						<onclick condition="!IsEmpty(Window(Home).Property(ItemPath))">Skin.SetString(CustomTV.3.Icon,$INFO[Window(Home).Property(ItemIcon)])</onclick>
						<onclick condition="!IsEmpty(Window(Home).Property(ItemPath))">ClearProperty(ItemPath,Home)</onclick>
					</control>
					<control type="button" id="310"><!-- TV favourite 3 icon location -->
						<include>settings-submenu-common</include>
						<label>- $LOCALIZE[21371] </label>
						<label2>$INFO[Skin.String(CustomTV.3.Icon)]</label2>
						<onclick>Skin.SetFile(CustomTV.3.Icon,.jpg|.png)</onclick>
					</control>
					<control type="button" id="311"><!-- TV favourite 4 -->
						<include>settings-submenu-common</include>
						<textwidth>200</textwidth>
						<label>$LOCALIZE[31809] 4</label>
						<label2>$INFO[Skin.String(CustomTV.4.Label)]</label2>
						<onclick condition="IsEmpty(Window(Home).Property(ItemPath))">RunScript(script.favourites,changetitle=true&amp;property=CustomTV.4)</onclick>
						<onclick condition="!IsEmpty(Window(Home).Property(ItemPath))">Skin.SetString(CustomTV.4.Path,$INFO[Window(Home).Property(ItemPath)])</onclick>
						<onclick condition="!IsEmpty(Window(Home).Property(ItemPath))">Skin.SetString(CustomTV.4.Label,$INFO[Window(Home).Property(ItemName)])</onclick>
						<onclick condition="!IsEmpty(Window(Home).Property(ItemPath))">Skin.SetString(CustomTV.4.Icon,$INFO[Window(Home).Property(ItemIcon)])</onclick>
						<onclick condition="!IsEmpty(Window(Home).Property(ItemPath))">ClearProperty(ItemPath,Home)</onclick>
					</control>
					<control type="button" id="312"><!-- TV favourite 4 icon location -->
						<include>settings-submenu-common</include>
						<label>- $LOCALIZE[21371] </label>
						<label2>$INFO[Skin.String(CustomTV.4.Icon)]</label2>
						<onclick>Skin.SetFile(CustomTV.4.Icon,.jpg|.png)</onclick>
					</control>
					<control type="button" id="313"><!-- TV favourite 5 -->
						<include>settings-submenu-common</include>
						<textwidth>200</textwidth>
						<label>$LOCALIZE[31809] 5</label>
						<label2>$INFO[Skin.String(CustomTV.5.Label)]</label2>
						<onclick condition="IsEmpty(Window(Home).Property(ItemPath))">RunScript(script.favourites,changetitle=true&amp;property=CustomTV.5)</onclick>
						<onclick condition="!IsEmpty(Window(Home).Property(ItemPath))">Skin.SetString(CustomTV.5.Path,$INFO[Window(Home).Property(ItemPath)])</onclick>
						<onclick condition="!IsEmpty(Window(Home).Property(ItemPath))">Skin.SetString(CustomTV.5.Label,$INFO[Window(Home).Property(ItemName)])</onclick>
						<onclick condition="!IsEmpty(Window(Home).Property(ItemPath))">Skin.SetString(CustomTV.5.Icon,$INFO[Window(Home).Property(ItemIcon)])</onclick>
						<onclick condition="!IsEmpty(Window(Home).Property(ItemPath))">ClearProperty(ItemPath,Home)</onclick>
					</control>
					<control type="button" id="314"><!-- TV favourite 5 icon location -->
						<include>settings-submenu-common</include>
						<label>- $LOCALIZE[21371] </label>
						<label2>$INFO[Skin.String(CustomTV.5.Icon)]</label2>
						<onclick>Skin.SetFile(CustomTV.5.Icon,.jpg|.png)</onclick>
					</control>
				</control>
			</control>

			<control type="group" id="400"><!--Custom Radio Settings-->
				<visible>Skin.String(customsettingmenu,radio)</visible>
				<control type="image"><!-- Radio settings button image -->
					<left>940</left>
					<top>274</top>
					<width>305</width>
					<height>56</height>
					<texture border="8">button-default-focus.png</texture>
					<include>settingbutton-fade</include>
					<visible>!ControlGroup(999).HasFocus()</visible>
				</control>
				<control type="group"><!-- Markers for control area items -->
					<control type="image">
						<left>484</left>
						<top>96</top>
						<height>16</height>
						<width>16</width>
						<texture>scroll-up.png</texture>
						<visible>Container(401).HasPrevious</visible>
					</control>
					<control type="image">
						<left>484</left>
						<top>652</top>
						<height>16</height>
						<width>16</width>
						<texture>scroll-down.png</texture>
						<visible>Container(401).HasNext</visible>
					</control>
				</control>

				<control type="grouplist" id="401">
					<left>53</left>
					<top>112</top>
					<width>885</width>
					<height>542</height>
					<itemgap>-2</itemgap>
					<onup>noop</onup>
					<ondown>noop</ondown>
					<onleft condition="StringCompare(Skin.String(show-scrollbar),$LOCALIZE[31877])">noop</onleft>
					<onleft condition="!StringCompare(Skin.String(show-scrollbar),$LOCALIZE[31877])">1223</onleft>
					<onright>999</onright>
					<pagecontrol>1223</pagecontrol>
					<control type="button" id="405"><!-- Radio favourite 1 -->
						<include>settings-submenu-common</include>
						<textwidth>200</textwidth>
						<label>$LOCALIZE[31809] 1</label>
						<label2>$INFO[Skin.String(CustomRadio.1.Label)]</label2>
						<onclick condition="IsEmpty(Window(Home).Property(ItemPath))">RunScript(script.favourites,changetitle=true&amp;property=CustomRadio.1)</onclick>
						<onclick condition="!IsEmpty(Window(Home).Property(ItemPath))">Skin.SetString(CustomRadio.1.Path,$INFO[Window(Home).Property(ItemPath)])</onclick>
						<onclick condition="!IsEmpty(Window(Home).Property(ItemPath))">Skin.SetString(CustomRadio.1.Label,$INFO[Window(Home).Property(ItemName)])</onclick>
						<onclick condition="!IsEmpty(Window(Home).Property(ItemPath))">Skin.SetString(CustomRadio.1.Icon,$INFO[Window(Home).Property(ItemIcon)])</onclick>
						<onclick condition="!IsEmpty(Window(Home).Property(ItemPath))">ClearProperty(ItemPath,Home)</onclick>
					</control>
					<control type="button" id="406"><!-- Radio favourite 1 icon location -->
						<include>settings-submenu-common</include>
						<label>- $LOCALIZE[21371] </label>
						<label2>$INFO[Skin.String(CustomRadio.1.Icon)]</label2>
						<onclick>Skin.SetFile(CustomRadio.1.Icon,.jpg|.png)</onclick>
					</control>
					<control type="button" id="407"><!-- Radio favourite 2 -->
						<include>settings-submenu-common</include>
						<textwidth>200</textwidth>
						<label>$LOCALIZE[31809] 2</label>
						<label2>$INFO[Skin.String(CustomRadio.2.Label)]</label2>
						<onclick condition="IsEmpty(Window(Home).Property(ItemPath))">RunScript(script.favourites,changetitle=true&amp;property=CustomRadio.2)</onclick>
						<onclick condition="!IsEmpty(Window(Home).Property(ItemPath))">Skin.SetString(CustomRadio.2.Path,$INFO[Window(Home).Property(ItemPath)])</onclick>
						<onclick condition="!IsEmpty(Window(Home).Property(ItemPath))">Skin.SetString(CustomRadio.2.Label,$INFO[Window(Home).Property(ItemName)])</onclick>
						<onclick condition="!IsEmpty(Window(Home).Property(ItemPath))">Skin.SetString(CustomRadio.2.Icon,$INFO[Window(Home).Property(ItemIcon)])</onclick>
						<onclick condition="!IsEmpty(Window(Home).Property(ItemPath))">ClearProperty(ItemPath,Home)</onclick>
					</control>
					<control type="button" id="408"><!-- Radio favourite 2 icon location -->
						<include>settings-submenu-common</include>
						<label>- $LOCALIZE[21371] </label>
						<label2>$INFO[Skin.String(CustomRadio.2.Icon)]</label2>
						<onclick>Skin.SetFile(CustomRadio.2.Icon,.jpg|.png)</onclick>
					</control>
					<control type="button" id="409"><!-- Radio favourite 3 -->
						<include>settings-submenu-common</include>
						<textwidth>200</textwidth>
						<label>$LOCALIZE[31809] 3</label>
						<label2>$INFO[Skin.String(CustomRadio.3.Label)]</label2>
						<onclick condition="IsEmpty(Window(Home).Property(ItemPath))">RunScript(script.favourites,changetitle=true&amp;property=CustomRadio.3)</onclick>
						<onclick condition="!IsEmpty(Window(Home).Property(ItemPath))">Skin.SetString(CustomRadio.3.Path,$INFO[Window(Home).Property(ItemPath)])</onclick>
						<onclick condition="!IsEmpty(Window(Home).Property(ItemPath))">Skin.SetString(CustomRadio.3.Label,$INFO[Window(Home).Property(ItemName)])</onclick>
						<onclick condition="!IsEmpty(Window(Home).Property(ItemPath))">Skin.SetString(CustomRadio.3.Icon,$INFO[Window(Home).Property(ItemIcon)])</onclick>
						<onclick condition="!IsEmpty(Window(Home).Property(ItemPath))">ClearProperty(ItemPath,Home)</onclick>
					</control>
					<control type="button" id="410"><!-- Radio favourite 3 icon location -->
						<include>settings-submenu-common</include>
						<label>- $LOCALIZE[21371] </label>
						<label2>$INFO[Skin.String(CustomRadio.3.Icon)]</label2>
						<onclick>Skin.SetFile(CustomRadio.3.Icon,.jpg|.png)</onclick>
					</control>
					<control type="button" id="411"><!-- Radio favourite 4 -->
						<include>settings-submenu-common</include>
						<textwidth>200</textwidth>
						<label>$LOCALIZE[31809] 4</label>
						<label2>$INFO[Skin.String(CustomRadio.4.Label)]</label2>
						<onclick condition="IsEmpty(Window(Home).Property(ItemPath))">RunScript(script.favourites,changetitle=true&amp;property=CustomRadio.4)</onclick>
						<onclick condition="!IsEmpty(Window(Home).Property(ItemPath))">Skin.SetString(CustomRadio.4.Path,$INFO[Window(Home).Property(ItemPath)])</onclick>
						<onclick condition="!IsEmpty(Window(Home).Property(ItemPath))">Skin.SetString(CustomRadio.4.Label,$INFO[Window(Home).Property(ItemName)])</onclick>
						<onclick condition="!IsEmpty(Window(Home).Property(ItemPath))">Skin.SetString(CustomRadio.4.Icon,$INFO[Window(Home).Property(ItemIcon)])</onclick>
						<onclick condition="!IsEmpty(Window(Home).Property(ItemPath))">ClearProperty(ItemPath,Home)</onclick>
					</control>
					<control type="button" id="412"><!-- Radio favourite 4 icon location -->
						<include>settings-submenu-common</include>
						<label>- $LOCALIZE[21371] </label>
						<label2>$INFO[Skin.String(CustomRadio.4.Icon)]</label2>
						<onclick>Skin.SetFile(CustomRadio.4.Icon,.jpg|.png)</onclick>
					</control>
					<control type="button" id="413"><!-- Radio favourite 5 -->
						<include>settings-submenu-common</include>
						<textwidth>200</textwidth>
						<label>$LOCALIZE[31809] 5</label>
						<label2>$INFO[Skin.String(CustomRadio.5.Label)]</label2>
						<onclick condition="IsEmpty(Window(Home).Property(ItemPath))">RunScript(script.favourites,changetitle=true&amp;property=CustomRadio.5)</onclick>
						<onclick condition="!IsEmpty(Window(Home).Property(ItemPath))">Skin.SetString(CustomRadio.5.Path,$INFO[Window(Home).Property(ItemPath)])</onclick>
						<onclick condition="!IsEmpty(Window(Home).Property(ItemPath))">Skin.SetString(CustomRadio.5.Label,$INFO[Window(Home).Property(ItemName)])</onclick>
						<onclick condition="!IsEmpty(Window(Home).Property(ItemPath))">Skin.SetString(CustomRadio.5.Icon,$INFO[Window(Home).Property(ItemIcon)])</onclick>
						<onclick condition="!IsEmpty(Window(Home).Property(ItemPath))">ClearProperty(ItemPath,Home)</onclick>
					</control>
					<control type="button" id="414"><!-- Radio favourite 5 icon location -->
						<include>settings-submenu-common</include>
						<label>- $LOCALIZE[21371] </label>
						<label2>$INFO[Skin.String(CustomRadio.5.Icon)]</label2>
						<onclick>Skin.SetFile(CustomRadio.5.Icon,.jpg|.png)</onclick>
					</control>
				</control>
			</control>

			<control type="group" id="500"><!--Custom Favourites settings-->
				<visible>Skin.String(customsettingmenu,fav)</visible>
				<control type="image"><!-- Favourites settings button image -->
					<left>940</left>
					<top>328</top>
					<width>305</width>
					<height>56</height>
					<texture border="6">button-default-focus.png</texture>
					<include>settingbutton-fade</include>
					<visible>!ControlGroup(999).HasFocus()</visible>
				</control>
				<control type="group"><!-- Markers for control area items -->
					<control type="image">
						<left>484</left>
						<top>96</top>
						<height>16</height>
						<width>16</width>
						<texture>scroll-up.png</texture>
						<visible>Container(501).HasPrevious</visible>
					</control>
					<control type="image">
						<left>484</left>
						<top>652</top>
						<height>16</height>
						<width>16</width>
						<texture>scroll-down.png</texture>
						<visible>Container(501).HasNext</visible>
					</control>
				</control>

				<control type="grouplist" id="501">
					<left>53</left>
					<top>112</top>
					<width>885</width>
					<height>542</height>
					<itemgap>-2</itemgap>
					<onup>noop</onup>
					<ondown>noop</ondown>
					<onleft condition="StringCompare(Skin.String(show-scrollbar),$LOCALIZE[31877])">noop</onleft>
					<onleft condition="!StringCompare(Skin.String(show-scrollbar),$LOCALIZE[31877])">1223</onleft>
					<onright>999</onright>
					<pagecontrol>1223</pagecontrol>
					<control type="button" id="503"><!-- Custom Favourite Heading -->
						<include>settings-submenu-common</include>
						<textwidth>200</textwidth>
						<label>$LOCALIZE[33061] $LOCALIZE[19075]</label>
						<label2>$VAR[CustomFavHeading]</label2>
						<onclick>Skin.SetString(CustomFav.Heading)</onclick>
						<visible>Skin.HasSetting(homemenu-horizontal) | [!Skin.HasSetting(homemenu-vertical) + !Skin.HasSetting(homemenu-horizontal) + !Skin.HasSetting(homemenu-icon)]</visible>
					</control>
					<control type="button" id="504"><!-- Custom Favourite Shelf Icon -->
						<include>settings-submenu-common</include>
						<label> - $LOCALIZE[33061] $LOCALIZE[31953] </label>
						<label2>$INFO[Skin.String(CustomFav.Icon)]</label2>
						<onclick>Skin.Reset(CustomFav.Icon)</onclick>
						<onclick>Skin.SetFile(CustomFav.Icon,.jpg|.png)</onclick>
						<visible>Skin.HasSetting(homemenu-horizontal) | [!Skin.HasSetting(homemenu-vertical) + !Skin.HasSetting(homemenu-horizontal) + !Skin.HasSetting(homemenu-icon)]</visible>
					</control>
					<control type="button" id="505"><!-- Custom Favourite 1 -->
						<include>settings-submenu-common</include>
						<textwidth>200</textwidth>
						<label>$LOCALIZE[31809] 1</label>
						<label2>$INFO[Skin.String(CustomFav.1.Label)]</label2>
						<onclick condition="IsEmpty(Window(Home).Property(ItemPath))">RunScript(script.favourites,changetitle=true&amp;property=CustomFav.1)</onclick>
						<onclick condition="!IsEmpty(Window(Home).Property(ItemPath))">Skin.SetString(CustomFav.1.Path,$INFO[Window(Home).Property(ItemPath)])</onclick>
						<onclick condition="!IsEmpty(Window(Home).Property(ItemPath))">Skin.SetString(CustomFav.1.Label,$INFO[Window(Home).Property(ItemName)])</onclick>
						<onclick condition="!IsEmpty(Window(Home).Property(ItemPath))">Skin.SetString(CustomFav.1.Icon,$INFO[Window(Home).Property(ItemIcon)])</onclick>
						<onclick condition="!IsEmpty(Window(Home).Property(ItemPath))">ClearProperty(ItemPath,Home)</onclick>
					</control>
					<control type="button" id="506"><!-- Custom Favourite 1 icon location -->
						<include>settings-submenu-common</include>
						<label>- $LOCALIZE[21371] </label>
						<label2>$INFO[Skin.String(CustomFav.1.Icon)]</label2>
						<onclick>Skin.SetFile(CustomFav.1.Icon,.jpg|.png)</onclick>
					</control>
					<control type="button" id="507"><!-- Custom Favourite 2 -->
						<include>settings-submenu-common</include>
						<textwidth>200</textwidth>
						<label>$LOCALIZE[31809] 2</label>
						<label2>$INFO[Skin.String(CustomFav.2.Label)]</label2>
						<onclick condition="IsEmpty(Window(Home).Property(ItemPath))">RunScript(script.favourites,changetitle=true&amp;property=CustomFav.2)</onclick>
						<onclick condition="!IsEmpty(Window(Home).Property(ItemPath))">Skin.SetString(CustomFav.2.Path,$INFO[Window(Home).Property(ItemPath)])</onclick>
						<onclick condition="!IsEmpty(Window(Home).Property(ItemPath))">Skin.SetString(CustomFav.2.Label,$INFO[Window(Home).Property(ItemName)])</onclick>
						<onclick condition="!IsEmpty(Window(Home).Property(ItemPath))">Skin.SetString(CustomFav.2.Icon,$INFO[Window(Home).Property(ItemIcon)])</onclick>
						<onclick condition="!IsEmpty(Window(Home).Property(ItemPath))">ClearProperty(ItemPath,Home)</onclick>
					</control>
					<control type="button" id="508"><!-- Custom Favourite 2 icon location -->
						<include>settings-submenu-common</include>
						<label>- $LOCALIZE[21371] </label>
						<label2>$INFO[Skin.String(CustomFav.2.Icon)]</label2>
						<onclick>Skin.SetFile(CustomFav.2.Icon,.jpg|.png)</onclick>
					</control>
					<control type="button" id="509"><!-- Custom Favourite 3 -->
						<include>settings-submenu-common</include>
						<textwidth>200</textwidth>
						<label>$LOCALIZE[31809] 3</label>
						<label2>$INFO[Skin.String(CustomFav.3.Label)]</label2>
						<onclick condition="IsEmpty(Window(Home).Property(ItemPath))">RunScript(script.favourites,changetitle=true&amp;property=CustomFav.3)</onclick>
						<onclick condition="!IsEmpty(Window(Home).Property(ItemPath))">Skin.SetString(CustomFav.3.Path,$INFO[Window(Home).Property(ItemPath)])</onclick>
						<onclick condition="!IsEmpty(Window(Home).Property(ItemPath))">Skin.SetString(CustomFav.3.Label,$INFO[Window(Home).Property(ItemName)])</onclick>
						<onclick condition="!IsEmpty(Window(Home).Property(ItemPath))">Skin.SetString(CustomFav.3.Icon,$INFO[Window(Home).Property(ItemIcon)])</onclick>
						<onclick condition="!IsEmpty(Window(Home).Property(ItemPath))">ClearProperty(ItemPath,Home)</onclick>
					</control>
					<control type="button" id="510"><!-- Custom Favourite 3 icon location -->
						<include>settings-submenu-common</include>
						<label>- $LOCALIZE[21371] </label>
						<label2>$INFO[Skin.String(CustomFav.3.Icon)]</label2>
						<onclick>Skin.SetFile(CustomFav.3.Icon,.jpg|.png)</onclick>
					</control>
					<control type="button" id="511"><!-- Custom Favourite 4 -->
						<include>settings-submenu-common</include>
						<textwidth>200</textwidth>
						<label>$LOCALIZE[31809] 4</label>
						<label2>$INFO[Skin.String(CustomFav.4.Label)]</label2>
						<onclick condition="IsEmpty(Window(Home).Property(ItemPath))">RunScript(script.favourites,changetitle=true&amp;property=CustomFav.4)</onclick>
						<onclick condition="!IsEmpty(Window(Home).Property(ItemPath))">Skin.SetString(CustomFav.4.Path,$INFO[Window(Home).Property(ItemPath)])</onclick>
						<onclick condition="!IsEmpty(Window(Home).Property(ItemPath))">Skin.SetString(CustomFav.4.Label,$INFO[Window(Home).Property(ItemName)])</onclick>
						<onclick condition="!IsEmpty(Window(Home).Property(ItemPath))">Skin.SetString(CustomFav.4.Icon,$INFO[Window(Home).Property(ItemIcon)])</onclick>
						<onclick condition="!IsEmpty(Window(Home).Property(ItemPath))">ClearProperty(ItemPath,Home)</onclick>
					</control>
					<control type="button" id="512"><!-- Custom Favourite 4 icon location -->
						<include>settings-submenu-common</include>
						<label>- $LOCALIZE[21371] </label>
						<label2>$INFO[Skin.String(CustomFav.4.Icon)]</label2>
						<onclick>Skin.SetFile(CustomFav.4.Icon,.jpg|.png)</onclick>
					</control>
					<control type="button" id="513"><!-- Custom Favourite 5 -->
						<include>settings-submenu-common</include>
						<textwidth>200</textwidth>
						<label>$LOCALIZE[31809] 5</label>
						<label2>$INFO[Skin.String(CustomFav.5.Label)]</label2>
						<onclick condition="IsEmpty(Window(Home).Property(ItemPath))">RunScript(script.favourites,changetitle=true&amp;property=CustomFav.5)</onclick>
						<onclick condition="!IsEmpty(Window(Home).Property(ItemPath))">Skin.SetString(CustomFav.5.Path,$INFO[Window(Home).Property(ItemPath)])</onclick>
						<onclick condition="!IsEmpty(Window(Home).Property(ItemPath))">Skin.SetString(CustomFav.5.Label,$INFO[Window(Home).Property(ItemName)])</onclick>
						<onclick condition="!IsEmpty(Window(Home).Property(ItemPath))">Skin.SetString(CustomFav.5.Icon,$INFO[Window(Home).Property(ItemIcon)])</onclick>
						<onclick condition="!IsEmpty(Window(Home).Property(ItemPath))">ClearProperty(ItemPath,Home)</onclick>
					</control>
					<control type="button" id="514"><!-- Custom Favourite 5 icon location -->
						<include>settings-submenu-common</include>
						<label>- $LOCALIZE[21371] </label>
						<label2>$INFO[Skin.String(CustomFav.5.Icon)]</label2>
						<onclick>Skin.SetFile(CustomFav.5.Icon,.jpg|.png)</onclick>
					</control>
				</control>
			</control>

			<control type="group" id="600"><!--Custom Music settings-->
				<visible>Skin.String(customsettingmenu,music)</visible>
				<control type="image"><!-- Music settings button image -->
					<left>940</left>
					<top>382</top>
					<width>305</width>
					<height>56</height>
					<texture border="6">button-default-focus.png</texture>
					<include>settingbutton-fade</include>
					<visible>!ControlGroup(999).HasFocus()</visible>
				</control>
				<control type="group"><!-- Markers for control area items -->
					<control type="image">
						<left>484</left>
						<top>96</top>
						<height>16</height>
						<width>16</width>
						<texture>scroll-up.png</texture>
						<visible>Container(601).HasPrevious</visible>
					</control>
					<control type="image">
						<left>484</left>
						<top>652</top>
						<height>16</height>
						<width>16</width>
						<texture>scroll-down.png</texture>
						<visible>Container(601).HasNext</visible>
					</control>
				</control>

				<control type="grouplist" id="601">
					<left>53</left>
					<top>112</top>
					<width>885</width>
					<height>542</height>
					<itemgap>-2</itemgap>
					<onup>noop</onup>
					<ondown>noop</ondown>
					<onleft condition="StringCompare(Skin.String(show-scrollbar),$LOCALIZE[31877])">noop</onleft>
					<onleft condition="!StringCompare(Skin.String(show-scrollbar),$LOCALIZE[31877])">1223</onleft>
					<onright>999</onright>
					<pagecontrol>1223</pagecontrol>

					<control type="button" id="605"><!-- Music favourite 1 -->
						<include>settings-submenu-common</include>
						<textwidth>200</textwidth>
						<label>$LOCALIZE[31809] 1</label>
						<label2>$INFO[Skin.String(CustomMusic.1.Label)]</label2>
						<onclick condition="IsEmpty(Window(Home).Property(ItemPath))">RunScript(script.favourites,changetitle=true&amp;property=CustomMusic.1)</onclick>
						<onclick condition="!IsEmpty(Window(Home).Property(ItemPath))">Skin.SetString(CustomMusic.1.Path,$INFO[Window(Home).Property(ItemPath)])</onclick>
						<onclick condition="!IsEmpty(Window(Home).Property(ItemPath))">Skin.SetString(CustomMusic.1.Label,$INFO[Window(Home).Property(ItemName)])</onclick>
						<onclick condition="!IsEmpty(Window(Home).Property(ItemPath))">Skin.SetString(CustomMusic.1.Icon,$INFO[Window(Home).Property(ItemIcon)])</onclick>
						<onclick condition="!IsEmpty(Window(Home).Property(ItemPath))">ClearProperty(ItemPath,Home)</onclick>
					</control>
					<control type="button" id="606"><!-- Music favourite 1 icon location -->
						<include>settings-submenu-common</include>
						<label>- $LOCALIZE[21371] </label>
						<label2>$INFO[Skin.String(CustomMusic.1.Icon)]</label2>
						<onclick>Skin.SetFile(CustomMusic.1.Icon,.jpg|.png)</onclick>
					</control>
					<control type="button" id="607"><!-- Music favourite 2 -->
						<include>settings-submenu-common</include>
						<textwidth>200</textwidth>
						<label>$LOCALIZE[31809] 2</label>
						<label2>$INFO[Skin.String(CustomMusic.2.Label)]</label2>
						<onclick condition="IsEmpty(Window(Home).Property(ItemPath))">RunScript(script.favourites,changetitle=true&amp;property=CustomMusic.2)</onclick>
						<onclick condition="!IsEmpty(Window(Home).Property(ItemPath))">Skin.SetString(CustomMusic.2.Path,$INFO[Window(Home).Property(ItemPath)])</onclick>
						<onclick condition="!IsEmpty(Window(Home).Property(ItemPath))">Skin.SetString(CustomMusic.2.Label,$INFO[Window(Home).Property(ItemName)])</onclick>
						<onclick condition="!IsEmpty(Window(Home).Property(ItemPath))">Skin.SetString(CustomMusic.2.Icon,$INFO[Window(Home).Property(ItemIcon)])</onclick>
						<onclick condition="!IsEmpty(Window(Home).Property(ItemPath))">ClearProperty(ItemPath,Home)</onclick>
					</control>
					<control type="button" id="608"><!-- Music favourite 2 icon location -->
						<include>settings-submenu-common</include>
						<label>- $LOCALIZE[21371] </label>
						<label2>$INFO[Skin.String(CustomMusic.2.Icon)]</label2>
						<onclick>Skin.SetFile(CustomMusic.2.Icon,.jpg|.png)</onclick>
					</control>
					<control type="button" id="609"><!-- Music favourite 3 -->
						<include>settings-submenu-common</include>
						<textwidth>200</textwidth>
						<label>$LOCALIZE[31809] 3</label>
						<label2>$INFO[Skin.String(CustomMusic.3.Label)]</label2>
						<onclick condition="IsEmpty(Window(Home).Property(ItemPath))">RunScript(script.favourites,changetitle=true&amp;property=CustomMusic.3)</onclick>
						<onclick condition="!IsEmpty(Window(Home).Property(ItemPath))">Skin.SetString(CustomMusic.3.Path,$INFO[Window(Home).Property(ItemPath)])</onclick>
						<onclick condition="!IsEmpty(Window(Home).Property(ItemPath))">Skin.SetString(CustomMusic.3.Label,$INFO[Window(Home).Property(ItemName)])</onclick>
						<onclick condition="!IsEmpty(Window(Home).Property(ItemPath))">Skin.SetString(CustomMusic.3.Icon,$INFO[Window(Home).Property(ItemIcon)])</onclick>
						<onclick condition="!IsEmpty(Window(Home).Property(ItemPath))">ClearProperty(ItemPath,Home)</onclick>
					</control>
					<control type="button" id="610"><!-- Music favourite 3 icon location -->
						<include>settings-submenu-common</include>
						<label>- $LOCALIZE[21371] </label>
						<label2>$INFO[Skin.String(CustomMusic.3.Icon)]</label2>
						<onclick>Skin.SetFile(CustomMusic.3.Icon,.jpg|.png)</onclick>
					</control>
					<control type="button" id="611"><!-- Music favourite 4 -->
						<include>settings-submenu-common</include>
						<textwidth>200</textwidth>
						<label>$LOCALIZE[31809] 4</label>
						<label2>$INFO[Skin.String(CustomMusic.4.Label)]</label2>
						<onclick condition="IsEmpty(Window(Home).Property(ItemPath))">RunScript(script.favourites,changetitle=true&amp;property=CustomMusic.4)</onclick>
						<onclick condition="!IsEmpty(Window(Home).Property(ItemPath))">Skin.SetString(CustomMusic.4.Path,$INFO[Window(Home).Property(ItemPath)])</onclick>
						<onclick condition="!IsEmpty(Window(Home).Property(ItemPath))">Skin.SetString(CustomMusic.4.Label,$INFO[Window(Home).Property(ItemName)])</onclick>
						<onclick condition="!IsEmpty(Window(Home).Property(ItemPath))">Skin.SetString(CustomMusic.4.Icon,$INFO[Window(Home).Property(ItemIcon)])</onclick>
						<onclick condition="!IsEmpty(Window(Home).Property(ItemPath))">ClearProperty(ItemPath,Home)</onclick>
					</control>
					<control type="button" id="612"><!-- Music favourite 4 icon location -->
						<include>settings-submenu-common</include>
						<label>- $LOCALIZE[21371] </label>
						<label2>$INFO[Skin.String(CustomMusic.4.Icon)]</label2>
						<onclick>Skin.SetFile(CustomMusic.4.Icon,.jpg|.png)</onclick>
					</control>
					<control type="button" id="613"><!-- Music favourite 5 -->
						<include>settings-submenu-common</include>
						<textwidth>200</textwidth>
						<label>$LOCALIZE[31809] 5</label>
						<label2>$INFO[Skin.String(CustomMusic.5.Label)]</label2>
						<onclick condition="IsEmpty(Window(Home).Property(ItemPath))">RunScript(script.favourites,changetitle=true&amp;property=CustomMusic.5)</onclick>
						<onclick condition="!IsEmpty(Window(Home).Property(ItemPath))">Skin.SetString(CustomMusic.5.Path,$INFO[Window(Home).Property(ItemPath)])</onclick>
						<onclick condition="!IsEmpty(Window(Home).Property(ItemPath))">Skin.SetString(CustomMusic.5.Label,$INFO[Window(Home).Property(ItemName)])</onclick>
						<onclick condition="!IsEmpty(Window(Home).Property(ItemPath))">Skin.SetString(CustomMusic.5.Icon,$INFO[Window(Home).Property(ItemIcon)])</onclick>
						<onclick condition="!IsEmpty(Window(Home).Property(ItemPath))">ClearProperty(ItemPath,Home)</onclick>
					</control>
					<control type="button" id="614"><!-- Music favourite 5 icon location -->
						<include>settings-submenu-common</include>
						<label>- $LOCALIZE[21371] </label>
						<label2>$INFO[Skin.String(CustomMusic.5.Icon)]</label2>
						<onclick>Skin.SetFile(CustomMusic.5.Icon,.jpg|.png)</onclick>
					</control>
				</control>
			</control>

			<control type="group" id="700"><!--Custom Addon Settings-->
				<visible>Skin.String(customsettingmenu,addon)</visible>
				<control type="image"><!-- Addon settings button image -->
					<left>940</left>
					<top>436</top>
					<width>305</width>
					<height>56</height>
					<texture border="6">button-default-focus.png</texture>
					<include>settingbutton-fade</include>
					<visible>!ControlGroup(999).HasFocus()</visible>
				</control>
				<control type="group"><!-- Markers for control area items -->
					<control type="image">
						<left>484</left>
						<top>96</top>
						<height>16</height>
						<width>16</width>
						<texture>scroll-up.png</texture>
						<visible>Container(701).HasPrevious</visible>
					</control>
					<control type="image">
						<left>484</left>
						<top>652</top>
						<height>16</height>
						<width>16</width>
						<texture>scroll-down.png</texture>
						<visible>Container(701).HasNext</visible>
					</control>
				</control>

				<control type="grouplist" id="701">
					<left>53</left>
					<top>112</top>
					<width>885</width>
					<height>542</height>
					<itemgap>-2</itemgap>
					<onup>noop</onup>
					<ondown>noop</ondown>
					<onleft condition="StringCompare(Skin.String(show-scrollbar),$LOCALIZE[31877])">noop</onleft>
					<onleft condition="!StringCompare(Skin.String(show-scrollbar),$LOCALIZE[31877])">1223</onleft>
					<onright>999</onright>
					<pagecontrol>1223</pagecontrol>
					<control type="button" id="705"><!-- Addon favourite 1 -->
						<include>settings-submenu-common</include>
						<textwidth>200</textwidth>
						<label>$LOCALIZE[31809] 1</label>
						<label2>$INFO[Skin.String(CustomAddon.1.Label)]</label2>
						<onclick condition="IsEmpty(Window(Home).Property(ItemPath))">RunScript(script.favourites,changetitle=true&amp;property=CustomAddon.1)</onclick>
						<onclick condition="!IsEmpty(Window(Home).Property(ItemPath))">Skin.SetString(CustomAddon.1.Path,$INFO[Window(Home).Property(ItemPath)])</onclick>
						<onclick condition="!IsEmpty(Window(Home).Property(ItemPath))">Skin.SetString(CustomAddon.1.Label,$INFO[Window(Home).Property(ItemName)])</onclick>
						<onclick condition="!IsEmpty(Window(Home).Property(ItemPath))">Skin.SetString(CustomAddon.1.Icon,$INFO[Window(Home).Property(ItemIcon)])</onclick>
						<onclick condition="!IsEmpty(Window(Home).Property(ItemPath))">ClearProperty(ItemPath,Home)</onclick>
					</control>
					<control type="button" id="706"><!-- Addon favourite 1 icon location -->
						<include>settings-submenu-common</include>
						<label>- $LOCALIZE[21371] </label>
						<label2>$INFO[Skin.String(CustomAddon.1.Icon)]</label2>
						<onclick>Skin.SetFile(CustomAddon.1.Icon,.jpg|.png)</onclick>
					</control>
					<control type="button" id="707"><!-- Addon favourite 2 -->
						<include>settings-submenu-common</include>
						<textwidth>200</textwidth>
						<label>$LOCALIZE[31809] 2</label>
						<label2>$INFO[Skin.String(CustomAddon.2.Label)]</label2>
						<onclick condition="IsEmpty(Window(Home).Property(ItemPath))">RunScript(script.favourites,changetitle=true&amp;property=CustomAddon.2)</onclick>
						<onclick condition="!IsEmpty(Window(Home).Property(ItemPath))">Skin.SetString(CustomAddon.2.Path,$INFO[Window(Home).Property(ItemPath)])</onclick>
						<onclick condition="!IsEmpty(Window(Home).Property(ItemPath))">Skin.SetString(CustomAddon.2.Label,$INFO[Window(Home).Property(ItemName)])</onclick>
						<onclick condition="!IsEmpty(Window(Home).Property(ItemPath))">Skin.SetString(CustomAddon.2.Icon,$INFO[Window(Home).Property(ItemIcon)])</onclick>
						<onclick condition="!IsEmpty(Window(Home).Property(ItemPath))">ClearProperty(ItemPath,Home)</onclick>
					</control>
					<control type="button" id="708"><!-- Addon favourite 2 icon location -->
						<include>settings-submenu-common</include>
						<label>- $LOCALIZE[21371] </label>
						<label2>$INFO[Skin.String(CustomAddon.2.Icon)]</label2>
						<onclick>Skin.SetFile(CustomAddon.2.Icon,.jpg|.png)</onclick>
					</control>
					<control type="button" id="709"><!-- Addon favourite 3 -->
						<include>settings-submenu-common</include>
						<textwidth>200</textwidth>
						<label>$LOCALIZE[31809] 3</label>
						<label2>$INFO[Skin.String(CustomAddon.3.Label)]</label2>
						<onclick condition="IsEmpty(Window(Home).Property(ItemPath))">RunScript(script.favourites,changetitle=true&amp;property=CustomAddon.3)</onclick>
						<onclick condition="!IsEmpty(Window(Home).Property(ItemPath))">Skin.SetString(CustomAddon.3.Path,$INFO[Window(Home).Property(ItemPath)])</onclick>
						<onclick condition="!IsEmpty(Window(Home).Property(ItemPath))">Skin.SetString(CustomAddon.3.Label,$INFO[Window(Home).Property(ItemName)])</onclick>
						<onclick condition="!IsEmpty(Window(Home).Property(ItemPath))">Skin.SetString(CustomAddon.3.Icon,$INFO[Window(Home).Property(ItemIcon)])</onclick>
						<onclick condition="!IsEmpty(Window(Home).Property(ItemPath))">ClearProperty(ItemPath,Home)</onclick>
					</control>
					<control type="button" id="710"><!-- Addon favourite 3 icon location -->
						<include>settings-submenu-common</include>
						<label>- $LOCALIZE[21371] </label>
						<label2>$INFO[Skin.String(CustomAddon.3.Icon)]</label2>
						<onclick>Skin.SetFile(CustomAddon.3.Icon,.jpg|.png)</onclick>
					</control>
					<control type="button" id="711"><!-- Addon favourite 4 -->
						<include>settings-submenu-common</include>
						<textwidth>200</textwidth>
						<label>$LOCALIZE[31809] 4</label>
						<label2>$INFO[Skin.String(CustomAddon.4.Label)]</label2>
						<onclick condition="IsEmpty(Window(Home).Property(ItemPath))">RunScript(script.favourites,changetitle=true&amp;property=CustomAddon.4)</onclick>
						<onclick condition="!IsEmpty(Window(Home).Property(ItemPath))">Skin.SetString(CustomAddon.4.Path,$INFO[Window(Home).Property(ItemPath)])</onclick>
						<onclick condition="!IsEmpty(Window(Home).Property(ItemPath))">Skin.SetString(CustomAddon.4.Label,$INFO[Window(Home).Property(ItemName)])</onclick>
						<onclick condition="!IsEmpty(Window(Home).Property(ItemPath))">Skin.SetString(CustomAddon.4.Icon,$INFO[Window(Home).Property(ItemIcon)])</onclick>
						<onclick condition="!IsEmpty(Window(Home).Property(ItemPath))">ClearProperty(ItemPath,Home)</onclick>
					</control>
					<control type="button" id="712"><!-- Addon favourite 4 icon location -->
						<include>settings-submenu-common</include>
						<label>- $LOCALIZE[21371] </label>
						<label2>$INFO[Skin.String(CustomAddon.4.Icon)]</label2>
						<onclick>Skin.SetFile(CustomAddon.4.Icon,.jpg|.png)</onclick>
					</control>
					<control type="button" id="713"><!-- Addon favourite 5 -->
						<include>settings-submenu-common</include>
						<textwidth>200</textwidth>
						<label>$LOCALIZE[31809] 5</label>
						<label2>$INFO[Skin.String(CustomAddon.5.Label)]</label2>
						<onclick condition="IsEmpty(Window(Home).Property(ItemPath))">RunScript(script.favourites,changetitle=true&amp;property=CustomAddon.5)</onclick>
						<onclick condition="!IsEmpty(Window(Home).Property(ItemPath))">Skin.SetString(CustomAddon.5.Path,$INFO[Window(Home).Property(ItemPath)])</onclick>
						<onclick condition="!IsEmpty(Window(Home).Property(ItemPath))">Skin.SetString(CustomAddon.5.Label,$INFO[Window(Home).Property(ItemName)])</onclick>
						<onclick condition="!IsEmpty(Window(Home).Property(ItemPath))">Skin.SetString(CustomAddon.5.Icon,$INFO[Window(Home).Property(ItemIcon)])</onclick>
						<onclick condition="!IsEmpty(Window(Home).Property(ItemPath))">ClearProperty(ItemPath,Home)</onclick>
					</control>
					<control type="button" id="714"><!-- Addon favourite 5 icon location -->
						<include>settings-submenu-common</include>
						<label>- $LOCALIZE[21371] </label>
						<label2>$INFO[Skin.String(CustomAddon.5.Icon)]</label2>
						<onclick>Skin.SetFile(CustomAddon.5.Icon,.jpg|.png)</onclick>
					</control>
				</control>
			</control>
		</control>

		<control type="textbox"><!-- Settings description area -->
			<left>10</left>
			<top>666</top>
			<width>1260</width>
			<height>50</height>
			<font>font10</font>
			<align>center</align>
			<label>$LOCALIZE[31374]</label>
			<visible>!IsEmpty(Window(Home).Property(ItemPath))</visible>
		</control>
	</controls>
</window>
