<?xml version="1.0" encoding="UTF-8"?>
<window>
	<defaultcontrol always="true">214</defaultcontrol>
	<include>screen-fade</include>
	<animation effect="fade" end="0" time="100" condition="[Window.IsVisible(sliderdialog) | Window.IsVisible(osdvideosettings) | Window.IsVisible(osdaudiosettings) | Window.IsVisible(subtitlesearch) | Window.IsVisible(videobookmarks) | Window.IsVisible(script-nextup-notification-StillWatchingInfo.xml) | Window.IsVisible(script-nextup-notification-NextUpInfo.xml)]">Conditional</animation>
	<controls>
		<control type="image"><!-- Background shadow -->
			<left>0</left>
			<top>0</top>
			<height>80</height>
			<width>1280</width>
			<texture>colours/black.png</texture>
			<colordiffuse>osd-background</colordiffuse>
		</control>
		<control type="group">
			<visible>![Window.IsVisible(fullscreeninfo) | Window.IsVisible(sliderdialog) | Window.IsVisible(seekbar) | Window.IsVisible(osdvideosettings) | Window.IsVisible(osdaudiosettings) | Window.IsVisible(videobookmarks)]</visible>
			<control type="image"><!-- Dialog background -->
				<left>0</left>
				<top>646</top>
				<height>80</height>
				<width>1280</width>
				<texture>background.png</texture>
				<colordiffuse>osd-background</colordiffuse>
				<visible>[Window.IsActive(fullscreenvideo)] + ![Window.IsActive(musicosd)]</visible>
			</control>
			<include>player-mediaicon</include>
		</control>

		<control type="group"><!-- Player action labels -->
			<visible>[Window.IsVisible(fullscreenvideo) | Window.IsVisible(visualisation) | Player.DisplayAfterSeek | Player.Seeking]</visible>
			<control type="grouplist">
				<left>408</left>
				<top>657</top>
				<width>464</width>
				<height>64</height>
				<align>center</align>
				<aligny>center</aligny>
				<orientation>horizontal</orientation>
				<control type="image">
					<width>64</width>
					<height>64</height>
					<texture>$VAR[PlayStateImage]</texture>
				</control>
				<control type="label"><!-- Dialog heading -->
					<width min="150" max="400">auto</width>
					<height>64</height>
					<label>$VAR[PlayStateTxt]</label>
					<font>font22</font>
				</control>
			</control>
		</control>

		<control type="group">
			<visible>[Window.IsVisible(fullscreenvideo)] + ![Window.IsVisible(fullscreeninfo) | Window.IsVisible(sliderdialog) | Window.IsVisible(seekbar) | Window.IsVisible(osdvideosettings) | Window.IsVisible(osdaudiosettings) | Window.IsVisible(videobookmarks) | Window.IsVisible(script-nextup-notification-StillWatchingInfo.xml) | Window.IsVisible(script-nextup-notification-NextUpInfo.xml)]</visible>
			<!-- Player info labels -->
			<control type="label">
				<left>8</left>
				<top>644</top>
				<width>220</width>
				<height>26</height>
				<font>font10</font>
				<label>[COLOR=disabled-text]($INFO[System.Time])[/COLOR] $INFO[VideoPlayer.Time]</label>
				<align>right</align>
			</control>
			<control type="label">
				<left>1048</left>
				<top>644</top>
				<width>220</width>
				<height>26</height>
				<font>font10</font>
				<label>-$INFO[VideoPlayer.TimeRemaining] [COLOR=disabled-text]($INFO[Player.FinishTime])[/COLOR]</label>
			</control>

			<!-- Progress bar -->
			<control type="progress">
				<left>238</left>
				<top>652</top>
				<width>800</width>
				<height>16</height>
				<info>Player.ProgressCache</info>
				<colordiffuse>CacheBarColor</colordiffuse>
			</control>
			<control type="progress">
				<left>238</left>
				<top>652</top>
				<width>800</width>
				<height>16</height>
				<info>Player.Progress</info>
				<colordiffuse>ProgressBarColor</colordiffuse>
			</control>
			<control type="slider" id="401"><!-- Seek Slider -->
				<left>238</left>
				<top>650</top>
				<width>800</width>
				<height>20</height>
				<action>seek</action>
			</control>
		</control>
		<control type="grouplist" id="999"><!-- OSD buttons -->
			<visible>![Window.IsVisible(sliderdialog) | Window.IsVisible(osdvideosettings) | Window.IsVisible(osdaudiosettings) | Window.IsVisible(videobookmarks) | Window.IsVisible(script-nextup-notification-StillWatchingInfo.xml) | Window.IsVisible(script-nextup-notification-NextUpInfo.xml)]</visible>
			<visible>!VideoPlayer.Content(LiveTV)</visible>
			<left>10</left>
			<top>10</top>
			<width>1260</width>
			<height>64</height>
			<orientation>horizontal</orientation>
			<align>center</align>
			<control type="button" id="919"><!-- Bookmarks menu -->
				<width>64</width>
				<height>64</height>
				<texturefocus>osd-btn-bookmark-focus.png</texturefocus>
				<texturenofocus>osd-btn-bookmark.png</texturenofocus>
				<onclick>ActivateWindow(videobookmarks)</onclick>
			</control>
			<control type="button" id="918"><!-- Playlist -->
				<width>64</width>
				<height>64</height>
				<texturefocus>osd-btn-playlist-focus.png</texturefocus>
				<texturenofocus>osd-btn-playlist.png</texturenofocus>
				<onclick>ActivateWindow(videoplaylist)</onclick>
			</control>
			<control type="image" id="931"><!-- Dummy -->
				<width>42</width>
				<height>64</height>
				<texture>-</texture>
			</control>
			<control type="button" id="916"><!-- Volume Up -->
				<width>64</width>
				<height>64</height>
				<texturefocus>osd-btn-volumeup-focus.png</texturefocus>
				<texturenofocus>osd-btn-volumeup.png</texturenofocus>
				<onclick>VolumeUp</onclick>
			</control>
			<control type="button" id="917"><!-- Volume Down -->
				<width>64</width>
				<height>64</height>
				<texturefocus>osd-btn-volumedown-focus.png</texturefocus>
				<texturenofocus>osd-btn-volumedown.png</texturenofocus>
				<onclick>VolumeDown</onclick>
			</control>
			<control type="button" id="217"><!-- Eject DVD -->
				<width>64</width>
				<height>64</height>
				<texturefocus>osd-btn-eject-focus.png</texturefocus>
				<texturenofocus>osd-btn-eject.png</texturenofocus>
				<onclick>EjectTray()</onclick>
				<onclick>SetFocus(214)</onclick>
				<visible>System.HasMediadvd</visible>
			</control>
			<control type="button" id="210"><!-- Skip Back -->
				<width>64</width>
				<height>64</height>
				<texturefocus>osd-btn-skipback-focus.png</texturefocus>
				<texturenofocus>osd-btn-skipback.png</texturenofocus>
				<onclick>PlayerControl(Previous)</onclick>
			</control>
			<control type="button" id="211"><!-- Rewind -->
				<width>64</width>
				<height>64</height>
				<texturefocus>osd-btn-rewind-focus.png</texturefocus>
				<texturenofocus>osd-btn-rewind.png</texturenofocus>
				<onclick>PlayerControl(Rewind)</onclick>
			</control>
			<control type="togglebutton" id="213"><!-- Play -->
				<width>64</width>
				<height>64</height>
				<texturefocus>osd-btn-pause-focus.png</texturefocus>
				<texturenofocus>osd-btn-pause.png</texturenofocus>
				<usealttexture>Player.Paused | Player.Forwarding | Player.Rewinding</usealttexture>
				<alttexturefocus>osd-btn-play-focus.png</alttexturefocus>
				<alttexturenofocus>osd-btn-play.png</alttexturenofocus>
				<onclick>PlayerControl(Play)</onclick>
			</control>
			<control type="button" id="214"><!-- Stop -->
				<width>64</width>
				<height>64</height>
				<texturefocus>osd-btn-stop-focus.png</texturefocus>
				<texturenofocus>osd-btn-stop.png</texturenofocus>
				<onclick>PlayerControl(Stop)</onclick>
			</control>
			<control type="button" id="215"><!-- Fast forward -->
				<width>64</width>
				<height>64</height>
				<texturefocus>osd-btn-fastfwd-focus.png</texturefocus>
				<texturenofocus>osd-btn-fastfwd.png</texturenofocus>
				<onclick>PlayerControl(Forward)</onclick>
			</control>
			<control type="button" id="216"><!-- Skip forward -->
				<width>64</width>
				<height>64</height>
				<texturefocus>osd-btn-skipfwd-focus.png</texturefocus>
				<texturenofocus>osd-btn-skipfwd.png</texturenofocus>
				<onclick>PlayerControl(Next)</onclick>
			</control>
			<control type="togglebutton" id="909"><!-- Record -->
				<width>40</width>
				<height>40</height>
				<texturefocus>osd-btn-rec-focus.png</texturefocus>
				<texturenofocus>osd-btn-rec.png</texturenofocus>
				<usealttexture>Player.Recording</usealttexture>
				<alttexturefocus>osd-btn-rec-recording-focus.png</alttexturefocus>
				<alttexturenofocus>osd-btn-rec-recording.png</alttexturenofocus>
				<onclick>PlayerControl(record)</onclick>
				<visible>Player.CanRecord</visible>
			</control>
			<control type="button" id="208"><!-- DVD menu -->
				<width>64</width>
				<height>64</height>
				<texturefocus>osd-btn-dvdmenu-focus.png</texturefocus>
				<texturenofocus>osd-btn-dvdmenu.png</texturenofocus>
				<onclick>PlayerControl(ShowVideoMenu)</onclick>
				<visible>VideoPlayer.HasMenu</visible>
			</control>
			<control type="button" id="950"><!-- Subtitle menu -->
				<width>64</width>
				<height>64</height>
				<texturenofocus>osd-btn-subtitle.png</texturenofocus>
				<texturefocus>osd-btn-subtitle-focus.png</texturefocus>
				<onclick>Dialog.Close(videoosd)</onclick>
				<onclick>ActivateWindow(subtitlesearch)</onclick>
			</control>
			<control type="image" id="940"><!-- Dummy -->
				<width>42</width>
				<height>64</height>
				<texture>-</texture>
			</control>
			<control type="button" id="923"><!-- 3D selection -->
				<width>64</width>
				<height>64</height>
				<texturefocus>osd-btn-3D-focus.png</texturefocus>
				<texturenofocus>osd-btn-3D.png</texturenofocus>
				<onclick>ActivateWindow(1151)</onclick>
				<visible>VideoPlayer.IsStereoscopic</visible>
			</control>
			<control type="button" id="921"><!-- Audio menu -->
				<width>64</width>
				<height>64</height>
				<texturefocus>osd-btn-audio-focus.png</texturefocus>
				<texturenofocus>osd-btn-audio.png</texturenofocus>
				<onclick>ActivateWindow(osdaudiosettings)</onclick>
			</control>
			<control type="button" id="920"><!-- Video menu -->
				<width>64</width>
				<height>64</height>
				<texturefocus>osd-btn-video-focus.png</texturefocus>
				<texturenofocus>osd-btn-video.png</texturenofocus>
				<onclick>ActivateWindow(osdvideosettings)</onclick>
			</control>
		</control>
		<control type="grouplist" id="999"><!-- Group OSD buttons -->
			<visible>![Window.IsVisible(sliderdialog) | Window.IsVisible(osdvideosettings) | Window.IsVisible(osdaudiosettings) | Window.IsVisible(videobookmarks)]</visible>
			<visible>VideoPlayer.Content(LiveTV)</visible>
			<left>10</left>
			<top>10</top>
			<width>1260</width>
			<height>64</height>
			<orientation>horizontal</orientation>
			<align>center</align>
			<control type="button" id="914"><!-- Channel Up -->
				<width>64</width>
				<height>64</height>
				<texturefocus>osd-btn-channelup-focus.png</texturefocus>
				<texturenofocus>osd-btn-channelup.png</texturenofocus>
				<onclick>ChannelUp</onclick>
			</control>
			<control type="button" id="915"><!-- Channel Down -->
				<width>64</width>
				<height>64</height>
				<texturefocus>osd-btn-channeldown-focus.png</texturefocus>
				<texturenofocus>osd-btn-channeldown.png</texturenofocus>
				<onclick>ChannelDown</onclick>
			</control>
			<control type="button" id="916"><!-- Volume Up -->
				<width>64</width>
				<height>64</height>
				<texturefocus>osd-btn-volumeup-focus.png</texturefocus>
				<texturenofocus>osd-btn-volumeup.png</texturenofocus>
				<onclick>VolumeUp</onclick>
			</control>
			<control type="button" id="917"><!-- Volume Down -->
				<width>64</width>
				<height>64</height>
				<texturefocus>osd-btn-volumedown-focus.png</texturefocus>
				<texturenofocus>osd-btn-volumedown.png</texturenofocus>
				<onclick>VolumeDown</onclick>
			</control>
			<control type="button" id="210"><!-- Skip back -->
				<width>64</width>
				<height>64</height>
				<texturefocus>osd-btn-skipback-focus.png</texturefocus>
				<texturenofocus>osd-btn-skipback.png</texturenofocus>
				<onclick>PlayerControl(Previous)</onclick>
			</control>
			<control type="button" id="211"><!-- Rewind -->
				<width>64</width>
				<height>64</height>
				<texturefocus>osd-btn-rewind-focus.png</texturefocus>
				<texturenofocus>osd-btn-rewind.png</texturenofocus>
				<onclick>PlayerControl(Rewind)</onclick>
			</control>
			<control type="togglebutton" id="213"><!-- Play -->
				<width>64</width>
				<height>64</height>
				<texturefocus>osd-btn-pause-focus.png</texturefocus>
				<texturenofocus>osd-btn-pause.png</texturenofocus>
				<usealttexture>Player.Paused | Player.Forwarding | Player.Rewinding</usealttexture>
				<alttexturefocus>osd-btn-play-focus.png</alttexturefocus>
				<alttexturenofocus>osd-btn-play.png</alttexturenofocus>
				<onclick>PlayerControl(Play)</onclick>
			</control>
			<control type="button" id="214"><!-- Stop -->
				<width>64</width>
				<height>64</height>
				<texturefocus>osd-btn-stop-focus.png</texturefocus>
				<texturenofocus>osd-btn-stop.png</texturenofocus>
				<onclick>PlayerControl(Stop)</onclick>
			</control>
			<control type="button" id="215"><!-- Fast forward -->
				<width>64</width>
				<height>64</height>
				<texturefocus>osd-btn-fastfwd-focus.png</texturefocus>
				<texturenofocus>osd-btn-fastfwd.png</texturenofocus>
				<onclick>PlayerControl(Forward)</onclick>
			</control>
			<control type="button" id="216"><!-- Skip forward -->
				<width>64</width>
				<height>64</height>
				<texturefocus>osd-btn-skipfwd-focus.png</texturefocus>
				<texturenofocus>osd-btn-skipfwd.png</texturenofocus>
				<onclick>PlayerControl(Next)</onclick>
			</control>
			<control type="button" id="909"><!-- Record -->
				<width>64</width>
				<height>64</height>
				<texturefocus>osd-btn-rec-focus.png</texturefocus>
				<texturenofocus>osd-btn-rec.png</texturenofocus>
				<onclick>PlayerControl(record)</onclick>
				<visible>Player.CanRecord + !Player.Recording</visible>
			</control>
			<control type="button" id="910">
				<width>64</width>
				<height>64</height>
				<texturefocus>osd-btn-rec-recording-focus.png</texturefocus>
				<texturenofocus>osd-btn-rec-recording.png</texturenofocus>
				<onclick>PlayerControl(record)</onclick>
				<visible>Player.CanRecord + Player.Recording</visible>
			</control>
			<control type="button" id="912"><!-- EPG Menu -->
				<width>64</width>
				<height>64</height>
				<texturefocus>osd-btn-guide-focus.png</texturefocus>
				<texturenofocus>osd-btn-guide.png</texturenofocus>
				<onclick>ActivateWindow(tvguide)</onclick>
				<visible>VideoPlayer.HasEpg</visible>
			</control>
			<control type="button" id="913"><!-- Teletext -->
				<width>64</width>
				<height>64</height>
				<texturefocus>osd-btn-teletext-focus.png</texturefocus>
				<texturenofocus>osd-btn-teletext.png</texturenofocus>
				<onclick>ActivateWindow(Teletext)</onclick>
				<visible>VideoPlayer.HasTeletext</visible>
			</control>
			<control type="button" id="923"><!-- 3D Menu -->
				<width>64</width>
				<height>64</height>
				<texturefocus>osd-btn-3D-focus.png</texturefocus>
				<texturenofocus>osd-btn-3D.png</texturenofocus>
				<onclick>ActivateWindow(Custom_3DDialogSelect.xml)</onclick>
				<visible>VideoPlayer.IsStereoscopic</visible>
			</control>
			<control type="button" id="921"><!-- Audio menu -->
				<width>64</width>
				<height>64</height>
				<texturefocus>osd-btn-audio-focus.png</texturefocus>
				<texturenofocus>osd-btn-audio.png</texturenofocus>
				<onclick>ActivateWindow(osdaudiosettings)</onclick>
			</control>
			<control type="button" id="920"><!-- Video menu -->
				<width>64</width>
				<height>64</height>
				<texturefocus>osd-btn-video-focus.png</texturefocus>
				<texturenofocus>osd-btn-video.png</texturenofocus>
				<onclick>ActivateWindow(osdvideosettings)</onclick>
			</control>
		</control>
	</controls>
</window>