<?xml version="1.0" encoding="UTF-8"?>
<window>
	<defaultcontrol always="true">11</defaultcontrol>
	<coordinates>
		<left>0</left>
		<top>0</top>
	</coordinates>
	<include>screen-fade</include>
	<controls>
		<include>fadebackground</include>
		<control type="group">
			<control type="image"><!-- Dialog background -->
				<left>400</left>
				<top>35</top>
				<width>480</width>
				<height>650</height>
				<texture border="8">button-menu-background.png</texture>
			</control>
			<control type="label"><!-- Header -->
				<left>412</left>
				<top>47</top>
				<width>456</width>
				<height>24</height>
				<font>font12</font>
				<label>$LOCALIZE[19023] - $INFO[VideoPlayer.ChannelGroup]</label>
				<align>center</align>
				<visible>!pvr.IsPlayingRadio</visible>
			</control>
			<control type="label"><!-- Header -->
				<left>412</left>
				<top>47</top>
				<width>456</width>
				<height>24</height>
				<font>font12</font>
				<label>$LOCALIZE[19024] - $INFO[MusicPlayer.ChannelGroup]</label>
				<align>center</align>
				<visible>pvr.IsPlayingRadio</visible>
			</control>
			<control type="label"><!-- Header -->
				<left>412</left>
				<top>75</top>
				<width>456</width>
				<height>24</height>
				<font>font12</font>
				<label>$INFO[System.Date(DDD)], $INFO[System.Date(d)] $INFO[System.Date(mmm)] $INFO[System.Date(yyyy)] • $INFO[System.Time]</label>
				<align>center</align>
			</control>
			<control type="button">
				<left>858</left>
				<top>26</top>
				<width>32</width>
				<height>32</height>
				<texturefocus>touch-close.png</texturefocus>
				<texturenofocus>touch-close.png</texturenofocus>
				<onclick>Dialog.Close(pvrosdchannels)</onclick>
				<visible>system.getbool(input.enablemouse)</visible>
			</control>
			<control type="image">
				<left>412</left>
				<top>104</top>
				<width>456</width>
				<height>4</height>
				<texture>separator.png</texture>
			</control>
			<control type="list" id="11">
				<left>412</left>
				<top>110</top>
				<width>420</width>
				<height>510</height>
				<onright>60</onright>
				<viewtype label="535">list</viewtype>
				<pagecontrol>60</pagecontrol>
				<itemlayout height="102" width="420">
					<control type="label">
						<left>12</left>
						<top>12</top>
						<width>40</width>
						<height>24</height>
						<font>font12</font>
						<label>$INFO[ListItem.ChannelNumber]</label>
					</control>
					<control type="image">
						<left>12</left>
						<top>40</top>
						<width>20</width>
						<height>20</height>
						<texture>overlayisrecording.png</texture>
						<visible>ListItem.IsRecording</visible>
					</control>
					<control type="label">
						<left>56</left>
						<top>12</top>
						<width>350</width>
						<height>24</height>
						<font>font11</font>
						<label>$INFO[ListItem.Label]</label>
					</control>
					<control type="label">
						<left>56</left>
						<top>40</top>
						<width>350</width>
						<height>24</height>
						<font>font11</font>
						<label>$INFO[ListItem.Title]</label>
						<visible>IsEmpty(Listitem.Icon)</visible>
					</control>
					<control type="label">
						<left>56</left>
						<top>40</top>
						<width>300</width>
						<height>24</height>
						<font>font11</font>
						<selectedcolor>button-text</selectedcolor>
						<label>$INFO[ListItem.Title]</label>
						<visible>!IsEmpty(Listitem.Icon)</visible>
					</control>
					<control type="label">
						<left>56</left>
						<top>68</top>
						<width>60</width>
						<height>24</height>
						<font>font11</font>
						<selectedcolor>button-text</selectedcolor>
						<label>$INFO[ListItem.StartTime]</label>
						<visible>ListItem.HasEpg</visible>
					</control>
					<control type="progress">
						<left>110</left>
						<top>78</top>
						<width>225</width>
						<height>6</height>
						<colordiffuse>ScrollBarColor</colordiffuse>
						<info>ListItem.Progress</info>
						<visible>ListItem.HasEpg</visible>
					</control>
					<control type="label">
						<left>350</left>
						<top>68</top>
						<width>60</width>
						<height>24</height>
						<font>font11</font>
						<selectedcolor>button-text</selectedcolor>
						<label>$INFO[ListItem.EndTime]</label>
						<visible>ListItem.HasEpg</visible>
					</control>
					<control type="image">
						<left>364</left>
						<top>4</top>
						<width>40</width>
						<height>40</height>
						<texture>$INFO[ListItem.Icon]</texture>
					</control>
				</itemlayout>
				<focusedlayout height="102" width="420">
					<control type="image">
						<left>0</left>
						<top>0</top>
						<width>420</width>
						<height>102</height>
						<texture border="8">button-default-focus.png</texture>
						<visible>Control.HasFocus(11)</visible>
					</control>
					<control type="label">
						<left>12</left>
						<top>12</top>
						<width>40</width>
						<height>24</height>
						<font>font12</font>
						<selectedcolor>button-text</selectedcolor>
						<label>$INFO[ListItem.ChannelNumber]</label>
					</control>
					<control type="image">
						<left>12</left>
						<top>40</top>
						<width>20</width>
						<height>20</height>
						<texture>overlayisrecording.png</texture>
						<visible>ListItem.IsRecording</visible>
					</control>
					<control type="label">
						<left>56</left>
						<top>12</top>
						<width>350</width>
						<height>24</height>
						<font>font11</font>
						<label>$INFO[ListItem.Label]</label>
					</control>
					<control type="label">
						<left>56</left>
						<top>40</top>
						<width>350</width>
						<height>24</height>
						<font>font11</font>
						<selectedcolor>button-text</selectedcolor>
						<label>$INFO[ListItem.Title]</label>
						<visible>IsEmpty(Listitem.Icon)</visible>
					</control>
					<control type="label">
						<left>56</left>
						<top>40</top>
						<width>300</width>
						<height>24</height>
						<font>font11</font>
						<selectedcolor>button-text</selectedcolor>
						<label>$INFO[ListItem.Title]</label>
						<visible>!IsEmpty(Listitem.Icon)</visible>
					</control>
					<control type="label">
						<left>56</left>
						<top>68</top>
						<width>60</width>
						<height>24</height>
						<font>font11</font>
						<selectedcolor>button-text</selectedcolor>
						<label>$INFO[ListItem.StartTime]</label>
						<visible>ListItem.HasEpg</visible>
					</control>
					<control type="progress">
						<left>110</left>
						<top>78</top>
						<width>225</width>
						<height>6</height>
						<colordiffuse>ScrollBarColor</colordiffuse>
						<info>ListItem.Progress</info>
						<visible>ListItem.HasEpg</visible>
					</control>
					<control type="label">
						<left>350</left>
						<top>68</top>
						<width>60</width>
						<height>24</height>
						<font>font11</font>
						<selectedcolor>button-text</selectedcolor>
						<label>$INFO[ListItem.EndTime]</label>
						<visible>ListItem.HasEpg</visible>
					</control>
					<control type="image">
						<left>364</left>
						<top>4</top>
						<width>40</width>
						<height>40</height>
						<texture>$INFO[ListItem.Icon]</texture>
					</control>
				</focusedlayout>
			</control>
			<control type="scrollbar" id="60">
				<left>842</left>
				<top>110</top>
				<width>16</width>
				<height>510</height>
				<onleft>11</onleft>
				<animation condition="!Control.HasFocus(60) + !Container.Scrolling + !StringCompare(Skin.String(show-scrollbar),$LOCALIZE[31875])" effect="fade" start="100" end="0" time="200" reversible="true">Conditional</animation>
				<visible>!StringCompare(Skin.String(show-scrollbar),$LOCALIZE[31877])</visible>
			</control>
			<control type="label"><!-- Number of files text label -->
				<left>412</left>
				<top>635</top>
				<width>420</width>
				<height>25</height>
				<align>right</align>
				<label>$INFO[Container(11).NumItems,$LOCALIZE[127] ]</label>
			</control>
		</control>
	</controls>
</window>