<?xml version="1.0" encoding="UTF-8"?>
<addon id="plugin.video.f4mTester" version="2.6.7" name="f4mTester" provider-name="Shani">
    <requires>
        <import addon="xbmc.python" version="2.1.0"/>
        <import addon="script.video.F4mProxy" version="2.6.6"/>
    </requires>
    <extension point="xbmc.python.pluginsource" library="default.py">
        <provides>video</provides>
    </extension>

    <extension point="xbmc.addon.repository" name="shani repository">
        <info compressed="false">https://offshoregit.com/Shani-08/main/addons.xml</info>
        <checksum>https://offshoregit.com/Shani-08/main/addons.xml.md5</checksum>
        <datadir zip="true">https://offshoregit.com/Shani-08/main/zips/</datadir>
    </extension>

    <extension point="xbmc.addon.metadata">
        <summary>f4mTester</summary>
        <description></description>
        <platform>all</platform>
    </extension>
</addon>