<?xml version="1.0" encoding="utf-8"?>
<window>
	<include>screen-fade</include>
	<coordinates>
		<left>338</left>
		<top>2</top>
	</coordinates>
	<controls>
		<control type="group">
			<animation effect="slide" end="0,-100" condition="Window.IsActive(extendedprogressdialog) | Window.IsActive(startup) | Window.IsActive(fullscreenvideo)">Conditional</animation>
			<control type="image"><!-- Dialog background image -->
				<left>0</left>
				<top>0</top>
				<width>604</width>
				<height>94</height>
				<texture border="8">button-menu-background.png</texture>
			</control>
			<control type="image" id="400">
				<left>14</left>
				<top>15</top>
				<width>64</width>
				<height>64</height>
				<aspectratio>keep</aspectratio>
				<texture>kai-info.png</texture>
			</control>
			<control type="image" id="403">
				<left>14</left>
				<top>15</top>
				<width>64</width>
				<height>64</height>
				<aspectratio>keep</aspectratio>
				<texture>kai-info.png</texture>
				<visible>false</visible>
			</control>
			<control type="image" id="404">
				<left>14</left>
				<top>15</top>
				<width>64</width>
				<height>64</height>
				<aspectratio>keep</aspectratio>
				<texture>kai-warning.png</texture>
				<visible>false</visible>
			</control>
			<control type="image" id="405">
				<left>14</left>
				<top>15</top>
				<width>64</width>
				<height>64</height>
				<aspectratio>keep</aspectratio>
				<texture>kai-error.png</texture>
				<visible>false</visible>
			</control>
			<control type="label" id="401"><!-- Caption -->
				<left>80</left>
				<top>10</top>
				<width>512</width>
				<height>22</height>
				<font>font11</font>
				<align>center</align>
				<include condition="Skin.HasSetting(text-autoscroll)">scrolltext</include>
			</control>
			<control type="label" id="402"><!-- Description -->
				<left>80</left>
				<top>38</top>
				<width>512</width>
				<height>40</height>
				<font>font10</font>
				<align>center</align>
				<wrapmultiline>true</wrapmultiline>
				<include condition="Skin.HasSetting(text-autoscroll)">scrolltext</include>
			</control>
		</control>
	</controls>
</window>