<?xml version="1.0" encoding="UTF-8"?>
    <addon id="repository.DesiTVMC" name="DesiTV MediaCenter" version="1.0.1" provider-name="Rozeb Momin">
        <requires>
            <import addon="xbmc.addon" version="12.0.0"/>
        </requires>
        <extension point="xbmc.addon.repository" name="DesiTV MediaCenter">
            <info compressed="false">https://raw.githubusercontent.com/RozebMomin/KodiAddons/master/_repo/addons.xml</info>
            <checksum>https://raw.githubusercontent.com/RozebMomin/KodiAddons/master/_repo/addons.xml.md5</checksum>
            <datadir zip="true">https://raw.githubusercontent.com/RozebMomin/KodiAddons/master/_repo/</datadir>
            <hashes>false</hashes>
        </extension>
        <extension point="xbmc.addon.metadata">
            <summary>Addons for DesiTV-MediaCenter</summary>
            <description>Customized specially for DesiTV-MediaCenter</description>
            <platform>all</platform>
    </extension>
</addon>