﻿<?xml version="1.0" encoding="UTF-8" standalone="yes"?>
<addon id="script.UpdateDTVMC"
    name="UpdateDTVMC" version="1.0.8" provider-name="RozebMomin">
  <requires>
    <import addon="xbmc.python" version="2.19.0"/>
  </requires>
  <extension point="xbmc.python.script" library="default.py"> 
     <provides>executable</provides> 
  </extension> 
  <extension point="xbmc.addon.metadata">
    <summary lang="en_US">Backup and restore your XBMC database and configuration files in the event of a crash or file corruption.</summary>
    <language></language>
    <platform>all</platform>
    <license>The MIT License</license>
    <forum>...</forum>
    <source>...</source>
  </extension>
</addon>
