<?xml version="1.0" encoding="UTF-8"?>
<window>
	<defaultcontrol always="true">999</defaultcontrol>
	<allowoverlay>yes</allowoverlay>
	<include>screen-fade</include>
	<controls>
		<include>background</include>
		<control type="label"><!-- Album Name -->
			<left>662</left>
			<top>28</top>
			<width>598</width>
			<height>64</height>
			<label>$INFO[ListItem.Album]</label>
			<font>font18</font>
			<wrapmultiline>true</wrapmultiline>
			<visible>Container.Content(albums)</visible>
		</control>
		<control type="label"><!-- Artist Name -->
			<left>662</left>
			<top>28</top>
			<width>598</width>
			<height>64</height>
			<label>$INFO[ListItem.Artist]</label>
			<font>font18</font>
			<wrapmultiline>true</wrapmultiline>
			<visible>Container.Content(artists)</visible>
		</control>
		<control type="group"><!-- Album -->
			<visible>Container.Content(albums)</visible>
			<control type="label"><!-- Artist value -->
				<left>172</left>
				<top>387</top>
				<width>320</width>
				<height>25</height>
				<align>center</align>
				<include condition="Skin.HasSetting(text-autoscroll)">scrolltext</include>
				<label fallback="416">$INFO[ListItem.Artist]</label>
			</control>
			<control type="label"><!-- Year heading -->
				<left>10</left>
				<top>437</top>
				<width>180</width>
				<height>25</height>
				<label>$LOCALIZE[562]:</label>
				<font>font11</font>
				<align>right</align>
			</control>
			<control type="label"><!-- Rating heading -->
				<left>10</left>
				<top>462</top>
				<width>180</width>
				<height>25</height>
				<label>$LOCALIZE[563]:</label>
				<font>font11</font>
				<align>right</align>
			</control>
			<control type="label"><!-- Genre heading -->
				<left>10</left>
				<top>487</top>
				<width>180</width>
				<height>25</height>
				<label>$LOCALIZE[515]:</label>
				<font>font11</font>
				<align>right</align>
			</control>
			<control type="label"><!-- Moods heading -->
				<left>10</left>
				<top>512</top>
				<width>180</width>
				<height>25</height>
				<label>$LOCALIZE[175]:</label>
				<font>font11</font>
				<align>right</align>
			</control>
			<control type="label"><!-- Styles heading -->
				<left>10</left>
				<top>537</top>
				<width>180</width>
				<height>25</height>
				<label>$LOCALIZE[176]:</label>
				<font>font11</font>
				<align>right</align>
			</control>
			<control type="label"><!-- Themes heading -->
				<left>10</left>
				<top>562</top>
				<width>180</width>
				<height>25</height>
				<label>$LOCALIZE[21895]:</label>
				<font>font11</font>
				<align>right</align>
			</control>
			<control type="label"><!-- Record Label heading -->
				<left>10</left>
				<top>587</top>
				<width>180</width>
				<height>25</height>
				<label>$LOCALIZE[21899]:</label>
				<font>font11</font>
				<align>right</align>
			</control>
			<control type="label"><!-- Type heading -->
				<left>10</left>
				<top>612</top>
				<width>180</width>
				<height>25</height>
				<label>$LOCALIZE[467]:</label>
				<font>font11</font>
				<align>right</align>
			</control>

			<control type="label"><!-- Year value -->
				<left>200</left>
				<top>437</top>
				<width>414</width>
				<height>25</height>
				<label>$INFO[ListItem.Year]</label>
				<include condition="Skin.HasSetting(text-autoscroll)">scrolltext</include>
				<font>font11</font>
			</control>
			<control type="image"><!-- Rating value -->
				<left>200</left>
				<top>466</top>
				<width>115</width>
				<height>20</height>
				<texture>$VAR[MediaRating]</texture>
				<align>left</align>
				<aspectratio>keep</aspectratio>
			</control>
			<control type="label"><!-- Genre value -->
				<left>200</left>
				<top>487</top>
				<width>414</width>
				<height>25</height>
				<label>$INFO[ListItem.Genre]</label>
				<include condition="Skin.HasSetting(text-autoscroll)">scrolltext</include>
				<font>font11</font>
			</control>
			<control type="label"><!-- Moods value -->
				<left>200</left>
				<top>512</top>
				<width>414</width>
				<height>25</height>
				<label>$INFO[ListItem.Property(Album_Mood)]</label>
				<include condition="Skin.HasSetting(text-autoscroll)">scrolltext</include>
				<font>font11</font>
			</control>
			<control type="label"><!-- Styles value -->
				<left>200</left>
				<top>537</top>
				<width>414</width>
				<height>25</height>
				<label>$INFO[ListItem.Property(Album_Style)]</label>
				<include condition="Skin.HasSetting(text-autoscroll)">scrolltext</include>
				<font>font11</font>
			</control>
			<control type="label"><!-- Theme value -->
				<left>200</left>
				<top>562</top>
				<width>414</width>
				<height>25</height>
				<label>$INFO[ListItem.Property(Album_Theme)]</label>
				<include condition="Skin.HasSetting(text-autoscroll)">scrolltext</include>
				<font>font11</font>
			</control>
			<control type="label"><!-- Record Label value -->
				<left>200</left>
				<top>587</top>
				<width>414</width>
				<height>25</height>
				<label>$INFO[ListItem.Property(Album_Label)]</label>
				<include condition="Skin.HasSetting(text-autoscroll)">scrolltext</include>
				<font>font11</font>
			</control>
			<control type="label"><!-- Type value -->
				<left>200</left>
				<top>612</top>
				<width>414</width>
				<height>25</height>
				<label>$INFO[ListItem.Property(Album_Type)]</label>
				<include condition="Skin.HasSetting(text-autoscroll)">scrolltext</include>
				<font>font11</font>
			</control>
			<control type="textbox" id="4"><!-- Album description -->
				<left>662</left>
				<top>102</top>
				<width>548</width>
				<height>526</height>
				<font>font12</font>
				<pagecontrol>1423</pagecontrol>
				<label>$INFO[ListItem.Property(Album_Description)]</label>
				<align>justify</align>
				<visible>!Control.IsVisible(50)</visible>
			</control>
		</control>
		<control type="group"><!-- Artist -->
			<visible>Container.Content(artists)</visible>
			<control type="label"><!-- Artist value -->
				<left>172</left>
				<top>387</top>
				<width>320</width>
				<height>25</height>
				<align>center</align>
				<label fallback="416">$INFO[ListItem.Artist]</label>
				<include condition="Skin.HasSetting(text-autoscroll)">scrolltext</include>
			</control>
			<control type="label"><!-- Born heading -->
				<left>10</left>
				<top>437</top>
				<width>180</width>
				<height>25</height>
				<label>$LOCALIZE[21893]:</label>
				<font>font11</font>
				<align>right</align>
				<visible>!IsEmpty(ListItem.Property(Artist_Born))</visible>
			</control>
			<control type="label"><!-- Formed heading -->
				<left>10</left>
				<top>437</top>
				<width>180</width>
				<height>25</height>
				<label>$LOCALIZE[21894]:</label>
				<font>font11</font>
				<align>right</align>
				<visible>!IsEmpty(ListItem.Property(Artist_Formed))</visible>
			</control>
			<control type="label"><!-- Born/Formed heading -->
				<left>10</left>
				<top>437</top>
				<width>180</width>
				<height>25</height>
				<label>$LOCALIZE[21900]:</label>
				<font>font11</font>
				<align>right</align>
				<visible>IsEmpty(ListItem.Property(Artist_Born)) + IsEmpty(ListItem.Property(Artist_Formed))</visible>
			</control>
			<control type="label"><!-- Genre heading -->
				<left>10</left>
				<top>462</top>
				<width>180</width>
				<height>25</height>
				<label>$LOCALIZE[515]:</label>
				<font>font11</font>
				<align>right</align>
			</control>
			<control type="label"><!-- Styles heading -->
				<left>10</left>
				<top>487</top>
				<width>180</width>
				<height>25</height>
				<label>$LOCALIZE[176]:</label>
				<font>font11</font>
				<align>right</align>
			</control>
			<control type="label"><!-- Moods heading -->
				<left>10</left>
				<top>512</top>
				<width>180</width>
				<height>25</height>
				<label>$LOCALIZE[175]:</label>
				<font>font11</font>
				<align>right</align>
			</control>
			<control type="label"><!-- Instruments heading -->
				<left>10</left>
				<top>537</top>
				<width>180</width>
				<height>25</height>
				<label>$LOCALIZE[21892]:</label>
				<font>font11</font>
				<align>right</align>
			</control>
			<control type="label"><!-- Died heading -->
				<left>10</left>
				<top>562</top>
				<width>180</width>
				<height>25</height>
				<label>$LOCALIZE[21897]:</label>
				<font>font11</font>
				<align>right</align>
			</control>
			<control type="label"><!-- Disbanded heading -->
				<left>10</left>
				<top>587</top>
				<width>180</width>
				<height>25</height>
				<label>$LOCALIZE[21896]:</label>
				<font>font11</font>
				<align>right</align>
			</control>
			<control type="label"><!-- Years Active heading -->
				<left>10</left>
				<top>612</top>
				<width>180</width>
				<height>25</height>
				<label>$LOCALIZE[21898]:</label>
				<font>font11</font>
				<align>right</align>
			</control>
			<control type="label"><!-- Born/Formed value -->
				<left>200</left>
				<top>437</top>
				<width>414</width>
				<height>25</height>
				<label>$INFO[ListItem.Property(Artist_Born)]$INFO[ListItem.Property(Artist_Formed)]</label>
				<include condition="Skin.HasSetting(text-autoscroll)">scrolltext</include>
				<font>font11</font>
			</control>
			<control type="label"><!-- Genre value -->
				<left>200</left>
				<top>462</top>
				<width>414</width>
				<height>25</height>
				<label>$INFO[ListItem.Genre]</label>
				<include condition="Skin.HasSetting(text-autoscroll)">scrolltext</include>
				<font>font11</font>
			</control>
			<control type="label"><!-- Styles value -->
				<left>200</left>
				<top>487</top>
				<width>414</width>
				<height>25</height>
				<label>$INFO[ListItem.Property(Album_Style)]</label>
				<include condition="Skin.HasSetting(text-autoscroll)">scrolltext</include>
				<font>font11</font>
			</control>
			<control type="label"><!-- Moods value -->
				<left>200</left>
				<top>512</top>
				<width>414</width>
				<height>25</height>
				<label>$INFO[ListItem.Property(Album_Mood)]</label>
				<include condition="Skin.HasSetting(text-autoscroll)">scrolltext</include>
				<font>font11</font>
			</control>
			<control type="label"><!-- Instruments value -->
				<left>200</left>
				<top>537</top>
				<width>414</width>
				<height>25</height>
				<label>$INFO[ListItem.Property(Artist_Instrument)]</label>
				<include condition="Skin.HasSetting(text-autoscroll)">scrolltext</include>
				<font>font11</font>
			</control>
			<control type="label"><!-- Died value -->
				<left>200</left>
				<top>562</top>
				<width>414</width>
				<height>25</height>
				<label>$INFO[ListItem.Property(Artist_Died)]</label>
				<include condition="Skin.HasSetting(text-autoscroll)">scrolltext</include>
				<font>font11</font>
			</control>
			<control type="label"><!-- Disbanded value -->
				<left>200</left>
				<top>587</top>
				<width>414</width>
				<height>25</height>
				<label>$INFO[ListItem.Property(Artist_Disbanded)]</label>
				<include condition="Skin.HasSetting(text-autoscroll)">scrolltext</include>
				<font>font11</font>
			</control>
			<control type="label"><!-- Years Active value -->
				<left>200</left>
				<top>612</top>
				<width>414</width>
				<height>25</height>
				<label>$INFO[ListItem.Property(Artist_YearsActive)]</label>
				<include condition="Skin.HasSetting(text-autoscroll)">scrolltext</include>
				<font>font11</font>
			</control>
			<!-- Markers for Artist description area -->
			<control type="group">
				<visible>!Control.IsVisible(50)</visible>
				<control type="image">
					<left>984</left>
					<top>92</top>
					<height>16</height>
					<width>16</width>
					<texture>scroll-up.png</texture>
					<visible>Container(4).HasPrevious</visible>
				</control>
				<control type="image">
					<left>984</left>
					<top>630</top>
					<height>16</height>
					<width>16</width>
					<texture>scroll-down.png</texture>
					<visible>Container(4).HasNext</visible>
				</control>
			</control>
			<control type="textbox" id="4"><!-- Artist description -->
				<left>662</left>
				<top>102</top>
				<width>548</width>
				<height>525</height>
				<font>font11</font>
				<pagecontrol>1423</pagecontrol>
				<label>$INFO[ListItem.Property(Artist_Description)]</label>
				<align>justify</align>
				<autoscroll time="2000" delay="3000" repeat="6000">Skin.HasSetting(text-autoscroll) + !System.ScreenSaverActive</autoscroll>
				<visible>!Control.IsVisible(50)</visible>
			</control>
		</control>
		<!-- Markers for Track/Discography area -->
		<control type="group">
			<visible>!Control.IsVisible(4)</visible>
			<control type="image">
				<left>942</left>
				<top>85</top>
				<height>16</height>
				<width>16</width>
				<texture>scroll-up.png</texture>
				<visible>Container(50).HasPrevious</visible>
			</control>
			<control type="image">
				<left>942</left>
				<top>605</top>
				<height>16</height>
				<width>16</width>
				<texture>scroll-down.png</texture>
				<visible>Container(50).HasNext</visible>
			</control>
		</control>
		<control type="list" id="50"><!-- Track Listing -->
			<left>660</left>
			<top>100</top>
			<width>582</width>
			<height>504</height>
			<onleft>999</onleft>
			<onright condition="StringCompare(Skin.String(show-scrollbar),$LOCALIZE[31877])">noop</onright>
			<onright condition="!StringCompare(Skin.String(show-scrollbar),$LOCALIZE[31877])">23</onright>
			<onup>50</onup>
			<ondown>50</ondown>
			<pagecontrol>23</pagecontrol>
			<visible>!Control.IsVisible(4)</visible>
			<itemlayout width="582" height="72">
				<control type="group">
					<visible>Container.Content(artists)</visible>
					<animation effect="fade" start="100" end="60" condition="SubString(ListItem.Icon,Default,Left)">Conditional</animation>
					<control type="image">
						<left>10</left>
						<top>12</top>
						<width>48</width>
						<height>48</height>
						<texture fallback="DefaultAudio.png">$INFO[ListItem.Icon]</texture>
						<aspectratio align="left">keep</aspectratio>
					</control>
					<control type="label">
						<left>64</left>
						<top>10</top>
						<width>500</width>
						<height>24</height>
						<font>font12</font>
						<selectedcolor>listselected-text</selectedcolor>
						<label>$INFO[ListItem.Label]</label>
					</control>
					<control type="label">
						<left>64</left>
						<top>36</top>
						<width>200</width>
						<height>24</height>
						<font>font11</font>
						<textcolor>disabled-text</textcolor>
						<selectedcolor>listselected-text</selectedcolor>
						<label>$INFO[ListItem.Label2]</label>
					</control>
				</control>
				<control type="group">
					<visible>Container.Content(albums)</visible>
					<control type="label">
						<left>15</left>
						<top>10</top>
						<width>500</width>
						<height>24</height>
						<font>font12</font>
						<selectedcolor>listselected-text</selectedcolor>
						<label>$INFO[ListItem.TrackNumber] - $INFO[ListItem.Label]</label>
					</control>
					<control type="label">
						<left>15</left>
						<top>36</top>
						<width>200</width>
						<height>24</height>
						<font>font11</font>
						<textcolor>disabled-text</textcolor>
						<selectedcolor>listselected-text</selectedcolor>
						<label>$INFO[ListItem.Duration]</label>
					</control>
				</control>
			</itemlayout>
			<focusedlayout width="582" height="72">
				<control type="image">
					<left>0</left>
					<top>0</top>
					<width>582</width>
					<height>72</height>
					<visible>Control.HasFocus(50)</visible>
					<texture border="8">button-default-focus.png</texture>
				</control>
				<control type="group">
					<visible>Container.Content(artists)</visible>
					<animation effect="fade" start="100" end="60" condition="SubString(ListItem.Icon,Default,Left)">Conditional</animation>
					<control type="image">
						<left>10</left>
						<top>12</top>
						<width>48</width>
						<height>48</height>
						<texture fallback="DefaultAudio.png">$INFO[ListItem.Icon]</texture>
						<aspectratio align="left">keep</aspectratio>
					</control>
					<control type="label">
						<left>64</left>
						<top>10</top>
						<width>500</width>
						<height>24</height>
						<font>font12</font>
						<selectedcolor>listselected-text</selectedcolor>
						<label>$INFO[ListItem.Label]</label>
					</control>
					<control type="label">
						<left>64</left>
						<top>36</top>
						<width>200</width>
						<height>24</height>
						<font>font11</font>
						<textcolor>disabled-text</textcolor>
						<selectedcolor>listselected-text</selectedcolor>
						<label>$INFO[ListItem.Label2]</label>
					</control>
				</control>
				<control type="group">
					<visible>Container.Content(albums)</visible>
					<control type="label">
						<left>15</left>
						<top>10</top>
						<width>500</width>
						<height>24</height>
						<font>font12</font>
						<selectedcolor>listselected-text</selectedcolor>
						<label>$INFO[ListItem.TrackNumber] - $INFO[ListItem.Label]</label>
					</control>
					<control type="label">
						<left>15</left>
						<top>36</top>
						<width>200</width>
						<height>24</height>
						<font>font11</font>
						<textcolor>disabled-text</textcolor>
						<selectedcolor>listselected-text</selectedcolor>
						<label>$INFO[ListItem.Duration]</label>
					</control>
				</control>
			</focusedlayout>
		</control>
		<control type="image"><!-- CD case -->
			<left>128</left>
			<top>28</top>
			<width>384</width>
			<height>384</height>
			<texture>case-cd.png</texture>
			<aspectratio>keep</aspectratio>
			<visible>Skin.HasSetting(media-case) + [Container.Content(songs) | Container.Content(albums)] + !SubString(ListItem.Icon,Default,Left)</visible>
		</control>
		<control type="image"><!-- Album cover -->
			<left>172</left>
			<top>60</top>
			<width>320</width>
			<height>320</height>
			<texture diffuse="mask-squ.png" fallback="DefaultAudio.png" background="true">$INFO[ListItem.Thumb]</texture>
			<aspectratio>stretch</aspectratio>
		</control>
		<control type="image">
			<left>49</left>
			<top>425</top>
			<width>566</width>
			<height>4</height>
			<texture>separator.png</texture>
		</control>
		<control type="grouplist" id="999"><!-- Buttons -->
			<left>15</left>
			<top>650</top>
			<width>1250</width>
			<height>56</height>
			<orientation>horizontal</orientation>
			<align>center</align>
			<onright condition="Control.IsVisible(4) + StringCompare(Skin.String(show-scrollbar),$LOCALIZE[31877])">noop</onright>
			<onright condition="Control.IsVisible(4) + !StringCompare(Skin.String(show-scrollbar),$LOCALIZE[31877])">1423</onright>
			<onup condition="Control.IsVisible(50)">50</onup>
			<onup condition="Control.IsVisible(4) + StringCompare(Skin.String(show-scrollbar),$LOCALIZE[31877])">50</onup>
			<onup condition="Control.IsVisible(4) + !StringCompare(Skin.String(show-scrollbar),$LOCALIZE[31877])">1423</onup>
			<control type="button" id="35"><!-- Play Album -->
				<width>250</width>
				<height>56</height>
				<label>$LOCALIZE[208]</label>
				<align>center</align>
				<onclick>RunScript(script.playalbum,artist=$ESCINFO[ListItem.Artist]&amp;album=$ESCINFO[ListItem.Album])</onclick>
				<visible>system.hasaddon(script.playalbum)</visible>
			</control>
			<control type="button" id="5"><!-- Tracks/Review or Biography/Discography -->
				<width>250</width>
				<height>56</height>
				<label>$LOCALIZE[182]</label>
				<align>center</align>
			</control>
			<control type="button" id="6"><!-- Refresh -->
				<width>250</width>
				<height>56</height>
				<label>$LOCALIZE[184]</label>
				<align>center</align>
			</control>
			<control type="button" id="10"><!-- Get Album cover -->
				<width>250</width>
				<height>56</height>
				<label>$LOCALIZE[13405]</label>
				<align>center</align>
			</control>
			<control type="button" id="16"><!-- CDArtManager Script -->
				<width>250</width>
				<height>56</height>
				<label>$LOCALIZE[31693]</label>
				<align>center</align>
				<onclick>RunScript(script.cdartmanager)</onclick>
				<visible>system.hasaddon(script.cdartmanager)</visible>
			</control>
		</control>
		<control type="scrollbar" id="23">
			<left>1250</left>
			<top>100</top>
			<width>18</width>
			<height>504</height>
			<onleft>50</onleft>
			<ondown>23</ondown>
			<onup>23</onup>
			<animation condition="!Control.HasFocus(23) + !Container.Scrolling + !StringCompare(Skin.String(show-scrollbar),$LOCALIZE[31875])" effect="fade" start="100" end="0" time="200" reversible="true">Conditional</animation>
			<visible>!StringCompare(Skin.String(show-scrollbar),$LOCALIZE[31877]) + Control.IsVisible(50)</visible>
		</control>
		<control type="scrollbar" id="1423">
			<left>1250</left>
			<top>108</top>
			<width>18</width>
			<height>526</height>
			<onleft>999</onleft>
			<ondown>1423</ondown>
			<onup>1423</onup>
			<animation condition="!Control.HasFocus(1423) + !Container.Scrolling + !StringCompare(Skin.String(show-scrollbar),$LOCALIZE[31875])" effect="fade" start="100" end="0" time="200" reversible="true">Conditional</animation>
			<visible>!StringCompare(Skin.String(show-scrollbar),$LOCALIZE[31877]) + Control.IsVisible(4)</visible>
		</control>
	</controls>
</window>