<?xml version="1.0" encoding="utf-8"?>
<window type="buttonMenu">
	<defaultcontrol>2</defaultcontrol>
	<coordinates>
		<left>0</left>
		<top>0</top>
	</coordinates>
	<controls>
		<include>fadebackground</include>
		<control type="button" id="9001"><!-- Dummy hidden button to close dialog -->
			<left>-10</left>
			<top>-10</top>
			<width>1</width>
			<height>1</height>
			<onfocus>PreviousMenu</onfocus>
		</control>
		<control type="image"><!-- Dialog background image -->
			<left>470</left>
			<top>240</top>
			<width>322</width>
			<height>250</height>
			<texture border="8">button-menu-background.png</texture>
		</control>
		<control type="grouplist" id="9000">
			<left>480</left>
			<top>250</top>
			<width>300</width>
			<height>230</height>
			<onleft>9001</onleft>
			<onright>9001</onright>
			<onup>9001</onup>
			<ondown>9001</ondown>
			<align>center</align>
			<control type="button" id="2"><!-- Resume button -->
				<width>300</width>
				<height>46</height>
				<align>center</align>
				<textwidth>290</textwidth>
				<font>font12</font>
				<label>$ADDON[script.videoextras 32104]</label>
			</control>
			<control type="button" id="40"><!-- Start from beginning button -->
				<width>300</width>
				<height>46</height>
				<align>center</align>
				<textwidth>290</textwidth>
				<font>font12</font>
				<label>$ADDON[script.videoextras 32105]</label>
			</control>
			<control type="button" id="41"><!-- Mark as watched button -->
				<width>300</width>
				<height>46</height>
				<align>center</align>
				<textwidth>290</textwidth>
				<font>font12</font>
				<label>$ADDON[script.videoextras 32106]</label>
			</control>
			<control type="button" id="42"><!-- Mark as unwatched button -->
				<width>300</width>
				<height>46</height>
				<align>center</align>
				<textwidth>290</textwidth>
				<font>font12</font>
				<label>$ADDON[script.videoextras 32107]</label>
			</control>
			<control type="button" id="43"><!-- Edit title button -->
				<width>300</width>
				<height>46</height>
				<align>center</align>
				<textwidth>290</textwidth>
				<font>font12</font>
				<label>$ADDON[script.videoextras 32108]</label>
			</control>
		</control>
	</controls>
</window>
