<?xml version="1.0" encoding="UTF-8"?>
<addon
  id="plugin.video.DesiTVLive"
  version="1.8.8.6"
  name="DesiTVLive"
  provider-name="RozebMomin">
  <requires>
   <import addon="xbmc.python" version="2.1.0"/>
   <import addon="script.common.plugin.cache" version="0.9.1"/>
  </requires>
  <extension 
    point="xbmc.python.pluginsource"
    library="default.py">
   <provides>video</provides>
  </extension>
  <extension point="xbmc.addon.metadata">
    <summary>Live streams of Desi TV Channels</summary>
    <description>Watch your favorite channels live!</description>
    <platform>all</platform>
  </extension>
</addon>