<?xml version="1.0" encoding="utf-8"?>
<window>
	<include>screen-fade</include>
	<controls>
		<control type="group">
			<visible>![Window.IsVisible(startup) | Window.IsVisible(infodialog) | Window.IsVisible(busydialog) | Window.IsVisible(sliderdialog) | Window.IsVisible(volumebar) | Window.IsVisible(seekbar) | Window.IsVisible(fullscreenvideo) | Window.IsVisible(selectdialog)]</visible>
			<control type="image"><!-- Dialog background image -->
				<left>88</left>
				<top>16</top>
				<width>700</width>
				<height>94</height>
				<texture border="8">button-menu-background.png</texture>
			</control>
			<control type="label" id="30"><!-- Dialog heading -->
				<left>104</left>
				<top>28</top>
				<width>668</width>
				<height>23</height>
				<font>font12</font>
			</control>
			<control type="label" id="31"><!-- Dialog line 1 -->
				<left>104</left>
				<top>55</top>
				<width>668</width>
				<height>23</height>
				<haspath>yes</haspath>
				<font>font11</font>
			</control>
			<control type="progress" id="32">
				<left>100</left>
				<top>82</top>
				<width>676</width>
				<height>16</height>
			</control>
		</control>
	</controls>
</window>