<?xml version="1.0" encoding="UTF-8"?>
<window>
	<defaultcontrol always="true">7</defaultcontrol>
	<controls>
		<include>background</include>
		<control type="group">
			<control type="label">
				<left>946</left>
				<top>35</top>
				<width>300</width>
				<height>72</height>
				<align>left</align>
				<aligny>top</aligny>
				<label>$INFO[ListItem.Title]</label>
				<font>font18</font>
				<wrapmultiline>true</wrapmultiline>
			</control>

			<control type="group">
				<control type="list" id="49">
					<left>80</left>
					<top>140</top>
					<width>1200</width>
					<height>265</height>
					<onleft>49</onleft>
					<onright>49</onright>
					<onup>noop</onup>
					<ondown>10</ondown>
					<pagecontrol>noop</pagecontrol>
					<scrolltime>200</scrolltime>
					<itemlayout width="1200" height="30">
						<control type="label">
							<left>0</left>
							<top>0</top>
							<width>160</width>
							<height>30</height>
							<font>font11</font>
							<align>right</align>
							<aligny>center</aligny>
							<label>$INFO[ListItem.Label]</label>
						</control>
						<control type="label">
							<left>175</left>
							<top>0</top>
							<width>980</width>
							<height>30</height>
							<font>font11</font>
							<align>left</align>
							<aligny>center</aligny>
							<label>$INFO[ListItem.Label2]</label>
						</control>
					</itemlayout>
					<focusedlayout width="1200" height="30">
						<control type="image">
							<left>0</left>
							<top>0</top>
							<width>1166</width>
							<height>30</height>
							<texture border="6">button-default-focus.png</texture>
							<visible>Control.HasFocus(49)</visible>
						</control>
						<control type="label">
							<left>0</left>
							<top>0</top>
							<width>160</width>
							<height>30</height>
							<font>font11</font>
							<align>right</align>
							<aligny>center</aligny>
							<label>$INFO[ListItem.Label]</label>
						</control>
						<control type="label">
							<left>175</left>
							<top>0</top>
							<width>980</width>
							<height>30</height>
							<font>font11</font>
							<align>left</align>
							<aligny>center</aligny>
							<label>$INFO[ListItem.Label2]</label>
						</control>
					</focusedlayout>
					<content>
						<item>
							<label>$LOCALIZE[556]:</label>
							<label2>$INFO[ListItem.Title]</label2>
							<onclick>noop</onclick>
						</item>
						<item>
							<label>$LOCALIZE[19148]:</label>
							<label2>$INFO[ListItem.ChannelName]</label2>
							<onclick>noop</onclick>
						</item>
						<item>
							<label>$LOCALIZE[180]:</label>
							<label2>$VAR[VideoDuration]</label2>
							<onclick>noop</onclick>
						</item>
						<item>
							<label>$LOCALIZE[552]:</label>
							<label2>$INFO[ListItem.StartDate]</label2>
							<onclick>noop</onclick>
						</item>
						<item>
							<label>$LOCALIZE[142]</label>
							<label2>$INFO[ListItem.StartTime]</label2>
							<onclick>noop</onclick>
						</item>
						<item>
							<label>$LOCALIZE[135]:</label>
							<label2>$INFO[ListItem.Genre]</label2>
							<onclick>noop</onclick>
						</item>
						<item>
							<label>$LOCALIZE[203]:</label>
							<label2>$INFO[ListItem.PlotOutline]</label2>
							<onclick>noop</onclick>
						</item>
					</content>
				</control>
			</control>
			<control type="grouplist" id="9000">
				<left>25</left>
				<top>620</top>
				<width>1225</width>
				<height>56</height>
				<align>center</align>
				<orientation>horizontal</orientation>
				<onleft>9000</onleft>
				<onright>9000</onright>
				<itemgap>0</itemgap>
				<onup>60</onup>
				<ondown>60</ondown>
				<control type="button" id="7"><!-- OK -->
					<height>56</height>
					<width>245</width>
					<label>$LOCALIZE[186]</label>
					<align>center</align>
					<font>font12</font>
				</control>
				<control type="button" id="6"><!-- Record -->
					<height>56</height>
					<width>245</width>
					<align>center</align>
					<font>font12</font>
					<visible>Window.IsActive(PVRGuideInfo)</visible>
				</control>
				<control type="button" id="5"><!-- Switch to Channel -->
					<height>56</height>
					<width>245</width>
					<label>$LOCALIZE[19165]</label>
					<align>center</align>
					<font>font12</font>
					<visible>Window.IsActive(PVRGuideInfo)</visible>
				</control>
				<control type="button" id="4"><!-- Similar -->
					<height>56</height>
					<width>245</width>
					<label>$LOCALIZE[19003]</label>
					<align>center</align>
					<font>font12</font>
					<visible>Window.IsActive(PVRGuideInfo)</visible>
				</control>
				<control type="button" id="8"><!-- Play -->
					<height>56</height>
					<width>245</width>
					<label>$LOCALIZE[19687]</label>
					<align>center</align>
					<font>font12</font>
					<visible>Window.IsActive(PVRGuideInfo)</visible>
				</control>
			</control>
		</control>
	</controls>
</window>
