<?xml version="1.0" encoding="UTF-8"?>
<window>
	<controls>
		<control type="group" id="100">
			<control type="image"><!-- Solid background use as base to other background images -->
				<include>fullscreenimage</include>
				<texture>background.png</texture>
			</control>
			<control type="image"><!-- Custom background -->
				<include>fullscreenimage</include>
				<aspectratio>stretch</aspectratio>
				<texture>$INFO[Skin.String(background-custom)]</texture>
				<colordiffuse>$VAR[BackgndImageVisibity]</colordiffuse>
				<visible>!IsEmpty(Skin.String(background-custom))</visible>
			</control>
			<control type="group"><!-- Fanart backgrounds for focused search item -->
				<visible>!Skin.HasSetting(background-fanarts)</visible>
				<control type="image">
					<include>fullscreenimage</include>
					<texture background="true">$INFO[Container(111).ListItem.Property(Fanart)]</texture>
					<aspectratio>scale</aspectratio>
					<colordiffuse>$VAR[BackgndImageVisibity]</colordiffuse>
					<visible>Control.HasFocus(111) + IsEmpty(Control.GetLabel(190))</visible>
				</control>
				<control type="image">
					<include>fullscreenimage</include>
					<texture background="true">$INFO[Container(121).ListItem.Property(Fanart)]</texture>
					<aspectratio>scale</aspectratio>
					<colordiffuse>$VAR[BackgndImageVisibity]</colordiffuse>
					<visible>Control.HasFocus(121) + IsEmpty(Control.GetLabel(190))</visible>
				</control>
				<control type="image">
					<include>fullscreenimage</include>
					<texture background="true">$INFO[Container(131).ListItem.Property(Fanart)]</texture>
					<aspectratio>scale</aspectratio>
					<colordiffuse>$VAR[BackgndImageVisibity]</colordiffuse>
					<visible>Control.HasFocus(131) + IsEmpty(Control.GetLabel(190))</visible>
				</control>
				<control type="image">
					<include>fullscreenimage</include>
					<texture background="true">$INFO[Container(141).ListItem.Property(Fanart)]</texture>
					<aspectratio>scale</aspectratio>
					<colordiffuse>$VAR[BackgndImageVisibity]</colordiffuse>
					<visible>Control.HasFocus(141) + IsEmpty(Control.GetLabel(190))</visible>
				</control>
				<control type="image">
					<include>fullscreenimage</include>
					<texture background="true">$INFO[Container(151).ListItem.Property(Fanart)]</texture>
					<aspectratio>scale</aspectratio>
					<colordiffuse>$VAR[BackgndImageVisibity]</colordiffuse>
					<visible>Control.HasFocus(151) + IsEmpty(Control.GetLabel(190))</visible>
				</control>
				<control type="image">
					<include>fullscreenimage</include>
					<texture background="true">$INFO[Container(161).ListItem.Property(Fanart)]</texture>
					<aspectratio>scale</aspectratio>
					<colordiffuse>$VAR[BackgndImageVisibity]</colordiffuse>
					<visible>Control.HasFocus(161) + IsEmpty(Control.GetLabel(190))</visible>
				</control>
				<control type="image">
					<include>fullscreenimage</include>
					<texture background="true">$INFO[Container(171).ListItem.Property(Fanart)]</texture>
					<aspectratio>scale</aspectratio>
					<colordiffuse>$VAR[BackgndImageVisibity]</colordiffuse>
					<visible>Control.HasFocus(171) + IsEmpty(Control.GetLabel(190))</visible>
				</control>
				<control type="image">
					<include>fullscreenimage</include>
					<texture background="true">$INFO[Container(181).ListItem.Property(Fanart)]</texture>
					<aspectratio>scale</aspectratio>
					<colordiffuse>$VAR[BackgndImageVisibity]</colordiffuse>
					<visible>Control.HasFocus(181) + IsEmpty(Control.GetLabel(190))</visible>
				</control>
				<control type="image">
					<include>fullscreenimage</include>
					<texture background="true">$INFO[Container(211).ListItem.Property(Fanart)]</texture>
					<aspectratio>scale</aspectratio>
					<colordiffuse>$VAR[BackgndImageVisibity]</colordiffuse>
					<visible>Control.HasFocus(211) + IsEmpty(Control.GetLabel(190))</visible>
				</control>
			</control>
			<!-- Search results logo and label -->
			<control type="label"><!-- Heading label -->
				<left>780</left>
				<top>35</top>
				<width>480</width>
				<height>32</height>
				<label>$LOCALIZE[283] [I]$INFO[Window.Property(GlobalSearch.SearchString)][/I]</label>
				<font>font18</font>
				<visible>IsEmpty(Control.GetLabel(190))</visible>
			</control>
			<control type="label" id="199"><!-- No search results -->
				<left>40</left>
				<top>358</top>
				<width>1200</width>
				<height>26</height>
				<label>[B]$LOCALIZE[284][/B]</label>
				<align>center</align>
			</control>
			<control type="button" id="198"><!-- New search button -->
				<left>535</left>
				<top>664</top>
				<width>250</width>
				<height>46</height>
				<label>-</label>
				<font>font11</font>
				<align>center</align>
				<onup>101</onup>
				<ondown>101</ondown>
				<onleft>101</onleft>
				<onright>101</onright>
			</control>

			<control type="grouplist" id="101"><!-- Movies results -->
				<visible>IsEmpty(Control.GetLabel(190))</visible>
				<left>30</left>
				<top>65</top>
				<width>1220</width>
				<height>600</height>
				<itemgap>0</itemgap>
				<control type="group" id="119">
					<left>0</left>
					<top>0</top>
					<width>1200</width>
					<height>200</height>
					<control type="grouplist">
						<left>10</left>
						<top>0</top>
						<width>980</width>
						<height>30</height>
						<orientation>horizontal</orientation>
						<control type="label">
							<width min="10" max="700">auto</width>
							<height>30</height>
							<label>[B]$LOCALIZE[342]: [/B]</label>
						</control>
						<control type="label" id="110">
							<width min="10" max="280">auto</width>
							<height>30</height>
							<label>-</label>
						</control>
					</control>
					<control type="list" id="111">
						<left>10</left>
						<top>25</top>
						<width>1200</width>
						<height>170</height>
						<onleft>111</onleft>
						<onright>111</onright>
						<onup>198</onup>
						<ondown>211</ondown>
						<orientation>horizontal</orientation>
						<viewtype label="535">list</viewtype>
						<preloaditems>4</preloaditems>
						<itemlayout width="600" height="170">
							<control type="image">
								<left>4</left>
								<top>35</top>
								<width>100</width>
								<height>100</height>
								<aspectratio>keep</aspectratio>
								<texture background="true">$INFO[ListItem.Icon]</texture>
							</control>
							<control type="label">
								<left>110</left>
								<top>10</top>
								<width>480</width>
								<height>25</height>
								<label>[B]$INFO[ListItem.Label][/B]</label>
								<font>font12</font>
							</control>
							<control type="label">
								<left>110</left>
								<top>36</top>
								<width>480</width>
								<height>25</height>
								<label>$INFO[ListItem.Property(Year),, - ]$INFO[ListItem.Property(Duration),, $LOCALIZE[12391]]</label>
								<font>font12</font>
								<visible>!SubString(ListItem.Property(Duration),min)</visible>
							</control>
							<control type="label">
								<left>110</left>
								<top>36</top>
								<width>480</width>
								<height>25</height>
								<label>$INFO[ListItem.Property(Year),, - ]$INFO[ListItem.Property(Duration)]</label>
								<font>font12</font>
								<visible>SubString(ListItem.Property(Duration),min)</visible>
							</control>
							<control type="textbox">
								<left>110</left>
								<top>62</top>
								<width>480</width>
								<height>82</height>
								<label>$INFO[ListItem.Property(Tagline)]</label>
								<font>font12</font>
							</control>
							<control type="textbox">
								<left>110</left>
								<top>62</top>
								<width>480</width>
								<height>82</height>
								<label>$INFO[ListItem.Property(PlotOutline)]</label>
								<font>font12</font>
								<visible>IsEmpty(ListItem.Property(TagLine))</visible>
							</control>
							<control type="textbox">
								<left>110</left>
								<top>62</top>
								<width>480</width>
								<height>82</height>
								<label>$INFO[ListItem.Property(Plot)]</label>
								<font>font12</font>
								<visible>IsEmpty(ListItem.Property(TagLine)) + IsEmpty(ListItem.Property(PlotOutline))</visible>
							</control>
						</itemlayout>
						<focusedlayout width="600" height="170">
							<control type="image"><!-- Focused search result background-->
								<left>0</left>
								<top>5</top>
								<width>600</width>
								<height>170</height>
								<texture border="12" diffuse="mask-rect.png">colours/blue.png</texture>
								<colordiffuse>mask-background</colordiffuse>
								<visible>Control.HasFocus(111)</visible>
							</control>
							<control type="image">
								<left>4</left>
								<top>35</top>
								<width>100</width>
								<height>100</height>
								<aspectratio>keep</aspectratio>
								<texture background="true">$INFO[ListItem.Icon]</texture>
							</control>
							<control type="label">
								<left>110</left>
								<top>10</top>
								<width>480</width>
								<height>25</height>
								<label>[B]$INFO[ListItem.Label][/B]</label>
								<font>font12</font>
							</control>
							<control type="label">
								<left>110</left>
								<top>36</top>
								<width>480</width>
								<height>25</height>
								<label>$INFO[ListItem.Property(Year),, - ]$INFO[ListItem.Property(Duration),, $LOCALIZE[12391]]</label>
								<font>font12</font>
								<visible>!SubString(ListItem.Property(Duration),min)</visible>
							</control>
							<control type="label">
								<left>110</left>
								<top>36</top>
								<width>480</width>
								<height>25</height>
								<label>$INFO[ListItem.Property(Year),, - ]$INFO[ListItem.Property(Duration)]</label>
								<font>font12</font>
								<visible>SubString(ListItem.Property(Duration),min)</visible>
							</control>
							<control type="textbox">
								<left>110</left>
								<top>62</top>
								<width>480</width>
								<height>82</height>
								<label>$INFO[ListItem.Property(Tagline)]</label>
								<font>font12</font>
							</control>
							<control type="textbox">
								<left>110</left>
								<top>62</top>
								<width>480</width>
								<height>82</height>
								<label>$INFO[ListItem.Property(PlotOutline)]</label>
								<font>font12</font>
								<visible>IsEmpty(ListItem.Property(TagLine))</visible>
							</control>
							<control type="textbox">
								<left>110</left>
								<top>62</top>
								<width>480</width>
								<height>82</height>
								<label>$INFO[ListItem.Property(Plot)]</label>
								<font>font12</font>
								<visible>IsEmpty(ListItem.Property(TagLine)) + IsEmpty(ListItem.Property(PlotOutline))</visible>
							</control>
						</focusedlayout>
					</control>
				</control>
				<control type="group" id="219"><!-- Actor results -->
					<left>0</left>
					<top>0</top>
					<width>1200</width>
					<height>200</height>
					<control type="grouplist">
						<left>10</left>
						<top>0</top>
						<width>980</width>
						<height>30</height>
						<orientation>horizontal</orientation>
						<control type="label">
							<width min="10" max="700">auto</width>
							<height>30</height>
							<label>[B]$ADDON[script.globalsearch 32211] $INFO[Window.Property(GlobalSearch.SearchString)]: [/B]</label>
							<font>font12</font>
						</control>
						<control type="label" id="210">
							<width min="10" max="280">auto</width>
							<height>30</height>
							<label>-</label>
							<font>font12</font>
						</control>
					</control>
					<control type="list" id="211">
						<left>10</left>
						<top>25</top>
						<width>1200</width>
						<height>170</height>
						<onleft>211</onleft>
						<onright>211</onright>
						<onup>111</onup>
						<ondown>121</ondown>
						<orientation>horizontal</orientation>
						<viewtype label="535">list</viewtype>
						<preloaditems>4</preloaditems>
						<itemlayout width="600" height="170">
							<control type="image">
								<left>4</left>
								<top>35</top>
								<width>100</width>
								<height>100</height>
								<aspectratio>keep</aspectratio>
								<texture background="true">$INFO[ListItem.Icon]</texture>
							</control>
							<control type="label">
								<left>110</left>
								<top>10</top>
								<width>480</width>
								<height>25</height>
								<label>[B]$INFO[ListItem.Label][/B]</label>
								<font>font12</font>
							</control>
							<control type="label">
								<left>110</left>
								<top>36</top>
								<width>480</width>
								<height>25</height>
								<label>$INFO[ListItem.Property(Year),, - ]$INFO[ListItem.Property(Duration),, $LOCALIZE[12391]]</label>
								<font>font12</font>
								<visible>!SubString(ListItem.Property(Duration),min)</visible>
							</control>
							<control type="label">
								<left>110</left>
								<top>36</top>
								<width>480</width>
								<height>25</height>
								<label>$INFO[ListItem.Property(Year),, - ]$INFO[ListItem.Property(Duration)]</label>
								<font>font12</font>
								<visible>SubString(ListItem.Property(Duration),min)</visible>
							</control>
							<control type="textbox">
								<left>110</left>
								<top>62</top>
								<width>480</width>
								<height>82</height>
								<label>$INFO[ListItem.Property(Tagline)]</label>
								<font>font12</font>
							</control>
							<control type="textbox">
								<left>110</left>
								<top>62</top>
								<width>480</width>
								<height>82</height>
								<label>$INFO[ListItem.Property(PlotOutline)]</label>
								<font>font12</font>
								<visible>IsEmpty(ListItem.Property(TagLine))</visible>
							</control>
							<control type="textbox">
								<left>110</left>
								<top>62</top>
								<width>480</width>
								<height>82</height>
								<label>$INFO[ListItem.Property(Plot)]</label>
								<font>font12</font>
								<visible>IsEmpty(ListItem.Property(TagLine)) + IsEmpty(ListItem.Property(PlotOutline))</visible>
							</control>
						</itemlayout>
						<focusedlayout width="600" height="170">
							<control type="image"><!-- Focused search result background-->
								<left>0</left>
								<top>5</top>
								<width>600</width>
								<height>170</height>
								<texture border="6" diffuse="mask-rect.png">colours/blue.png</texture>
								<colordiffuse>mask-background</colordiffuse>
								<visible>Control.HasFocus(211)</visible>
							</control>
							<control type="image">
								<left>4</left>
								<top>35</top>
								<width>100</width>
								<height>100</height>
								<aspectratio>keep</aspectratio>
								<texture background="true">$INFO[ListItem.Icon]</texture>
							</control>
							<control type="label">
								<left>110</left>
								<top>10</top>
								<width>480</width>
								<height>25</height>
								<label>[B]$INFO[ListItem.Label][/B]</label>
								<font>font12</font>
							</control>
							<control type="label">
								<left>110</left>
								<top>36</top>
								<width>480</width>
								<height>25</height>
								<label>$INFO[ListItem.Property(Year),, - ]$INFO[ListItem.Property(Duration),, $LOCALIZE[12391]]</label>
								<font>font12</font>
								<visible>!SubString(ListItem.Property(Duration),min)</visible>
							</control>
							<control type="label">
								<left>110</left>
								<top>36</top>
								<width>480</width>
								<height>25</height>
								<label>$INFO[ListItem.Property(Year),, - ]$INFO[ListItem.Property(Duration)]</label>
								<font>font12</font>
								<visible>SubString(ListItem.Property(Duration),min)</visible>
							</control>
							<control type="textbox">
								<left>110</left>
								<top>62</top>
								<width>480</width>
								<height>82</height>
								<label>$INFO[ListItem.Property(Tagline)]</label>
								<font>font12</font>
							</control>
							<control type="textbox">
								<left>110</left>
								<top>62</top>
								<width>480</width>
								<height>82</height>
								<label>$INFO[ListItem.Property(PlotOutline)]</label>
								<font>font12</font>
								<visible>IsEmpty(ListItem.Property(TagLine))</visible>
							</control>
							<control type="textbox">
								<left>110</left>
								<top>62</top>
								<width>480</width>
								<height>82</height>
								<label>$INFO[ListItem.Property(Plot)]</label>
								<font>font12</font>
								<visible>IsEmpty(ListItem.Property(TagLine)) + IsEmpty(ListItem.Property(PlotOutline))</visible>
							</control>
						</focusedlayout>
					</control>
				</control>

				<control type="group" id="129"><!-- TV Shows results -->
					<left>0</left>
					<top>0</top>
					<width>1200</width>
					<height>200</height>
					<control type="grouplist">
						<left>10</left>
						<top>0</top>
						<width>980</width>
						<height>30</height>
						<orientation>horizontal</orientation>
						<control type="label">
							<width min="10" max="700">auto</width>
							<height>30</height>
							<label>[B]$LOCALIZE[20343]: [/B]</label>
							<font>font12</font>
						</control>
						<control type="label" id="120">
							<width min="10" max="280">auto</width>
							<height>30</height>
							<label>-</label>
							<font>font12</font>
						</control>
					</control>
					<control type="list" id="121">
						<left>10</left>
						<top>25</top>
						<width>1200</width>
						<height>170</height>
						<onleft>121</onleft>
						<onright>121</onright>
						<onup>211</onup>
						<ondown>131</ondown>
						<orientation>horizontal</orientation>
						<viewtype label="535">list</viewtype>
						<preloaditems>4</preloaditems>
						<itemlayout width="600" height="170">
							<control type="image">
								<left>4</left>
								<top>35</top>
								<width>100</width>
								<height>100</height>
								<aspectratio>keep</aspectratio>
								<texture fallback="DefaultTVShows.png" background="true">$INFO[ListItem.Icon]</texture>
							</control>
							<control type="label">
								<left>110</left>
								<top>10</top>
								<width>480</width>
								<height>25</height>
								<label>[B]$INFO[ListItem.Label][/B]</label>
								<font>font12</font>
							</control>
							<control type="label">
								<left>110</left>
								<top>36</top>
								<width>480</width>
								<height>25</height>
								<label>$INFO[ListItem.Property(Premiered)]</label>
								<font>font12</font>
							</control>
							<control type="textbox">
								<left>110</left>
								<top>62</top>
								<width>480</width>
								<height>82</height>
								<label>$INFO[ListItem.Property(Plot)]</label>
								<font>font12</font>
							</control>
						</itemlayout>
						<focusedlayout width="600" height="170">
							<control type="image"><!-- Focused search result background-->
								<left>0</left>
								<top>5</top>
								<width>600</width>
								<height>170</height>
								<texture border="6" diffuse="mask-rect.png">colours/blue.png</texture>
								<colordiffuse>mask-background</colordiffuse>
								<visible>Control.HasFocus(121)</visible>
							</control>
							<control type="image">
								<left>4</left>
								<top>35</top>
								<width>100</width>
								<height>100</height>
								<aspectratio>keep</aspectratio>
								<texture fallback="DefaultTVShows.png" background="true">$INFO[ListItem.Icon]</texture>
							</control>
							<control type="label">
								<left>110</left>
								<top>10</top>
								<width>480</width>
								<height>25</height>
								<label>[B]$INFO[ListItem.Label][/B]</label>
								<font>font12</font>
							</control>
							<control type="label">
								<left>110</left>
								<top>36</top>
								<width>480</width>
								<height>25</height>
								<label>$INFO[ListItem.Property(Premiered)]</label>
								<font>font12</font>
							</control>
							<control type="textbox">
								<left>110</left>
								<top>62</top>
								<width>480</width>
								<height>82</height>
								<label>$INFO[ListItem.Property(Plot)]</label>
								<font>font12</font>
							</control>
						</focusedlayout>
					</control>
				</control>

				<control type="group" id="139"><!-- TV Seasons results -->
					<left>0</left>
					<top>0</top>
					<width>1200</width>
					<height>200</height>
					<control type="grouplist">
						<left>10</left>
						<top>0</top>
						<width>980</width>
						<height>30</height>
						<orientation>horizontal</orientation>
						<control type="label">
							<width min="10" max="700">auto</width>
							<height>30</height>
							<label>[B]$LOCALIZE[33054]: [/B]</label>
							<font>font12</font>
						</control>
						<control type="label" id="130">
							<width min="10" max="280">auto</width>
							<height>30</height>
							<label>-</label>
							<font>font12</font>
						</control>
					</control>
					<control type="list" id="131">
						<left>10</left>
						<top>25</top>
						<width>1200</width>
						<height>170</height>
						<onleft>131</onleft>
						<onright>131</onright>
						<onup>121</onup>
						<ondown>141</ondown>
						<orientation>horizontal</orientation>
						<viewtype label="535">list</viewtype>
						<preloaditems>4</preloaditems>
						<itemlayout width="600" height="170">
							<control type="image">
								<left>4</left>
								<top>35</top>
								<width>100</width>
								<height>100</height>
								<aspectratio>keep</aspectratio>
								<texture fallback="DefaultTVShows.png" background="true">$INFO[ListItem.Icon]</texture>
							</control>
							<control type="label">
								<left>110</left>
								<top>10</top>
								<width>480</width>
								<height>25</height>
								<label>[B]$INFO[ListItem.Label][/B]</label>
								<font>font12</font>
							</control>
							<control type="label">
								<left>110</left>
								<top>36</top>
								<width>480</width>
								<height>25</height>
								<label>$INFO[ListItem.Property(TvShowTitle)]</label>
								<font>font12</font>
							</control>
						</itemlayout>
						<focusedlayout width="600" height="170">
							<control type="image"><!-- Focused search result background-->
								<left>0</left>
								<top>5</top>
								<width>600</width>
								<height>170</height>
								<texture border="6" diffuse="mask-rect.png">colours/blue.png</texture>
								<colordiffuse>mask-background</colordiffuse>
								<visible>Control.HasFocus(131)</visible>
							</control>
							<control type="image">
								<left>4</left>
								<top>35</top>
								<width>100</width>
								<height>100</height>
								<aspectratio>keep</aspectratio>
								<texture fallback="DefaultTVShows.png" background="true">$INFO[ListItem.Icon]</texture>
							</control>
							<control type="label">
								<left>110</left>
								<top>10</top>
								<width>480</width>
								<height>25</height>
								<label>[B]$INFO[ListItem.Label][/B]</label>
								<font>font12</font>
							</control>
							<control type="label">
								<left>110</left>
								<top>36</top>
								<width>480</width>
								<height>25</height>
								<label>$INFO[ListItem.Property(TvShowTitle)]</label>
								<font>font12</font>
							</control>
						</focusedlayout>
					</control>
				</control>

				<control type="group" id="149"><!-- TV Episodes results -->
					<left>0</left>
					<top>0</top>
					<width>1280</width>
					<height>200</height>
					<control type="grouplist">
						<left>10</left>
						<top>0</top>
						<width>980</width>
						<height>30</height>
						<orientation>horizontal</orientation>
						<control type="label">
							<width min="10" max="700">auto</width>
							<height>30</height>
							<label>[B]$LOCALIZE[20360]: [/B]</label>
							<font>font12</font>
						</control>
						<control type="label" id="140">
							<width min="10" max="280">auto</width>
							<height>30</height>
							<label>-</label>
							<font>font12</font>
						</control>
					</control>
					<control type="list" id="141">
						<left>10</left>
						<top>25</top>
						<width>1200</width>
						<height>170</height>
						<onleft>141</onleft>
						<onright>141</onright>
						<onup>131</onup>
						<ondown>221</ondown>
						<orientation>horizontal</orientation>
						<viewtype label="535">list</viewtype>
						<preloaditems>4</preloaditems>
						<itemlayout width="600" height="170">
							<control type="image">
								<left>4</left>
								<top>35</top>
								<width>100</width>
								<height>100</height>
								<aspectratio>keep</aspectratio>
								<texture fallback="DefaultTVShows.png" background="true">$INFO[ListItem.Icon]</texture>
							</control>
							<control type="label">
								<left>110</left>
								<top>10</top>
								<width>480</width>
								<height>25</height>
								<label>[B]$INFO[ListItem.Label][/B]</label>
								<font>font12</font>
							</control>
							<control type="label">
								<left>110</left>
								<top>36</top>
								<width>480</width>
								<height>25</height>
								<label>$INFO[ListItem.Property(TvShowTitle)]</label>
								<font>font12</font>
							</control>
							<control type="textbox">
								<left>110</left>
								<top>62</top>
								<width>480</width>
								<height>82</height>
								<label>$INFO[ListItem.Property(Plot)]</label>
								<font>font12</font>
							</control>
						</itemlayout>
						<focusedlayout width="600" height="170">
							<control type="image"><!-- Focused search result background-->
								<left>0</left>
								<top>5</top>
								<width>600</width>
								<height>170</height>
								<texture border="6" diffuse="mask-rect.png">colours/blue.png</texture>
								<colordiffuse>mask-background</colordiffuse>
								<visible>Control.HasFocus(141)</visible>
							</control>
							<control type="image">
								<left>4</left>
								<top>35</top>
								<width>100</width>
								<height>100</height>
								<aspectratio>keep</aspectratio>
								<texture fallback="DefaultTVShows.png" background="true">$INFO[ListItem.Icon]</texture>
							</control>
							<control type="label">
								<left>110</left>
								<top>10</top>
								<width>480</width>
								<height>25</height>
								<label>[B]$INFO[ListItem.Label][/B]</label>
								<font>font12</font>
							</control>
							<control type="label">
								<left>110</left>
								<top>36</top>
								<width>480</width>
								<height>25</height>
								<label>$INFO[ListItem.Property(TvShowTitle)]</label>
								<font>font12</font>
							</control>
							<control type="textbox">
								<left>110</left>
								<top>62</top>
								<width>480</width>
								<height>82</height>
								<label>$INFO[ListItem.Property(Plot)]</label>
								<font>font12</font>
							</control>
						</focusedlayout>
					</control>
				</control>

				<control type="group" id="229"><!-- EPG Results -->
					<left>0</left>
					<top>0</top>
					<width>1280</width>
					<height>200</height>
					<control type="grouplist">
						<left>10</left>
						<top>0</top>
						<width>980</width>
						<height>30</height>
						<orientation>horizontal</orientation>
						<control type="label">
							<width min="10" max="700">auto</width>
							<height>30</height>
							<label>[B]$ADDON[script.globalsearch 19069] $INFO[Window.Property(GlobalSearch.SearchString)]: [/B]</label>
							<font>font12</font>
						</control>
						<control type="label" id="220">
							<width min="10" max="280">auto</width>
							<height>30</height>
							<label>-</label>
							<font>font12</font>
						</control>
					</control>
					<control type="list" id="221">
						<posx>10</posx>
						<posy>25</posy>
						<width>1200</width>
						<height>170</height>
						<onleft>221</onleft>
						<onright>221</onright>
						<onup>141</onup>
						<ondown>151</ondown>
						<orientation>horizontal</orientation>
						<viewtype label="535">list</viewtype>
						<preloaditems>4</preloaditems>
						<itemlayout width="600" height="170">
							<control type="image">
								<left>4</left>
								<top>35</top>
								<width>100</width>
								<height>100</height>
								<aspectratio>keep</aspectratio>
								<texture background="true">$INFO[ListItem.Icon]</texture>
							</control>
							<control type="label">
								<left>110</left>
								<top>10</top>
								<width>480</width>
								<height>25</height>
								<label>[B]$INFO[ListItem.Label][/B]</label>
								<font>font12</font>
							</control>
							<control type="label">
								<left>110</left>
								<top>36</top>
								<width>480</width>
								<height>25</height>
								<label>$INFO[ListItem.Property(Duration),, $LOCALIZE[12391]]</label>
								<font>font12</font>
							</control>
							<control type="textbox">
								<left>110</left>
								<top>62</top>
								<width>480</width>
								<height>82</height>
								<label>$INFO[ListItem.Property(Plot)]</label>
								<font>font12</font>
							</control>
						</itemlayout>
						<focusedlayout width="600" height="170">
							<control type="image"><!-- Focused search result background-->
								<left>0</left>
								<top>5</top>
								<width>600</width>
								<height>170</height>
								<texture border="6" diffuse="mask-rect.png">colours/blue.png</texture>
								<colordiffuse>mask-background</colordiffuse>
								<visible>Control.HasFocus(221)</visible>
							</control>
							<control type="image">
								<left>4</left>
								<top>35</top>
								<width>100</width>
								<height>100</height>
								<aspectratio>keep</aspectratio>
								<texture background="true">$INFO[ListItem.Icon]</texture>
							</control>
							<control type="label">
								<left>110</left>
								<top>10</top>
								<width>480</width>
								<height>25</height>
								<label>[B]$INFO[ListItem.Label][/B]</label>
								<font>font12</font>
							</control>
							<control type="label">
								<left>110</left>
								<top>36</top>
								<width>480</width>
								<height>25</height>
								<label>$INFO[ListItem.Property(Duration),, $LOCALIZE[12391]]</label>
								<font>font12</font>
							</control>
							<control type="textbox">
								<left>110</left>
								<top>62</top>
								<width>480</width>
								<height>82</height>
								<label>$INFO[ListItem.Property(Plot)]</label>
								<font>font12</font>
								<visible>IsEmpty(ListItem.Property(TagLine)) + IsEmpty(ListItem.Property(PlotOutline))</visible>
							</control>
						</focusedlayout>
					</control>
				</control>

				<control type="group" id="159"><!-- Music video search results -->
					<left>0</left>
					<top>0</top>
					<width>1200</width>
					<height>200</height>
					<control type="grouplist">
						<left>10</left>
						<top>0</top>
						<width>980</width>
						<height>30</height>
						<orientation>horizontal</orientation>
						<control type="label">
							<width min="10" max="700">auto</width>
							<height>30</height>
							<label>[B]$LOCALIZE[20389]: [/B]</label>
							<font>font12</font>
						</control>
						<control type="label" id="150">
							<width min="10" max="280">auto</width>
							<height>30</height>
							<label>-</label>
							<font>font12</font>
						</control>
					</control>
					<control type="list" id="151">
						<left>10</left>
						<top>25</top>
						<width>1200</width>
						<height>170</height>
						<onleft>151</onleft>
						<onright>151</onright>
						<onup>221</onup>
						<ondown>161</ondown>
						<orientation>horizontal</orientation>
						<viewtype label="535">list</viewtype>
						<preloaditems>4</preloaditems>
						<itemlayout width="600" height="170">
							<control type="image">
								<left>4</left>
								<top>35</top>
								<width>100</width>
								<height>100</height>
								<aspectratio>keep</aspectratio>
								<texture fallback="DefaultMusicVideos.png" background="true">$INFO[ListItem.Icon]</texture>
							</control>
							<control type="label">
								<left>110</left>
								<top>10</top>
								<width>480</width>
								<height>25</height>
								<label>[B]$INFO[ListItem.Label][/B]</label>
								<font>font12</font>
							</control>
							<control type="label">
								<left>110</left>
								<top>36</top>
								<width>280</width>
								<height>25</height>
								<label>$INFO[ListItem.Property(studio)]</label>
								<font>font12</font>
							</control>
							<control type="label">
								<left>110</left>
								<top>62</top>
								<width>480</width>
								<height>25</height>
								<label>$INFO[ListItem.Property(Year)]</label>
								<font>font12</font>
							</control>
							<control type="label">
								<left>110</left>
								<top>88</top>
								<width>480</width>
								<height>25</height>
								<label>$INFO[ListItem.Property(Duration)]</label>
								<font>font12</font>
							</control>
						</itemlayout>
						<focusedlayout width="600" height="170">
							<control type="image"><!-- Focused search result background-->
								<left>0</left>
								<top>5</top>
								<width>600</width>
								<height>170</height>
								<texture border="6" diffuse="mask-rect.png">colours/blue.png</texture>
								<colordiffuse>mask-background</colordiffuse>
								<visible>Control.HasFocus(151)</visible>
							</control>
							<control type="image">
								<left>4</left>
								<top>35</top>
								<width>100</width>
								<height>100</height>
								<aspectratio>keep</aspectratio>
								<texture fallback="DefaultMusicVideos.png" background="true">$INFO[ListItem.Icon]</texture>
							</control>
							<control type="label">
								<left>110</left>
								<top>10</top>
								<width>480</width>
								<height>25</height>
								<label>[B]$INFO[ListItem.Label][/B]</label>
								<font>font12</font>
							</control>
							<control type="label">
								<left>110</left>
								<top>36</top>
								<width>480</width>
								<height>25</height>
								<label>$INFO[ListItem.Property(studio)]</label>
								<font>font12</font>
							</control>
							<control type="label">
								<left>110</left>
								<top>62</top>
								<width>480</width>
								<height>25</height>
								<label>$INFO[ListItem.Property(Year)]</label>
								<font>font12</font>
							</control>
							<control type="label">
								<left>110</left>
								<top>88</top>
								<width>480</width>
								<height>25</height>
								<label>$INFO[ListItem.Property(Duration)]</label>
								<font>font12</font>
							</control>
						</focusedlayout>
					</control>
				</control>
				<control type="group" id="169">
					<left>0</left>
					<top>0</top>
					<width>1200</width>
					<height>200</height>
					<control type="grouplist">
						<left>10</left>
						<top>0</top>
						<width>980</width>
						<height>30</height>
						<orientation>horizontal</orientation>
						<control type="label">
							<width min="10" max="700">auto</width>
							<height>30</height>
							<label>[B]$LOCALIZE[133]: [/B]</label>
							<font>font12</font>
						</control>
						<control type="label" id="160">
							<width min="10" max="280">auto</width>
							<height>30</height>
							<label>-</label>
							<font>font12</font>
						</control>
					</control>
					<control type="list" id="161">
						<left>10</left>
						<top>25</top>
						<width>1200</width>
						<height>170</height>
						<onleft>161</onleft>
						<onright>161</onright>
						<onup>151</onup>
						<ondown>171</ondown>
						<orientation>horizontal</orientation>
						<viewtype label="535">list</viewtype>
						<preloaditems>4</preloaditems>
						<itemlayout width="600" height="170">
							<control type="image">
								<left>4</left>
								<top>35</top>
								<width>100</width>
								<height>100</height>
								<aspectratio>keep</aspectratio>
								<texture fallback="icon-profile.png" background="true">$INFO[ListItem.Icon]</texture>
							</control>
							<control type="label">
								<left>110</left>
								<top>10</top>
								<width>480</width>
								<height>25</height>
								<label>[B]$INFO[ListItem.Label][/B]</label>
								<font>font12</font>
							</control>
							<control type="label">
								<left>110</left>
								<top>36</top>
								<width>480</width>
								<height>25</height>
								<label>$INFO[ListItem.Property(Artist_Genre)]</label>
								<font>font12</font>
							</control>
							<control type="textbox">
								<left>110</left>
								<top>62</top>
								<width>480</width>
								<height>82</height>
								<label>$INFO[ListItem.Property(Artist_Description)]</label>
								<font>font12</font>
							</control>
						</itemlayout>
						<focusedlayout width="600" height="170">
							<control type="image"><!-- Focused search result background-->
								<left>0</left>
								<top>5</top>
								<width>600</width>
								<height>170</height>
								<texture border="6" diffuse="mask-rect.png">colours/blue.png</texture>
								<colordiffuse>mask-background</colordiffuse>
								<visible>Control.HasFocus(161)</visible>
							</control>
							<control type="image">
								<left>4</left>
								<top>35</top>
								<width>100</width>
								<height>100</height>
								<aspectratio>keep</aspectratio>
								<texture fallback="icon-profile.png" background="true">$INFO[ListItem.Icon]</texture>
							</control>
							<control type="label">
								<left>110</left>
								<top>10</top>
								<width>480</width>
								<height>25</height>
								<label>[B]$INFO[ListItem.Label][/B]</label>
								<font>font12</font>
							</control>
							<control type="label">
								<left>110</left>
								<top>36</top>
								<width>480</width>
								<height>25</height>
								<label>$INFO[ListItem.Property(Artist_Genre)]</label>
								<font>font12</font>
							</control>
							<control type="textbox">
								<left>110</left>
								<top>62</top>
								<width>480</width>
								<height>82</height>
								<label>$INFO[ListItem.Property(Artist_Description)]</label>
								<font>font12</font>
							</control>
						</focusedlayout>
					</control>
				</control>

				<control type="group" id="179"><!-- Music albums search results -->
					<left>0</left>
					<top>0</top>
					<width>1200</width>
					<height>200</height>
					<control type="grouplist">
						<left>10</left>
						<top>0</top>
						<width>980</width>
						<height>30</height>
						<orientation>horizontal</orientation>
						<control type="label">
							<width min="10" max="700">auto</width>
							<height>30</height>
							<label>[B]$LOCALIZE[132]: [/B]</label>
							<font>font12</font>
						</control>
						<control type="label" id="170">
							<width min="10" max="280">auto</width>
							<height>30</height>
							<label>-</label>
							<font>font12</font>
						</control>
					</control>
					<control type="list" id="171">
						<left>10</left>
						<top>25</top>
						<width>1200</width>
						<height>170</height>
						<onleft>171</onleft>
						<onright>171</onright>
						<onup>161</onup>
						<ondown>181</ondown>
						<orientation>horizontal</orientation>
						<viewtype label="535">list</viewtype>
						<preloaditems>4</preloaditems>
						<itemlayout width="600" height="170">
							<control type="image">
								<left>4</left>
								<top>35</top>
								<width>100</width>
								<height>100</height>
								<aspectratio>keep</aspectratio>
								<texture fallback="DefaultAudio.png" background="true">$INFO[ListItem.Icon]</texture>
							</control>
							<control type="label">
								<left>110</left>
								<top>10</top>
								<width>480</width>
								<height>25</height>
								<label>[B]$INFO[ListItem.Label][/B]</label>
								<font>font12</font>
							</control>
							<control type="label">
								<left>110</left>
								<top>36</top>
								<width>480</width>
								<height>25</height>
								<label>$INFO[ListItem.Property(Artist)]</label>
								<font>font12</font>
							</control>
							<control type="textbox">
								<left>110</left>
								<top>62</top>
								<width>480</width>
								<height>82</height>
								<label>$INFO[ListItem.Property(Album_Description)]</label>
								<font>font12</font>
							</control>
						</itemlayout>
						<focusedlayout width="600" height="170">
							<control type="image"><!-- Focused search result background-->
								<left>0</left>
								<top>5</top>
								<width>600</width>
								<height>170</height>
								<texture border="6" diffuse="mask-rect.png">colours/blue.png</texture>
								<colordiffuse>mask-background</colordiffuse>
								<visible>Control.HasFocus(171)</visible>
							</control>
							<control type="image">
								<left>4</left>
								<top>35</top>
								<width>100</width>
								<height>100</height>
								<aspectratio>keep</aspectratio>
								<texture fallback="DefaultAudio.png" background="true">$INFO[ListItem.Icon]</texture>
							</control>
							<control type="label">
								<left>110</left>
								<top>10</top>
								<width>480</width>
								<height>25</height>
								<label>[B]$INFO[ListItem.Label][/B]</label>
								<font>font12</font>
							</control>
							<control type="label">
								<left>110</left>
								<top>36</top>
								<width>480</width>
								<height>25</height>
								<label>$INFO[ListItem.Property(Artist)]</label>
								<font>font12</font>
							</control>
							<control type="textbox">
								<left>110</left>
								<top>62</top>
								<width>480</width>
								<height>82</height>
								<label>$INFO[ListItem.Property(Album_Description)]</label>
								<font>font12</font>
							</control>
						</focusedlayout>
					</control>
				</control>

				<control type="group" id="189"><!-- Music songs search results -->
					<left>0</left>
					<top>0</top>
					<width>1200</width>
					<height>200</height>
					<control type="grouplist">
						<left>10</left>
						<top>0</top>
						<width>980</width>
						<height>30</height>
						<orientation>horizontal</orientation>
						<control type="label">
							<width min="10" max="700">auto</width>
							<height>30</height>
							<label>[B]$LOCALIZE[134]: [/B]</label>
							<font>font12</font>
						</control>
						<control type="label" id="180">
							<width min="10" max="280">auto</width>
							<height>30</height>
							<label>-</label>
							<font>font12</font>
						</control>
					</control>
					<control type="list" id="181">
						<left>10</left>
						<top>25</top>
						<width>1200</width>
						<height>170</height>
						<onleft>181</onleft>
						<onright>181</onright>
						<onup>171</onup>
						<ondown>198</ondown>
						<orientation>horizontal</orientation>
						<viewtype label="535">list</viewtype>
						<preloaditems>4</preloaditems>
						<itemlayout width="600" height="170">
							<control type="image">
								<left>4</left>
								<top>35</top>
								<width>100</width>
								<height>100</height>
								<aspectratio>keep</aspectratio>
								<texture fallback="DefaultAudio.png" background="true">$INFO[ListItem.Icon]</texture>
							</control>
							<control type="label">
								<left>110</left>
								<top>10</top>
								<width>480</width>
								<height>25</height>
								<label>[B]$INFO[ListItem.Label][/B]</label>
								<font>font12</font>
							</control>
							<control type="label">
								<left>110</left>
								<top>36</top>
								<width>480</width>
								<height>25</height>
								<label>$INFO[ListItem.Property(Artist)]</label>
								<font>font12</font>
							</control>
							<control type="label">
								<left>110</left>
								<top>62</top>
								<width>480</width>
								<height>25</height>
								<label>$INFO[ListItem.Property(Genre)]</label>
								<font>font12</font>
							</control>
							<control type="label">
								<left>110</left>
								<top>88</top>
								<width>480</width>
								<height>25</height>
								<label>$INFO[ListItem.Property(Duration)]</label>
								<font>font12</font>
							</control>
						</itemlayout>
						<focusedlayout width="600" height="170">
							<control type="image"><!-- Focused search result background-->
								<left>0</left>
								<top>5</top>
								<width>600</width>
								<height>170</height>
								<texture border="6" diffuse="mask-rect.png">colours/blue.png</texture>
								<colordiffuse>mask-background</colordiffuse>
								<visible>Control.HasFocus(181)</visible>
							</control>
							<control type="image">
								<left>4</left>
								<top>35</top>
								<width>100</width>
								<height>100</height>
								<aspectratio>keep</aspectratio>
								<texture fallback="DefaultAudio.png" background="true">$INFO[ListItem.Icon]</texture>
							</control>
							<control type="label">
								<left>110</left>
								<top>10</top>
								<width>480</width>
								<height>25</height>
								<label>[B]$INFO[ListItem.Label][/B]</label>
								<font>font12</font>
							</control>
							<control type="label">
								<left>110</left>
								<top>36</top>
								<width>480</width>
								<height>25</height>
								<label>$INFO[ListItem.Property(Artist)]</label>
								<font>font12</font>
							</control>
							<control type="label">
								<left>110</left>
								<top>62</top>
								<width>480</width>
								<height>25</height>
								<label>$INFO[ListItem.Property(Genre)]</label>
								<font>font12</font>
							</control>
							<control type="label">
								<left>110</left>
								<top>88</top>
								<width>480</width>
								<height>25</height>
								<label>$INFO[ListItem.Property(Duration)]</label>
								<font>font12</font>
							</control>
						</focusedlayout>
					</control>
				</control>
			</control>
			<control type="group">
				<visible>!IsEmpty(Control.GetLabel(190))</visible>
				<include>fadebackground</include>
				<control type="label" id="190"><!-- Searching label -->
					<left>240</left>
					<top>185</top>
					<width>800</width>
					<height>38</height>
					<label>-</label>
					<font>font22</font>
					<align>center</align>
				</control>
				<control type="label" id="191"><!-- Search categories -->
					<left>240</left>
					<top>225</top>
					<width>800</width>
					<height>38</height>
					<label>-</label>
					<font>font22</font>
					<align>center</align>
				</control>
				<control type="image"><!-- Busy animation -->
					<left>576</left>
					<top>297</top>
					<width>128</width>
					<height>128</height>
					<texture>busy.png</texture>
					<aspectratio>keep</aspectratio>
					<include>busy-spin</include>
				</control>
				<control type="label"><!-- Busy text -->
					<left>240</left>
					<top>442</top>
					<width>800</width>
					<height>50</height>
					<font>font22</font>
					<align>center</align>
					<aligny>top</aligny>
					<label>$LOCALIZE[20186]</label>
				</control>
			</control>
		</control>
	</controls>
</window>
