<?xml version="1.0" encoding="UTF-8"?>
<window><!-- Delete timer dialog for WMC PVR addon -->
	<defaultcontrol always="true">10</defaultcontrol>
	<include>screen-fade</include>
	<controls>
		<include>fadebackground</include>
		<control type="image"><!-- Dialog background image -->
			<left>295</left>
			<top>240</top>
			<width>690</width>
			<height>240</height>
			<texture border="8">button-menu-background.png</texture>
		</control>
		<control type="label"><!-- Heading -->
			<left>315</left>
			<top>252</top>
			<width>650</width>
			<height>37</height>
			<label>$ADDON[pvr.wmc 30120]</label>
		</control>
		<control type="label" id="20"><!-- Program title -->
			<left>315</left>
			<top>290</top>
			<width>650</width>
			<height>37</height>
			<align>center</align>
			<font>font12</font>
		</control>
		<control type="image">
			<left>315</left>
			<top>330</top>
			<width>650</width>
			<height>4</height>
			<texture>separator.png</texture>
		</control>
		<control type="group" id="9001">
			<control type="radiobutton" id="10"><!-- Episode rec -->
				<left>315</left>
				<top>346</top>
				<width>650</width>
				<height>37</height>
				<font>font11</font>
				<onright>9000</onright>
				<onup>15</onup>
				<ondown>11</ondown>
				<label>$ADDON[pvr.wmc 30121]</label>
				<radioposx>460</radioposx>
			</control>
			<control type="radiobutton" id="11"><!-- Series rec -->
				<left>315</left>
				<top>270</top>
				<width>650</width>
				<height>37</height>
				<font>font11</font>
				<onright>9000</onright>
				<onup>10</onup>
				<ondown>12</ondown>
				<label>$ADDON[pvr.wmc 30122]</label>
				<radioposx>460</radioposx>
			</control>
		</control>
		<control type="group" id="9000">
			<control type="button" id="1"><!-- OK button -->
				<left>343</left>
				<top>416</top>
				<width>230</width>
				<height>50</height>
				<font>font12</font>
				<label>$LOCALIZE[186]</label>
				<onleft>10</onleft>
				<ondown>2</ondown>
			</control>
			<control type="button" id="2"><!-- Cancel button -->
				<left>657</left>
				<top>416</top>
				<width>230</width>
				<height>50</height>
				<font>font12</font>
				<label>$LOCALIZE[222]</label>
				<onup>1</onup>
				<onleft>10</onleft>
			</control>
		</control>
	</controls>
</window>
