<?xml version="1.0" encoding="UTF-8"?>
<window>
	<defaultcontrol>999</defaultcontrol>
	<controls>
		<include>screen-fade</include>
		<control type="group">
			<control type="image"><!-- Use solid background image -->
				<include>fullscreenimage</include>
				<texture>background.png</texture>
				<visible>IsEmpty(Skin.String(background-custom))</visible>
			</control>
			<control type="image"><!-- Custom background image -->
				<include>fullscreenimage</include>
				<aspectratio>stretch</aspectratio>
				<texture>$INFO[Skin.String(background-custom)]</texture>
				<visible>!IsEmpty(Skin.String(background-custom))</visible>
			</control>
			<control type="label" id="1"><!-- Screen heading -->
				<left>34</left>
				<top>36</top>
				<width>1204</width>
				<height>38</height>
				<font>font22</font>
				<align>center</align>
			</control>
			<control type="textbox" id="5"><!-- Text area -->
				<left>35</left>
				<top>112</top>
				<width>1185</width>
				<height>525</height>
				<align>justify</align>
				<pagecontrol>23</pagecontrol>
				<autoscroll delay="3000" time="1000" repeat="6000">Skin.HasSetting(text-autoscroll) + !System.ScreenSaverActive</autoscroll>
			</control>
			<control type="group" id="999">
				<control type="scrollbar" id="23">
					<left>1244</left>
					<top>112</top>
					<width>16</width>
					<height>530</height>
					<animation condition="!Control.HasFocus(23) + !Container.Scrolling + !StringCompare(Skin.String(show-scrollbar),$LOCALIZE[31875])" effect="fade" start="100" end="0" time="200" reversible="true">Conditional</animation>
					<visible>!StringCompare(Skin.String(show-scrollbar),$LOCALIZE[31877])</visible>
				</control>
			</control>
		</control>
	</controls>
</window>
