<?xml version="1.0" encoding="UTF-8"?>
<window>
	<defaultcontrol>10</defaultcontrol>
	<coordinates>
		<left>0</left>
		<top>0</top>
	</coordinates>
	<include>screen-fade</include>
	<controls>
		<include>fadebackground</include>
		<control type="image"><!-- Dialog background image -->
			<left>177</left>
			<top>187</top>
			<width>920</width>
			<height>418</height>
			<texture border="8">button-menu-background.png</texture>
		</control>
		<control type="label" id="2"><!-- Heading -->
			<left>213</left>
			<top>197</top>
			<width>848</width>
			<height>46</height>
			<align>center</align>
			<font>font12</font>
		</control>
		<control type="image">
			<left>211</left>
			<top>235</top>
			<width>848</width>
			<height>4</height>
			<texture>separator.png</texture>
		</control>
		<control type="label"><!-- Path heading -->
			<left>213</left>
			<top>237</top>
			<width>848</width>
			<height>46</height>
			<font>font12</font>
			<label>$LOCALIZE[1021]</label>
		</control>
		<control type="list" id="10">
			<left>213</left>
			<top>280</top>
			<width>566</width>
			<height>138</height>
			<onright>11</onright>
			<ondown>12</ondown>
			<itemlayout width="566" height="46">
				<control type="label">
					<left>12</left>
					<top>0</top>
					<width>542</width>
					<height>46</height>
					<font>font12</font>
					<selectedcolor>listselected-text</selectedcolor>
					<label>$INFO[ListItem.Label]</label>
				</control>
			</itemlayout>
			<focusedlayout width="566" height="46">
				<control type="image">
					<left>0</left>
					<top>0</top>
					<width>566</width>
					<height>46</height>
					<texture border="8">button-default-focus.png</texture>
					<animation condition="!Control.HasFocus(10)" effect="fade" start="100" end="60">Conditional</animation>
				</control>
				<control type="label">
					<left>12</left>
					<top>0</top>
					<width>542</width>
					<height>46</height>
					<font>font12</font>
					<selectedcolor>listselected-text</selectedcolor>
					<label>$INFO[ListItem.Label]</label>
				</control>
			</focusedlayout>
		</control>
		<control type="group">
			<control type="button" id="11"><!-- Browse -->
				<left>783</left>
				<top>280</top>
				<width>280</width>
				<height>46</height>
				<font>font12</font>
				<textoffsetx>12</textoffsetx>
				<label>$LOCALIZE[1024]</label>
				<align>center</align>
				<onleft>10</onleft>
				<ondown>13</ondown>
			</control>
			<control type="button" id="13"><!-- Add path -->
				<left>783</left>
				<top>326</top>
				<width>280</width>
				<height>46</height>
				<font>font12</font>
				<textoffsetx>12</textoffsetx>
				<label>$LOCALIZE[15019]</label>
				<align>center</align>
				<onup>11</onup>
				<onleft>10</onleft>
				<ondown>14</ondown>
			</control>
			<control type="button" id="14"><!-- Remove path -->
				<left>783</left>
				<top>372</top>
				<width>280</width>
				<height>46</height>
				<font>font12</font>
				<textoffsetx>12</textoffsetx>
				<label>$LOCALIZE[1210]</label>
				<align>center</align>
				<onup>13</onup>
				<onleft>10</onleft>
				<ondown>12</ondown>
			</control>
		</control>
		<control type="label"><!-- Name heading -->
			<left>213</left>
			<top>430</top>
			<width>743</width>
			<height>46</height>
			<font>font12</font>
			<label>$LOCALIZE[1022]</label>
		</control>
		<control type="edit" id="12"><!-- Name -->
			<left>213</left>
			<top>477</top>
			<width>566</width>
			<height>46</height>
			<font>font12</font>
			<textoffsetx>12</textoffsetx>
			<textwidth>500</textwidth>
			<align>left</align>
			<onup>10</onup>
			<onleft>12</onleft>
			<onright>12</onright>
			<ondown>900</ondown>
		</control>
		<control type="grouplist" id="900">
			<left>213</left>
			<top>525</top>
			<width>566</width>
			<height>46</height>
			<itemgap>6</itemgap>
			<orientation>horizontal</orientation>
			<onup>12</onup>
			<onleft>900</onleft>
			<onright>900</onright>
			<control type="button" id="18"><!-- OK Button -->
				<width>280</width>
				<height>46</height>
				<font>font12</font>
				<textoffsetx>12</textoffsetx>
				<align>center</align>
				<label>$LOCALIZE[186]</label>
			</control>
			<control type="button" id="19"><!-- Cancel button -->
				<width>280</width>
				<height>46</height>
				<font>font12</font>
				<textoffsetx>12</textoffsetx>
				<align>center</align>
				<label>$LOCALIZE[222]</label>
			</control>
		</control>
	</controls>
</window>