<?xml version="1.0" encoding="utf-8"?>
<window>
	<coordinates>
		<left>0</left>
		<top>0</top>
	</coordinates>
	<include>screen-fade</include>
	<controls>
		<visible>![Window.IsVisible(infodialog) | Window.IsVisible(mutebug)]</visible>
		<control type="image"><!-- Dialog background -->
			<left>902</left>
			<top>12</top>
			<width>354</width>
			<height>124</height>
			<texture border="8">button-menu-background.png</texture>
		</control>
		<control type="label" id="0"><!-- Volume -->
			<left>1018</left>
			<top>22</top>
			<width>224</width>
			<height>40</height>
			<font>font22</font>
			<align>center</align>
			<label>$INFO[Player.Volume]</label>
			<visible>IntegerGreaterThan(Player.Volume,0)</visible>
		</control>
		<control type="image">
			<left>918</left>
			<top>22</top>
			<width>96</width>
			<height>96</height>
			<texture>volume-thingy.png</texture>
		</control>
		<control type="progress">
			<left>1018</left>
			<top>72</top>
			<width>224</width>
			<height>16</height>
			<info>Player.Volume</info>
			<colordiffuse>ProgressBarColor</colordiffuse>
			<texturebg>blank.png</texturebg>
			<midtexture>colours/blue.png</midtexture>
			<animation effect="fade" start="50" end="50" time="0" condition="Player.Passthrough">Conditional</animation>
			<visible>IntegerGreaterThan(Player.Volume,0)</visible>
		</control>
		<control type="image"><!-- Volume bar overlay -->
			<left>1018</left>
			<top>72</top>
			<width>224</width>
			<height>16</height>
			<texture>volume-overlay.png</texture>
		</control>
		<control type="label"><!-- Passthrough -->
			<left>918</left>
			<top>100</top>
			<width>322</width>
			<height>24</height>
			<label>$LOCALIZE[29802]</label>
			<font>font12</font>
			<align>center</align>
			<visible>Player.Passthrough</visible>
		</control>
	</controls>
</window>