<?xml version="1.0" encoding="UTF-8"?>
<window>
	<defaultcontrol>20</defaultcontrol>
	<include>screen-fade</include>
	<controls>
		<include>background</include>
		<control type="label"><!-- Dialog heading -->
			<left>946</left>
			<top>31</top>
			<width>318</width>
			<height>62</height>
			<font>font18</font>
			<label>$LOCALIZE[35000]</label>
			<wrapmultiline>true</wrapmultiline>
		</control>
		<control type="group">
			<control type="list" id="20">
				<left>200</left>
				<top>140</top>
				<width>400</width>
				<height>465</height>
				<onup>9000</onup>
				<onleft>9000</onleft>
				<onright condition="StringCompare(Skin.String(show-scrollbar),$LOCALIZE[31877])">noop</onright>
				<onright condition="!StringCompare(Skin.String(show-scrollbar),$LOCALIZE[31877])">60</onright>
				<ondown>9000</ondown>
				<pagecontrol>60</pagecontrol>
				<itemlayout width="400" height="29">
					<control type="label">
						<left>10</left>
						<top>0</top>
						<width>380</width>
						<height>30</height>
						<selectedcolor>blue</selectedcolor>
						<label>$INFO[ListItem.Label]</label>
					</control>
				</itemlayout>
				<focusedlayout width="400" height="29">
					<control type="image">
						<left>0</left>
						<top>0</top>
						<width>400</width>
						<height>30</height>
						<visible>Control.HasFocus(20)</visible>
						<texture border="8">button-default-focus.png</texture>
					</control>
					<control type="label">
						<left>10</left>
						<top>0</top>
						<width>380</width>
						<height>30</height>
						<selectedcolor>blue</selectedcolor>
						<label>$INFO[ListItem.Label]</label>
					</control>
				</focusedlayout>
			</control>
			<control type="scrollbar" id="60">
				<left>1094</left>
				<top>140</top>
				<width>20</width>
				<height>467</height>
				<onleft>10</onleft>
				<onright>9000</onright>
				<animation condition="!Control.HasFocus(60) + !Container.Scrolling + !StringCompare(Skin.String(show-scrollbar),$LOCALIZE[31875])" effect="fade" start="100" end="0" time="200" reversible="true">Conditional</animation>
				<visible>!StringCompare(Skin.String(show-scrollbar),$LOCALIZE[31877])</visible>
			</control>
			<control type="label"><!-- Name heading-->
				<left>680</left>
				<top>140</top>
				<width>160</width>
				<height>29</height>
				<label>$LOCALIZE[35502]</label>
				<textcolor>info-text</textcolor>
			</control>
			<control type="label"><!-- Name -->
				<left>860</left>
				<top>140</top>
				<width>400</width>
				<height>29</height>
				<label fallback="13205">$INFO[Container(20).ListItem.Label]</label>
				<include condition="Skin.HasSetting(text-autoscroll)">scrolltext</include>
			</control>
			<control type="label"><!-- Location heading -->
				<left>680</left>
				<top>170</top>
				<width>160</width>
				<height>29</height>
				<label>$LOCALIZE[35500]</label>
				<textcolor>info-text</textcolor>
			</control>
			<control type="label"><!-- Location -->
				<left>860</left>
				<top>170</top>
				<width>400</width>
				<height>29</height>
				<label fallback="13205">$INFO[Container(20).ListItem.Property(Bus)] - $INFO[Container(20).ListItem.Property(Location)]</label>
				<include condition="Skin.HasSetting(text-autoscroll)">scrolltext</include>
			</control>
			<control type="label"><!-- Class heading -->>
				<left>680</left>
				<top>200</top>
				<width>160</width>
				<height>29</height>
				<label>$LOCALIZE[35501]</label>
				<textcolor>info-text</textcolor>
			</control>
			<control type="label"><!-- Class -->
				<left>860</left>
				<top>200</top>
				<width>400</width>
				<height>29</height>
				<label fallback="13205">$INFO[Container(20).ListItem.Property(Class)]</label>
				<include condition="Skin.HasSetting(text-autoscroll)">scrolltext</include>
			</control>
			<control type="label"><!-- Vendor heading -->
				<left>680</left>
				<top>230</top>
				<width>160</width>
				<height>29</height>
				<label>$LOCALIZE[35503]</label>
				<textcolor>info-text</textcolor>
			</control>
			<control type="label"><!-- Vendor -->
				<left>860</left>
				<top>230</top>
				<width>400</width>
				<height>29</height>
				<label fallback="13205">$INFO[Container(20).ListItem.Property(Vendor)]</label>
				<include condition="Skin.HasSetting(text-autoscroll)">scrolltext</include>
			</control>
			<control type="group" id="9000">
				<left>390</left>
				<top>665</top>
				<height>35</height>
				<control type="button" id="10"><!-- OK -->
					<left>0</left>
					<top>0</top>
					<width>247</width>
					<height>50</height>
					<align>center</align>
					<label>$LOCALIZE[186]</label>
					<onup>20</onup>
					<onleft>11</onleft>
					<onright>11</onright>
					<ondown>20</ondown>
				</control>
				<control type="button" id="11"><!-- Settings -->
					<left>250</left>
					<top>0</top>
					<width>247</width>
					<height>50</height>
					<align>center</align>
					<label>$LOCALIZE[5]</label>
					<onup>20</onup>
					<onleft>10</onleft>
					<onright>10</onright>
					<ondown>20</ondown>
				</control>
			</control>
		</control>
	</controls>
</window>
