<?xml version="1.0" encoding="UTF-8"?>
<window>
	<defaultcontrol always="true">9</defaultcontrol>
	<coordinates>
		<left>0</left>
		<top>0</top>
	</coordinates>
	<include>screen-fade</include>
	<controls>
		<include>background</include>
		<control type="label" id="20"><!-- Heading label -->
			<left>946</left>
			<top>31</top>
			<width>400</width>
			<height>62</height>
			<font>font18</font>
			<wrapmultiline>true</wrapmultiline>
		</control>
		<control type="grouplist" id="9"><!-- Button area -->
			<left>973</left>
			<top>112</top>
			<width>283</width>
			<height>542</height>
			<itemgap>-2</itemgap>
			<onleft>2</onleft>
			<ondown>9001</ondown>
		</control>
		<control type="grouplist" id="2"><!-- Control area -->
			<left>53</left>
			<top>112</top>
			<width>885</width>
			<height>542</height>
			<itemgap>-2</itemgap>
			<pagecontrol>30</pagecontrol>
			<ondown>9001</ondown>
			<onleft condition="StringCompare(Skin.String(show-scrollbar),$LOCALIZE[31877])">noop</onleft>
			<onleft condition="!StringCompare(Skin.String(show-scrollbar),$LOCALIZE[31877])">30</onleft>
			<onright>9</onright>
		</control>
		<control type="scrollbar" id="30">
			<left>10</left>
			<top>112</top>
			<width>18</width>
			<height>545</height>
			<onright>2</onright>
			<animation condition="!Control.HasFocus(30) + !Container.Scrolling + !StringCompare(Skin.String(show-scrollbar),$LOCALIZE[31875])" effect="fade" start="100" end="0" time="200" reversible="true">Conditional</animation>
			<visible>!StringCompare(Skin.String(show-scrollbar),$LOCALIZE[31877])</visible>
		</control>
		<control type="group" id="9001">
			<left>132</left>
			<top>656</top>
			<control type="button" id="10"><!-- OK Button -->
				<left>0</left>
				<top>0</top>
				<width>247</width>
				<height>50</height>
				<align>center</align>
				<label>$LOCALIZE[186]</label>
				<onleft>12</onleft>
				<onright>11</onright>
				<onup>2</onup>
			</control>
			<control type="button" id="11"><!-- Cancel Button -->
				<left>380</left>
				<top>0</top>
				<width>247</width>
				<height>50</height>
				<align>center</align>
				<label>$LOCALIZE[222]</label>
				<onleft>10</onleft>
				<onright>12</onright>
				<onup>2</onup>
			</control>
			<control type="button" id="12"><!-- Defaults Button -->
				<left>761</left>
				<top>0</top>
				<width>247</width>
				<height>50</height>
				<align>center</align>
				<label>$LOCALIZE[409]</label>
				<onleft>11</onleft>
				<onright>10</onright>
				<onup>2</onup>
			</control>
		</control>
		<control type="button" id="13"><!-- Default Category Button -->
			<width>283</width>
			<height>56</height>
		</control>
		<control type="button" id="3"><!-- Default Button -->
			<width>870</width>
			<height>56</height>
			<textwidth>810</textwidth>
		</control>
		<control type="radiobutton" id="4"><!-- Default RadioButton -->
			<width>870</width>
			<height>56</height>
			<textwidth>800</textwidth>
			<radioposx>840</radioposx>
		</control>
		<control type="spincontrolex" id="5"><!-- Default Spincontrolex -->
			<width>870</width>
			<height>56</height>
			<reverse>yes</reverse>
		</control>
		<control type="label" id="7"><!-- Default Label -->
			<width>870</width>
			<height>56</height>
		</control>
		<control type="image" id="6"><!-- Default Seperator -->
			<height>4</height>
			<texture>separator.png</texture>
		</control>
		<control type="sliderex" id="8"><!-- Default Slider -->
			<width>870</width>
			<height>56</height>
		</control>
	</controls>
</window>
