<?xml version="1.0" encoding="UTF-8"?>
<window>
	<defaultcontrol always="true">10</defaultcontrol>
	<coordinates>
		<left>0</left>
		<top>0</top>
	</coordinates>
	<include>screen-fade</include>
	<controls>
		<include>fadebackground</include>
		<control type="image"><!-- Dialog background image -->
			<left>275</left>
			<top>30</top>
			<width>730</width>
			<height>660</height>
			<texture border="8">button-menu-background.png</texture>
		</control>
		<control type="label"><!-- Dialog heading -->
			<left>315</left>
			<top>50</top>
			<width>650</width>
			<height>30</height>
			<label>$LOCALIZE[19053]</label>
			<align>center</align>
		</control>
		<control type="label">
			<left>315</left>
			<top>100</top>
			<width>650</width>
			<height>30</height>
			<label>$INFO[ListItem.Title]</label>
			<align>center</align>
		</control>
			<control type="group">
				<left>315</left>
				<top>170</top>
				<control type="label"><!-- Start date heading -->
					<right>170</right>
					<top>0</top>
					<width>160</width>
					<height>25</height>
					<align>right</align>
					<font>font12</font>
					<label>$LOCALIZE[552]:</label>
				</control>
				<control type="label">
					<left>180</left>
					<top>0</top>
					<width>470</width>
					<height>25</height>
					<font>font12</font>
					<label>$INFO[ListItem.StartDate]</label>
				</control>
				<control type="label"><!-- Start time heading -->
					<right>170</right>
					<top>35</top>
					<width>160</width>
					<height>25</height>
					<align>right</align>
					<font>font12</font>
					<label>$LOCALIZE[142]</label>
				</control>
				<control type="label">
					<left>180</left>
					<top>35</top>
					<width>470</width>
					<height>25</height>
					<font>font12</font>
					<label>$INFO[ListItem.StartTime]</label>
				</control>
				<control type="label"><!-- Channel name heading -->
					<right>170</right>
					<top>70</top>
					<width>160</width>
					<height>25</height>
					<align>right</align>
					<font>font12</font>
					<label>$LOCALIZE[19148]:</label>
				</control>
				<control type="fadelabel">
					<left>180</left>
					<top>70</top>
					<width>470</width>
					<height>25</height>
					<font>font12</font>
					<label>$INFO[ListItem.ChannelName]</label>
				</control>
				<control type="label"><!-- Duration heading -->
					<right>170</right>
					<top>105</top>
					<width>160</width>
					<height>25</height>
					<align>right</align>
					<font>font12</font>
					<label>$LOCALIZE[180]:</label>
				</control>
				<control type="label">
					<left>180</left>
					<top>105</top>
					<width>470</width>
					<height>25</height>
					<label>$INFO[ListItem.Duration]</label>
					<font>font12</font>
					<include condition="Skin.HasSetting(text-autoscroll)">scrolltext</include>
				</control>
				<control type="label"><!-- Genre heading -->
					<right>170</right>
					<top>140</top>
					<width>160</width>
					<height>25</height>
					<align>right</align>
					<font>font12</font>
					<label>$LOCALIZE[135]:</label>
				</control>
				<control type="label">
					<left>180</left>
					<top>140</top>
					<width>470</width>
					<height>25</height>
					<label fallback="161">$INFO[ListItem.Genre]</label>
					<font>font12</font>
					<include condition="Skin.HasSetting(text-autoscroll)">scrolltext</include>
				</control>
				<control type="label">
					<left>40</left>
					<top>185</top>
					<width>650</width>
					<height>25</height>
					<label>$INFO[ListItem.PlotOutline]</label>
					<align>center</align>
					<font>font12</font>
					<include condition="Skin.HasSetting(text-autoscroll)">scrolltext</include>
					<visible>!IsEmpty(ListItem.PlotOutline)</visible>
				</control>
			</control>
			<control type="spincontrol" id="60"><!-- Next page -->
				<left>895</left>
				<top>405</top>
				<subtype>page</subtype>
				<font>-</font>
				<onleft>60</onleft>
				<onright>60</onright>
				<ondown>9000</ondown>
				<onup>9000</onup>
				<textcolor>-</textcolor>
				<showonepage>true</showonepage>
			</control>
			<control type="textbox" id="400">
				<left>315</left>
				<top>430</top>
				<width>650</width>
				<height>180</height>
				<font>font12</font>
				<align>justify</align>
				<pagecontrol>60</pagecontrol>
				<label fallback="161">$INFO[ListItem.Plot]</label>
			</control>
			<control type="grouplist" id="9000">
				<left>315</left>
				<top>620</top>
				<width>640</width>
				<height>40</height>
				<itemgap>5</itemgap>
				<align>center</align>
				<orientation>horizontal</orientation>
				<onleft>9000</onleft>
				<onright>9000</onright>
				<onup>60</onup>
				<ondown>60</ondown>
				<control type="button" id ="10"><!-- OK -->
					<left>0</left>
					<top>0</top>
					<width>250</width>
					<height>40</height>
					<label>$LOCALIZE[186]</label>
					<font>font12</font>
					<align>center</align>
				</control>
			</control>
	</controls>
</window>