<?xml version="1.0" encoding="UTF-8"?>
<window>
	<defaultcontrol>11</defaultcontrol>
	<coordinates>
		<left>283</left>
		<top>625</top>
	</coordinates>
	<include>screen-fade</include>
	<controls>
		<control type="group">
			<visible>![Window.IsVisible(infodialog) | Window.IsVisible(volumebar)]</visible>
			<control type="image"><!-- Dialog background -->
				<left>0</left>
				<top>0</top>
				<width>708</width>
				<height>87</height>
				<texture border="8">button-menu-background.png</texture>
				<colordiffuse>osd-background</colordiffuse>
			</control>
			<control type="label" id="10"><!-- Dialog heading -->
				<left>17</left>
				<top>18</top>
				<width>318</width>
				<height>20</height>
				<aligny>center</aligny>
			</control>
			<control type="label" id="12"><!-- Slider value -->
				<left>354</left>
				<top>18</top>
				<width>318</width>
				<height>20</height>
				<align>right</align>
				<aligny>center</aligny>
			</control>
			<control type="image"><!-- Seek slider background -->
				<left>12</left>
				<top>50</top>
				<width>672</width>
				<height>16</height>
				<texture border="8,0,8,0">progress-bar.png</texture>
				<colordiffuse>ProgressBarColor</colordiffuse>
			</control>
			<control type="slider" id="11">
				<left>12</left>
				<top>48</top>
				<width>672</width>
				<height>20</height>
			</control>
		</control>
	</controls>
</window>
