<?xml version="1.0" encoding="UTF-8"?>
<window>
	<defaultcontrol always="true">10</defaultcontrol>
	<coordinates>
		<left>0</left>
		<top>0</top>
	</coordinates>
	<include>screen-fade</include>
	<controls>
		<include>fadebackground</include>
		<control type="image"><!-- Dialog background image -->
			<left>295</left>
			<top>240</top>
			<width>690</width>
			<height>240</height>
			<texture border="8">button-menu-background.png</texture>
		</control>
		<control type="label" id="1"><!-- Dialog heading -->
			<left>315</left>
			<top>252</top>
			<width>650</width>
			<height>37</height>
			<align>center</align>
		</control>
		<control type="image">
			<left>315</left>
			<top>290</top>
			<width>650</width>
			<height>4</height>
			<texture>separator.png</texture>
		</control>
		<control type="textbox" id="9"><!-- Dialog info prompt -->
			<left>315</left>
			<top>304</top>
			<width>650</width>
			<height>110</height>
			<align>center</align>
			<font>font11</font>
			<autoscroll time="2000" delay="8000" repeat="5000">Skin.HasSetting(text-autoscroll) + !System.ScreenSaverActive</autoscroll>
		</control>
		<control type="button" id="11"><!-- YES button -->
			<left>343</left>
			<top>416</top>
			<width>265</width>
			<height>50</height>
			<label>$LOCALIZE[107]</label>
			<font>font12</font>
			<align>center</align>
			<onright>10</onright>
		</control>
		<control type="button" id="10"><!-- NO button -->
			<left>657</left>
			<top>416</top>
			<width>265</width>
			<height>50</height>
			<label>$LOCALIZE[106]</label>
			<font>font12</font>
			<align>center</align>
			<onleft>11</onleft>
		</control>
	</controls>
</window>
