<?xml version="1.0" encoding="UTF-8"?>
<window>
	<defaultcontrol always="true">5</defaultcontrol>
	<include>screen-fade</include>
	<coordinates>
		<left>0</left>
		<top>0</top>
	</coordinates>
	<controls>
		<include>fadebackground</include>
		<control type="image"><!-- Dialog background image -->
			<left>224</left>
			<top>72</top>
			<width>775</width>
			<height>575</height>
			<texture border="8">button-menu-background.png</texture>
		</control>
		<control type="label" id="2"><!-- Dialog heading -->
			<left>240</left>
			<top>83</top>
			<width>740</width>
			<height>25</height>
			<label>$LOCALIZE[587]</label>
			<align>center</align>
		</control>
		<control type="image">
			<left>240</left>
			<top>112</top>
			<width>740</width>
			<height>4</height>
			<texture>separator.png</texture>
		</control>
		<control type="grouplist" id="5"><!-- Control area -->
			<left>240</left>
			<top>120</top>
			<width>740</width>
			<height>460</height>
			<pagecontrol>6</pagecontrol>
			<ondown>9001</ondown>
			<onright condition="StringCompare(Skin.String(show-scrollbar),$LOCALIZE[31877])">noop</onright>
			<onright condition="!StringCompare(Skin.String(show-scrollbar),$LOCALIZE[31877])">6</onright>
		</control>
		<control type="scrollbar" id="6">
			<left>966</left>
			<top>120</top>
			<width>20</width>
			<height>460</height>
			<onleft>5</onleft>
			<animation condition="!Control.HasFocus(6) + !Container.Scrolling + !StringCompare(Skin.String(show-scrollbar),$LOCALIZE[31875])" effect="fade" start="100" end="0" time="200" reversible="true">Conditional</animation>
			<visible>!StringCompare(Skin.String(show-scrollbar),$LOCALIZE[31877])</visible>
		</control>
		<control type="button" id="7"><!-- Default button -->
			<left>0</left>
			<top>90</top>
			<height>46</height>
		</control>
		<control type="radiobutton" id="8"><!-- Default radio button -->
			<left>0</left>
			<top>90</top>
			<height>46</height>
		</control>
		<control type="spincontrolex" id="9"><!-- Default spincontrolex -->
			<left>0</left>
			<top>90</top>
			<height>46</height>
			<spinwidth>27</spinwidth>
			<spinheight>25</spinheight>
			<textureup>scroll-up.png</textureup>
			<texturedown>scroll-down.png</texturedown>
			<textureupfocus>scroll-up-focus.png</textureupfocus>
			<texturedownfocus>scroll-down-focus.png</texturedownfocus>
			<align>left</align>
			<reverse>yes</reverse>
		</control>
		<control type="edit" id="12"><!-- Default edit -->
			<left>0</left>
			<top>90</top>
			<height>46</height>
			<align>left</align>
			<aligny>center</aligny>
		</control>
		<control type="sliderex" id="13"><!-- Default slider -->
			<left>0</left>
			<top>90</top>
			<height>46</height>
			<sliderwidth>200</sliderwidth>
			<sliderheight>16</sliderheight>
			<align>left</align>
		</control>
		<control type="group" id="9001">
			<left>354</left>
			<top>580</top>
			<control type="button" id="28"><!-- OK button -->
				<left>0</left>
				<top>0</top>
				<width>256</width>
				<height>50</height>
				<align>center</align>
				<label>$LOCALIZE[186]</label>
				<font>font12</font>
				<onup>5</onup>
				<onright>27</onright>
			</control>
			<control type="button" id="27"><!-- Clear button -->
				<left>270</left>
				<top>0</top>
				<width>256</width>
				<height>50</height>
				<align>center</align>
				<label>$LOCALIZE[192]</label>
				<font>font12</font>
				<onup>5</onup>
				<onleft>28</onleft>
			</control>
		</control>
	</controls>
</window>