<?xml version="1.0" encoding="UTF-8"?>
<window>
	<defaultcontrol always="true">21</defaultcontrol>
	<coordinates>
		<left>0</left>
		<top>0</top>
	</coordinates>
	<include>screen-fade</include>
	<controls>
		<control type="image"><!-- Fade background to hilite keypad -->
			<include>fullscreenimage</include>
			<texture>colours/black.png</texture>
			<aspectratio>scale</aspectratio>
			<colordiffuse>mask-background</colordiffuse>
		</control>
		<control type="image"><!-- Entered text background -->
			<left>480</left>
			<top>405</top>
			<width>320</width>
			<height>40</height>
			<texture border="6">background-keyboard-text.png</texture>
		</control>
		<control type="label" id="1"><!-- Dialog heading -->
			<left>490</left>
			<top>410</top>
			<width>300</width>
			<height>30</height>
			<font>font18</font>
			<textcolor>disabled-text</textcolor>
			<shadowcolor>button-text</shadowcolor>
			<align>left</align>
			<visible>IsEmpty(Control.GetLabel(4))</visible>
		</control>
		<control type="label" id="4"><!-- Entered text -->
			<left>490</left>
			<top>410</top>
			<width>300</width>
			<height>30</height>
			<font>font18</font>
			<textcolor>shadow-text</textcolor>
			<shadowcolor>button-text</shadowcolor>
			<align>left</align>
		</control>
		<control type="group">
			<left>480</left>
			<top>450</top>
			<control type="button" id="11"><!-- 1 button -->
				<left>0</left>
				<top>0</top>
				<label>$LOCALIZE[12311]</label>
				<onright>12</onright>
				<ondown>14</ondown>
				<include>keyboard-key-common</include>
			</control>
			<control type="button" id="12"><!-- 2 button -->
				<left>65</left>
				<top>0</top>
				<label>$LOCALIZE[12312]</label>
				<onleft>11</onleft>
				<onright>13</onright>
				<ondown>15</ondown>
				<include>keyboard-key-common</include>
			</control>
			<control type="button" id="13"><!-- 3 button -->
				<left>130</left>
				<top>0</top>
				<label>$LOCALIZE[12313]</label>
				<onleft>12</onleft>
				<onright>21</onright>
				<ondown>16</ondown>
				<include>keyboard-key-common</include>
			</control>
			<control type="button" id="21"><!-- DONE button -->
				<left>194</left>
				<top>0</top>
				<width>128</width>
				<height>64</height>
				<align>center</align>
				<textoffsetx>0</textoffsetx>
				<texturenofocus border="6">key-special-focus.png</texturenofocus>
				<texturefocus border="6">key-standard-focus.png</texturefocus>
				<label>$LOCALIZE[20177]</label>
				<onleft>13</onleft>
				<ondown>23</ondown>
				<textcolor>shadow-text</textcolor>
				<focusedcolor>button-text</focusedcolor>
				<shadowcolor>-</shadowcolor>
			</control>
			<control type="button" id="14"><!-- 4 button -->
				<left>0</left>
				<top>65</top>
				<label>$LOCALIZE[12314]</label>
				<onright>15</onright>
				<onup>11</onup>
				<ondown>17</ondown>
				<include>keyboard-key-common</include>
			</control>
			<control type="button" id="15"><!-- 5 button -->
				<left>65</left>
				<top>65</top>
				<label>$LOCALIZE[12315]</label>
				<onleft>14</onleft>
				<onright>16</onright>
				<onup>12</onup>
				<ondown>18</ondown>
				<include>keyboard-key-common</include>
			</control>
			<control type="button" id="16"><!-- 6 button -->
				<left>130</left>
				<top>65</top>
				<label>$LOCALIZE[12316]</label>
				<onleft>15</onleft>
				<onup>13</onup>
				<ondown>19</ondown>
				<include>keyboard-key-common</include>
			</control>
			<control type="image"><!-- Spacer to balance keyboard layout -->
				<left>194</left>
				<top>65</top>
				<width>128</width>
				<height>129</height>
				<texture border="6">key-special-nofocus.png</texture>
			</control>
			<control type="button" id="17"><!-- 7 button -->
				<left>0</left>
				<top>130</top>
				<label>$LOCALIZE[12317]</label>
				<onright>18</onright>
				<onup>14</onup>
				<ondown>20</ondown>
				<include>keyboard-key-common</include>
			</control>
			<control type="button" id="18"><!-- 8 button -->
				<left>65</left>
				<top>130</top>
				<label>$LOCALIZE[12318]</label>
				<onleft>17</onleft>
				<onright>19</onright>
				<onup>15</onup>
				<ondown>10</ondown>
				<include>keyboard-key-common</include>
			</control>
			<control type="button" id="19"><!-- 9 button -->
				<left>130</left>
				<top>130</top>
				<label>$LOCALIZE[12319]</label>
				<onleft>18</onleft>
				<onup>16</onup>
				<ondown>22</ondown>
				<include>keyboard-key-common</include>
			</control>
			<control type="button" id="20"><!-- PREVIOUS button -->
				<left>0</left>
				<top>195</top>
				<width>64</width>
				<height>64</height>
				<texturenofocus border="6">key-cursorleft-nofocus.png</texturenofocus>
				<texturefocus border="6">key-cursorleft-focus.png</texturefocus>
				<onright>10</onright>
				<onup>17</onup>
			</control>
			<control type="button" id="10"><!-- 0 button -->
				<left>65</left>
				<top>195</top>
				<label>$LOCALIZE[12310]</label>
				<onleft>20</onleft>
				<onright>22</onright>
				<onup>18</onup>
				<include>keyboard-key-common</include>
			</control>
			<control type="button" id="22"><!-- NEXT button -->
				<left>130</left>
				<top>195</top>
				<width>64</width>
				<height>64</height>
				<texturenofocus border="6">key-cursorright-nofocus.png</texturenofocus>
				<texturefocus border="6">key-cursorright-focus.png</texturefocus>
				<onleft>10</onleft>
				<onright>23</onright>
				<onup>19</onup>
			</control>
			<control type="button" id="1023"><!-- Custom BACKSPACE button -->
				<left>194</left>
				<top>195</top>
				<width>128</width>
				<height>64</height>
				<texturenofocus border="6">key-backspace-nofocus.png</texturenofocus>
				<texturefocus border="6">key-backspace-focus.png</texturefocus>
				<onclick>SendClick(numericinput,23)</onclick>
				<onleft>22</onleft>
				<onup>21</onup>
			</control>
			<control type="button" id="23"><!-- Don't show as we are using a graphical BACKSPACE button -->
				<left>0</left>
				<top>0</top>
				<width>0</width>
				<height>0</height>
				<texturenofocus>blank.png</texturenofocus>
				<texturefocus>blank.png</texturefocus>
				<visible>false</visible>
			</control>
		</control>
	</controls>
</window>
