<?xml version="1.0" encoding="UTF-8"?>
<window>
	<defaultcontrol>10</defaultcontrol>
	<coordinates>
		<left>0</left>
		<top>0</top>
	</coordinates>
	<include>screen-fade</include>
	<controls>
		<include>fadebackground</include>
		<control type="image"><!-- Dialog background image -->
			<left>295</left>
			<top>238</top>
			<width>690</width>
			<height>244</height>
			<texture border="8">button-menu-background.png</texture>
		</control>
		<control type="label" id="1"><!-- Dialog heading -->
			<left>315</left>
			<top>250</top>
			<width>650</width>
			<height>37</height>
			<align>center</align>
		</control>
		<control type="image">
			<left>315</left>
			<top>288</top>
			<width>650</width>
			<height>4</height>
			<texture>separator.png</texture>
		</control>
		<control type="textbox" id="9"><!-- Dialog info prompt -->
			<left>315</left>
			<top>302</top>
			<width>650</width>
			<height>110</height>
			<align>center</align>
			<font>font11</font>
			<autoscroll time="2000" delay="8000" repeat="5000">Skin.HasSetting(text-autoscroll) + !System.ScreenSaverActive</autoscroll>
		</control>
		<control type="button" id="10"><!-- OK -->
			<left>507</left>
			<top>414</top>
			<width>265</width>
			<height>50</height>
			<label>$LOCALIZE[186]</label>
			<font>font12</font>
			<align>center</align>
		</control>
	</controls>
</window>