<?xml version="1.0" encoding="UTF-8"?>
<window>
	<defaultcontrol>450</defaultcontrol>
	<include>screen-fade</include>
	<coordinates>
		<left>0</left>
		<top>0</top>
	</coordinates>
	<controls>
		<include>fadebackground</include>
		<control type="image"><!-- Dialog background image -->
			<left>315</left>
			<top>247</top>
			<width>650</width>
			<height>225</height>
			<texture border="8">button-menu-background.png</texture>
		</control>
		<control type="label"><!-- Dialog heading -->
			<left>345</left>
			<top>262</top>
			<width>590</width>
			<height>30</height>
			<align>center</align>
			<label>$INFO[ListItem.Label]</label>
		</control>
		<control type="button"><!-- Touch Close button -->
			<left>942</left>
			<top>236</top>
			<width>32</width>
			<height>32</height>
			<texturefocus>touch-close.png</texturefocus>
			<texturenofocus>touch-close.png</texturenofocus>
			<onclick>Dialog.Close(filestackingdialog)</onclick>
			<visible>system.getbool(input.enablemouse)</visible>
		</control>
		<control type="image">
			<left>345</left>
			<top>297</top>
			<width>590</width>
			<height>4</height>
			<texture>separator.png</texture>
		</control>
		<control type="label">
			<left>345</left>
			<top>307</top>
			<width>590</width>
			<height>60</height>
			<align>center</align>
			<wrapmultiline>true</wrapmultiline>
			<font>font11</font>
			<label>$LOCALIZE[33081]</label>
		</control>
		<control type="image">
			<left>360</left>
			<top>377</top>
			<width>30</width>
			<height>30</height>
			<texture>scroll-left.png</texture>
			<visible>Container(450).HasPrevious</visible>
		</control>
		<control type="image">
			<left>890</left>
			<top>377</top>
			<width>30</width>
			<height>30</height>
			<texture>scroll-right.png</texture>
			<visible>Container(450).HasNext</visible>
		</control>
		<control type="list" id="450">
			<left>400</left>
			<top>377</top>
			<width>480</width>
			<height>30</height>
			<onleft>450</onleft>
			<onright>450</onright>
			<onup>450</onup>
			<ondown>450</ondown>
			<orientation>horizontal</orientation>
			<viewtype label="535">list</viewtype>
			<itemlayout width="40" height="30">
				<control type="image">
					<left>0</left>
					<top>0</top>
					<width>38</width>
					<height>30</height>
					<aspectratio>stretch</aspectratio>
					<texture>colours/grey.png</texture>
				</control>
			</itemlayout>
			<focusedlayout width="40" height="30">
				<control type="image">
					<left>0</left>
					<top>0</top>
					<width>38</width>
					<height>30</height>
					<aspectratio>stretch</aspectratio>
					<texture>colours/blue.png</texture>
				</control>
			</focusedlayout>
		</control>
		<control type="label">
			<left>345</left>
			<top>427</top>
			<width>590</width>
			<height>22</height>
			<font>font11</font>
			<align>center</align>
			<info>Container(450).ListItem.Label</info>
		</control>
	</controls>
</window>