<?xml version="1.0" encoding="utf-8"?>
<includes>
	<include name="VertHomeMenu">
		<include>background</include>

		<control type="button" id="421"><!-- Bring up Player controls if go left -->
			<left>-24</left>
			<top>-24</top>
			<width>1</width>
			<height>1</height>
			<onfocus>ActivateWindow(PlayerControls)</onfocus>
			<onfocus>Control.SetFocus(9000)</onfocus>
		</control>

		<control type="group"><!-- Show time on home screen -->
			<visible>!Skin.HasSetting(home-time)</visible>
			<control type="label"><!-- Date -->
				<left>354</left>
				<top>18</top>
				<width>566</width>
				<height>25</height>
				<label>$INFO[System.Date]</label>
				<align>center</align>
			</control>
			<control type="label"><!-- Time -->
				<left>354</left>
				<top>46</top>
				<width>566</width>
				<height>30</height>
				<label>$INFO[System.Time(hh:mm xx)]</label>
				<align>center</align>
				<font>font18</font>
			</control>
		</control>

		<control type="group"><!-- Weather Condition -->
			<visible>Skin.HasSetting(home-currentweather) + !IsEmpty(Weather.plugin) + Weather.IsFetched</visible>
			<control type="label"><!-- Can't get current weather conditions -->
				<left>1185</left>
				<top>31</top>
				<width>212</width>
				<height>50</height>
				<wrapmultiline>true</wrapmultiline>
				<label>$LOCALIZE[412]</label>
				<align>right</align>
				<visible>IsEmpty(Weather.Conditions)</visible>
			</control>
			<control type="group">
				<visible>!IsEmpty(Weather.Conditions)</visible>
				<control type="label"><!-- Current temperature -->
					<left>920</left>
					<top>2</top>
					<width>212</width>
					<height>38</height>
					<font>font22</font>
					<align>right</align>
					<aligny>top</aligny>
					<label>$INFO[Weather.Temperature]</label>
				</control>
				<control type="label"><!-- Current conditions -->
					<left>920</left>
					<top>44</top>
					<width>212</width>
					<height>50</height>
					<wrapmultiline>true</wrapmultiline>
					<label>$INFO[Weather.Conditions]</label>
					<align>right</align>
				</control>
				<control type="multiimage"><!-- Custom current weather condition icon -->
					<left>1138</left>
					<top>6</top>
					<width>86</width>
					<height>86</height>
					<imagepath>$INFO[Skin.String(custom-weathericons)]$INFO[Window(Weather).Property(Current.FanartCode)]</imagepath>
					<aspectratio>keep</aspectratio>
					<timeperimage>200</timeperimage>
					<randomize>false</randomize>
					<fadetime>0</fadetime>
					<visible>Skin.String(custom-weathericons)</visible>
				</control>
				<control type="image"><!-- Current weather condition icon -->
					<left>1138</left>
					<top>6</top>
					<width>86</width>
					<height>86</height>
					<texture>$INFO[Weather.Conditions]</texture>
					<aspectratio>keep</aspectratio>
					<visible>!Skin.String(custom-weathericons)</visible>
				</control>
			</control>
		</control>

		<control type="image"><!-- Markers for excess menu items -->
			<left>956</left>
			<top>92</top>
			<height>32</height>
			<width>32</width>
			<texture>scroll-up.png</texture>
			<visible>Container(9000).HasPrevious</visible>
		</control>
		<control type="image">
			<left>956</left>
			<top>616</top>
			<height>32</height>
			<width>32</width>
			<texture>scroll-down.png</texture>
			<visible>Container(9000).HasNext</visible>
		</control>

		<control type="list" id="9000"><!-- Home menu list -->
			<left>716</left>
			<top>118</top>
			<height>504</height>
			<width>514</width>
			<onleft condition="[Player.HasVideo | Player.HasAudio]">421</onleft>
			<onright condition="StringCompare(Skin.String(show-scrollbar),$LOCALIZE[31877])">noop</onright>
			<onright condition="!StringCompare(Skin.String(show-scrollbar),$LOCALIZE[31877])">23</onright>
			<onup>9000</onup>
			<ondown>9000</ondown>
			<pagecontrol>23</pagecontrol>
			<itemlayout width="560" height="56">
				<control type="label">
					<left>26</left>
					<top>16</top>
					<width>430</width>
					<height>24</height>
					<label>$INFO[ListItem.Label]</label>
				</control>
			</itemlayout>
			<focusedlayout width="560" height="56">
				<control type="image">
					<left>0</left>
					<top>0</top>
					<width>514</width>
					<height>56</height>
					<texture border="8">button-default-focus.png</texture>
				</control>
				<control type="label">
					<left>26</left>
					<top>16</top>
					<width>430</width>
					<height>24</height>
					<label>$INFO[ListItem.Label]</label>
				</control>
			</focusedlayout>
			<content>
				<item>
					<thumb>DefaultVideo.png</thumb>
					<label>$LOCALIZE[3]</label>
					<onclick>ActivateWindow(Videos,Files,return)</onclick>
					<visible>!Skin.HasSetting(home-video)</visible>
				</item>
				<item>
					<thumb>DefaultVideo.png</thumb>
					<label>$LOCALIZE[31026]</label>
					<onclick>$VAR[MovieLibEntry]</onclick>
					<visible>!Skin.HasSetting(home-movie)</visible>
				</item>
				<item>
					<thumb>$INFO[Skin.String(CustomMovies.1.Icon)]</thumb>
					<label>$INFO[Skin.String(CustomMovies.1.Label)] </label>
					<onclick>$INFO[Skin.String(CustomMovies.1.Path)]</onclick>
					<visible>!IsEmpty(Skin.String(CustomMovies.1.Path))</visible>
				</item>
				<item>
					<thumb>$INFO[Skin.String(CustomMovies.2.Icon)]</thumb>
					<label>$INFO[Skin.String(CustomMovies.2.Label)] </label>
					<onclick>$INFO[Skin.String(CustomMovies.2.Path)]</onclick>
					<visible>!IsEmpty(Skin.String(CustomMovies.2.Path))</visible>
				</item>
				<item>
					<thumb>$INFO[Skin.String(CustomMovies.3.Icon)]</thumb>
					<label>$INFO[Skin.String(CustomMovies.3.Label)] </label>
					<onclick>$INFO[Skin.String(CustomMovies.3.Path)]</onclick>
					<visible>!IsEmpty(Skin.String(CustomMovies.3.Path))</visible>
				</item>
				<item>
					<thumb>$INFO[Skin.String(CustomMovies.4.Icon)]</thumb>
					<label>$INFO[Skin.String(CustomMovies.4.Label)] </label>
					<onclick>$INFO[Skin.String(CustomMovies.4.Path)]</onclick>
					<visible>!IsEmpty(Skin.String(CustomMovies.4.Path))</visible>
				</item>
				<item>
					<thumb>$INFO[Skin.String(CustomMovies.5.Icon)]</thumb>
					<label>$INFO[Skin.String(CustomMovies.5.Label)] </label>
					<onclick>$INFO[Skin.String(CustomMovies.5.Path)]</onclick>
					<visible>!IsEmpty(Skin.String(CustomMovies.5.Path))</visible>
				</item>
				<item>
					<thumb>DefaultTVShows.png</thumb>
					<label>$LOCALIZE[31027]</label>
					<onclick>$VAR[TVLibEntry]</onclick>
					<visible>!Skin.HasSetting(home-tvshows)</visible>
				</item>
				<item>
					<thumb>$INFO[Skin.String(CustomTVShow.1.Icon)]</thumb>
					<label>$INFO[Skin.String(CustomTVShow.1.Label)] </label>
					<onclick>$INFO[Skin.String(CustomTVShow.1.Path)]</onclick>
					<visible>!IsEmpty(Skin.String(CustomTVShow.1.Path))</visible>
				</item>
				<item>
					<thumb>$INFO[Skin.String(CustomTVShow.2.Icon)]</thumb>
					<label>$INFO[Skin.String(CustomTVShow.2.Label)] </label>
					<onclick>$INFO[Skin.String(CustomTVShow.2.Path)]</onclick>
					<visible>!IsEmpty(Skin.String(CustomTVShow.2.Path))</visible>
				</item>
				<item>
					<thumb>$INFO[Skin.String(CustomTVShow.3.Icon)]</thumb>
					<label>$INFO[Skin.String(CustomTVShow.3.Label)] </label>
					<onclick>$INFO[Skin.String(CustomTVShow.3.Path)]</onclick>
					<visible>!IsEmpty(Skin.String(CustomTVShow.3.Path))</visible>
				</item>
				<item>
					<thumb>$INFO[Skin.String(CustomTVShow.4.Icon)]</thumb>
					<label>$INFO[Skin.String(CustomTVShow.4.Label)] </label>
					<onclick>$INFO[Skin.String(CustomTVShow.4.Path)]</onclick>
					<visible>!IsEmpty(Skin.String(CustomTVShow.4.Path))</visible>
				</item>
				<item>
					<thumb>$INFO[Skin.String(CustomTVShow.5.Icon)]</thumb>
					<label>$INFO[Skin.String(CustomTVShow.5.Label)] </label>
					<onclick>$INFO[Skin.String(CustomTVShow.5.Path)]</onclick>
					<visible>!IsEmpty(Skin.String(CustomTVShow.5.Path))</visible>
				</item>
				<item>
					<thumb>DefaultMusicVideos.png</thumb>
					<label>$LOCALIZE[31028]</label>
					<onclick>$VAR[MusicVideoLibEntry]</onclick>
					<visible>Skin.HasSetting(home-musicvideo)</visible>
				</item>
				<item>
					<thumb>icon-livetv.png</thumb>
					<label>$LOCALIZE[19020]</label>
					<onclick>$VAR[TVEntry]</onclick>
					<visible>System.GetBool(pvrmanager.enabled) + Pvr.HasTVChannels</visible>
				</item>
				<item>
					<thumb>$INFO[Skin.String(CustomTV.1.Icon)]</thumb>
					<label>$INFO[Skin.String(CustomTV.1.Label)]</label>
					<onclick>$INFO[Skin.String(CustomTV.1.Path)]</onclick>
					<visible>!IsEmpty(Skin.String(CustomTV.1.Path))</visible>
				</item>
				<item>
					<thumb>$INFO[Skin.String(CustomTV.2.Icon)]</thumb>
					<label>$INFO[Skin.String(CustomTV.2.Label)]</label>
					<onclick>$INFO[Skin.String(CustomTV.2.Path)]</onclick>
					<visible>!IsEmpty(Skin.String(CustomTV.2.Path))</visible>
				</item>
				<item>
					<thumb>$INFO[Skin.String(CustomTV.3.Icon)]</thumb>
					<label>$INFO[Skin.String(CustomTV.3.Label)]</label>
					<onclick>$INFO[Skin.String(CustomTV.3.Path)]</onclick>
					<visible>!IsEmpty(Skin.String(CustomTV.3.Path))</visible>
				</item>
				<item>
					<thumb>$INFO[Skin.String(CustomTV.4.Icon)]</thumb>
					<label>$INFO[Skin.String(CustomTV.4.Label)]</label>
					<onclick>$INFO[Skin.String(CustomTV.4.Path)]</onclick>
					<visible>!IsEmpty(Skin.String(CustomTV.4.Path))</visible>
				</item>
				<item>
					<thumb>$INFO[Skin.String(CustomTV.5.Icon)]</thumb>
					<label>$INFO[Skin.String(CustomTV.5.Label)]</label>
					<onclick>$INFO[Skin.String(CustomTV.5.Path)]</onclick>
					<visible>!IsEmpty(Skin.String(CustomTV.5.Path))</visible>
				</item>
				<item>
					<thumb>icon-radio.png</thumb>
					<label>$LOCALIZE[19021]</label>
					<onclick>$VAR[RadioEntry]</onclick>
					<visible>System.GetBool(pvrmanager.enabled) + Pvr.HasRadioChannels</visible>
				</item>
				<item>
					<thumb>$INFO[Skin.String(CustomRadio.1.Icon)]</thumb>
					<label>$INFO[Skin.String(CustomRadio.1.Label)]</label>
					<onclick>$INFO[Skin.String(CustomRadio.1.Path)]</onclick>
					<visible>!IsEmpty(Skin.String(CustomRadio.1.Path))</visible>
				</item>
				<item>
					<thumb>$INFO[Skin.String(CustomRadio.2.Icon)]</thumb>
					<label>$INFO[Skin.String(CustomRadio.2.Label)]</label>
					<onclick>$INFO[Skin.String(CustomRadio.2.Path)]</onclick>
					<visible>!IsEmpty(Skin.String(CustomRadio.2.Path))</visible>
				</item>
				<item>
					<thumb>$INFO[Skin.String(CustomRadio.3.Icon)]</thumb>
					<label>$INFO[Skin.String(CustomRadio.3.Label)]</label>
					<onclick>$INFO[Skin.String(CustomRadio.3.Path)]</onclick>
					<visible>!IsEmpty(Skin.String(CustomRadio.3.Path))</visible>
				</item>
				<item>
					<thumb>$INFO[Skin.String(CustomRadio.4.Icon)]</thumb>
					<label>$INFO[Skin.String(CustomRadio.4.Label)]</label>
					<onclick>$INFO[Skin.String(CustomRadio.4.Path)]</onclick>
					<visible>!IsEmpty(Skin.String(CustomRadio.4.Path))</visible>
				</item>
				<item>
					<thumb>$INFO[Skin.String(CustomRadio.5.Icon)]</thumb>
					<label>$INFO[Skin.String(CustomRadio.5.Label)]</label>
					<onclick>$INFO[Skin.String(CustomRadio.5.Path)]</onclick>
					<visible>!IsEmpty(Skin.String(CustomRadio.5.Path))</visible>
				</item>
				<item>
					<thumb>DefaultMusicSongs.png</thumb>
					<label>$LOCALIZE[31030]</label>
					<onclick>$VAR[MusicLibEntry]</onclick>
					<visible>!Skin.HasSetting(home-music)</visible>
				</item>
				<item>
					<thumb>$INFO[Skin.String(CustomMusic.1.Icon)]</thumb>
					<label>$INFO[Skin.String(CustomMusic.1.Label)]</label>
					<onclick>$INFO[Skin.String(CustomMusic.1.Path)]</onclick>
					<visible>!IsEmpty(Skin.String(CustomMusic.1.Path))</visible>
				</item>
				<item>
					<thumb>$INFO[Skin.String(CustomMusic.2.Icon)]</thumb>
					<label>$INFO[Skin.String(CustomMusic.2.Label)]</label>
					<onclick>$INFO[Skin.String(CustomMusic.2.Path)]</onclick>
					<visible>!IsEmpty(Skin.String(CustomMusic.2.Path))</visible>
				</item>
				<item>
					<thumb>$INFO[Skin.String(CustomMusic.3.Icon)]</thumb>
					<label>$INFO[Skin.String(CustomMusic.3.Label)]</label>
					<onclick>$INFO[Skin.String(CustomMusic.3.Path)]</onclick>
					<visible>!IsEmpty(Skin.String(CustomMusic.3.Path))</visible>
				</item>
				<item>
					<thumb>$INFO[Skin.String(CustomMusic.4.Icon)]</thumb>
					<label>$INFO[Skin.String(CustomMusic.4.Label)]</label>
					<onclick>$INFO[Skin.String(CustomMusic.4.Path)]</onclick>
					<visible>!IsEmpty(Skin.String(CustomMusic.4.Path))</visible>
				</item>
				<item>
					<thumb>$INFO[Skin.String(CustomMusic.5.Icon)]</thumb>
					<label>$INFO[Skin.String(CustomMusic.5.Label)]</label>
					<onclick>$INFO[Skin.String(CustomMusic.5.Path)]</onclick>
					<visible>!IsEmpty(Skin.String(CustomMusic.5.Path))</visible>
				</item>
				<item>
					<thumb>DefaultAddon.png</thumb>
					<label>$LOCALIZE[24001]</label>
					<onclick>ActivateWindow(1155,,return)</onclick>
					<visible>!Skin.HasSetting(home-programs)</visible>
				</item>
				<item>
					<thumb>$INFO[Skin.String(CustomAddon.1.Icon)]</thumb>
					<label>$INFO[Skin.String(CustomAddon.1.Label)]</label>
					<onclick>$INFO[Skin.String(CustomAddon.1.Path)]</onclick>
					<visible>!IsEmpty(Skin.String(CustomAddon.1.Path))</visible>
				</item>
				<item>
					<thumb>$INFO[Skin.String(CustomAddon.2.Icon)]</thumb>
					<label>$INFO[Skin.String(CustomAddon.2.Label)]</label>
					<onclick>$INFO[Skin.String(CustomAddon.2.Path)]</onclick>
					<visible>!IsEmpty(Skin.String(CustomAddon.2.Path))</visible>
				</item>
				<item>
					<thumb>$INFO[Skin.String(CustomAddon.3.Icon)]</thumb>
					<label>$INFO[Skin.String(CustomAddon.3.Label)]</label>
					<onclick>$INFO[Skin.String(CustomAddon.3.Path)]</onclick>
					<visible>!IsEmpty(Skin.String(CustomAddon.3.Path))</visible>
				</item>
				<item>
					<thumb>$INFO[Skin.String(CustomAddon.4.Icon)]</thumb>
					<label>$INFO[Skin.String(CustomAddon.4.Label)]</label>
					<onclick>$INFO[Skin.String(CustomAddon.4.Path)]</onclick>
					<visible>!IsEmpty(Skin.String(CustomAddon.4.Path))</visible>
				</item>
				<item>
					<thumb>$INFO[Skin.String(CustomAddon.5.Icon)]</thumb>
					<label>$INFO[Skin.String(CustomAddon.5.Label)]</label>
					<onclick>$INFO[Skin.String(CustomAddon.5.Path)]</onclick>
					<visible>!IsEmpty(Skin.String(CustomAddon.5.Path))</visible>
				</item>
				<item>
					<thumb>DefaultPicture.png</thumb>
					<label>$LOCALIZE[1]</label>
					<onclick>ActivateWindow(MyPictures,,return)</onclick>
					<visible>Skin.HasSetting(home-photos)</visible>
				</item>
				<item>
					<thumb>icon-weather.png</thumb>
					<label>$LOCALIZE[31032]</label>
					<onclick>ActivateWindow(Weather,,return)</onclick>
					<visible>Skin.HasSetting(home-weather) + !IsEmpty(Weather.plugin)</visible>
				</item>
				<item>
					<thumb>icon-fav.png</thumb>
					<label>$LOCALIZE[31652]</label>
					<onclick>ActivateWindow(Favourites)</onclick>
					<visible>Skin.HasSetting(home-favorites)</visible>
				</item>
				<item>
					<thumb>icon-search.png</thumb>
					<label>$LOCALIZE[137]</label>
					<onclick>RunScript(script.globalsearch)</onclick>
					<visible>Skin.HasSetting(home-search)</visible>
				</item>
				<item>
					<thumb>icon-profile.png</thumb>
					<label>$LOCALIZE[20092]</label>
					<onclick>System.LogOff</onclick>
					<visible>Skin.HasSetting(home-profile)</visible>
				</item>
				<item>
					<thumb>icon-settings.png</thumb>
					<label>$LOCALIZE[13000]</label>
					<onclick>ActivateWindow(Settings,,return)</onclick>
				</item>
				<item>
					<thumb>DefaultDVDRom.png</thumb>
					<label>$LOCALIZE[31036]</label>
					<onclick>PlayDVD</onclick>
					<visible>System.HasMediadvd + Skin.HasSetting(home-playdisc)</visible>
				</item>
				<item>
					<thumb>icon-power.png</thumb>
					<label>$LOCALIZE[13009]</label>
					<onclick>$VAR[QuitAction]</onclick>
					<visible>!Skin.HasSetting(home-shutdown)</visible>
				</item>
			</content>
		</control>
		<control type="group" id="3002">
			<visible>Container(9000).OnPrevious</visible>
			<animation effect="fade" start="100" time="200" tween="sine" easing="inout" reversible="false">Hidden</animation>
			<control type="group">
				<left>53</left>
				<top>187</top>
				<width>88</width>
				<height>125</height>
				<visible>Container(9000).OnPrevious</visible>
				<animation effect="slide" end="-100,0" time="100" reversible="false">Hidden</animation>
				<control type="image">
					<left>0</left>
					<top>0</top>
					<width>88</width>
					<height>62</height>
					<texture background="true" diffuse="mask-squ.png">$INFO[Container(9000).Listitem(3).thumb]</texture>
					<aspectratio aligny="bottom">keep</aspectratio>
					<colordiffuse>LongDistance</colordiffuse>
				</control>
				<control type="image">
					<left>0</left>
					<top>62</top>
					<width>88</width>
					<height>62</height>
					<texture background="true" flipy="true" diffuse="mask-fade.png">$INFO[Container(9000).Listitem(3).thumb]</texture>
					<aspectratio aligny="top">keep</aspectratio>
					<colordiffuse>LongDistance</colordiffuse>
				</control>
			</control>
			<control type="group">
				<left>168</left>
				<top>200</top>
				<width>115</width>
				<height>162</height>
				<visible>Container(9000).OnPrevious</visible>
				<animation effect="zoom" start="95,160,65,130" end="30,150,50,100" time="200" reversible="false">Hidden</animation>
				<control type="image">
					<left>0</left>
					<top>0</top>
					<width>115</width>
					<height>81</height>
					<texture background="true" diffuse="mask-squ.png">$INFO[Container(9000).Listitem(2).thumb]</texture>
					<aspectratio aligny="bottom">keep</aspectratio>
					<colordiffuse>LongDistance</colordiffuse>
				</control>
				<control type="image">
					<left>0</left>
					<top>81</top>
					<width>115</width>
					<height>81</height>
					<texture background="true" flipy="true" diffuse="mask-fade.png">$INFO[Container(9000).Listitem(2).thumb]</texture>
					<aspectratio aligny="top">keep</aspectratio>
					<colordiffuse>LongDistance</colordiffuse>
				</control>
			</control>
			<control type="group">
				<left>247</left>
				<top>181</top>
				<width>407</width>
				<height>575</height>
				<visible>Container(9000).OnPrevious</visible>
				<animation effect="zoom" start="140,145,230,460" end="95,160,65,130" time="200" reversible="false">Hidden</animation>
				<control type="image">
					<left>0</left>
					<top>0</top>
					<width>407</width>
					<height>287</height>
					<texture background="true" diffuse="mask-squ.png">$INFO[Container(9000).Listitem(1).thumb]</texture>
					<aspectratio aligny="bottom">keep</aspectratio>
					<colordiffuse>MiddleDistance</colordiffuse>
				</control>
				<control type="image">
					<left>0</left>
					<top>287</top>
					<width>407</width>
					<height>287</height>
					<texture background="true" flipy="true" diffuse="mask-fade.png">$INFO[Container(9000).Listitem(1).thumb]</texture>
					<aspectratio aligny="top">keep</aspectratio>
					<colordiffuse>MiddleDistance</colordiffuse>
				</control>
			</control>
			<control type="group">
				<left>-601</left>
				<top>281</top>
				<width>407</width>
				<height>575</height>
				<visible>Container(9000).OnPrevious</visible>
				<animation effect="slide" start="0,0" end="400,-80" delay="50" time="200" reversible="false">Hidden</animation>
				<control type="image">
					<left>0</left>
					<top>0</top>
					<width>407</width>
					<height>287</height>
					<texture background="true" diffuse="mask-squ.png">$INFO[Container(9000).Listitem(0).thumb]</texture>
					<aspectratio aligny="bottom">keep</aspectratio>
				</control>
				<control type="image">
					<left>0</left>
					<top>287</top>
					<width>407</width>
					<height>287</height>
					<texture background="true" flipy="true" diffuse="mask-fade.png">$INFO[Container(9000).Listitem(0).thumb]</texture>
					<aspectratio aligny="top">keep</aspectratio>
				</control>
			</control>
		</control>
		<control type="group" id="3001">
			<visible>Container(9000).OnNext</visible>
			<animation effect="fade" start="100" time="200" tween="sine" easing="inout" reversible="false">Hidden</animation>
			<control type="group">
				<left>-123</left>
				<top>187</top>
				<width>88</width>
				<height>125</height>
				<visible>Container(9000).OnNext</visible>
				<animation effect="slide" end="100,0" time="100" reversible="false">Hidden</animation>
				<control type="image">
					<left>0</left>
					<top>0</top>
					<width>88</width>
					<height>62</height>
					<texture background="true" diffuse="mask-squ.png">$INFO[Container(9000).Listitem(2).thumb]</texture>
					<aspectratio aligny="bottom">keep</aspectratio>
					<colordiffuse>LongDistance</colordiffuse>
				</control>
				<control type="image">
					<left>0</left>
					<top>62</top>
					<width>88</width>
					<height>62</height>
					<texture background="true" flipy="true" diffuse="mask-fade.png">$INFO[Container(9000).Listitem(2).thumb]</texture>
					<aspectratio aligny="top">keep</aspectratio>
					<colordiffuse>LongDistance</colordiffuse>
				</control>
			</control>
			<control type="group">
				<left>53</left>
				<top>187</top>
				<width>88</width>
				<height>125</height>
				<visible>Container(9000).OnNext</visible>
				<animation effect="zoom" start="30,150,50,100" end="95,160,65,130" time="200" reversible="false">Hidden</animation>
				<control type="image">
					<left>0</left>
					<top>0</top>
					<width>88</width>
					<height>62</height>
					<texture background="true" diffuse="mask-squ.png">$INFO[Container(9000).Listitem(1).thumb]</texture>
					<aspectratio aligny="bottom">keep</aspectratio>
					<colordiffuse>LongDistance</colordiffuse>
				</control>
				<control type="image">
					<left>0</left>
					<top>62</top>
					<width>88</width>
					<height>62</height>
					<texture background="true" flipy="true" diffuse="mask-fade.png">$INFO[Container(9000).Listitem(1).thumb]</texture>
					<aspectratio aligny="top">keep</aspectratio>
					<colordiffuse>LongDistance</colordiffuse>
				</control>
			</control>
			<control type="group">
				<left>168</left>
				<top>200</top>
				<width>115</width>
				<height>162</height>
				<visible>Container(9000).OnNext</visible>
				<animation effect="zoom" start="95,160,65,130" end="140,145,230,460" time="200" reversible="false">Hidden</animation>
				<control type="image">
					<left>0</left>
					<top>0</top>
					<width>115</width>
					<height>81</height>
					<texture background="true" diffuse="mask-squ.png">$INFO[Container(9000).Listitem(0).thumb]</texture>
					<aspectratio aligny="bottom">keep</aspectratio>
					<colordiffuse>MiddleDistance</colordiffuse>
				</control>
				<control type="image">
					<left>0</left>
					<top>81</top>
					<width>115</width>
					<height>81</height>
					<texture background="true" flipy="true" diffuse="mask-fade.png">$INFO[Container(9000).Listitem(0).thumb]</texture>
					<aspectratio aligny="top">keep</aspectratio>
					<colordiffuse>MiddleDistance</colordiffuse>
				</control>
			</control>
			<control type="group">
				<left>247</left>
				<top>181</top>
				<width>407</width>
				<height>575</height>
				<visible>Container(9000).OnNext</visible>
				<animation effect="slide" start="0,0" end="-400,80" time="200" reversible="false">Hidden</animation>
				<control type="image">
					<left>0</left>
					<top>0</top>
					<width>407</width>
					<height>287</height>
					<texture background="true" diffuse="mask-squ.png">$INFO[Container(9000).Listitem(-1).thumb]</texture>
					<aspectratio aligny="bottom">keep</aspectratio>
				</control>
				<control type="image">
					<left>0</left>
					<top>287</top>
					<width>407</width>
					<height>287</height>
					<texture background="true" flipy="true" diffuse="mask-fade.png">$INFO[Container(9000).Listitem(-1).thumb]</texture>
					<aspectratio aligny="top">keep</aspectratio>
				</control>
			</control>
		</control>
		<control type="group">
			<visible>!Control.IsVisible(3001) + !Control.IsVisible(3002)</visible>
			<control type="group">
				<left>53</left>
				<top>187</top>
				<width>88</width>
				<height>125</height>
				<control type="image">
					<left>0</left>
					<top>0</top>
					<width>88</width>
					<height>62</height>
					<texture background="true" diffuse="mask-squ.png">$INFO[Container(9000).Listitem(2).thumb]</texture>
					<aspectratio aligny="bottom">keep</aspectratio>
					<colordiffuse>LongDistance</colordiffuse>
				</control>
				<control type="image">
					<left>0</left>
					<top>62</top>
					<width>88</width>
					<height>62</height>
					<texture background="true" flipy="true" diffuse="mask-fade.png">$INFO[Container(9000).Listitem(2).thumb]</texture>
					<aspectratio aligny="top">keep</aspectratio>
					<colordiffuse>LongDistance</colordiffuse>
				</control>
			</control>
			<control type="group">
				<left>168</left>
				<top>200</top>
				<width>115</width>
				<height>162</height>
				<control type="image">
					<left>0</left>
					<top>0</top>
					<width>115</width>
					<height>81</height>
					<texture background="true" diffuse="mask-squ.png">$INFO[Container(9000).Listitem(1).thumb]</texture>
					<aspectratio aligny="bottom">keep</aspectratio>
					<colordiffuse>MiddleDistance</colordiffuse>
				</control>
				<control type="image">
					<left>0</left>
					<top>81</top>
					<width>115</width>
					<height>81</height>
					<texture background="true" flipy="true" diffuse="mask-fade.png">$INFO[Container(9000).Listitem(1).thumb]</texture>
					<aspectratio aligny="top">keep</aspectratio>
					<colordiffuse>MiddleDistance</colordiffuse>
				</control>
			</control>
			<control type="group">
				<left>247</left>
				<top>181</top>
				<width>407</width>
				<height>575</height>
				<control type="image">
					<left>0</left>
					<top>0</top>
					<width>407</width>
					<height>287</height>
					<texture background="true" diffuse="mask-squ.png">$INFO[Container(9000).Listitem(0).thumb]</texture>
					<aspectratio aligny="bottom">keep</aspectratio>
				</control>
				<control type="image">
					<left>0</left>
					<top>287</top>
					<width>407</width>
					<height>287</height>
					<texture background="true" flipy="true" diffuse="mask-fade.png">$INFO[Container(9000).Listitem(0).thumb]</texture>
					<aspectratio aligny="top">keep</aspectratio>
				</control>
			</control>
		</control>

		<control type="scrollbar" id="23"><!-- Scroll Bar -->
			<left>1244</left>
			<top>142</top>
			<width>18</width>
			<height>512</height>
			<onleft>9000</onleft>
			<animation condition="!Control.HasFocus(23) + !Container.Scrolling + !StringCompare(Skin.String(show-scrollbar),$LOCALIZE[31875])" effect="fade" start="100" end="0" time="200" reversible="true">Conditional</animation>
			<visible>!StringCompare(Skin.String(show-scrollbar),$LOCALIZE[31877])</visible>
		</control>

		<control type="image"><!-- Home menu watermark -->
			<left>1100</left>
			<top>592</top>
			<width>128</width>
			<height>128</height>
			<aspectratio aligny="top">keep</aspectratio>
			<texture background="true">$INFO[Skin.String(custom-watermark)]</texture>
			<colordiffuse>UnFocusedPosters</colordiffuse>
			<visible>!IsEmpty(Skin.String(custom-watermark))</visible>
		</control>
		<!-- RSS info -->
		<include condition="system.getbool(lookandfeel.enablerssfeeds)">page-info</include>
		<!-- media infos (music) -->
		<control type="group" id="9950">
			<visible>Skin.HasSetting(media-overlay) + !Window.IsActive(PlayerControls)</visible>
			<control type="group" id="9960">
				<visible>Player.HasAudio + IsEmpty(Window(VideoLibrary).Property(PlayingBackgroundMedia))</visible>
				<control type="image">
					<left>20</left>
					<top>536</top>
					<width>130</width>
					<height>130</height>
					<texture>$INFO[MusicPlayer.Cover]</texture>
					<aspectratio align="center">keep</aspectratio>
				</control>
				<control type="label">
					<left>170</left>
					<top>537</top>
					<width>520</width>
					<height>31</height>
					<label>$INFO[MusicPlayer.Artist]</label>
					<font>font12</font>
					<include condition="Skin.HasSetting(text-autoscroll)">scrolltext</include>
				</control>
				<control type="label">
					<left>170</left>
					<top>568</top>
					<width>520</width>
					<height>31</height>
					<label>$INFO[MusicPlayer.Album]</label>
					<font>font12</font>
					<include condition="Skin.HasSetting(text-autoscroll)">scrolltext</include>
				</control>
				<control type="label">
					<left>170</left>
					<top>600</top>
					<width>520</width>
					<height>31</height>
					<label>$INFO[MusicPlayer.Title]</label>
					<font>font12</font>
					<include condition="Skin.HasSetting(text-autoscroll)">scrolltext</include>
				</control>
				<control type="label">
					<left>170</left>
					<top>631</top>
					<width>520</width>
					<height>31</height>
					<label>$INFO[MusicPlayer.Time]$INFO[MusicPlayer.Duration, / ]</label>
					<font>font12</font>
				</control>
			</control>
			<!-- media infos (video) -->
			<control type="group" id="9970">
				<visible>Player.HasVideo</visible>
				<control type="videowindow"><!-- video preview window -->
					<left>44</left>
					<top>520</top>
					<width>205</width>
					<height>123</height>
				</control>
				<control type="label"><!-- Now playing -->
					<left>265</left>
					<top>537</top>
					<width>398</width>
					<height>31</height>
					<label>$LOCALIZE[13350]</label>
					<font>font12</font>
					<textcolor>listselected-text</textcolor>
				</control>
				<control type="label">
					<left>265</left>
					<top>568</top>
					<width>398</width>
					<height>31</height>
					<label>$INFO[VideoPlayer.Title]</label>
					<font>font12</font>
					<include condition="Skin.HasSetting(text-autoscroll)">scrolltext</include>
				</control>
				<control type="label">
					<left>265</left>
					<top>600</top>
					<width>398</width>
					<height>31</height>
					<label>$INFO[VideoPlayer.Time]$INFO[VideoPlayer.Duration, / ]</label>
					<font>font12</font>
					<include condition="Skin.HasSetting(text-autoscroll)">scrolltext</include>
				</control>
			</control>
		</control>
	</include>
</includes>