<?xml version="1.0" encoding="UTF-8"?>
<window>
	<defaultcontrol always="true">50</defaultcontrol>
	<allowoverlay>yes</allowoverlay>
	<include>screen-fade</include>
	<views>50,52,54,58</views>
	<controls>
		<include>background</include>
		<include>Fake-Overlay</include>
		<control type="grouplist">
			<left>780</left>
			<top>20</top>
			<width>auto</width>
			<height>32</height>
			<align>left</align>
			<aligny>center</aligny>
			<orientation>horizontal</orientation>
			<control type="label"><!-- Heading label -->
				<width max="400">auto</width>
				<height>32</height>
				<label>$LOCALIZE[1]</label>
				<font>font18</font>
			</control>
			<control type="label"><!-- Number of files -->
				<top>14</top>
				<width max="80">auto</width>
				<height>32</height>
				<label>$INFO[Container.NumItems,(,)]</label>
			</control>
		</control>

		<control type="group"><!-- Various Views of Pictures library -->
			<include file="View-General.xml">ListView</include>
			<include file="View-General.xml">IconView</include>
			<include file="View-Photo.xml">PhotoWrap</include>
			<include file="View-Photo.xml">PhotoWall</include>
		</control>

		<control type="group">
			<top>720</top>
			<include>screen-settings</include>
			<include>fadebackground</include>
			<control type="image"><!-- Button background -->
				<left>440</left>
				<top>92</top>
				<width>396</width>
				<height>550</height>
				<texture border="8">button-menu-background.png</texture>
			</control>
			<control type="label"><!-- Dialog heading -->
				<left>450</left>
				<top>106</top>
				<width>372</width>
				<height>34</height>
				<font>font12</font>
				<label>$LOCALIZE[31557]</label>
				<align>center</align>
			</control>
			<control type="button"><!-- Touch Close button -->
				<left>814</left>
				<top>82</top>
				<width>32</width>
				<height>32</height>
				<texturefocus>touch-close.png</texturefocus>
				<texturenofocus>touch-close.png</texturenofocus>
				<onclick condition="!StringCompare(Window(Home).Property(ShowScreenSettings),show)">SetProperty(ShowScreenSettings,show,Home)</onclick>
				<onclick condition="StringCompare(Window(Home).Property(ShowScreenSettings),show)">ClearProperty(ShowScreenSettings,Home)</onclick>
				<visible>system.getbool(input.enablemouse)</visible>
			</control>
			<control type="image">
				<left>450</left>
				<top>142</top>
				<width>372</width>
				<height>4</height>
				<texture>separator.png</texture>
			</control>
			<control type="grouplist" id="9000">
				<left>450</left>
				<top>154</top>
				<width>376</width>
				<height>480</height>
				<onright>50</onright>
				<onleft>50</onleft>
				<control type="button" id="2"><!-- View type -->
					<width>376</width>
					<height>48</height>
					<font>font11</font>
					<label>$LOCALIZE[100]</label>
					<textoffsetx>10</textoffsetx>
				</control>
				<control type="radiobutton" id="1198"><!-- Tilt icon list view -->
					<width>376</width>
					<height>48</height>
					<label>$LOCALIZE[31886]</label>
					<font>font11</font>
					<onclick>Skin.ToggleSetting(tiltmisclisticon)</onclick>
					<selected>Skin.HasSetting(tiltmisclisticon)</selected>
					<textoffsetx>10</textoffsetx>
					<radioposx>330</radioposx>
					<visible>SubString(Control.GetLabel(2),$LOCALIZE[31941],Right)</visible>
				</control>
				<control type="radiobutton" id="1197"><!-- Tilt icon wall view -->
					<width>376</width>
					<height>48</height>
					<label>$LOCALIZE[31886]</label>
					<font>font11</font>
					<onclick>Skin.ToggleSetting(tiltmiscwallicon)</onclick>
					<selected>Skin.HasSetting(tiltmiscwallicon)</selected>
					<textoffsetx>10</textoffsetx>
					<radioposx>330</radioposx>
					<visible>SubString(Control.GetLabel(2),$LOCALIZE[31944],Right)</visible>
				</control>
				<control type="button" id="3"><!-- Sort by -->
					<width>376</width>
					<height>48</height>
					<font>font11</font>
					<label>$LOCALIZE[103]</label>
					<textoffsetx>10</textoffsetx>
				</control>
				<control type="togglebutton" id="4"><!-- Sort direction -->
					<width>376</width>
					<height>48</height>
					<label>$LOCALIZE[21429]: $LOCALIZE[21430]</label>
					<altlabel>$LOCALIZE[21429]: $LOCALIZE[21431]</altlabel>
					<font>font11</font>
					<textoffsetx>10</textoffsetx>
				</control>
				<control type="edit" id="19"><!-- Filter -->
					<width>376</width>
					<height>48</height>
					<font>font11</font>
					<label>$LOCALIZE[587]</label>
					<disabledcolor>disabled-text</disabledcolor>
					<textwidth>340</textwidth>
					<textoffsetx>10</textoffsetx>
				</control>
				<control type="button" id="6"><!-- Slideshow -->
					<width>376</width>
					<height>48</height>
					<textoffsetx>10</textoffsetx>
					<label>$LOCALIZE[108]</label>
					<font>font11</font>
				</control>
				<control type="button" id="7"><!-- Recursive slideshow -->
					<width>376</width>
					<height>48</height>
					<font>font11</font>
					<textoffsetx>10</textoffsetx>
					<label>$LOCALIZE[361]</label>
				</control>
				<control type="radiobutton" id="9"><!-- Randomize -->
					<width>376</width>
					<height>48</height>
					<font>font11</font>
					<textoffsetx>10</textoffsetx>
					<label>$LOCALIZE[13319]</label>
					<radioposx>330</radioposx>
				</control>
				<control type="button" id="1200"><!-- Player controls -->
					<width>376</width>
					<height>48</height>
					<font>font11</font>
					<textoffsetx>10</textoffsetx>
					<label>$LOCALIZE[16003] $LOCALIZE[478]</label>
					<onclick>ActivateWindow(playercontrols)</onclick>
					<onclick>SetFocus(50)</onclick>
					<enable>Player.HasAudio | Player.HasVideo</enable>
				</control>
			</control>
		</control>

		<include>group-focusvert</include>
		<include>group-focushorz</include>

		<include>touch-controls</include>

	</controls>
</window>