<?xml version="1.0" encoding="UTF-8"?>
<window>
	<defaultcontrol>1113</defaultcontrol>
	<include>screen-fade</include>
	<animation effect="fade" end="0" time="200" condition="[Window.IsVisible(sliderdialog) | Window.IsVisible(osdvideosettings) | Window.IsVisible(osdaudiosettings) | Window.IsVisible(subtitlesearch) | Window.IsVisible(videobookmarks)]">Conditional</animation>
	<visible>Player.HasMedia + Window.IsActive(playercontrols) + !Window.IsActive(fullscreenvideo) + !Window.IsActive(visualisation) + !Window.IsActive(karaoke) + !Window.IsActive(visualisationpresetlist)</visible>
	<coordinates>
		<left>0</left>
		<top>0</top>
	</coordinates>
	<controls>
		<include>fadebackground</include>
		<control type="image"><!-- Dialog background image -->
			<left>123</left>
			<top>125</top>
			<height>175</height>
			<width>1026</width>
			<texture border="8">button-menu-background.png</texture>
		</control>
		<control type="button"><!-- Touch Close button -->
			<left>1128</left>
			<top>116</top>
			<width>32</width>
			<height>32</height>
			<texturefocus>touch-close.png</texturefocus>
			<texturenofocus>touch-close.png</texturenofocus>
			<onclick>Dialog.Close(playercontrols)</onclick>
			<visible>system.getbool(input.enablemouse)</visible>
		</control>

		<!-- Media Info -->
		<!-- Video -->
 		<control type="group">
			<visible>Player.HasVideo</visible>
			<control type="videowindow">
				<left>150</left>
				<top>137</top>
				<width>212</width>
				<height>150</height>
			</control>
			<control type="button"><!-- Touch button for Fullscreen -->
				<left>150</left>
				<top>137</top>
				<width>212</width>
				<height>150</height>
				<texturefocus>-</texturefocus>
				<texturenofocus>-</texturenofocus>
				<onclick>Fullscreen</onclick>
				<visible>system.getbool(input.enablemouse)</visible>
			</control>
			<control type="label"><!-- Now playing -->
				<left>354</left>
				<top>137</top>
				<width>778</width>
				<height>31</height>
				<label>$LOCALIZE[31037]</label>
				<align>center</align>
				<font>font12</font>
				<textcolor>listselected-text</textcolor>
			</control>
			<control type="label">
				<left>354</left>
				<top>168</top>
				<width>778</width>
				<height>31</height>
				<label>$INFO[VideoPlayer.Title]</label>
				<font>font12</font>
				<align>center</align>
			</control>
			<control type="label">
				<left>370</left>
				<top>210</top>
				<width>170</width>
				<height>20</height>
				<font>font11</font>
				<label>$INFO[VideoPlayer.Time]</label>
				<align>right</align>
			</control>
			<control type="progress">
				<left>550</left>
				<top>213</top>
				<width>380</width>
				<height>16</height>
				<info>Player.Progress</info>
				<colordiffuse>ProgressBarColor</colordiffuse>
			</control>
			<control type="slider">
				<left>550</left>
				<top>211</top>
				<width>380</width>
				<height>20</height>
				<action>seek</action>
			</control>
			<control type="label">
				<left>940</left>
				<top>210</top>
				<width>170</width>
				<height>20</height>
				<font>font11</font>
				<label>- $INFO[VideoPlayer.TimeRemaining]</label>
			</control>
		</control>
		<!-- Music -->
 		<control type="group">
			<visible>Player.HasAudio</visible>
			<control type="image">
				<left>164</left>
				<top>137</top>
				<width>150</width>
				<height>150</height>
				<align>left</align>
				<aligny>bottom</aligny>
				<fadetime>300</fadetime>
				<texture fallback="DefaultAudio.png">$INFO[MusicPlayer.Cover]</texture>
				<aspectratio>keep</aspectratio>
				<visible>!Window.IsActive(visualisation)</visible>
			</control>
			<control type="button"><!-- Touch button for Fullscreen -->
				<left>164</left>
				<top>137</top>
				<width>150</width>
				<height>150</height>
				<texturefocus>-</texturefocus>
				<texturenofocus>-</texturenofocus>
				<onclick>Fullscreen</onclick>
				<visible>system.getbool(input.enablemouse)</visible>
			</control>
			<control type="label">
				<left>354</left>
				<top>135</top>
				<width>778</width>
				<height>20</height>
				<label>$INFO[MusicPlayer.Artist]</label>
				<font>font12</font>
				<align>center</align>
			</control>
			<control type="label">
				<left>354</left>
				<top>162</top>
				<width>778</width>
				<height>20</height>
				<label>$INFO[MusicPlayer.Album]</label>
				<font>font12</font>
				<align>center</align>
			</control>
			<control type="label">
				<left>354</left>
				<top>188</top>
				<width>778</width>
				<height>20</height>
				<label>$INFO[MusicPlayer.Title]</label>
				<font>font12</font>
				<align>center</align>
			</control>
			<control type="label">
				<left>310</left>
				<top>220</top>
				<width>200</width>
				<height>20</height>
				<label>$INFO[MusicPlayer.Time]</label>
				<font>font12</font>
				<align>right</align>
			</control>
			<control type="progress">
				<left>520</left>
				<top>223</top>
				<width>440</width>
				<height>16</height>
				<info>Player.Progress</info>
				<colordiffuse>ProgressBarColor</colordiffuse>
			</control>
			<control type="slider">
				<left>520</left>
				<top>221</top>
				<width>440</width>
				<height>20</height>
				<action>seek</action>
			</control>
			<control type="label">
				<left>970</left>
				<top>220</top>
				<width>220</width>
				<height>20</height>
				<label>- $INFO[MusicPlayer.TimeRemaining]</label>
				<font>font12</font>
			</control>
		</control>
		<!-- End of Media Info-->
		<!-- Player buttons -->
		<control type="grouplist" id="999"><!-- Group OSD Button -->
			<left>354</left>
			<top>245</top>
			<width>778</width>
			<height>40</height>
			<itemgap>2</itemgap>
			<orientation>horizontal</orientation>
			<align>center</align>
			<onleft>999</onleft>
			<onright>999</onright>
			<onup>999</onup>
			<ondown>999</ondown>
			<visible>true</visible>
			<control type="button" id="1100"><!-- DVD Menu</description -->
				<width>40</width>
				<height>40</height>
				<texturefocus>osd-btn-dvdmenu-focus.png</texturefocus>
				<texturenofocus>osd-btn-dvdmenu.png</texturenofocus>
				<onclick>PlayerControl(ShowVideoMenu)</onclick>
				<visible>VideoPlayer.HasMenu</visible>
			</control>
			<control type="button" id="1101"><!-- Subtitles Menu -->
				<width>40</width>
				<height>40</height>
				<texturenofocus>osd-btn-subtitle.png</texturenofocus>
				<texturefocus>osd-btn-subtitle-focus.png</texturefocus>
				<onclick>Dialog.Close(playercontrols)</onclick>
				<onclick>ActivateWindow(subtitlesearch)</onclick>
				<visible>Player.HasVideo + !VideoPlayer.Content(LiveTV)</visible>
			</control>
			<control type="togglebutton" id="1102"><!-- Random -->
				<width>40</width>
				<height>40</height>
				<texturefocus>osd-btn-playthru-focus.png</texturefocus>
				<texturenofocus>osd-btn-playthru.png</texturenofocus>
				<usealttexture>Playlist.IsRandom</usealttexture>
				<alttexturefocus>osd-btn-random-focus.png</alttexturefocus>
				<alttexturenofocus>osd-btn-random.png</alttexturenofocus>
				<onclick>PlayerControl(Random)</onclick>
				<visible>Player.HasAudio</visible>
			</control>
			<control type="group" id="1103"><!-- Repeat -->
				<width>40</width>
				<height>40</height>
				<visible>Player.HasAudio</visible>
				<control type="button" id="1104">
					<width>40</width>
					<height>40</height>
					<onleft>1102</onleft>
					<onright>1105</onright>
					<texturefocus>-</texturefocus>
					<texturenofocus>-</texturenofocus>
					<onclick>PlayerControl(Repeat)</onclick>
				</control>
				<control type="image">
					<width>40</width>
					<height>40</height>
					<texture>$VAR[PlayerControlRepeatImage]</texture>
				</control>
			</control>
			<control type="image" id="1105"><!-- Dummy -->
				<width>20</width>
				<height>40</height>
				<texture>blank.png</texture>
			</control>
			<control type="button" id="1106"><!-- Channel Up -->
				<width>40</width>
				<height>40</height>
				<texturefocus>osd-btn-channelup-focus.png</texturefocus>
				<texturenofocus>osd-btn-channelup.png</texturenofocus>
				<onclick>ChannelUp</onclick>
				<visible>VideoPlayer.Content(LiveTV)</visible>
			</control>
			<control type="button" id="1107"><!-- Channel Down -->
				<width>40</width>
				<height>40</height>
				<texturefocus>osd-btn-channeldown-focus.png</texturefocus>
				<texturenofocus>osd-btn-channeldown.png</texturenofocus>
				<onclick>ChannelDown</onclick>
				<visible>VideoPlayer.Content(LiveTV)</visible>
			</control>
			<control type="button" id="1108"><!-- Volume Up -->
				<width>40</width>
				<height>40</height>
				<texturefocus>osd-btn-volumeup-focus.png</texturefocus>
				<texturenofocus>osd-btn-volumeup.png</texturenofocus>
				<onclick>VolumeUp</onclick>
			</control>
			<control type="button" id="1109"><!-- Volume Down -->
				<width>40</width>
				<height>40</height>
				<texturefocus>osd-btn-volumedown-focus.png</texturefocus>
				<texturenofocus>osd-btn-volumedown.png</texturenofocus>
				<onclick>VolumeDown</onclick>
			</control>
			<control type="button" id="1110"><!-- Eject Disk -->
				<width>40</width>
				<height>40</height>
				<texturefocus>osd-btn-eject-focus.png</texturefocus>
				<texturenofocus>osd-btn-eject.png</texturenofocus>
				<onclick>EjectTray()</onclick>
				<onclick>SetFocus(1115)</onclick>
				<visible>System.HasMediadvd</visible>
			</control>
			<control type="button" id="1111"><!-- Skip Bwd -->
				<width>40</width>
				<height>40</height>
				<texturefocus>osd-btn-skipback-focus.png</texturefocus>
				<texturenofocus>osd-btn-skipback.png</texturenofocus>
				<onclick>PlayerControl(Previous)</onclick>
			</control>
			<control type="button" id="1112"><!-- Rewind -->
				<width>40</width>
				<height>40</height>
				<texturefocus>osd-btn-rewind-focus.png</texturefocus>
				<texturenofocus>osd-btn-rewind.png</texturenofocus>
				<onclick>PlayerControl(Rewind)</onclick>
			</control>
			<control type="togglebutton" id="1113"><!-- Play -->
				<width>40</width>
				<height>40</height>
				<texturefocus>osd-btn-pause-focus.png</texturefocus>
				<texturenofocus>osd-btn-pause.png</texturenofocus>
				<usealttexture>Player.Paused | Player.Forwarding | Player.Rewinding</usealttexture>
				<alttexturefocus>osd-btn-play-focus.png</alttexturefocus>
				<alttexturenofocus>osd-btn-play.png</alttexturenofocus>
				<onclick>PlayerControl(Play)</onclick>
			</control>
			<control type="button" id="1114"><!-- Stop -->
				<width>40</width>
				<height>40</height>
				<texturefocus>osd-btn-stop-focus.png</texturefocus>
				<texturenofocus>osd-btn-stop.png</texturenofocus>
				<onclick>PlayerControl(Stop)</onclick>
			</control>
			<control type="button" id="1115"><!-- Fast Forward -->
				<width>40</width>
				<height>40</height>
				<texturefocus>osd-btn-fastfwd-focus.png</texturefocus>
				<texturenofocus>osd-btn-fastfwd.png</texturenofocus>
				<onclick>PlayerControl(Forward)</onclick>
			</control>
			<control type="button" id="1116"><!-- Skip Fwd -->
				<width>40</width>
				<height>40</height>
				<texturefocus>osd-btn-skipfwd-focus.png</texturefocus>
				<texturenofocus>osd-btn-skipfwd.png</texturenofocus>
				<onclick>PlayerControl(Next)</onclick>
			</control>
			<control type="togglebutton" id="1117"><!-- Record -->
				<width>40</width>
				<height>40</height>
				<texturefocus>osd-btn-rec-focus.png</texturefocus>
				<texturenofocus>osd-btn-rec.png</texturenofocus>
				<usealttexture>Player.Recording</usealttexture>
				<alttexturefocus>osd-btn-rec-recording-focus.png</alttexturefocus>
				<alttexturenofocus>osd-btn-rec-recording.png</alttexturenofocus>
				<onclick>PlayerControl(record)</onclick>
				<visible>Player.CanRecord</visible>
			</control>
			<control type="image" id="1118"><!-- Dummy -->
				<width>20</width>
				<height>40</height>
				<texture>blank.png</texture>
			</control>
			<control type="button" id="1119"><!-- 3D Menu -->
				<width>40</width>
				<height>40</height>
				<texturefocus>osd-btn-3D-focus.png</texturefocus>
				<texturenofocus>osd-btn-3D.png</texturenofocus>
				<onclick>Dialog.Close(playercontrols)</onclick>
				<onclick>ActivateWindow(1151)</onclick>
				<visible>VideoPlayer.IsStereoscopic</visible>
			</control>
			<control type="button" id="1120"><!-- Popup Vis Preset List -->
				<width>40</width>
				<height>40</height>
				<texturefocus>osd-btn-vis-focus.png</texturefocus>
				<texturenofocus>osd-btn-vis.png</texturenofocus>
				<onclick>ActivateWindow(visualisationpresetlist)</onclick>
				<visible>Player.HasAudio</visible>
			</control>
			<control type="button" id="1121"><!-- Popup Vis Settings -->
				<width>40</width>
				<height>40</height>
				<texturefocus>osd-btn-setting-focus.png</texturefocus>
				<texturenofocus>osd-btn-setting.png</texturenofocus>
				<onclick>Addon.Default.OpenSettings(xbmc.player.musicviz)</onclick>
				<visible>Player.HasAudio</visible>
			</control>
			<control type="button" id="1122"><!-- EPG Menu -->
				<width>40</width>
				<height>40</height>
				<texturefocus>osd-btn-guide-focus.png</texturefocus>
				<texturenofocus>osd-btn-guide.png</texturenofocus>
				<onclick>ActivateWindow(tvguide)</onclick>
				<visible>VideoPlayer.HasEpg</visible>
			</control>
			<control type="button" id="1123"><!-- Teletext -->
				<width>40</width>
				<height>40</height>
				<texturefocus>osd-btn-teletext-focus.png</texturefocus>
				<texturenofocus>osd-btn-teletext.png</texturenofocus>
				<onclick>ActivateWindow(Teletext)</onclick>
				<visible>VideoPlayer.HasTeletext</visible>
			</control>
			<control type="button" id="1124"><!-- Audio Menu -->
				<width>40</width>
				<height>40</height>
				<texturefocus>osd-btn-audio-focus.png</texturefocus>
				<texturenofocus>osd-btn-audio.png</texturenofocus>
				<onclick>ActivateWindow(osdaudiosettings)</onclick>
				<visible>Player.HasVideo</visible>
			</control>
			<control type="button" id="1125"><!-- Video Menu -->
				<width>40</width>
				<height>40</height>
				<texturefocus>osd-btn-video-focus.png</texturefocus>
				<texturenofocus>osd-btn-video.png</texturenofocus>
				<onclick>ActivateWindow(osdvideosettings)</onclick>
				<visible>Player.HasVideo</visible>
			</control>
		</control>
	</controls>
</window>