<?xml version="1.0" encoding="UTF-8"?>
<window>
	<visible>Window.IsActive(profilesettings) + !Window.IsActive(locksettings)</visible>
	<include>screen-fade</include>
	<controls>
		<include>background</include>
		<control type="label" id="2"><!-- Dialog heading -->
			<left>946</left>
			<top>25</top>
			<width>309</width>
			<height>31</height>
			<label>$INFO[Window.Property(heading)]</label>
			<font>font18</font>
		</control>
		<control type="label" id="102"><!-- Profile name -->
			<left>946</left>
			<top>56</top>
			<width>309</width>
			<height>31</height>
			<font>font18</font>
			<include condition="Skin.HasSetting(text-autoscroll)">scrolltext</include>
		</control>
		<control type="image" id="101"><!-- Profile image -->
			<left>17</left>
			<top>112</top>
			<width>265</width>
			<height>187</height>
			<align>left</align>
			<aspectratio>keep</aspectratio>
			<texture>icon-profile.png</texture>
		</control>
		<control type="label"><!-- Profile directory heading -->
			<left>17</left>
			<top>356</top>
			<width>274</width>
			<height>25</height>
			<font>font12</font>
			<include condition="Skin.HasSetting(text-autoscroll)">scrolltext</include>
			<label>$LOCALIZE[20070]</label>
		</control>
		<control type="label" id="103"><!-- Profile directory -->
			<left>17</left>
			<top>387</top>
			<width>274</width>
			<height>25</height>
			<include condition="Skin.HasSetting(text-autoscroll)">scrolltext</include>
			<font>font11</font>
		</control>
		<control type="grouplist" id="5"><!-- Control area -->
			<left>300</left>
			<top>112</top>
			<width>920</width>
			<height>355</height>
			<itemgap>2</itemgap>
			<pagecontrol>23</pagecontrol>
			<onleft condition="Skin.HasSetting(lock-screensettings)">noop</onleft>
			<onleft condition="!Skin.HasSetting(lock-screensettings)">28</onleft>
			<onright condition="StringCompare(Skin.String(show-scrollbar),$LOCALIZE[31877])">noop</onright>
			<onright condition="!StringCompare(Skin.String(show-scrollbar),$LOCALIZE[31877])">23</onright>
			<onup>28</onup>
			<ondown>28</ondown>
		</control>
		<control type="button" id="7"><!-- Default button -->
			<height>56</height>
			<textoffsetx>20</textoffsetx>
		</control>
		<control type="radiobutton" id="8"><!-- Default radiobutton -->
			<height>56</height>
			<textoffsetx>20</textoffsetx>
		</control>
		<control type="spincontrolex" id="9"><!-- Default spincontrolex -->
			<height>56</height>
			<textoffsetx>20</textoffsetx>
		</control>
		<control type="image" id="11"><!-- Default seperator -->
			<height>4</height>
			<texture>separator.png</texture>
		</control>
		<control type="label" id="14"><!-- Default label -->
			<height>56</height>
		</control>
		<control type="button" id="28"><!-- OK -->
			<left>283</left>
			<top>631</top>
			<width>283</width>
			<height>56</height>
			<align>center</align>
			<label>$LOCALIZE[186]</label>
			<onleft>29</onleft>
			<onright>29</onright>
			<onup>5</onup>
			<ondown>5</ondown>
		</control>
		<control type="button" id="29"><!-- Cancel -->
			<left>681</left>
			<top>631</top>
			<width>283</width>
			<height>56</height>
			<align>center</align>
			<label>$LOCALIZE[222]</label>
			<onleft>28</onleft>
			<onright>28</onright>
			<onup>5</onup>
			<ondown>5</ondown>
		</control>
		<control type="scrollbar" id="23">
			<left>1244</left>
			<top>112</top>
			<width>18</width>
			<height>355</height>
			<onleft>5</onleft>
			<animation condition="!Control.HasFocus(23) + !Container.Scrolling + !StringCompare(Skin.String(show-scrollbar),$LOCALIZE[31875])" effect="fade" start="100" end="0" time="200" reversible="true">Conditional</animation>
			<visible>!StringCompare(Skin.String(show-scrollbar),$LOCALIZE[31877])</visible>
		</control>
	</controls>
</window>