<?xml version="1.0" encoding="UTF-8"?>
<window>
	<defaultcontrol always="true">999</defaultcontrol>
	<allowoverlay>yes</allowoverlay>
	<include>screen-fade</include>
	<controls>
		<include>background</include>
		<include>Fake-Overlay</include>
		<control type="label"><!-- Settings Label -->
			<left>946</left>
			<top>25</top>
			<width>310</width>
			<height>32</height>
			<label>$LOCALIZE[31556]</label>
			<font>font18</font>
		</control>
		<control type="label"><!-- Settings Label -->
			<left>946</left>
			<top>62</top>
			<width>310</width>
			<height>32</height>
			<label>$LOCALIZE[5]</label>
			<font>font18</font>
		</control>
		<control type="group" id="999">
			<control type="button" id="981"><!-- Startup Settings Menu -->
				<left>940</left>
				<top>112</top>
				<width>320</width>
				<height>56</height>
				<font>font12</font>
				<label>$LOCALIZE[31801]</label>
				<onfocus>Skin.SetString(skinsettingmenu,startup)</onfocus>
				<ondown>982</ondown>
				<onleft>100</onleft>
			</control>
			<control type="button" id="982"><!-- General Settings Menu -->
				<left>940</left>
				<top>166</top>
				<width>320</width>
				<height>56</height>
				<font>font12</font>
				<label>$LOCALIZE[31802]</label>
				<onfocus>Skin.SetString(skinsettingmenu,general)</onfocus>
				<onup>981</onup>
				<ondown>983</ondown>
				<onleft>200</onleft>
			</control>
			<control type="button" id="983"><!-- Home window Settings Menu -->
				<left>940</left>
				<top>220</top>
				<width>320</width>
				<height>56</height>
				<font>font12</font>
				<label>$LOCALIZE[31808]</label>
				<onfocus>Skin.SetString(skinsettingmenu,homescreen)</onfocus>
				<onup>982</onup>
				<ondown>984</ondown>
				<onleft>300</onleft>
			</control>
			<control type="button" id="984"><!-- Home menu Settings Menu -->
				<left>940</left>
				<top>274</top>
				<width>320</width>
				<height>56</height>
				<font>font12</font>
				<label>$LOCALIZE[31803]</label>
				<onfocus>Skin.SetString(skinsettingmenu,homemenu)</onfocus>
				<onup>983</onup>
				<ondown>985</ondown>
				<onleft>400</onleft>
			</control>
			<control type="button" id="985"><!-- Background Settings Menu -->
				<left>940</left>
				<top>328</top>
				<width>320</width>
				<height>56</height>
				<font>font12</font>
				<label>$LOCALIZE[31804]</label>
				<onfocus>Skin.SetString(skinsettingmenu,background)</onfocus>
				<onup>984</onup>
				<ondown>986</ondown>
				<onleft>500</onleft>
			</control>
			<control type="button" id="986"><!-- Media sources Settings Menu -->
				<left>940</left>
				<top>382</top>
				<width>320</width>
				<height>56</height>
				<font>font12</font>
				<label>$LOCALIZE[31805]</label>
				<onfocus>Skin.SetString(skinsettingmenu,sources)</onfocus>
				<onup>985</onup>
				<ondown>987</ondown>
				<onleft>600</onleft>
			</control>
			<control type="button" id="987"><!-- Custom Favourites Settings Menu -->
				<left>940</left>
				<top>436</top>
				<width>320</width>
				<height>56</height>
				<font>font12</font>
				<label>$LOCALIZE[31806]</label>
				<onfocus>Skin.SetString(skinsettingmenu,custom)</onfocus>
				<onclick>ActivateWindow(1153)</onclick>
				<enable>System.HasAddon(script.favourites)</enable>
				<onup>986</onup>
				<ondown>988</ondown>
			</control>
			<control type="button" id="988"><!-- Support Settings Menu -->
				<left>940</left>
				<top>490</top>
				<width>320</width>
				<height>56</height>
				<font>font12</font>
				<label>$LOCALIZE[31807]</label>
				<onfocus>Skin.SetString(skinsettingmenu,support)</onfocus>
				<onup>987</onup>
				<onleft>800</onleft>
			</control>
		</control>
		<control type="scrollbar" id="1223">
			<left>10</left>
			<top>112</top>
			<width>18</width>
			<height>542</height>
			<onright>998</onright>
			<animation condition="!Control.HasFocus(1223) + !Container.Scrolling + !StringCompare(Skin.String(show-scrollbar),$LOCALIZE[31875])" effect="fade" start="100" end="0" time="200" reversible="true">Conditional</animation>
			<visible>!StringCompare(Skin.String(show-scrollbar),$LOCALIZE[31877]) + !Skin.String(skinsettingmenu,custom)</visible>
		</control>
		<control type="group" id="998">
			<control type="group" id="100"><!-- Startup Settings -->
				<visible>Skin.String(skinsettingmenu,startup)</visible>
				<control type="image"><!-- Startup Settings Button Image -->
					<left>940</left>
					<top>112</top>
					<width>320</width>
					<height>56</height>
					<texture border="7">button-default-focus.png</texture>
					<include>settingbutton-fade</include>
					<visible>!ControlGroup(999).HasFocus()</visible>
				</control>
				<control type="group"><!-- Markers for control area items -->
					<control type="image">
						<left>484</left>
						<top>96</top>
						<height>16</height>
						<width>16</width>
						<texture>scroll-up.png</texture>
						<visible>Container(101).HasPrevious</visible>
					</control>
					<control type="image">
						<left>484</left>
						<top>652</top>
						<height>16</height>
						<width>16</width>
						<texture>scroll-down.png</texture>
						<visible>Container(101).HasNext</visible>
					</control>
				</control>

				<control type="grouplist" id="101">
					<left>53</left>
					<top>112</top>
					<width>885</width>
					<height>542</height>
					<itemgap>-2</itemgap>
					<onleft>1223</onleft>
					<onright>999</onright>
					<pagecontrol>1223</pagecontrol>
					<control type="group" id="102"><!-- Startup screen type -->
						<height>56</height>
						<width>885</width>
						<control type="list" id="103">
							<left>0</left>
							<top>0</top>
							<height>56</height>
							<width>885</width>
							<onup>108</onup>
							<ondown>105</ondown>
							<onleft>1223</onleft>
							<onright>104</onright>
							<scrolltime>0</scrolltime>
							<itemlayout width="885" height="56"/>
							<focusedlayout width="885" height="56">
								<control type="image">
									<left>0</left>
									<top>0</top>
									<width>885</width>
									<height>56</height>
									<texture border="7">button-default-focus.png</texture>
									<visible>ControlGroup(102).HasFocus()</visible>
								</control>
								<control type="label">
									<left>18</left>
									<top>10</top>
									<height>30</height>
									<width>800</width>
									<font>font12</font>
									<label>$LOCALIZE[31854]</label>
								</control>
								<control type="label">
									<left>0</left>
									<top>10</top>
									<height>30</height>
									<width>790</width>
									<align>right</align>
									<font>font12</font>
									<label>$INFO[ListItem.Label]</label>
								</control>
								<control type="image">
									<left>804</left>
									<top>10</top>
									<width>32</width>
									<height>32</height>
									<texture>scroll-down-focus.png</texture>
									<visible>Control.HasFocus(103)</visible>
								</control>
								<control type="image">
									<left>804</left>
									<top>10</top>
									<width>32</width>
									<height>32</height>
									<texture>scroll-down.png</texture>
									<visible>!Control.HasFocus(103)</visible>
								</control>
							</focusedlayout>
							<content>
								<item><!-- Skin Image -->
									<label>$LOCALIZE[31856]</label>
									<onclick>Skin.SetString(startup-screentype,$LOCALIZE[31857])</onclick>
									<visible>IsEmpty(Skin.String(startup-screentype)) | StringCompare(Skin.String(startup-screentype),$LOCALIZE[31856])</visible>
								</item>
								<item><!-- Custom Image -->
									<label>$LOCALIZE[31857]</label>
									<onclick>Skin.Reset(startup-screenpath)</onclick>
									<onclick>Skin.SetString(startup-screentype,$LOCALIZE[31858])</onclick>
									<visible>StringCompare(Skin.String(startup-screentype),$LOCALIZE[31857])</visible>
								</item>
								<item><!-- Custom Video -->
									<label>$LOCALIZE[31858]</label>
									<onclick>Skin.Reset(startup-screenpath)</onclick>
									<onclick>Skin.SetString(startup-screentype,$LOCALIZE[31855])</onclick>
									<visible>StringCompare(Skin.String(startup-screentype),$LOCALIZE[31858])</visible>
								</item>
								<item><!-- Blank -->
									<label>$LOCALIZE[31855]</label>
									<onclick>Skin.SetString(startup-screentype,$LOCALIZE[31856])</onclick>
									<visible>StringCompare(Skin.String(startup-screentype),$LOCALIZE[31855])</visible>
								</item>
							</content>
						</control>
						<control type="list" id="104">
							<left>835</left>
							<top>0</top>
							<height>56</height>
							<width>32</width>
							<onup>108</onup>
							<ondown>105</ondown>
							<onleft>103</onleft>
							<onright>999</onright>
							<scrolltime>0</scrolltime>
							<itemlayout width="32" height="56"/>
							<focusedlayout width="32" height="56">
								<control type="image">
									<left>0</left>
									<top>10</top>
									<width>32</width>
									<height>32</height>
									<texture>scroll-up.png</texture>
									<visible>!Control.HasFocus(104)</visible>
								</control>
								<control type="image">
									<left>0</left>
									<top>10</top>
									<width>32</width>
									<height>32</height>
									<texture>scroll-up-focus.png</texture>
									<visible>Control.HasFocus(104)</visible>
								</control>
							</focusedlayout>
							<content>
								<item><!-- Skin Image -->
									<label>$LOCALIZE[31856]</label>
									<onclick>Skin.SetString(startup-screentype,$LOCALIZE[31855])</onclick>
									<visible>IsEmpty(Skin.String(startup-screentype)) | StringCompare(Skin.String(startup-screentype),$LOCALIZE[31856])</visible>
								</item>
								<item><!-- Blank -->
									<label>$LOCALIZE[31855]</label>
									<onclick>Skin.SetString(startup-screentype,$LOCALIZE[31858])</onclick>
									<visible>StringCompare(Skin.String(startup-screentype),$LOCALIZE[31855])</visible>
								</item>
								<item><!-- Custom Video -->
									<label>$LOCALIZE[31858]</label>
									<onclick>Skin.Reset(startup-screenpath)</onclick>
									<onclick>Skin.SetString(startup-screentype,$LOCALIZE[31857])</onclick>
									<visible>StringCompare(Skin.String(startup-screentype),$LOCALIZE[31858])</visible>
								</item>
								<item><!-- Custom Image -->
									<label>$LOCALIZE[31857]</label>
									<onclick>Skin.Reset(startup-screenpath)</onclick>
									<onclick>Skin.SetString(startup-screentype,$LOCALIZE[31856])</onclick>
									<visible>StringCompare(Skin.String(startup-screentype),$LOCALIZE[31857])</visible>
								</item>
							</content>
						</control>
					</control>
					<control type="button" id="105"><!-- Startup Screen Path -->
						<include>settings-submenu-common</include>
						<textwidth>785</textwidth>
						<enable>StringCompare(Skin.String(startup-screentype),$LOCALIZE[31858]) | StringCompare(Skin.String(startup-screentype),$LOCALIZE[31857])</enable>
						<label>- $LOCALIZE[31851] $INFO[Skin.String(startup-screenpath)]</label>
						<onclick condition="StringCompare(Skin.String(startup-screentype),$LOCALIZE[31857])">Skin.SetImage(startup-screenpath)</onclick>
						<onclick condition="StringCompare(Skin.String(startup-screentype),$LOCALIZE[31858])">Skin.SetFile(startup-screenpath)</onclick>
					</control>
					<control type="radiobutton" id="106"><!-- Startup Playlist toggle -->
						<include>settings-submenu-common</include>
						<label>$LOCALIZE[31852]</label>
						<textwidth>750</textwidth>
						<onclick>Skin.ToggleSetting(startup-playlist)</onclick>
						<onclick>Skin.Reset(intro-vid)</onclick>
						<selected>Skin.HasSetting(startup-playlist)</selected>
						<radioposx>844</radioposx>
					</control>
					<control type="button" id="107"><!-- Choose Playlist button -->
						<include>settings-submenu-common</include>
						<label>- $LOCALIZE[31853] $INFO[Skin.String(startup-playlistpath)]</label>
						<textwidth>785</textwidth>
						<enable>Skin.HasSetting(startup-playlist)</enable>
						<onclick>Skin.SetFile(startup-playlistpath,,special://musicplaylists)</onclick>
					</control>
					<control type="button" id="108"><!-- Reset Above Settings button -->
						<include>settings-submenu-common</include>
						<label>$LOCALIZE[10041]</label>
						<textwidth>785</textwidth>
						<onclick>Skin.Reset(startup-screentype)</onclick>
						<onclick>Skin.Reset(startup-screenpath)</onclick>
						<onclick>Skin.Reset(startup-playlist)</onclick>
						<onclick>Skin.Reset(startup-playlistpath)</onclick>
					</control>
				</control>
			</control>
			<control type="group"><!-- General Settings -->
				<visible>Skin.String(skinsettingmenu,general)</visible>
				<control type="image"><!-- General Settings Button Image -->
					<left>940</left>
					<top>166</top>
					<width>320</width>
					<height>56</height>
					<texture border="7">button-default-focus.png</texture>
					<include>settingbutton-fade</include>
					<visible>!ControlGroup(999).HasFocus()</visible>
				</control>
				<control type="group"><!-- Markers for control area items -->
					<control type="image">
						<left>484</left>
						<top>96</top>
						<height>16</height>
						<width>16</width>
						<texture>scroll-up.png</texture>
						<visible>Container(200).HasPrevious</visible>
					</control>
					<control type="image">
						<left>484</left>
						<top>652</top>
						<height>16</height>
						<width>16</width>
						<texture>scroll-down.png</texture>
						<visible>Container(200).HasNext</visible>
					</control>
				</control>

				<control type="grouplist" id="200">
					<left>53</left>
					<top>112</top>
					<width>885</width>
					<height>542</height>
					<itemgap>-2</itemgap>
					<onleft>1223</onleft>
					<onright>999</onright>
					<pagecontrol>1223</pagecontrol>
					<control type="radiobutton" id="201"><!-- Lock Screen Settings Toggle -->
						<include>settings-submenu-common</include>
						<label>$LOCALIZE[31880]</label>
						<textwidth>750</textwidth>
						<onclick>Skin.ToggleSetting(lock-screensettings)</onclick>
						<selected>Skin.HasSetting(lock-screensettings)</selected>
						<radioposx>844</radioposx>
					</control>
					<control type="group" id="202"><!-- Show Scrollbar -->
						<height>56</height>
						<width>885</width>
						<control type="list" id="203">
							<left>0</left>
							<top>0</top>
							<height>56</height>
							<width>885</width>
							<onup>201</onup>
							<ondown>205</ondown>
							<onleft>1223</onleft>
							<onright>204</onright>
							<scrolltime>0</scrolltime>
							<itemlayout width="885" height="56"/>
							<focusedlayout width="885" height="56">
								<control type="image">
									<left>0</left>
									<top>0</top>
									<width>885</width>
									<height>56</height>
									<texture border="7">button-default-focus.png</texture>
									<visible>ControlGroup(202).HasFocus()</visible>
								</control>
								<control type="label">
									<left>18</left>
									<top>10</top>
									<height>30</height>
									<width>800</width>
									<font>font12</font>
									<label>$LOCALIZE[31881]</label>
								</control>
								<control type="label">
									<left>0</left>
									<top>10</top>
									<height>30</height>
									<width>790</width>
									<align>right</align>
									<font>font12</font>
									<label>$INFO[ListItem.Label]</label>
								</control>
								<control type="image">
									<left>804</left>
									<top>10</top>
									<width>32</width>
									<height>32</height>
									<texture>scroll-down-focus.png</texture>
									<visible>Control.HasFocus(203)</visible>
								</control>
								<control type="image">
									<left>804</left>
									<top>10</top>
									<width>32</width>
									<height>32</height>
									<texture>scroll-down.png</texture>
									<visible>!Control.HasFocus(203)</visible>
								</control>
							</focusedlayout>
							<content>
								<item><!-- On scroll or focus -->
									<label>$LOCALIZE[31876]</label>
									<onclick>Skin.SetString(show-scrollbar,$LOCALIZE[31875])</onclick>
									<visible>IsEmpty(Skin.String(show-scrollbar)) | StringCompare(Skin.String(show-scrollbar),$LOCALIZE[31876])</visible>
								</item>
								<item><!-- Always -->
									<label>$LOCALIZE[31875]</label>
									<onclick>Skin.SetString(show-scrollbar,$LOCALIZE[31877])</onclick>
									<visible>StringCompare(Skin.String(show-scrollbar),$LOCALIZE[31875])</visible>
								</item>
								<item><!-- Never -->
									<label>$LOCALIZE[31877]</label>
									<onclick>Skin.SetString(show-scrollbar,$LOCALIZE[31876])</onclick>
									<visible>StringCompare(Skin.String(show-scrollbar),$LOCALIZE[31877])</visible>
								</item>
							</content>
						</control>
						<control type="list" id="204">
							<left>835</left>
							<top>0</top>
							<height>56</height>
							<width>32</width>
							<onup>201</onup>
							<ondown>205</ondown>
							<onleft>203</onleft>
							<onright>999</onright>
							<scrolltime>0</scrolltime>
							<itemlayout width="32" height="56"/>
							<focusedlayout width="32" height="56">
								<control type="image">
									<left>0</left>
									<top>10</top>
									<width>32</width>
									<height>32</height>
									<texture>scroll-up.png</texture>
									<visible>!Control.HasFocus(204)</visible>
								</control>
								<control type="image">
									<left>0</left>
									<top>10</top>
									<width>32</width>
									<height>32</height>
									<texture>scroll-up-focus.png</texture>
									<visible>Control.HasFocus(204)</visible>
								</control>
							</focusedlayout>
							<content>
								<item><!-- On scroll or focus -->
									<label>$LOCALIZE[31876]</label>
									<onclick>Skin.SetString(show-scrollbar,$LOCALIZE[31877])</onclick>
									<visible>IsEmpty(Skin.String(show-scrollbar)) | StringCompare(Skin.String(show-scrollbar),$LOCALIZE[31876])</visible>
								</item>
								<item><!-- Never -->
									<label>$LOCALIZE[31877]</label>
									<onclick>Skin.SetString(show-scrollbar,$LOCALIZE[31875])</onclick>
									<visible>StringCompare(Skin.String(show-scrollbar),$LOCALIZE[31877])</visible>
								</item>
								<item><!-- Always -->
									<label>$LOCALIZE[31875]</label>
									<onclick>Skin.SetString(show-scrollbar,$LOCALIZE[31876])</onclick>
									<visible>StringCompare(Skin.String(show-scrollbar),$LOCALIZE[31875])</visible>
								</item>
							</content>
						</control>
					</control>
					<control type="radiobutton" id="205"><!-- Autoscroll Toggle -->
						<include>settings-submenu-common</include>
						<label>$LOCALIZE[31882]</label>
						<textwidth>750</textwidth>
						<onclick>Skin.ToggleSetting(text-autoscroll)</onclick>
						<selected>Skin.HasSetting(text-autoscroll)</selected>
						<radioposx>844</radioposx>
					</control>
					<control type="radiobutton" id="206"><!-- Media Overlay Toggle -->
						<include>settings-submenu-common</include>
						<label>$LOCALIZE[31883] </label>
						<textwidth>750</textwidth>
						<onclick>Skin.ToggleSetting(media-overlay)</onclick>
						<selected>Skin.HasSetting(media-overlay)</selected>
						<radioposx>844</radioposx>
					</control>
					<control type="radiobutton" id="208"><!-- Use Media case Toggle -->
						<include>settings-submenu-common</include>
						<label>$LOCALIZE[31869]</label>
						<textwidth>750</textwidth>
						<onclick>Skin.ToggleSetting(media-case)</onclick>
						<selected>Skin.HasSetting(media-case)</selected>
						<radioposx>844</radioposx>
					</control>
					<control type="button" id="209"><!-- Custom Weather Icons Button -->
						<include>settings-submenu-common</include>
						<label>$LOCALIZE[31873]</label>
						<textwidth>785</textwidth>
						<onclick>Skin.SetPath(custom-weathericons)</onclick>
						<visible>!Skin.String(custom-weathericons)</visible>
					</control>
					<control type="button" id="210"><!-- Reset Custom Weather Icons Button -->
						<include>settings-submenu-common</include>
						<label>$LOCALIZE[31874]</label>
						<textwidth>785</textwidth>
						<onclick>Skin.Reset(custom-weathericons)</onclick>
						<visible>Skin.String(custom-weathericons)</visible>
					</control>
					<control type="button" id="212"><!-- TV Logo Downloader Script -->
						<include>settings-submenu-common</include>
						<label>$LOCALIZE[31893]</label>
						<textwidth>785</textwidth>
						<onclick>RunScript(script.artwork.downloader,mode=custom,fanart,extrafanart,poster,seasonposter,clearlogo,clearart,banner,seasonbanner)</onclick>
						<enable>System.HasAddon(script.artwork.downloader)</enable>
					</control>
					<control type="button" id="213"><!-- Reset Above Settings button -->
						<include>settings-submenu-common</include>
						<label>$LOCALIZE[10041]</label>
						<textwidth>785</textwidth>
						<onclick>Skin.Reset(lock-screensettings)</onclick>
						<onclick>Skin.Reset(show-scrollbar)</onclick>
						<onclick>Skin.Reset(sbar)</onclick>
						<onclick>Skin.Reset(text-autoscroll)</onclick>
						<onclick>Skin.Reset(media-overlay)</onclick>
						<onclick>Skin.Reset(media-case)</onclick>
						<onclick>Skin.Reset(custom-weathericons)</onclick>
						<onclick>Skin.Reset(media-themetune)</onclick>
					</control>
				</control>
			</control>
			<control type="group" id="300"><!-- Home Screen Settings -->
				<visible>Skin.String(skinsettingmenu,homescreen)</visible>
				<control type="image"><!-- Background Settings Button Image -->
					<left>940</left>
					<top>220</top>
					<width>320</width>
					<height>56</height>
					<texture border="7">button-default-focus.png</texture>
					<include>settingbutton-fade</include>
					<visible>!ControlGroup(999).HasFocus()</visible>
				</control>
				<control type="group"><!-- Markers for control area items -->
					<control type="image">
						<left>484</left>
						<top>96</top>
						<height>16</height>
						<width>16</width>
						<texture>scroll-up.png</texture>
						<visible>Container(301).HasPrevious</visible>
					</control>
					<control type="image">
						<left>484</left>
						<top>652</top>
						<height>16</height>
						<width>16</width>
						<texture>scroll-down.png</texture>
						<visible>Container(301).HasNext</visible>
					</control>
				</control>

				<control type="grouplist" id="301">
					<left>53</left>
					<top>112</top>
					<width>885</width>
					<height>542</height>
					<itemgap>-2</itemgap>
					<onleft>1223</onleft>
					<onright>999</onright>
					<pagecontrol>1223</pagecontrol>
					<control type="radiobutton" id="302"><!-- Time On Home Screen toggle -->
						<include>settings-submenu-common</include>
						<label>$LOCALIZE[31888]</label>
						<textwidth>750</textwidth>
						<onclick>Skin.ToggleSetting(home-time)</onclick>
						<selected>!Skin.HasSetting(home-time)</selected>
						<radioposx>844</radioposx>
					</control>
					<control type="radiobutton" id="303"><!-- Current Weather On Home Screen toggle -->
						<include>settings-submenu-common</include>
						<label>$LOCALIZE[31889]</label>
						<textwidth>750</textwidth>
						<onclick>Skin.ToggleSetting(home-currentweather)</onclick>
						<selected>Skin.HasSetting(home-currentweather)</selected>
						<enable>!IsEmpty(Weather.plugin)</enable>
						<radioposx>844</radioposx>
					</control>
					<control type="button" id="304"><!-- Custom Homescreen Watermark Image -->
						<include>settings-submenu-common</include>
						<label>$LOCALIZE[31871]</label>
						<textwidth>785</textwidth>
						<onclick>Skin.SetImage(custom-watermark)</onclick>
						<visible>!Skin.String(custom-watermark)</visible>
					</control>
					<control type="button" id="305"><!-- Reset Custom Homescreen Watermark Image -->
						<include>settings-submenu-common</include>
						<label>$LOCALIZE[31872]</label>
						<textwidth>785</textwidth>
						<onclick>Skin.Reset(custom-watermark)</onclick>
						<visible>Skin.String(custom-watermark)</visible>
					</control>
					<control type="label" id="328">
						<include>settings-submenu-common</include>
						<label>[I]$LOCALIZE[31939][/I]</label>
						<textoffsetx>18</textoffsetx>
						<visible>!Skin.HasSetting(homemenu-vertical)</visible>
					</control>
					<control type="group" id="306"><!-- Shelf icon type -->
						<visible>!Skin.HasSetting(homemenu-vertical)</visible>
						<height>56</height>
						<width>885</width>
						<control type="list" id="307">
							<left>0</left>
							<top>0</top>
							<height>56</height>
							<width>885</width>
							<onup>305</onup>
							<ondown>309</ondown>
							<onleft>1223</onleft>
							<onright>308</onright>
							<scrolltime>0</scrolltime>
							<itemlayout width="885" height="56"/>
							<focusedlayout width="885" height="56">
								<control type="image">
									<left>0</left>
									<top>0</top>
									<width>885</width>
									<height>56</height>
									<texture border="7">button-default-focus.png</texture>
									<visible>ControlGroup(306).HasFocus()</visible>
								</control>
								<control type="label">
									<left>18</left>
									<top>10</top>
									<height>30</height>
									<width>800</width>
									<font>font12</font>
									<label>$LOCALIZE[31026]</label>
								</control>
								<control type="label">
									<left>0</left>
									<top>10</top>
									<height>30</height>
									<width>790</width>
									<align>right</align>
									<font>font12</font>
									<label>$INFO[ListItem.Label]</label>
								</control>
								<control type="image">
									<left>804</left>
									<top>10</top>
									<width>32</width>
									<height>32</height>
									<texture>scroll-down-focus.png</texture>
									<visible>Control.HasFocus(307)</visible>
								</control>
								<control type="image">
									<left>804</left>
									<top>10</top>
									<width>32</width>
									<height>32</height>
									<texture>scroll-down.png</texture>
									<visible>!Control.HasFocus(307)</visible>
								</control>
							</focusedlayout>
							<content>
								<item><!-- Icon -->
									<label>$LOCALIZE[31953]</label>
									<onclick>Skin.SetString(shelf-movieimages,$LOCALIZE[31954])</onclick>
									<visible>IsEmpty(Skin.String(shelf-movieimages)) | StringCompare(Skin.String(shelf-movieimages),$LOCALIZE[31953]) | StringCompare(Skin.String(shelf-movieimages),$LOCALIZE[593])</visible>
								</item>
								<item><!-- Recent -->
									<label>$LOCALIZE[31954]</label>
									<onclick>Skin.SetString(shelf-movieimages,$LOCALIZE[31955])</onclick>
									<visible>StringCompare(Skin.String(shelf-movieimages),$LOCALIZE[31954])</visible>
								</item>
								<item><!-- Recommended -->
									<label>$LOCALIZE[31955]</label>
									<onclick>Skin.SetString(shelf-movieimages,$LOCALIZE[31953])</onclick>
									<visible>StringCompare(Skin.String(shelf-movieimages),$LOCALIZE[31955])</visible>
								</item>
							</content>
						</control>
						<control type="list" id="308">
							<left>835</left>
							<top>0</top>
							<height>56</height>
							<width>32</width>
							<onup>305</onup>
							<ondown>309</ondown>
							<onleft>307</onleft>
							<onright>999</onright>
							<scrolltime>0</scrolltime>
							<itemlayout width="32" height="56"/>
							<focusedlayout width="32" height="56">
								<control type="image">
									<left>0</left>
									<top>10</top>
									<width>32</width>
									<height>32</height>
									<texture>scroll-up.png</texture>
									<visible>!Control.HasFocus(308)</visible>
								</control>
								<control type="image">
									<left>0</left>
									<top>10</top>
									<width>32</width>
									<height>32</height>
									<texture>scroll-up-focus.png</texture>
									<visible>Control.HasFocus(308)</visible>
								</control>
							</focusedlayout>
							<content>
								<item><!-- Icon -->
									<label>$LOCALIZE[31953]</label>
									<onclick>Skin.SetString(shelf-movieimages,$LOCALIZE[31955])</onclick>
									<visible>IsEmpty(Skin.String(shelf-movieimages)) | StringCompare(Skin.String(shelf-movieimages),$LOCALIZE[31953]) | StringCompare(Skin.String(shelf-movieimages),$LOCALIZE[593])</visible>
								</item>
								<item><!-- Recommended -->
									<label>$LOCALIZE[31955]</label>
									<onclick>Skin.SetString(shelf-movieimages,$LOCALIZE[31954])</onclick>
									<visible>StringCompare(Skin.String(shelf-movieimages),$LOCALIZE[31955])</visible>
								</item>
								<item><!-- Recent -->
									<label>$LOCALIZE[31954]</label>
									<onclick>Skin.SetString(shelf-movieimages,$LOCALIZE[31953])</onclick>
									<visible>StringCompare(Skin.String(shelf-movieimages),$LOCALIZE[31954])</visible>
								</item>
							</content>
						</control>
					</control>
					<control type="group" id="309"><!-- Shelf icon type -->
						<visible>!Skin.HasSetting(homemenu-vertical)</visible>
						<height>56</height>
						<width>885</width>
						<control type="list" id="310">
							<left>0</left>
							<top>0</top>
							<height>56</height>
							<width>885</width>
							<onup>306</onup>
							<ondown>312</ondown>
							<onleft>1223</onleft>
							<onright>311</onright>
							<scrolltime>0</scrolltime>
							<itemlayout width="885" height="56"/>
							<focusedlayout width="885" height="56">
								<control type="image">
									<left>0</left>
									<top>0</top>
									<width>885</width>
									<height>56</height>
									<texture border="7">button-default-focus.png</texture>
									<visible>ControlGroup(309).HasFocus()</visible>
								</control>
								<control type="label">
									<left>18</left>
									<top>10</top>
									<height>30</height>
									<width>800</width>
									<font>font12</font>
									<label>$LOCALIZE[31027]</label>
								</control>
								<control type="label">
									<left>0</left>
									<top>10</top>
									<height>30</height>
									<width>790</width>
									<align>right</align>
									<font>font12</font>
									<label>$INFO[ListItem.Label]</label>
								</control>
								<control type="image">
									<left>804</left>
									<top>10</top>
									<width>32</width>
									<height>32</height>
									<texture>scroll-down-focus.png</texture>
									<visible>Control.HasFocus(310)</visible>
								</control>
								<control type="image">
									<left>804</left>
									<top>10</top>
									<width>32</width>
									<height>32</height>
									<texture>scroll-down.png</texture>
									<visible>!Control.HasFocus(310)</visible>
								</control>
							</focusedlayout>
							<content>
								<item><!-- Icon -->
									<label>$LOCALIZE[31953]</label>
									<onclick>Skin.SetString(shelf-tvshowimages,$LOCALIZE[31954])</onclick>
									<visible>IsEmpty(Skin.String(shelf-tvshowimages)) | StringCompare(Skin.String(shelf-tvshowimages),$LOCALIZE[31953]) | StringCompare(Skin.String(shelf-tvshowimages),$LOCALIZE[593])</visible>
								</item>
								<item><!-- Recent -->
									<label>$LOCALIZE[31954]</label>
									<onclick>Skin.SetString(shelf-tvshowimages,$LOCALIZE[31955])</onclick>
									<visible>StringCompare(Skin.String(shelf-tvshowimages),$LOCALIZE[31954])</visible>
								</item>
								<item><!-- Recommended -->
									<label>$LOCALIZE[31955]</label>
									<onclick>Skin.SetString(shelf-tvshowimages,$LOCALIZE[31953])</onclick>
									<visible>StringCompare(Skin.String(shelf-tvshowimages),$LOCALIZE[31955])</visible>
								</item>
							</content>
						</control>
						<control type="list" id="311">
							<left>835</left>
							<top>0</top>
							<height>56</height>
							<width>32</width>
							<onup>306</onup>
							<ondown>312</ondown>
							<onleft>310</onleft>
							<onright>999</onright>
							<scrolltime>0</scrolltime>
							<itemlayout width="32" height="56"/>
							<focusedlayout width="32" height="56">
								<control type="image">
									<left>0</left>
									<top>10</top>
									<width>32</width>
									<height>32</height>
									<texture>scroll-up.png</texture>
									<visible>!Control.HasFocus(311)</visible>
								</control>
								<control type="image">
									<left>0</left>
									<top>10</top>
									<width>32</width>
									<height>32</height>
									<texture>scroll-up-focus.png</texture>
									<visible>Control.HasFocus(311)</visible>
								</control>
							</focusedlayout>
							<content>
								<item><!-- Icon -->
									<label>$LOCALIZE[31953]</label>
									<onclick>Skin.SetString(shelf-tvshowimages,$LOCALIZE[31955])</onclick>
									<visible>IsEmpty(Skin.String(shelf-tvshowimages)) | StringCompare(Skin.String(shelf-tvshowimages),$LOCALIZE[31953]) | StringCompare(Skin.String(shelf-tvshowimages),$LOCALIZE[593])</visible>
								</item>
								<item><!-- Recommended -->
									<label>$LOCALIZE[31955]</label>
									<onclick>Skin.SetString(shelf-tvshowimages,$LOCALIZE[31953])</onclick>
									<visible>StringCompare(Skin.String(shelf-tvshowimages),$LOCALIZE[31955])</visible>
								</item>
								<item><!-- Recent -->
									<label>$LOCALIZE[31954]</label>
									<onclick>Skin.SetString(shelf-tvshowimages,$LOCALIZE[31953])</onclick>
									<visible>StringCompare(Skin.String(shelf-tvshowimages),$LOCALIZE[31954])</visible>
								</item>
							</content>
						</control>
					</control>
					<control type="group" id="312">
						<visible>!Skin.HasSetting(homemenu-vertical)</visible>
						<height>56</height>
						<width>885</width>
						<control type="list" id="313">
							<left>0</left>
							<top>0</top>
							<height>56</height>
							<width>885</width>
							<onup>309</onup>
							<ondown>315</ondown>
							<onleft>1223</onleft>
							<onright>314</onright>
							<scrolltime>0</scrolltime>
							<enable>StringCompare(Skin.String(shelf-tvshowimages),$LOCALIZE[31955]) | StringCompare(Skin.String(shelf-tvshowimages),$LOCALIZE[31954])</enable>
							<itemlayout width="885" height="56"/>
							<focusedlayout width="885" height="56">
								<control type="image">
									<left>0</left>
									<top>0</top>
									<width>885</width>
									<height>56</height>
									<texture border="7">button-default-focus.png</texture>
									<visible>ControlGroup(312).HasFocus()</visible>
								</control>
								<control type="group">
									<visible>IsEmpty(Skin.String(shelf-tvshowimages)) | StringCompare(Skin.String(shelf-tvshowimages),$LOCALIZE[31953]) | StringCompare(Skin.String(shelf-tvshowimages),$LOCALIZE[593])</visible>
									<control type="label">
										<left>18</left>
										<top>10</top>
										<height>30</height>
										<width>800</width>
										<textcolor>disabled-text</textcolor>
										<font>font12</font>
										<label> - $LOCALIZE[31940]</label>
									</control>
									<control type="label">
										<left>0</left>
										<top>10</top>
										<height>30</height>
										<width>790</width>
										<align>right</align>
										<textcolor>disabled-text</textcolor>
										<font>font12</font>
										<label>$INFO[ListItem.Label]</label>
									</control>
								</control>
								<control type="group">
									<visible>StringCompare(Skin.String(shelf-tvshowimages),$LOCALIZE[31955]) | StringCompare(Skin.String(shelf-tvshowimages),$LOCALIZE[31954])</visible>
									<control type="label">
										<left>18</left>
										<top>10</top>
										<height>30</height>
										<width>800</width>
										<font>font12</font>
										<label> - $LOCALIZE[31940]</label>
									</control>
									<control type="label">
										<left>0</left>
										<top>10</top>
										<height>30</height>
										<width>790</width>
										<align>right</align>
										<font>font12</font>
										<label>$INFO[ListItem.Label]</label>
									</control>
								</control>
								<control type="image">
									<left>804</left>
									<top>10</top>
									<width>32</width>
									<height>32</height>
									<texture>scroll-down-focus.png</texture>
									<visible>Control.HasFocus(313)</visible>
								</control>
								<control type="image">
									<left>804</left>
									<top>10</top>
									<width>32</width>
									<height>32</height>
									<texture>scroll-down.png</texture>
									<visible>!Control.HasFocus(313)</visible>
								</control>
							</focusedlayout>
							<content>
								<item>
									<label>$LOCALIZE[21371]</label><!-- Thumbs -->
									<onclick>Skin.SetString(shelf-tvshowimgtyp,$LOCALIZE[31950])</onclick>
									<visible>IsEmpty(Skin.String(shelf-tvshowimgtyp)) | StringCompare(Skin.String(shelf-tvshowimgtyp),$LOCALIZE[21371])</visible>
								</item>
								<item>
									<label>$LOCALIZE[31950]</label><!-- Posters -->
									<onclick>Skin.SetString(shelf-tvshowimgtyp,$LOCALIZE[31949])</onclick>
									<visible>StringCompare(Skin.String(shelf-tvshowimgtyp),$LOCALIZE[31950])</visible>
								</item>
								<item>
									<label>$LOCALIZE[31949]</label><!-- Banners -->
									<onclick>Skin.SetString(shelf-tvshowimgtyp,$LOCALIZE[21371])</onclick>
									<visible>StringCompare(Skin.String(shelf-tvshowimgtyp),$LOCALIZE[31949])</visible>
								</item>
							</content>
						</control>
						<control type="list" id="314">
							<left>835</left>
							<top>0</top>
							<height>56</height>
							<width>32</width>
							<onup>309</onup>
							<ondown>315</ondown>
							<onleft>313</onleft>
							<onright>999</onright>
							<scrolltime>0</scrolltime>
							<enable>StringCompare(Skin.String(shelf-tvshowimages),$LOCALIZE[31955]) | StringCompare(Skin.String(shelf-tvshowimages),$LOCALIZE[31954])</enable>
							<itemlayout width="32" height="56"/>
							<focusedlayout width="32" height="56">
								<control type="image">
									<left>0</left>
									<top>10</top>
									<width>32</width>
									<height>32</height>
									<texture>scroll-up.png</texture>
									<visible>!Control.HasFocus(314)</visible>
								</control>
								<control type="image">
									<left>0</left>
									<top>10</top>
									<width>32</width>
									<height>32</height>
									<texture>scroll-up-focus.png</texture>
									<visible>Control.HasFocus(314)</visible>
								</control>
							</focusedlayout>
							<content>
								<item>
									<label>$LOCALIZE[21371]</label><!-- Thumbs -->
									<onclick>Skin.SetString(shelf-tvshowimgtyp,$LOCALIZE[31949])</onclick>
									<visible>IsEmpty(Skin.String(shelf-tvshowimgtyp)) | StringCompare(Skin.String(shelf-tvshowimgtyp),$LOCALIZE[21371])</visible>
								</item>
								<item>
									<label>$LOCALIZE[31949]</label><!-- Banners -->
									<onclick>Skin.SetString(shelf-tvshowimgtyp,$LOCALIZE[31950])</onclick>
									<visible>StringCompare(Skin.String(shelf-tvshowimgtyp),$LOCALIZE[31949])</visible>
								</item>
								<item>
									<label>$LOCALIZE[31950]</label><!-- Posters -->
									<onclick>Skin.SetString(shelf-tvshowimgtyp,$LOCALIZE[21371])</onclick>
									<visible>StringCompare(Skin.String(shelf-tvshowimgtyp),$LOCALIZE[31950])</visible>
								</item>
							</content>
						</control>
					</control>
					<control type="group" id="315"><!-- Shelf icon type -->
						<visible>!Skin.HasSetting(homemenu-vertical)</visible>
						<height>56</height>
						<width>885</width>
						<control type="list" id="316">
							<left>0</left>
							<top>0</top>
							<height>56</height>
							<width>885</width>
							<onup>312</onup>
							<ondown>318</ondown>
							<onleft>1223</onleft>
							<onright>317</onright>
							<scrolltime>0</scrolltime>
							<itemlayout width="885" height="56"/>
							<focusedlayout width="885" height="56">
								<control type="image">
									<left>0</left>
									<top>0</top>
									<width>885</width>
									<height>56</height>
									<texture border="7">button-default-focus.png</texture>
									<visible>ControlGroup(315).HasFocus()</visible>
								</control>
								<control type="label">
									<left>18</left>
									<top>10</top>
									<height>30</height>
									<width>800</width>
									<font>font12</font>
									<label>$LOCALIZE[2]</label>
								</control>
								<control type="label">
									<left>0</left>
									<top>10</top>
									<height>30</height>
									<width>790</width>
									<align>right</align>
									<font>font12</font>
									<label>$INFO[ListItem.Label]</label>
								</control>
								<control type="image">
									<left>804</left>
									<top>10</top>
									<width>32</width>
									<height>32</height>
									<texture>scroll-down-focus.png</texture>
									<visible>Control.HasFocus(316)</visible>
								</control>
								<control type="image">
									<left>804</left>
									<top>10</top>
									<width>32</width>
									<height>32</height>
									<texture>scroll-down.png</texture>
									<visible>!Control.HasFocus(316)</visible>
								</control>
							</focusedlayout>
							<content>
								<item><!-- Icon -->
									<label>$LOCALIZE[31953]</label>
									<onclick>Skin.SetString(shelf-musicimages,$LOCALIZE[31954])</onclick>
									<visible>IsEmpty(Skin.String(shelf-musicimages)) | StringCompare(Skin.String(shelf-musicimages),$LOCALIZE[31953]) | StringCompare(Skin.String(shelf-musicimages),$LOCALIZE[593])</visible>
								</item>
								<item><!-- Recent -->
									<label>$LOCALIZE[31954]</label>
									<onclick>Skin.SetString(shelf-musicimages,$LOCALIZE[31955])</onclick>
									<visible>StringCompare(Skin.String(shelf-musicimages),$LOCALIZE[31954])</visible>
								</item>
								<item><!-- Recommended -->
									<label>$LOCALIZE[31955]</label>
									<onclick>Skin.SetString(shelf-musicimages,$LOCALIZE[31953])</onclick>
									<visible>StringCompare(Skin.String(shelf-musicimages),$LOCALIZE[31955])</visible>
								</item>
							</content>
						</control>
						<control type="list" id="317">
							<left>835</left>
							<top>0</top>
							<height>56</height>
							<width>32</width>
							<onup>312</onup>
							<ondown>318</ondown>
							<onleft>316</onleft>
							<onright>999</onright>
							<scrolltime>0</scrolltime>
							<itemlayout width="32" height="56"/>
							<focusedlayout width="32" height="56">
								<control type="image">
									<left>0</left>
									<top>10</top>
									<width>32</width>
									<height>32</height>
									<texture>scroll-up.png</texture>
									<visible>!Control.HasFocus(317)</visible>
								</control>
								<control type="image">
									<left>0</left>
									<top>10</top>
									<width>32</width>
									<height>32</height>
									<texture>scroll-up-focus.png</texture>
									<visible>Control.HasFocus(317)</visible>
								</control>
							</focusedlayout>
							<content>
								<item><!-- Icon -->
									<label>$LOCALIZE[31953]</label>
									<onclick>Skin.SetString(shelf-musicimages,$LOCALIZE[31954])</onclick>
									<visible>IsEmpty(Skin.String(shelf-musicimages)) | StringCompare(Skin.String(shelf-musicimages),$LOCALIZE[31953]) | StringCompare(Skin.String(shelf-musicimages),$LOCALIZE[593])</visible>
								</item>
								<item><!-- Recommended -->
									<label>$LOCALIZE[31955]</label>
									<onclick>Skin.SetString(shelf-musicimages,$LOCALIZE[31954])</onclick>
									<visible>StringCompare(Skin.String(shelf-musicimages),$LOCALIZE[31955])</visible>
								</item>
								<item><!-- Recent -->
									<label>$LOCALIZE[31954]</label>
									<onclick>Skin.SetString(shelf-musicimages,$LOCALIZE[31953])</onclick>
									<visible>StringCompare(Skin.String(shelf-musicimages),$LOCALIZE[31954])</visible>
								</item>
							</content>
						</control>
					</control>
					<control type="group" id="318"><!-- Shelf icon type -->
						<visible>!Skin.HasSetting(homemenu-vertical)</visible>
						<height>56</height>
						<width>885</width>
						<control type="list" id="319">
							<left>0</left>
							<top>0</top>
							<height>56</height>
							<width>885</width>
							<onup>315</onup>
							<ondown>322</ondown>
							<onleft>1223</onleft>
							<onright>320</onright>
							<scrolltime>0</scrolltime>
							<itemlayout width="885" height="56"/>
							<focusedlayout width="885" height="56">
								<control type="image">
									<left>0</left>
									<top>0</top>
									<width>885</width>
									<height>56</height>
									<texture border="7">button-default-focus.png</texture>
									<visible>ControlGroup(318).HasFocus()</visible>
								</control>
								<control type="label">
									<left>18</left>
									<top>10</top>
									<height>30</height>
									<width>800</width>
									<font>font12</font>
									<label>$LOCALIZE[24001]</label>
								</control>
								<control type="label">
									<left>0</left>
									<top>10</top>
									<height>30</height>
									<width>790</width>
									<align>right</align>
									<font>font12</font>
									<label>$INFO[ListItem.Label]</label>
								</control>
								<control type="image">
									<left>804</left>
									<top>10</top>
									<width>32</width>
									<height>32</height>
									<texture>scroll-down-focus.png</texture>
									<visible>Control.HasFocus(319)</visible>
								</control>
								<control type="image">
									<left>804</left>
									<top>10</top>
									<width>32</width>
									<height>32</height>
									<texture>scroll-down.png</texture>
									<visible>!Control.HasFocus(319)</visible>
								</control>
							</focusedlayout>
							<content>
								<item><!-- Icon -->
									<label>$LOCALIZE[31953]</label>
									<onclick>Skin.SetString(shelf-addonimages,$LOCALIZE[31652])</onclick>
									<visible>IsEmpty(Skin.String(shelf-addonimages)) | StringCompare(Skin.String(shelf-addonimages),$LOCALIZE[31953])</visible>
								</item>
								<item><!-- Favourites -->
									<label>$LOCALIZE[31652]</label>
									<onclick>Skin.SetString(shelf-addonimages,$LOCALIZE[31953])</onclick>
									<visible>StringCompare(Skin.String(shelf-addonimages),$LOCALIZE[31652])</visible>
								</item>
							</content>
						</control>
						<control type="list" id="320">
							<left>835</left>
							<top>0</top>
							<height>56</height>
							<width>32</width>
							<onup>315</onup>
							<ondown>322</ondown>
							<onleft>319</onleft>
							<onright>999</onright>
							<scrolltime>0</scrolltime>
							<itemlayout width="32" height="56"/>
							<focusedlayout width="32" height="56">
								<control type="image">
									<left>0</left>
									<top>10</top>
									<width>32</width>
									<height>32</height>
									<texture>scroll-up.png</texture>
									<visible>!Control.HasFocus(320)</visible>
								</control>
								<control type="image">
									<left>0</left>
									<top>10</top>
									<width>32</width>
									<height>32</height>
									<texture>scroll-up-focus.png</texture>
									<visible>Control.HasFocus(320)</visible>
								</control>
							</focusedlayout>
							<content>
								<item><!-- Icon -->
									<label>$LOCALIZE[31953]</label>
									<onclick>Skin.SetString(shelf-addonimages,$LOCALIZE[31652])</onclick>
									<visible>IsEmpty(Skin.String(shelf-addonimages)) | StringCompare(Skin.String(shelf-addonimages),$LOCALIZE[31953])</visible>
								</item>
								<item><!-- Favourites -->
									<label>$LOCALIZE[31652]</label>
									<onclick>Skin.SetString(shelf-addonimages,$LOCALIZE[31953])</onclick>
									<visible>StringCompare(Skin.String(shelf-addonimages),$LOCALIZE[31652])</visible>
								</item>
							</content>
						</control>
					</control>
					<control type="button" id="322"><!-- Reset Above Settings button -->
						<include>settings-submenu-common</include>
						<label>$LOCALIZE[10041]</label>
						<textwidth>785</textwidth>
						<onclick>Skin.Reset(home-time)</onclick>
						<onclick>Skin.Reset(home-currentweather)</onclick>
						<onclick>Skin.Reset(custom-watermark)</onclick>
						<onclick>Skin.Reset(shelf-movieimages)</onclick>
						<onclick>Skin.Reset(shelf-tvshowimages)</onclick>
						<onclick>Skin.Reset(shelf-tvshowimgtyp)</onclick>
						<onclick>Skin.Reset(shelf-musicimages)</onclick>
						<onclick>Skin.Reset(shelf-addonimages)</onclick>
					</control>
				</control>
			</control>
			
			<control type="group" id="400"><!-- Home Menu Settings -->
				<visible>Skin.String(skinsettingmenu,homemenu)</visible>
				<control type="image"><!-- Home Settings Button Image -->
					<left>940</left>
					<top>274</top>
					<width>320</width>
					<height>56</height>
					<texture border="7">button-default-focus.png</texture>
					<include>settingbutton-fade</include>
					<visible>!ControlGroup(999).HasFocus()</visible>
				</control>
				<control type="group"><!-- Markers for control area items -->
					<control type="image">
						<left>484</left>
						<top>96</top>
						<height>16</height>
						<width>16</width>
						<texture>scroll-up.png</texture>
						<visible>Container(401).HasPrevious</visible>
					</control>
					<control type="image">
						<left>484</left>
						<top>652</top>
						<height>16</height>
						<width>16</width>
						<texture>scroll-down.png</texture>
						<visible>Container(401).HasNext</visible>
					</control>
				</control>

				<control type="grouplist" id="401"><!-- Home Menu Type -->
					<left>53</left>
					<top>112</top>
					<width>885</width>
					<height>542</height>
					<itemgap>-2</itemgap>
					<onleft>1223</onleft>
					<onright>999</onright>
					<pagecontrol>1223</pagecontrol>
					<control type="group" id="402">
						<height>56</height>
						<width>885</width>
						<control type="list" id="403">
							<left>0</left>
							<top>0</top>
							<height>56</height>
							<width>885</width>
							<ondown>405</ondown>
							<onleft>1223</onleft>
							<onright>404</onright>
							<scrolltime>0</scrolltime>
							<itemlayout width="885" height="56"/>
							<focusedlayout width="885" height="56">
								<control type="image">
									<left>0</left>
									<top>0</top>
									<width>885</width>
									<height>56</height>
									<texture border="7">button-default-focus.png</texture>
									<visible>ControlGroup(402).HasFocus()</visible>
								</control>
								<control type="label">
									<left>18</left>
									<top>10</top>
									<height>30</height>
									<width>800</width>
									<font>font12</font>
									<label>$LOCALIZE[31900]</label>
								</control>
								<control type="label">
									<left>0</left>
									<top>10</top>
									<height>30</height>
									<width>790</width>
									<align>right</align>
									<font>font12</font>
									<label>$INFO[ListItem.Label]</label>
								</control>
								<control type="image">
									<left>804</left>
									<top>10</top>
									<width>32</width>
									<height>32</height>
									<texture>scroll-down-focus.png</texture>
									<visible>Control.HasFocus(403)</visible>
								</control>
								<control type="image">
									<left>804</left>
									<top>10</top>
									<width>32</width>
									<height>32</height>
									<texture>scroll-down.png</texture>
									<visible>!Control.HasFocus(403)</visible>
								</control>
							</focusedlayout>
							<content>
								<item><!-- Horizontal Home Menu -->
									<label>$LOCALIZE[31952]</label>
									<onclick>Skin.Reset(homemenu-horizontal)</onclick>
									<onclick>Skin.SetBool(homemenu-vertical)</onclick>
									<visible>Skin.HasSetting(homemenu-horizontal) | [!Skin.HasSetting(homemenu-vertical) + !Skin.HasSetting(homemenu-horizontal) + !Skin.HasSetting(homemenu-icon)]</visible>
								</item>
								<item><!-- Vertical Home Menu -->
									<label>$LOCALIZE[31951]</label>
									<onclick>Skin.Reset(homemenu-vertical)</onclick>
									<onclick>Skin.SetBool(homemenu-icon)</onclick>
									<visible>Skin.HasSetting(homemenu-vertical)</visible>
								</item>
								<item><!-- Icon Home Menu -->
									<label>$LOCALIZE[31953]</label>
									<onclick>Skin.Reset(homemenu-icon)</onclick>
									<onclick>Skin.SetBool(homemenu-horizontal)</onclick>
									<visible>Skin.HasSetting(homemenu-icon)</visible>
								</item>
							</content>
						</control>
						<control type="list" id="404">
							<left>835</left>
							<top>0</top>
							<height>56</height>
							<width>32</width>
							<ondown>405</ondown>
							<onleft>403</onleft>
							<onright>999</onright>
							<scrolltime>0</scrolltime>
							<itemlayout width="32" height="56"/>
							<focusedlayout width="32" height="56">
								<control type="image">
									<left>0</left>
									<top>10</top>
									<width>32</width>
									<height>32</height>
									<texture>scroll-up.png</texture>
									<visible>!Control.HasFocus(404)</visible>
								</control>
								<control type="image">
									<left>0</left>
									<top>10</top>
									<width>32</width>
									<height>32</height>
									<texture>scroll-up-focus.png</texture>
									<visible>Control.HasFocus(404)</visible>
								</control>
							</focusedlayout>
							<content>
								<item><!-- Horizontal Home Menu -->
									<label>$LOCALIZE[31952]</label>
									<onclick>Skin.Reset(homemenu-horizontal)</onclick>
									<onclick>Skin.SetBool(homemenu-icon)</onclick>
									<visible>Skin.HasSetting(homemenu-horizontal) | [!Skin.HasSetting(homemenu-vertical) + !Skin.HasSetting(homemenu-horizontal) + !Skin.HasSetting(homemenu-icon)]</visible>
								</item>
								<item><!-- Icon Home Menu -->
									<label>$LOCALIZE[31953]</label>
									<onclick>Skin.Reset(homemenu-icon)</onclick>
									<onclick>Skin.SetBool(homemenu-vertical)</onclick>
									<visible>Skin.HasSetting(homemenu-icon)</visible>
								</item>
								<item><!-- Vertical Home Menu -->
									<label>$LOCALIZE[31951]</label>
									<onclick>Skin.Reset(homemenu-vertical)</onclick>
									<onclick>Skin.SetBool(homemenu-horizontal)</onclick>
									<visible>Skin.HasSetting(homemenu-vertical)</visible>
								</item>
							</content>
						</control>
					</control>
					<control type="radiobutton" id="405"><!-- Video On Home toggle -->
						<include>settings-submenu-common</include>
						<label>$LOCALIZE[31901]</label>
						<textwidth>750</textwidth>
						<onclick>Skin.ToggleSetting(home-video)</onclick>
						<selected>!Skin.HasSetting(home-video)</selected>
						<radioposx>844</radioposx>
					</control>
					<control type="radiobutton" id="406"><!-- Movies On Home toggle -->
						<include>settings-submenu-common</include>
						<label>$LOCALIZE[31902]</label>
						<textwidth>750</textwidth>
						<onclick>Skin.ToggleSetting(home-movie)</onclick>
						<selected>!Skin.HasSetting(home-movie)</selected>
						<radioposx>844</radioposx>
					</control>
					<control type="radiobutton" id="407"><!-- TVShows On Home toggle -->
						<include>settings-submenu-common</include>
						<label>$LOCALIZE[31903]</label>
						<textwidth>750</textwidth>
						<onclick>Skin.ToggleSetting(home-tvshows)</onclick>
						<selected>!Skin.HasSetting(home-tvshows)</selected>
						<radioposx>844</radioposx>
					</control>
					<control type="radiobutton" id="408"><!-- Music Videos On Home toggle -->
						<include>settings-submenu-common</include>
						<label>$LOCALIZE[31904]</label>
						<textwidth>750</textwidth>
						<onclick>Skin.ToggleSetting(home-musicvideo)</onclick>
						<selected>Skin.HasSetting(home-musicvideo)</selected>
						<radioposx>844</radioposx>
					</control>
					<control type="radiobutton" id="411"><!-- Music On Home toggle -->
						<include>settings-submenu-common</include>
						<label>$LOCALIZE[31905]</label>
						<textwidth>750</textwidth>
						<onclick>Skin.ToggleSetting(home-music)</onclick>
						<selected>!Skin.HasSetting(home-music)</selected>
						<radioposx>844</radioposx>
					</control>
					<control type="radiobutton" id="412"><!-- Addons On Home toggle -->
						<include>settings-submenu-common</include>
						<label>$LOCALIZE[31906]</label>
						<textwidth>750</textwidth>
						<onclick>Skin.ToggleSetting(home-programs)</onclick>
						<selected>!Skin.HasSetting(home-programs)</selected>
						<radioposx>844</radioposx>
					</control>
					<control type="radiobutton" id="413"><!-- Pictures On Home toggle -->
						<include>settings-submenu-common</include>
						<label>$LOCALIZE[31907]</label>
						<textwidth>750</textwidth>
						<onclick>Skin.ToggleSetting(home-photos)</onclick>
						<selected>Skin.HasSetting(home-photos)</selected>
						<radioposx>844</radioposx>
					</control>
					<control type="radiobutton" id="414"><!-- Profiles On Home toggle -->
						<include>settings-submenu-common</include>
						<label>$LOCALIZE[31908]</label>
						<textwidth>750</textwidth>
						<onclick>Skin.ToggleSetting(home-profile)</onclick>
						<selected>Skin.HasSetting(home-profile)</selected>
						<radioposx>844</radioposx>
					</control>
					<control type="radiobutton" id="415"><!-- Weather On Home toggle -->
						<include>settings-submenu-common</include>
						<label>$LOCALIZE[31909]</label>
						<textwidth>750</textwidth>
						<onclick>Skin.ToggleSetting(home-weather)</onclick>
						<selected>Skin.HasSetting(home-weather)</selected>
						<enable>!IsEmpty(Weather.plugin)</enable>
						<radioposx>844</radioposx>
					</control>
					<control type="radiobutton" id="416"><!-- Favorites On Home toggle -->
						<include>settings-submenu-common</include>
						<label>$LOCALIZE[31910]</label>
						<textwidth>750</textwidth>
						<onclick>Skin.ToggleSetting(home-favorites)</onclick>
						<selected>Skin.HasSetting(home-favorites)</selected>
						<radioposx>844</radioposx>
					</control>
					<control type="radiobutton" id="417"><!-- Search On Home toggle -->
						<include>settings-submenu-common</include>
						<label>$LOCALIZE[31911]</label>
						<textwidth>750</textwidth>
						<onclick>Skin.ToggleSetting(home-search)</onclick>
						<selected>Skin.HasSetting(home-search)</selected>
						<radioposx>844</radioposx>
					</control>
					<control type="radiobutton" id="418"><!-- Play Disc On Home toggle -->
						<include>settings-submenu-common</include>
						<label>$LOCALIZE[31912]</label>
						<textwidth>750</textwidth>
						<onclick>Skin.ToggleSetting(home-playdisc)</onclick>
						<selected>Skin.HasSetting(home-playdisc)</selected>
						<radioposx>844</radioposx>
						<visible>![System.Platform.IOS | System.Platform.ATV2]</visible>
					</control>
					<control type="radiobutton" id="419"><!-- Shutdown From Home toggle -->
						<include>settings-submenu-common</include>
						<label>$LOCALIZE[31913]</label>
						<textwidth>750</textwidth>
						<onclick>Skin.ToggleSetting(home-shutdown)</onclick>
						<selected>!Skin.HasSetting(home-shutdown)</selected>
						<radioposx>844</radioposx>
					</control>
					<control type="group" id="420">
						<height>56</height>
						<width>885</width>
						<control type="list" id="421">
							<left>0</left>
							<top>0</top>
							<height>56</height>
							<width>885</width>
							<ondown>423</ondown>
							<onup>419</onup>
							<onleft>1223</onleft>
							<onright>422</onright>
							<scrolltime>0</scrolltime>
							<enable>!Skin.HasSetting(home-shutdown)</enable>
							<itemlayout width="885" height="56"/>
							<focusedlayout width="885" height="56">
								<control type="image">
									<left>0</left>
									<top>0</top>
									<width>885</width>
									<height>56</height>
									<texture border="7">button-default-focus.png</texture>
									<visible>ControlGroup(420).HasFocus()</visible>
								</control>
								<control type="group">
									<visible>Skin.HasSetting(home-shutdown)</visible>
									<control type="label">
										<left>18</left>
										<top>10</top>
										<height>30</height>
										<width>800</width>
										<textcolor>disabled-text</textcolor>
										<font>font12</font>
										<label>- $LOCALIZE[31914]:</label>
									</control>
									<control type="label">
										<left>0</left>
										<top>10</top>
										<height>30</height>
										<width>790</width>
										<align>right</align>
										<textcolor>disabled-text</textcolor>
										<font>font12</font>
										<label>$INFO[ListItem.Label]</label>
									</control>
								</control>
								<control type="group">
									<visible>!Skin.HasSetting(home-shutdown)</visible>
									<control type="label">
										<left>18</left>
										<top>10</top>
										<height>30</height>
										<width>800</width>
										<font>font12</font>
										<label>- $LOCALIZE[31914]:</label>
									</control>
									<control type="label">
										<left>0</left>
										<top>10</top>
										<height>30</height>
										<width>790</width>
										<align>right</align>
										<font>font12</font>
										<label>$INFO[ListItem.Label]</label>
									</control>
								</control>
								<control type="image">
									<left>804</left>
									<top>10</top>
									<width>32</width>
									<height>32</height>
									<texture>scroll-down-focus.png</texture>
									<visible>Control.HasFocus(421)</visible>
								</control>
								<control type="image">
									<left>804</left>
									<top>10</top>
									<width>32</width>
									<height>32</height>
									<texture>scroll-down.png</texture>
									<visible>!Control.HasFocus(421)</visible>
								</control>
							</focusedlayout>
							<content>
								<item><!-- Quit -->
									<label>$LOCALIZE[13009]</label>
									<onclick>Skin.SetString(home-quitaction,$LOCALIZE[31558])</onclick>
									<visible>IsEmpty(Skin.String(home-quitaction)) | StringCompare(Skin.String(home-quitaction),$LOCALIZE[13009])</visible>
								</item>
								<item><!-- Shutdown Menu -->
									<label>$LOCALIZE[31558]</label>
									<onclick>Skin.SetString(home-quitaction,$LOCALIZE[13005])</onclick>
									<visible>StringCompare(Skin.String(home-quitaction),$LOCALIZE[31558])</visible>
								</item>
								<item><!-- Powerdown -->
									<label>$LOCALIZE[13005]</label>
									<onclick>Skin.SetString(home-quitaction,$LOCALIZE[13010])</onclick>
									<visible>StringCompare(Skin.String(home-quitaction),$LOCALIZE[13005])</visible>
								</item>
								<item><!-- Hibernate -->
									<label>$LOCALIZE[13010]</label>
									<onclick>Skin.SetString(home-quitaction,$LOCALIZE[13011])</onclick>
									<visible>StringCompare(Skin.String(home-quitaction),$LOCALIZE[13010])</visible>
								</item>
								<item><!-- Suspend -->
									<label>$LOCALIZE[13011]</label>
									<onclick>Skin.SetString(home-quitaction,$LOCALIZE[13013])</onclick>
									<visible>StringCompare(Skin.String(home-quitaction),$LOCALIZE[13011])</visible>
								</item>
								<item><!-- Reboot -->
									<label>$LOCALIZE[13013]</label>
									<onclick>Skin.SetString(home-quitaction,$LOCALIZE[13009])</onclick>
									<visible>StringCompare(Skin.String(home-quitaction),$LOCALIZE[13013])</visible>
								</item>
							</content>
						</control>
						<control type="list" id="422">
							<left>835</left>
							<top>0</top>
							<height>56</height>
							<width>32</width>
							<ondown>423</ondown>
							<onup>419</onup>
							<onleft>421</onleft>
							<onright>999</onright>
							<scrolltime>0</scrolltime>
							<enable>!Skin.HasSetting(home-shutdown)</enable>
							<itemlayout width="32" height="56"/>
							<focusedlayout width="32" height="56">
								<control type="image">
									<left>0</left>
									<top>10</top>
									<width>32</width>
									<height>32</height>
									<texture>scroll-up.png</texture>
									<visible>!Control.HasFocus(422)</visible>
								</control>
								<control type="image">
									<left>0</left>
									<top>10</top>
									<width>32</width>
									<height>32</height>
									<texture>scroll-up-focus.png</texture>
									<visible>Control.HasFocus(422)</visible>
								</control>
							</focusedlayout>
							<content>
								<item><!-- Quit -->
									<label>$LOCALIZE[13009]</label>
									<onclick>Skin.SetString(home-quitaction,$LOCALIZE[13013])</onclick>
									<visible>IsEmpty(Skin.String(home-quitaction)) | StringCompare(Skin.String(home-quitaction),$LOCALIZE[13009])</visible>
								</item>
								<item><!-- Reboot -->
									<label>$LOCALIZE[13013]</label>
									<onclick>Skin.SetString(home-quitaction,$LOCALIZE[13011])</onclick>
									<visible>StringCompare(Skin.String(home-quitaction),$LOCALIZE[13013])</visible>
								</item>
								<item><!-- Suspend -->
									<label>$LOCALIZE[13011]</label>
									<onclick>Skin.SetString(home-quitaction,$LOCALIZE[13010])</onclick>
									<visible>StringCompare(Skin.String(home-quitaction),$LOCALIZE[13011])</visible>
								</item>
								<item><!-- Hibernate -->
									<label>$LOCALIZE[13010]</label>
									<onclick>Skin.SetString(home-quitaction,$LOCALIZE[13005])</onclick>
									<visible>StringCompare(Skin.String(home-quitaction),$LOCALIZE[13010])</visible>
								</item>
								<item><!-- Powerdown -->
									<label>$LOCALIZE[13005]</label>
									<onclick>Skin.SetString(home-quitaction,$LOCALIZE[31558])</onclick>
									<visible>StringCompare(Skin.String(home-quitaction),$LOCALIZE[13005])</visible>
								</item>
								<item><!-- Shutdown Menu -->
									<label>$LOCALIZE[31558]</label>
									<onclick>Skin.SetString(home-quitaction,$LOCALIZE[13009])</onclick>
									<visible>StringCompare(Skin.String(home-quitaction),$LOCALIZE[31558])</visible>
								</item>
							</content>
						</control>
					</control>
					<control type="button" id="423"><!-- Reset Above Settings button -->
						<include>settings-submenu-common</include>
						<label>$LOCALIZE[10041]</label>
						<textwidth>785</textwidth>
						<onclick>Skin.Reset(homemenu-icon)</onclick>
						<onclick>Skin.Reset(homemenu-vertical)</onclick>
						<onclick>Skin.Reset(home-video)</onclick>
						<onclick>Skin.Reset(home-movie)</onclick>
						<onclick>Skin.Reset(home-tvshows)</onclick>
						<onclick>Skin.Reset(home-musicvideo)</onclick>
						<onclick>Skin.Reset(home-music)</onclick>
						<onclick>Skin.Reset(home-programs)</onclick>
						<onclick>Skin.Reset(home-photos)</onclick>
						<onclick>Skin.Reset(home-profile)</onclick>
						<onclick>Skin.Reset(home-weather)</onclick>
						<onclick>Skin.Reset(home-favorites)</onclick>
						<onclick>Skin.Reset(home-search)</onclick>
						<onclick>Skin.Reset(home-playdisc)</onclick>
						<onclick>Skin.Reset(home-shutdown)</onclick>
						<onclick>Skin.Reset(home-quitaction)</onclick>
					</control>
				</control>
			</control>
			<control type="group" id="500"><!-- Background Settings -->
				<visible>Skin.String(skinsettingmenu,background)</visible>
				<control type="image"><!-- Background Settings Button Image -->
					<left>940</left>
					<top>328</top>
					<width>320</width>
					<height>56</height>
					<texture border="7">button-default-focus.png</texture>
					<include>settingbutton-fade</include>
					<visible>!ControlGroup(999).HasFocus()</visible>
				</control>
				<control type="group"><!-- Markers for control area items -->
					<control type="image">
						<left>484</left>
						<top>96</top>
						<height>16</height>
						<width>16</width>
						<texture>scroll-up.png</texture>
						<visible>Container(501).HasPrevious</visible>
					</control>
					<control type="image">
						<left>484</left>
						<top>652</top>
						<height>16</height>
						<width>16</width>
						<texture>scroll-down.png</texture>
						<visible>Container(501).HasNext</visible>
					</control>
				</control>

				<control type="grouplist" id="501">
					<left>53</left>
					<top>112</top>
					<width>885</width>
					<height>542</height>
					<itemgap>-2</itemgap>
					<onleft>1223</onleft>
					<onright>999</onright>
					<pagecontrol>1223</pagecontrol>
					<control type="button" id="502"><!-- Custom Background Button -->
						<include>settings-submenu-common</include>
						<label>$LOCALIZE[31860]</label>
						<textwidth>785</textwidth>
						<onclick>Skin.SetImage(background-custom)</onclick>
						<visible>!Skin.String(background-custom)</visible>
					</control>
					<control type="button" id="503"><!-- Reset Custom Background Button -->
						<include>settings-submenu-common</include>
						<label>$LOCALIZE[31861]</label>
						<textwidth>785</textwidth>
						<onclick>Skin.Reset(background-custom)</onclick>
						<visible>Skin.String(background-custom)</visible>
					</control>
					<control type="radiobutton" id="504"><!-- Background Fanart Toggle -->
						<include>settings-submenu-common</include>
						<label>$LOCALIZE[31863]</label>
						<textwidth>750</textwidth>
						<onclick>Skin.ToggleSetting(background-fanart)</onclick>
						<selected>Skin.HasSetting(background-fanart)</selected>
						<radioposx>844</radioposx>
					</control>
					<control type="radiobutton" id="505"><!-- Background ExtraFanart Toggle -->
						<include>settings-submenu-common</include>
						<label>$LOCALIZE[31864]</label>
						<textwidth>750</textwidth>
						<onclick>Skin.ToggleSetting(background-extrafanart)</onclick>
						<selected>Skin.HasSetting(background-extrafanart)</selected>
						<enable>Skin.HasSetting(background-fanart)</enable>
						<radioposx>844</radioposx>
					</control>
					<control type="radiobutton" id="506"><!-- Media In Background Toggle -->
						<include>settings-submenu-common</include>
						<label>$LOCALIZE[31862]</label>
						<textwidth>750</textwidth>
						<onclick>Skin.ToggleSetting(background-playingmedia)</onclick>
						<selected>Skin.HasSetting(background-playingmedia)</selected>
						<radioposx>844</radioposx>
					</control>
					<control type="radiobutton" id="507"><!-- Background Artistslideshow Toggle -->
						<include>settings-submenu-common</include>
						<label>$LOCALIZE[31865]</label>
						<textwidth>750</textwidth>
						<onclick>Skin.ToggleSetting(background-slideshow)</onclick>
						<selected>Skin.HasSetting(background-slideshow)</selected>
						<enable>System.HasAddon(script.artistslideshow)</enable>
						<radioposx>844</radioposx>
					</control>
					<control type="button" id="508"><!-- Custom Weather Background Button -->
						<include>settings-submenu-common</include>
						<label>$LOCALIZE[31866]</label>
						<textwidth>785</textwidth>
						<onclick>Skin.SetPath(background-customweather)</onclick>
						<visible>!Skin.String(background-customweather)</visible>
					</control>
					<control type="button" id="509"><!-- Reset Custom Weather Background Button -->
						<include>settings-submenu-common</include>
						<label>$LOCALIZE[31867]</label>
						<textwidth>785</textwidth>
						<onclick>Skin.Reset(background-customweather)</onclick>
						<visible>Skin.String(background-customweather)</visible>
					</control>
					<control type="group" id="510"><!-- Background Visibilty -->
						<height>56</height>
						<width>885</width>
						<control type="list" id="511">
							<left>0</left>
							<top>0</top>
							<height>56</height>
							<width>885</width>
							<onup>509</onup>
							<ondown>514</ondown>
							<onleft>1223</onleft>
							<onright>512</onright>
							<scrolltime>0</scrolltime>
							<itemlayout width="885" height="56"/>
							<focusedlayout width="885" height="56">
								<control type="image">
									<left>0</left>
									<top>0</top>
									<width>885</width>
									<height>56</height>
									<texture border="7">button-default-focus.png</texture>
									<visible>ControlGroup(510).HasFocus()</visible>
								</control>
								<control type="label">
									<left>18</left>
									<top>10</top>
									<height>30</height>
									<width>800</width>
									<font>font12</font>
									<label>$LOCALIZE[31868]</label>
								</control>
								<control type="label">
									<left>0</left>
									<top>10</top>
									<height>30</height>
									<width>790</width>
									<align>right</align>
									<font>font12</font>
									<label>$INFO[ListItem.Label]</label>
								</control>
								<control type="image">
									<left>804</left>
									<top>10</top>
									<width>32</width>
									<height>32</height>
									<texture>scroll-down-focus.png</texture>
									<visible>Control.HasFocus(511)</visible>
								</control>
								<control type="image">
									<left>804</left>
									<top>10</top>
									<width>32</width>
									<height>32</height>
									<texture>scroll-down.png</texture>
									<visible>!Control.HasFocus(511)</visible>
								</control>
							</focusedlayout>
							<content>
								<item><!-- Low Visibilty -->
									<label>$LOCALIZE[391]</label>
									<onclick>Skin.Reset(background-visibiltyhigh)</onclick>
									<onclick>Skin.SetBool(background-visibiltymed)</onclick>
									<visible>!Skin.HasSetting(background-visibiltymed) + !Skin.HasSetting(background-visibiltyhigh)</visible>
								</item>
								<item><!-- Medium Visibilty -->
									<label>$LOCALIZE[392]</label>
									<onclick>Skin.Reset(background-visibiltymed)</onclick>
									<onclick>Skin.SetBool(background-visibiltyhigh)</onclick>
									<visible>Skin.HasSetting(background-visibiltymed)</visible>
								</item>
								<item><!-- High Visibilty -->
									<label>$LOCALIZE[393]</label>
									<onclick>Skin.Reset(background-visibiltyhigh)</onclick>
									<onclick>Skin.Reset(background-visibiltymed)</onclick>
									<visible>Skin.HasSetting(background-visibiltyhigh)</visible>
								</item>
							</content>
						</control>
						<control type="list" id="512">
							<left>835</left>
							<top>0</top>
							<height>56</height>
							<width>32</width>
							<onup>509</onup>
							<ondown>514</ondown>
							<onleft>511</onleft>
							<onright>999</onright>
							<scrolltime>0</scrolltime>
							<itemlayout width="32" height="56"/>
							<focusedlayout width="32" height="56">
								<control type="image">
									<left>0</left>
									<top>10</top>
									<width>32</width>
									<height>32</height>
									<texture>scroll-up.png</texture>
									<visible>!Control.HasFocus(512)</visible>
								</control>
								<control type="image">
									<left>0</left>
									<top>10</top>
									<width>32</width>
									<height>32</height>
									<texture>scroll-up-focus.png</texture>
									<visible>Control.HasFocus(512)</visible>
								</control>
							</focusedlayout>
							<content>
								<item><!-- Low Visibilty -->
									<label>$LOCALIZE[391]</label>
									<onclick>Skin.Reset(background-visibiltymed)</onclick>
									<onclick>Skin.SetBool(background-visibiltyhigh)</onclick>
									<visible>!Skin.HasSetting(background-visibiltymed) + !Skin.HasSetting(background-visibiltyhigh)</visible>
								</item>
								<item><!-- High Visibilty -->
									<label>$LOCALIZE[393]</label>
									<onclick>Skin.Reset(background-visibiltyhigh)</onclick>
									<onclick>Skin.SetBool(background-visibiltymed)</onclick>
									<visible>Skin.HasSetting(background-visibiltyhigh)</visible>
								</item>
								<item><!-- Medium Visibilty -->
									<label>$LOCALIZE[392]</label>
									<onclick>Skin.Reset(background-visibiltyhigh)</onclick>
									<onclick>Skin.Reset(background-visibiltymed)</onclick>
									<visible>Skin.HasSetting(background-visibiltymed)</visible>
								</item>
							</content>
						</control>
					</control>
					<control type="button" id="514"><!-- Reset Above Settings button -->
						<include>settings-submenu-common</include>
						<label>$LOCALIZE[10041]</label>
						<textwidth>785</textwidth>
						<onclick>Skin.Reset(background-custom)</onclick>
						<onclick>Skin.Reset(background-fanart)</onclick>
						<onclick>Skin.Reset(background-extrafanart)</onclick>
						<onclick>Skin.Reset(background-playingmedia)</onclick>
						<onclick>Skin.Reset(background-slideshow)</onclick>
						<onclick>Skin.Reset(background-customweather)</onclick>
						<onclick>Skin.Reset(background-visibiltymed)</onclick>
						<onclick>Skin.Reset(background-visibiltyhigh)</onclick>
					</control>
				</control>
			</control>
			<control type="group" id="600"><!-- Media Entry Points Settings -->
				<visible>Skin.String(skinsettingmenu,sources)</visible>
				<control type="image"><!-- Media Entry Points Settings Button Image -->
					<left>940</left>
					<top>382</top>
					<width>320</width>
					<height>56</height>
					<texture border="7">button-default-focus.png</texture>
					<include>settingbutton-fade</include>
					<visible>!ControlGroup(999).HasFocus()</visible>
				</control>
				<control type="group"><!-- Markers for control area items -->
					<control type="image">
						<left>484</left>
						<top>96</top>
						<height>16</height>
						<width>16</width>
						<texture>scroll-up.png</texture>
						<visible>Container(601).HasPrevious</visible>
					</control>
					<control type="image">
						<left>484</left>
						<top>652</top>
						<height>16</height>
						<width>16</width>
						<texture>scroll-down.png</texture>
						<visible>Container(601).HasNext</visible>
					</control>
				</control>

				<control type="grouplist" id="601">
					<left>53</left>
					<top>112</top>
					<width>885</width>
					<height>542</height>
					<itemgap>-2</itemgap>
					<onleft>1223</onleft>
					<onright>999</onright>
					<pagecontrol>1223</pagecontrol>
					<control type="button" id="602"><!-- Set Movie library entry point -->
						<include>settings-submenu-common</include>
						<label>$LOCALIZE[31920]</label>
						<label2>$INFO[Skin.String(libraryentry-movie)]</label2>
						<onclick>Skin.SetBool(select-movieentry)</onclick>
						<onclick>ActivateWindow(1156)</onclick>
						<onclick>Skin.Reset(select-movieentry)</onclick>
					</control>
					<control type="button" id="603"><!-- Set TV library entry point -->
						<include>settings-submenu-common</include>
						<label>$LOCALIZE[31921]</label>
						<label2>$INFO[Skin.String(libraryentry-tvshow)]</label2>
						<onclick>Skin.SetBool(select-tvshowentry)</onclick>
						<onclick>ActivateWindow(1156)</onclick>
						<onclick>Skin.Reset(select-tvshowentry)</onclick>
					</control>
					<control type="button" id="604"><!-- Set Music Video library entry point -->
						<include>settings-submenu-common</include>
						<label>$LOCALIZE[31922]</label>
						<label2>$INFO[Skin.String(libraryentry-musicvideo)]</label2>
						<onclick>Skin.SetBool(select-musicvidentry)</onclick>
						<onclick>ActivateWindow(1156)</onclick>
						<onclick>Skin.Reset(select-musicvidentry)</onclick>
					</control>
					<control type="button" id="605"><!-- Set Music library entry point -->
						<include>settings-submenu-common</include>
						<label>$LOCALIZE[31923]</label>
						<label2>$INFO[Skin.String(libraryentry-music)]</label2>
						<onclick>Skin.SetBool(select-musicentry)</onclick>
						<onclick>ActivateWindow(1156)</onclick>
						<onclick>Skin.Reset(select-musicentry)</onclick>
					</control>
					<control type="button" id="606"><!-- Set TV library entry point -->
						<include>settings-submenu-common</include>
						<label>$LOCALIZE[31924]</label>
						<label2>$INFO[Skin.String(libraryentry-tv)]</label2>
						<onclick>Skin.SetBool(select-tventry)</onclick>
						<onclick>ActivateWindow(1156)</onclick>
						<onclick>Skin.Reset(select-tventry)</onclick>
						<enable>[System.GetBool(pvrmanager.enabled) + Pvr.HasTVChannels]</enable>
					</control>
					<control type="button" id="607"><!-- Set Radio library entry point -->
						<include>settings-submenu-common</include>
						<label>$LOCALIZE[31925]</label>
						<label2>$INFO[Skin.String(libraryentry-radio)]</label2>
						<onclick>Skin.SetBool(select-radioentry)</onclick>
						<onclick>ActivateWindow(1156)</onclick>
						<onclick>Skin.Reset(select-radioentry)</onclick>
						<enable>[System.GetBool(pvrmanager.enabled) + Pvr.HasRadioChannels]</enable>
					</control>
					<control type="button" id="608"><!-- Reset Above Settings button -->
						<include>settings-submenu-common</include>
						<label>$LOCALIZE[10041]</label>
						<textwidth>785</textwidth>
						<onclick>Skin.Reset(libraryentry-movie)</onclick>
						<onclick>Skin.Reset(libraryentry-tvshow)</onclick>
						<onclick>Skin.Reset(libraryentry-musicvideo)</onclick>
						<onclick>Skin.Reset(libraryentry-music)</onclick>
						<onclick>Skin.Reset(libraryentry-tv)</onclick>
						<onclick>Skin.Reset(libraryentry-radio)</onclick>
					</control>
				</control>
			</control>
			<control type="group" id="700"><!-- Custom Favourites -->
				<visible>Skin.String(skinsettingmenu,custom)</visible>
				<control type="image"><!-- Skin Logo -->
					<left>150</left>
					<top>150</top>
					<width>512</width>
					<height>256</height>
					<aspectratio>keep</aspectratio>
					<texture>skin-logo-big.png</texture>
				</control>
			</control>
			<control type="group" id="800"><!-- Support Settings -->
				<visible>Skin.String(skinsettingmenu,support)</visible>
				<control type="image"><!-- Support Settings Button Image -->
					<left>940</left>
					<top>490</top>
					<width>320</width>
					<height>56</height>
					<texture border="7">button-default-focus.png</texture>
					<include>settingbutton-fade</include>
					<visible>!ControlGroup(999).HasFocus()</visible>
				</control>
				<control type="group"><!-- Markers for control area items -->
					<control type="image">
						<left>484</left>
						<top>96</top>
						<height>16</height>
						<width>16</width>
						<texture>scroll-up.png</texture>
						<visible>Container(801).HasPrevious</visible>
					</control>
					<control type="image">
						<left>484</left>
						<top>652</top>
						<height>16</height>
						<width>16</width>
						<texture>scroll-down.png</texture>
						<visible>Container(801).HasNext</visible>
					</control>
				</control>

				<control type="grouplist" id="801">
					<left>53</left>
					<top>112</top>
					<width>885</width>
					<height>540</height>
					<itemgap>-2</itemgap>
					<onleft>1223</onleft>
					<onright>999</onright>
					<pagecontrol>1223</pagecontrol>
					<control type="button" id="802"><!-- Kodi Log Uploader Script -->
						<include>settings-submenu-common</include>
						<label>$LOCALIZE[31930]</label>
						<textwidth>750</textwidth>
						<onclick>RunScript(script.xbmc.debug.log)</onclick>
						<enable>System.HasAddon(script.xbmc.debug.log) + system.getbool(debug.showloginfo)</enable>
					</control>
					<control type="radiobutton" id="803"><!-- System Debug toggle -->
						<include>settings-submenu-common</include>
						<label>$LOCALIZE[20191]</label>
						<textwidth>750</textwidth>
						<onclick>ToggleDebug</onclick>
						<selected>system.getbool(debug.showloginfo)</selected>
						<radioposx>844</radioposx>
					</control>
					<control type="image" id="804">
						<width>885</width>
						<height>4</height>
						<texture>separator.png</texture>
					</control>
					<control type="radiobutton" id="805"><!-- Show skin debug grid toggle -->
						<include>settings-submenu-common</include>
						<label>$LOCALIZE[31933]</label>
						<textwidth>750</textwidth>
						<onclick>Skin.ToggleSetting(debug-grid)</onclick>
						<selected>Skin.HasSetting(debug-grid)</selected>
						<radioposx>844</radioposx>
					</control>
					<control type="radiobutton" id="806"><!-- Show Skin Debug Info toggle -->
						<include>settings-submenu-common</include>
						<label>$LOCALIZE[31934]</label>
						<textwidth>750</textwidth>
						<onclick>Skin.ToggleSetting(debug-info)</onclick>
						<selected>Skin.HasSetting(debug-info)</selected>
						<radioposx>844</radioposx>
					</control>
					<control type="image" id="807">
						<width>885</width>
						<height>4</height>
						<texture>separator.png</texture>
					</control>
					<control type="button" id="808"><!-- Reset skin settings to defaults -->
						<include>settings-submenu-common</include>
						<label>$LOCALIZE[31935]</label>
						<textwidth>785</textwidth>
						<onclick>Skin.ResetSettings</onclick>
						<onclick>ReplaceWindow(skinsettings)</onclick>
					</control>
				</control>
			</control>
		</control>
		<control type="textbox"><!-- Settings description area -->
			<left>10</left>
			<top>666</top>
			<width>1260</width>
			<height>50</height>
			<font>font10</font>
			<align>center</align>
			<label>$VAR[SkinSettingHelp]</label>
		</control>
	</controls>
</window>
