<?xml version="1.0" encoding="UTF-8"?>
<window>
	<defaultcontrol always="true">22</defaultcontrol>
	<allowoverlay>no</allowoverlay>
	<include>screen-fade</include>
	<coordinates>
		<left>0</left>
		<top>0</top>
	</coordinates>
	<controls>
		<include>fadebackground</include>
		<control type="group">
			<animation effect="fade" start="100" end="0" time="300" condition="Window.IsVisible(selectdialog) | Window.IsVisible(smartplaylistrule)">Conditional</animation>
			<control type="image" id="0"><!-- Dialog background image -->
				<left>174</left>
				<top>30</top>
				<width>920</width>
				<height>660</height>
				<texture border="8">button-menu-background.png</texture>
			</control>
			<control type="label" id="2"><!-- Dialog heading -->
				<left>192</left>
				<top>30</top>
				<width>884</width>
				<height>46</height>
				<align>center</align>
			</control>
			<control type="label"><!-- Dialog heading -->
				<left>192</left>
				<top>30</top>
				<width>884</width>
				<height>46</height>
				<align>center</align>
				<label>$LOCALIZE[21432]</label>
				<visible>IsEmpty(Control.GetLabel(2))</visible>
			</control>
			<control type="image">
				<left>192</left>
				<top>72</top>
				<width>884</width>
				<height>4</height>
				<texture>separator.png</texture>
			</control>

			<control type="spincontrolex" id="22"><!-- Set playlist type -->
				<left>200</left>
				<top>82</top>
				<width>868</width>
				<height>46</height>
				<label>$LOCALIZE[467]</label>
				<font>font12</font>
				<ondown>12</ondown>
			</control>
			<control type="label"><!-- Name heading -->
				<left>217</left>
				<top>128</top>
				<width>743</width>
				<height>46</height>
				<font>font12</font>
				<label>$LOCALIZE[21433]</label>
			</control>
			<control type="edit" id="12"><!-- Name -->
				<left>200</left>
				<top>174</top>
				<width>868</width>
				<height>46</height>
				<font>font12</font>
				<textoffsetx>18</textoffsetx>
				<textwidth>830</textwidth>
				<onup>22</onup>
				<ondown>10</ondown>
			</control>
			<control type="label"><!-- Rules -->
				<left>217</left>
				<top>220</top>
				<width>743</width>
				<height>46</height>
				<font>font12</font>
				<label>$LOCALIZE[21434]</label>
			</control>
			<control type="list" id="10"><!-- Rules list -->
				<left>200</left>
				<top>266</top>
				<width>660</width>
				<height>138</height>
				<onup>12</onup>
				<onright>9000</onright>
				<ondown>16</ondown>
				<itemlayout width="660" height="46">
					<control type="label">
						<left>17</left>
						<top>0</top>
						<width>619</width>
						<height>46</height>
						<label>$INFO[ListItem.Label]</label>
						<selectedcolor>listselected-text</selectedcolor>
						<font>font12</font>
					</control>
				</itemlayout>
				<focusedlayout width="660" height="46">
					<control type="image">
						<left>0</left>
						<top>0</top>
						<width>660</width>
						<height>46</height>
						<texture border="8">button-default-focus.png</texture>
						<visible>Control.HasFocus(10)</visible>
					</control>
					<control type="label">
						<left>17</left>
						<top>0</top>
						<width>619</width>
						<height>46</height>
						<label>$INFO[ListItem.Label]</label>
						<selectedcolor>listselected-text</selectedcolor>
						<font>font12</font>
					</control>
				</focusedlayout>
			</control>
			<control type="group" id="9000">
				<control type="button" id="13"><!-- Add rule -->
					<left>890</left>
					<top>266</top>
					<height>46</height>
					<width>177</width>
					<font>font12</font>
					<label>$LOCALIZE[15019]</label>
					<align>center</align>
					<onup>17</onup>
					<onleft>10</onleft>
					<ondown>14</ondown>
				</control>
				<control type="button" id="14"><!-- Remove rule -->
					<left>890</left>
					<top>312</top>
					<height>46</height>
					<width>177</width>
					<font>font12</font>
					<label>$LOCALIZE[1210]</label>
					<align>center</align>
					<onup>13</onup>
					<onleft>10</onleft>
					<ondown>15</ondown>
				</control>
				<control type="button" id="15"><!-- Edit rule -->
					<left>890</left>
					<top>358</top>
					<height>46</height>
					<width>177</width>
					<font>font12</font>
					<label>$LOCALIZE[21435]</label>
					<align>center</align>
					<onup>14</onup>
					<onleft>10</onleft>
					<ondown>16</ondown>
				</control>
			</control>
			<control type="spincontrolex" id="16">
				<left>200</left>
				<top>404</top>
				<width>868</width>
				<height>46</height>
				<label>$LOCALIZE[21424]</label>
				<font>font12</font>
				<onup>10</onup>
				<ondown>17</ondown>
			</control>
			<control type="spincontrolex" id="17">
				<left>200</left>
				<top>450</top>
				<width>868</width>
				<height>46</height>
				<label>$LOCALIZE[21427]</label>
				<font>font12</font>
				<onup>16</onup>
				<ondown>18</ondown>
			</control>
			<control type="spincontrolex" id="18">
				<left>200</left>
				<top>496</top>
				<width>640</width>
				<height>46</height>
				<label>$LOCALIZE[21429]</label>
				<font>font12</font>
				<onright>19</onright>
				<onup>17</onup>
				<ondown>23</ondown>
			</control>
			<control type="togglebutton" id="19">
				<left>854</left>
				<top>496</top>
				<width>212</width>
				<height>46</height>
				<font>font12</font>
				<textoffsetx>8</textoffsetx>
				<align>right</align>
				<label>$LOCALIZE[21431]</label>
				<altlabel>$LOCALIZE[21430]</altlabel>
				<onleft>18</onleft>
				<onup>17</onup>
				<ondown>23</ondown>
			</control>
			<control type="spincontrolex" id="23">
				<left>200</left>
				<top>542</top>
				<width>868</width>
				<height>46</height>
				<label>$LOCALIZE[21458]</label>
				<font>font12</font>
				<onup>19</onup>
				<ondown>24</ondown>
			</control>
			<control type="radiobutton" id="24">
				<left>200</left>
				<top>588</top>
				<width>868</width>
				<height>46</height>
				<label>$LOCALIZE[21459]</label>
				<font>font12</font>
				<radioposx>830</radioposx>
				<onup>23</onup>
				<ondown>9001</ondown>
			</control>
			<control type="group" id="9001">
				<control type="button" id="20"><!-- OK -->
					<left>318</left>
					<top>634</top>
					<width>250</width>
					<height>46</height>
					<font>font12</font>
					<textoffsetx>12</textoffsetx>
					<align>center</align>
					<label>$LOCALIZE[186]</label>
					<onup>24</onup>
					<onright>21</onright>
				</control>
				<control type="button" id="21"><!-- Cancel -->
					<left>696</left>
					<top>634</top>
					<width>250</width>
					<height>46</height>
					<font>font12</font>
					<textoffsetx>12</textoffsetx>
					<align>center</align>
					<label>$LOCALIZE[222]</label>
					<onup>24</onup>
					<onleft>20</onleft>
				</control>
			</control>
		</control>
	</controls>
</window>