<?xml version="1.0" encoding="UTF-8"?>
<window>
	<defaultcontrol always="true">10</defaultcontrol>
	<animation effect="fade" end="100" time="400">WindowOpen</animation>
	<controls>
		<control type="button" id="10"><!-- Play the startup video if required -->
			<left>-12</left>
			<top>-12</top>
			<width>1</width>
			<height>1</height>
			<onfocus condition="StringCompare(Skin.String(startup-screentype),$LOCALIZE[31858])">PlayMedia($ESCINFO[Skin.String(startup-screenpath)])</onfocus>
			<onfocus condition="Skin.HasSetting(startup-playlist)">PlayMedia($ESCINFO[Skin.String(startup-playlistpath)],isdir)</onfocus>
			<onfocus>ReplaceWindow($INFO[System.StartupWindow])</onfocus>
			<animation effect="fade" delay="1000" end="100">Focus</animation>
		</control>
		<control type="group">
			<visible>!StringCompare(Skin.String(startup-screentype),$LOCALIZE[31858])</visible>
			<animation effect="fade" end="0" delay="2100" time="400">WindowClose</animation>
			<control type="image"><!-- Skin logo -->
				<left>384</left>
				<top>200</top>
				<width>512</width>
				<height>256</height>
				<aspectratio>keep</aspectratio>
				<texture>skin-logo-big.png</texture>
				<visible>IsEmpty(Skin.String(startup-screentype)) | StringCompare(Skin.String(startup-screentype),$LOCALIZE[31856])</visible>
			</control>
			<control type="image"><!-- Custom Startup Screen Image -->
				<include>fullscreenimage</include>
				<texture>$INFO[Skin.String(startup-screenpath)]</texture>
				<aspectratio>stretch</aspectratio>
				<visible>StringCompare(Skin.String(startup-screentype),$LOCALIZE[31857])</visible>
			</control>
		</control>
	</controls>
</window>