<?xml version="1.0" encoding="UTF-8"?>
<window>
	<defaultcontrol>10</defaultcontrol>
	<coordinates>
		<left>0</left>
		<top>0</top>
	</coordinates>
	<controls>
		<include>fadebackground</include>
		<control type="image"><!-- Dialog background -->
			<left>262</left>
			<top>119</top>
			<width>764</width>
			<height>475</height>
			<texture border="8">button-menu-background.png</texture>
		</control>
		<control type="label"><!-- Dialog heading -->
			<left>291</left>
			<top>135</top>
			<width>708</width>
			<height>25</height>
			<label>$LOCALIZE[1007]</label>
			<font>font12</font>
			<align>center</align>
		</control>
		<control type="image">
			<left>291</left>
			<top>165</top>
			<width>708</width>
			<height>4</height>
			<texture>separator.png</texture>
		</control>
		<control type="spincontrolex" id="10"><!-- Protocol -->
			<left>291</left>
			<top>180</top>
			<height>50</height>
			<width>708</width>
			<font>font12</font>
			<textoffsetx>12</textoffsetx>
			<reverse>yes</reverse>
			<label>$LOCALIZE[1008]</label>
			<ondown>11</ondown>
		</control>
		<control type="edit" id="11"><!-- Server address -->
			<left>291</left>
			<top>234</top>
			<width>506</width>
			<height>50</height>
			<font>font12</font>
			<textoffsetx>10</textoffsetx>
			<onup>10</onup>
			<onright>12</onright>
			<ondown>16</ondown>
		</control>
		<control type="button" id="12"><!-- Server browse -->
			<left>803</left>
			<top>234</top>
			<width>196</width>
			<height>50</height>
			<font>font12</font>
			<textoffsetx>10</textoffsetx>
			<label>$LOCALIZE[1024]</label>
			<align>center</align>
			<onup>10</onup>
			<onleft>11</onleft>
			<ondown>16</ondown>
		</control>
		<control type="edit" id="16"><!-- Remote path -->
			<left>291</left>
			<top>288</top>
			<width>708</width>
			<height>50</height>
			<font>font12</font>
			<textoffsetx>10</textoffsetx>
			<onup>11</onup>
			<ondown>13</ondown>
		</control>
		<control type="edit" id="13"><!-- Port -->
			<left>291</left>
			<top>342</top>
			<width>708</width>
			<height>50</height>
			<font>font12</font>
			<textoffsetx>10</textoffsetx>
			<label>$LOCALIZE[1013]</label>
			<onup>16</onup>
			<ondown>14</ondown>
		</control>
		<control type="edit" id="14"><!-- Username -->
			<left>291</left>
			<top>396</top>
			<width>708</width>
			<height>50</height>
			<font>font12</font>
			<textoffsetx>10</textoffsetx>
			<label>$LOCALIZE[1014]</label>
			<onup>13</onup>
			<ondown>15</ondown>
		</control>
		<control type="edit" id="15"><!-- Password -->
			<left>291</left>
			<top>450</top>
			<width>708</width>
			<height>50</height>
			<font>font12</font>
			<textoffsetx>10</textoffsetx>
			<label>$LOCALIZE[15052]</label>
			<onup>14</onup>
			<ondown>18</ondown>
		</control>
		<control type="button" id="18"><!-- OK -->
			<left>311</left>
			<top>515</top>
			<width>324</width>
			<height>50</height>
			<font>font12</font>
			<textoffsetx>10</textoffsetx>
			<align>center</align>
			<label>$LOCALIZE[186]</label>
			<onup>15</onup>
			<onright>19</onright>
		</control>
		<control type="button" id="19"><!-- Cancel -->
			<left>655</left>
			<top>515</top>
			<width>324</width>
			<height>50</height>
			<font>font12</font>
			<textoffsetx>10</textoffsetx>
			<align>center</align>
			<label>$LOCALIZE[222]</label>
			<onup>15</onup>
			<onleft>18</onleft>
		</control>
	</controls>
</window>