<?xml version="1.0" encoding="utf-8"?>
<window>
	<defaultcontrol always="true">9000</defaultcontrol>
	<onload>ClearProperty(ShowScreenSettings,Home)</onload>
	<onunload>ClearProperty(ShowScreenSettings,Home)</onunload>
	<controls>
		<!-- Use Vertical Home menu-->
		<include condition="Skin.HasSetting(homemenu-vertical)" file="Includes_VertHome.xml">VertHomeMenu</include>
		<!-- Use Horizontal Home menu-->
		<include condition="Skin.HasSetting(homemenu-horizontal) | [!Skin.HasSetting(homemenu-vertical) + !Skin.HasSetting(homemenu-icon)]" file="Includes_HorzHome.xml">HorzHomeMenu</include>
		<!-- Use Icon Home menu-->
		<include condition="Skin.HasSetting(homemenu-icon)" file="Includes_IconHome.xml">IconHomeMenu</include>
	</controls>
</window>