<?xml version="1.0" encoding="UTF-8"?>
<window>
	<defaultcontrol>1001</defaultcontrol>
	<coordinates>
		<left>0</left>
		<top>0</top>
	</coordinates>
	<controls>
		<include>fadebackground</include>
		<control type="image" id="999"><!-- Dialog background image -->
			<left>478</left>
			<top>304</top>
			<width>344</width>
			<height>166</height>
			<texture border="8">button-menu-background.png</texture>
		</control>
		<control type="label"><!-- Dialog heading (Item Settings) -->
			<left>490</left>
			<top>288</top>
			<width>320</width>
			<height>34</height>
			<font>font12</font>
			<label>$LOCALIZE[31560]</label>
			<align>center</align>
		</control>
		<control type="button">
			<left>800</left>
			<top>270</top>
			<width>32</width>
			<height>32</height>
			<texturefocus>touch-close.png</texturefocus>
			<texturenofocus>touch-close.png</texturenofocus>
			<onclick>Close</onclick>
			<visible>Skin.HasSetting(touch-controls)</visible>
		</control>
		<control type="image">
			<left>490</left>
			<top>322</top>
			<width>320</width>
			<height>4</height>
			<texture>separator.png</texture>
		</control>
		<control type="button" id="1001">
			<left>490</left>
			<top>354</top>
			<width>320</width>
			<height>48</height>
			<align>center</align>
			<aligny>top</aligny>
			<textoffsety>6</textoffsety>
			<onleft>1001</onleft>
			<onright>1001</onright>
			<onup>1003</onup>
			<ondown>1002</ondown>
		</control>
		<control type="button" id="1002">
			<left>490</left>
			<top>354</top>
			<width>320</width>
			<height>48</height>
			<align>center</align>
			<aligny>top</aligny>
			<textoffsety>6</textoffsety>
			<onleft>1002</onleft>
			<onright>1002</onright>
			<onup>1001</onup>
			<ondown>1003</ondown>
		</control>
		<control type="button" id="1003">
			<left>490</left>
			<top>354</top>
			<width>320</width>
			<height>48</height>
			<align>center</align>
			<aligny>top</aligny>
			<textoffsety>6</textoffsety>
			<onleft>1003</onleft>
			<onright>1003</onright>
			<onup>1002</onup>
			<ondown>1001</ondown>
		</control>
	</controls>
</window>
