<?xml version="1.0" encoding="UTF-8"?>
<window>
	<defaultcontrol always="true">999</defaultcontrol>
	<controls>
		<include>background</include>
		<include>fake-overlay</include>
		<control type="label"><!-- Settings Label -->
			<left>946</left>
			<top>25</top>
			<width>310</width>
			<height>32</height>
			<label>$LOCALIZE[31556]</label>
			<font>font18</font>
		</control>
		<control type="label"><!-- Settings Label -->
			<left>946</left>
			<top>62</top>
			<width>310</width>
			<height>32</height>
			<label>$LOCALIZE[5]</label>
			<font>font18</font>
		</control>
		<control type="group" id="999">
			<control type="button" id="981"><!-- Startup Settings Menu -->
				<left>940</left>
				<top>112</top>
				<width>320</width>
				<height>56</height>
				<font>font12</font>
				<label>$LOCALIZE[31801]</label>
				<onfocus>Skin.SetString(skinsettingmenu,startup)</onfocus>
				<ondown>982</ondown>
				<onleft>100</onleft>
			</control>
			<control type="button" id="982"><!-- General Settings Menu -->
				<left>940</left>
				<top>166</top>
				<width>320</width>
				<height>56</height>
				<font>font12</font>
				<label>$LOCALIZE[31802]</label>
				<onfocus>Skin.SetString(skinsettingmenu,general)</onfocus>
				<onup>981</onup>
				<ondown>983</ondown>
				<onleft>200</onleft>
			</control>
			<control type="button" id="983"><!-- Home window Settings Menu -->
				<left>940</left>
				<top>220</top>
				<width>320</width>
				<height>56</height>
				<font>font12</font>
				<label>$LOCALIZE[31808]</label>
				<onfocus>Skin.SetString(skinsettingmenu,homescreen)</onfocus>
				<onup>982</onup>
				<ondown>984</ondown>
				<onleft>300</onleft>
			</control>
			<control type="button" id="984"><!-- Home menu Settings Menu -->
				<left>940</left>
				<top>274</top>
				<width>320</width>
				<height>56</height>
				<font>font12</font>
				<label>$LOCALIZE[31803]</label>
				<onfocus>Skin.SetString(skinsettingmenu,homemenu)</onfocus>
				<onup>983</onup>
				<ondown>985</ondown>
				<onleft>400</onleft>
			</control>
			<control type="button" id="985"><!-- Background Settings Menu -->
				<left>940</left>
				<top>328</top>
				<width>320</width>
				<height>56</height>
				<font>font12</font>
				<label>$LOCALIZE[31804]</label>
				<onfocus>Skin.SetString(skinsettingmenu,background)</onfocus>
				<onup>984</onup>
				<ondown>986</ondown>
				<onleft>500</onleft>
			</control>
			<control type="button" id="986"><!-- Media sources Settings Menu -->
				<left>940</left>
				<top>382</top>
				<width>320</width>
				<height>56</height>
				<font>font12</font>
				<label>$LOCALIZE[31805]</label>
				<onfocus>Skin.SetString(skinsettingmenu,sources)</onfocus>
				<onup>985</onup>
				<ondown>987</ondown>
				<onleft>600</onleft>
			</control>
			<control type="button" id="987"><!-- Custom Favourites Settings Menu -->
				<left>940</left>
				<top>436</top>
				<width>320</width>
				<height>56</height>
				<font>font12</font>
				<label>$LOCALIZE[31806]</label>
				<onfocus>Skin.SetString(skinsettingmenu,custom)</onfocus>
				<onclick>ActivateWindow(1153)</onclick>
				<enable>System.HasAddon(script.favourites)</enable>
				<onup>986</onup>
				<ondown>988</ondown>
			</control>
			<control type="button" id="988"><!-- Support Settings Menu -->
				<left>940</left>
				<top>490</top>
				<width>320</width>
				<height>56</height>
				<font>font12</font>
				<label>$LOCALIZE[31807]</label>
				<onfocus>Skin.SetString(skinsettingmenu,support)</onfocus>
				<onup>987</onup>
				<onleft>800</onleft>
			</control>
		</control>
		<control type="scrollbar" id="1223">
			<left>10</left>
			<top>112</top>
			<width>18</width>
			<height>542</height>
			<onright>998</onright>
			<animation condition="!Control.HasFocus(1223) + !Container.Scrolling + !StringCompare(Skin.String(show-scrollbar),$LOCALIZE[31875])" effect="fade" start="100" end="0" time="200" reversible="true">Conditional</animation>
			<visible>!StringCompare(Skin.String(show-scrollbar),$LOCALIZE[31877]) + !Skin.String(skinsettingmenu,custom)</visible>
		</control>
		<control type="group" id="998">
			<control type="group" id="100"><!-- Startup Settings -->
				<visible>Skin.String(skinsettingmenu,startup)</visible>
				<control type="image"><!-- Startup Settings Button Image -->
					<left>940</left>
					<top>112</top>
					<width>320</width>
					<height>56</height>
					<texture border="6">button-default-focus.png</texture>
					<include>settingbutton-fade</include>
					<visible>!ControlGroup(999).HasFocus()</visible>
				</control>
				<control type="group"><!-- Markers for control area items -->
					<control type="image">
						<left>484</left>
						<top>96</top>
						<height>16</height>
						<width>16</width>
						<texture>scroll-up.png</texture>
						<visible>Container(101).HasPrevious</visible>
					</control>
					<control type="image">
						<left>484</left>
						<top>652</top>
						<height>16</height>
						<width>16</width>
						<texture>scroll-down.png</texture>
						<visible>Container(101).HasNext</visible>
					</control>
				</control>

				<control type="grouplist" id="101">
					<left>53</left>
					<top>112</top>
					<width>885</width>
					<height>542</height>
					<itemgap>-2</itemgap>
					<onleft>1223</onleft>
					<onright>999</onright>
					<pagecontrol>1223</pagecontrol>
					<control type="button" id="102"><!-- Startup screen type -->
						<include>settings-submenu-common</include>
						<textwidth>785</textwidth>
						<label>$LOCALIZE[31854]</label>
						<label2>$INFO[Skin.String(startup-screentype)]</label2>
						<onclick>RunScript(script.skin.helper.service,action=setskinsetting,setting=startup-screentype-val,header=$LOCALIZE[31854])</onclick>
					</control>
					<control type="button" id="105"><!-- Startup Screen Path -->
						<include>settings-submenu-common</include>
						<textwidth>785</textwidth>
						<enable>StringCompare(Skin.String(startup-screentype),$LOCALIZE[31858]) | StringCompare(Skin.String(startup-screentype),$LOCALIZE[31857])</enable>
						<label>- $LOCALIZE[31851] </label>
						<label2>$INFO[Skin.String(startup-screenpath)]</label2>
						<onclick condition="StringCompare(Skin.String(startup-screentype),$LOCALIZE[31857])">Skin.SetImage(startup-screenpath)</onclick>
						<onclick condition="StringCompare(Skin.String(startup-screentype),$LOCALIZE[31858])">Skin.SetFile(startup-screenpath)</onclick>
					</control>
					<control type="radiobutton" id="106"><!-- Startup Playlist toggle -->
						<include>settings-submenu-common</include>
						<label>$LOCALIZE[31852]</label>
						<textwidth>750</textwidth>
						<onclick>Skin.ToggleSetting(startup-playlist)</onclick>
						<onclick condition="Skin.HasSetting(startup-playlist)">Skin.Reset(startup-playlistpath)</onclick>
						<onclick condition="!Skin.HasSetting(startup-playlist)">Skin.SetFile(startup-playlistpath,,special://musicplaylists)</onclick>
						<selected>Skin.HasSetting(startup-playlist)</selected>
						<radioposx>844</radioposx>
					</control>
					<control type="button" id="107"><!-- Choose Playlist button -->
						<include>settings-submenu-common</include>
						<label>- $LOCALIZE[559] </label>
						<label2>$INFO[Skin.String(startup-playlistpath)]</label2>
						<textwidth>785</textwidth>
						<enable>Skin.HasSetting(startup-playlist)</enable>
						<onclick>Skin.SetFile(startup-playlistpath,,special://musicplaylists)</onclick>
					</control>
					<control type="button" id="108"><!-- Reset Above Settings button -->
						<include>settings-submenu-common</include>
						<label>$LOCALIZE[10041]</label>
						<textwidth>785</textwidth>
						<onclick>Skin.Reset(startup-screentype)</onclick>
						<onclick>Skin.Reset(startup-screenpath)</onclick>
						<onclick>Skin.Reset(startup-playlist)</onclick>
						<onclick>Skin.Reset(startup-playlistpath)</onclick>
					</control>
				</control>
			</control>
			<control type="group"><!-- General Settings -->
				<visible>Skin.String(skinsettingmenu,general)</visible>
				<control type="image"><!-- General Settings Button Image -->
					<left>940</left>
					<top>166</top>
					<width>320</width>
					<height>56</height>
					<texture border="6">button-default-focus.png</texture>
					<include>settingbutton-fade</include>
					<visible>!ControlGroup(999).HasFocus()</visible>
				</control>
				<control type="group"><!-- Markers for control area items -->
					<control type="image">
						<left>484</left>
						<top>96</top>
						<height>16</height>
						<width>16</width>
						<texture>scroll-up.png</texture>
						<visible>Container(200).HasPrevious</visible>
					</control>
					<control type="image">
						<left>484</left>
						<top>652</top>
						<height>16</height>
						<width>16</width>
						<texture>scroll-down.png</texture>
						<visible>Container(200).HasNext</visible>
					</control>
				</control>

				<control type="grouplist" id="200">
					<left>53</left>
					<top>112</top>
					<width>885</width>
					<height>542</height>
					<itemgap>-2</itemgap>
					<onleft>1223</onleft>
					<onright>999</onright>
					<pagecontrol>1223</pagecontrol>
					<control type="radiobutton" id="201"><!-- Lock Screen Settings Toggle -->
						<include>settings-submenu-common</include>
						<label>$LOCALIZE[31880]</label>
						<textwidth>750</textwidth>
						<onclick>Skin.ToggleSetting(lock-screensettings)</onclick>
						<selected>Skin.HasSetting(lock-screensettings)</selected>
						<radioposx>844</radioposx>
					</control>
					<control type="radiobutton" id="202"><!-- LetterBar Toggle -->
						<include>settings-submenu-common</include>
						<label>$LOCALIZE[31884]</label>
						<textwidth>750</textwidth>
						<onclick>Skin.ToggleSetting(show-letterbar)</onclick>
						<selected>Skin.HasSetting(show-letterbar)</selected>
						<radioposx>844</radioposx>
					</control>
					<control type="button" id="203"><!-- Show Scrollbar -->
						<include>settings-submenu-common</include>
						<textwidth>785</textwidth>
						<label>$LOCALIZE[31881]</label>
						<label2>$INFO[Skin.String(show-scrollbar)]</label2>
						<onclick>RunScript(script.skin.helper.service,action=setskinsetting,setting=show-scrollbar-val,header=$LOCALIZE[31881])</onclick>
					</control>
					<control type="radiobutton" id="205"><!-- Autoscroll Toggle -->
						<include>settings-submenu-common</include>
						<label>$LOCALIZE[31882]</label>
						<textwidth>750</textwidth>
						<onclick>Skin.ToggleSetting(text-autoscroll)</onclick>
						<selected>Skin.HasSetting(text-autoscroll)</selected>
						<radioposx>844</radioposx>
					</control>
					<control type="radiobutton" id="206"><!-- Media Overlay Toggle -->
						<include>settings-submenu-common</include>
						<label>$LOCALIZE[31883] </label>
						<textwidth>750</textwidth>
						<onclick>Skin.ToggleSetting(media-overlay)</onclick>
						<selected>Skin.HasSetting(media-overlay)</selected>
						<radioposx>844</radioposx>
					</control>
					<control type="radiobutton" id="208"><!-- Use Media case Toggle -->
						<include>settings-submenu-common</include>
						<label>$LOCALIZE[31869]</label>
						<textwidth>750</textwidth>
						<onclick>Skin.ToggleSetting(media-case)</onclick>
						<selected>Skin.HasSetting(media-case)</selected>
						<radioposx>844</radioposx>
					</control>
					<control type="radiobutton" id="209"><!-- Use Mouse/touch controls Toggle -->
						<include>settings-submenu-common</include>
						<label>$LOCALIZE[31890]</label>
						<textwidth>750</textwidth>
						<onclick>Skin.ToggleSetting(touch-controls)</onclick>
						<selected>Skin.HasSetting(touch-controls)</selected>
						<radioposx>844</radioposx>
						<enable>System.GetBool(input.enablemouse)</enable>
					</control>
					<control type="button" id="212"><!-- TV Logo Downloader Script -->
						<include>settings-submenu-common</include>
						<label>$LOCALIZE[31893]</label>
						<textwidth>785</textwidth>
						<onclick>RunScript(script.artwork.downloader,mode=custom,fanart,extrafanart,poster,seasonposter,clearlogo,clearart,banner,seasonbanner)</onclick>
						<enable>System.HasAddon(script.artwork.downloader)</enable>
					</control>
					<control type="button" id="213"><!-- Reset Above Settings button -->
						<include>settings-submenu-common</include>
						<label>$LOCALIZE[10041]</label>
						<textwidth>785</textwidth>
						<onclick>Skin.Reset(lock-screensettings)</onclick>
						<onclick>Skin.Reset(show-letterbar)</onclick>
						<onclick>Skin.Reset(show-scrollbar)</onclick>
						<onclick>Skin.Reset(sbar)</onclick>
						<onclick>Skin.Reset(text-autoscroll)</onclick>
						<onclick>Skin.Reset(media-overlay)</onclick>
						<onclick>Skin.Reset(media-case)</onclick>
						<onclick>Skin.Reset(touch-controls)</onclick>
						<onclick>Skin.Reset(media-themetune)</onclick>
					</control>
				</control>
			</control>
			<control type="group" id="300"><!-- Home Screen Settings -->
				<visible>Skin.String(skinsettingmenu,homescreen)</visible>
				<control type="image"><!-- Background Settings Button Image -->
					<left>940</left>
					<top>220</top>
					<width>320</width>
					<height>56</height>
					<texture border="6">button-default-focus.png</texture>
					<include>settingbutton-fade</include>
					<visible>!ControlGroup(999).HasFocus()</visible>
				</control>
				<control type="group"><!-- Markers for control area items -->
					<control type="image">
						<left>484</left>
						<top>96</top>
						<height>16</height>
						<width>16</width>
						<texture>scroll-up.png</texture>
						<visible>Container(301).HasPrevious</visible>
					</control>
					<control type="image">
						<left>484</left>
						<top>652</top>
						<height>16</height>
						<width>16</width>
						<texture>scroll-down.png</texture>
						<visible>Container(301).HasNext</visible>
					</control>
				</control>

				<control type="grouplist" id="301">
					<left>53</left>
					<top>112</top>
					<width>885</width>
					<height>542</height>
					<itemgap>-2</itemgap>
					<onleft>1223</onleft>
					<onright>999</onright>
					<pagecontrol>1223</pagecontrol>
					<control type="radiobutton" id="302"><!-- Time On Home Screen toggle -->
						<include>settings-submenu-common</include>
						<label>$LOCALIZE[31888]</label>
						<textwidth>750</textwidth>
						<onclick>Skin.ToggleSetting(home-time)</onclick>
						<selected>!Skin.HasSetting(home-time)</selected>
						<radioposx>844</radioposx>
					</control>
					<control type="radiobutton" id="303"><!-- Current Weather On Home Screen toggle -->
						<include>settings-submenu-common</include>
						<label>$LOCALIZE[31889]</label>
						<textwidth>750</textwidth>
						<onclick>Skin.ToggleSetting(home-currentweather)</onclick>
						<selected>Skin.HasSetting(home-currentweather)</selected>
						<enable>!IsEmpty(Weather.plugin)</enable>
						<radioposx>844</radioposx>
					</control>
					<control type="button" id="304"><!-- Custom Homescreen Watermark Image -->
						<include>settings-submenu-common</include>
						<label>$LOCALIZE[31871]</label>
						<textwidth>785</textwidth>
						<onclick>Skin.SetImage(custom-watermark)</onclick>
						<enable>Skin.HasSetting(homemenu-horizontal) | [!Skin.HasSetting(homemenu-vertical) + !Skin.HasSetting(homemenu-horizontal) + !Skin.HasSetting(homemenu-icon)]</enable>
						<visible>!Skin.String(custom-watermark)</visible>
					</control>
					<control type="button" id="305"><!-- Reset Custom Homescreen Watermark Image -->
						<include>settings-submenu-common</include>
						<label>$LOCALIZE[31872]</label>
						<textwidth>785</textwidth>
						<onclick>Skin.Reset(custom-watermark)</onclick>
						<enable>Skin.HasSetting(homemenu-horizontal) | [!Skin.HasSetting(homemenu-vertical) + !Skin.HasSetting(homemenu-horizontal) + !Skin.HasSetting(homemenu-icon)]</enable>
						<visible>Skin.String(custom-watermark)</visible>
					</control>
					<control type="label" id="306">
						<include>settings-submenu-common</include>
						<label>[I]$LOCALIZE[31939][/I]</label>
						<textoffsetx>18</textoffsetx>
						<visible>!Skin.HasSetting(homemenu-vertical)</visible>
					</control>
					<control type="button" id="307"><!-- Movie Shelf icon type -->
						<include>settings-submenu-common</include>
						<textwidth>785</textwidth>
						<label>$LOCALIZE[31026]</label>
						<label2>$INFO[Skin.String(shelf-movieimages)]</label2>
						<onclick>RunScript(script.skin.helper.service,action=setskinsetting,setting=shelf-movieimages-val,header=$LOCALIZE[31939] - $LOCALIZE[31026])</onclick>
						<visible>!Skin.HasSetting(homemenu-vertical)</visible>
					</control>
					<control type="button" id="308"><!-- TVShow Shelf icon type -->
						<include>settings-submenu-common</include>
						<textwidth>785</textwidth>
						<label>$LOCALIZE[31027]</label>
						<label2>$INFO[Skin.String(shelf-tvshowimages)]</label2>
						<onclick>RunScript(script.skin.helper.service,action=setskinsetting,setting=shelf-tvshowimages-val,header=$LOCALIZE[31939] - $LOCALIZE[31027])</onclick>
						<visible>!Skin.HasSetting(homemenu-vertical)</visible>
					</control>
					<control type="group" id="309">
						<visible>!Skin.HasSetting(homemenu-vertical)</visible>
						<height>56</height>
						<width>885</width>
						<control type="togglebutton" id="310"><!-- TVShow Shelf image type -->
							<onup>308</onup>
							<ondown>312</ondown>
							<onright>999</onright>
							<include>settings-submenu-common</include>
							<textwidth>785</textwidth>
							<label>$INFO[Skin.String(shelf-tvshowimgtyp)]</label>
							<align>right</align>
							<onclick>Skin.SetString(shelf-tvshowimgtyp,$LOCALIZE[31950])</onclick>
							<altclick>Skin.SetString(shelf-tvshowimgtyp,$LOCALIZE[31949])</altclick>
							<enable>StringCompare(Skin.String(shelf-tvshowimages),$LOCALIZE[31955]) | StringCompare(Skin.String(shelf-tvshowimages),$LOCALIZE[31954])</enable>
						</control>
						<control type="label" id="311">
							<include>settings-submenu-common</include>
							<label> - $LOCALIZE[31940]</label>
							<textoffsetx>18</textoffsetx>
						</control>
					</control>
					<control type="button" id="312"><!-- Music Shelf icon type -->
						<include>settings-submenu-common</include>
						<textwidth>785</textwidth>
						<label>$LOCALIZE[2]</label>
						<label2>$INFO[Skin.String(shelf-musicimages)]</label2>
						<onclick>RunScript(script.skin.helper.service,action=setskinsetting,setting=shelf-musicimages-val,header=$LOCALIZE[31939] - $LOCALIZE[2])</onclick>
						<visible>!Skin.HasSetting(homemenu-vertical)</visible>
					</control>
					<control type="group" id="313">
						<visible>!Skin.HasSetting(homemenu-vertical)</visible>
						<height>56</height>
						<width>885</width>
						<control type="togglebutton" id="314"><!-- Addons Shelf image type -->
							<onup>312</onup>
							<ondown>316</ondown>
							<onright>999</onright>
							<include>settings-submenu-common</include>
							<textwidth>785</textwidth>
							<label>$INFO[Skin.String(shelf-addonimages)]</label>
							<align>right</align>
							<onclick>Skin.SetString(shelf-addonimages,$LOCALIZE[31652])</onclick>
							<altclick>Skin.SetString(shelf-addonimages,$LOCALIZE[31953])</altclick>
						</control>
						<control type="label" id="315">
							<include>settings-submenu-common</include>
							<label>$LOCALIZE[24001]</label>
							<textoffsetx>18</textoffsetx>
						</control>
					</control>
					<control type="button" id="316"><!-- Reset Above Settings button -->
						<include>settings-submenu-common</include>
						<label>$LOCALIZE[10041]</label>
						<textwidth>785</textwidth>
						<onclick>Skin.Reset(home-time)</onclick>
						<onclick>Skin.Reset(home-currentweather)</onclick>
						<onclick>Skin.Reset(custom-watermark)</onclick>
						<onclick>Skin.Reset(shelf-movieimages)</onclick>
						<onclick>Skin.Reset(shelf-tvshowimages)</onclick>
						<onclick>Skin.Reset(shelf-tvshowimgtyp)</onclick>
						<onclick>Skin.Reset(shelf-musicimages)</onclick>
						<onclick>Skin.Reset(shelf-addonimages)</onclick>
					</control>
				</control>
			</control>
			
			<control type="group" id="400"><!-- Home Menu Settings -->
				<visible>Skin.String(skinsettingmenu,homemenu)</visible>
				<control type="image"><!-- Home Settings Button Image -->
					<left>940</left>
					<top>274</top>
					<width>320</width>
					<height>56</height>
					<texture border="6">button-default-focus.png</texture>
					<include>settingbutton-fade</include>
					<visible>!ControlGroup(999).HasFocus()</visible>
				</control>
				<control type="group"><!-- Markers for control area items -->
					<control type="image">
						<left>484</left>
						<top>96</top>
						<height>16</height>
						<width>16</width>
						<texture>scroll-up.png</texture>
						<visible>Container(401).HasPrevious</visible>
					</control>
					<control type="image">
						<left>484</left>
						<top>652</top>
						<height>16</height>
						<width>16</width>
						<texture>scroll-down.png</texture>
						<visible>Container(401).HasNext</visible>
					</control>
				</control>

				<control type="grouplist" id="401">
					<left>53</left>
					<top>112</top>
					<width>885</width>
					<height>542</height>
					<itemgap>-2</itemgap>
					<onleft>1223</onleft>
					<onright>999</onright>
					<pagecontrol>1223</pagecontrol>
					<control type="button" id="402"><!-- Home menu type -->
						<include>settings-submenu-common</include>
						<textwidth>785</textwidth>
						<label>$LOCALIZE[31900]</label>
						<label2>$VAR[MenuType]</label2>
						<onclick>RunScript(script.skin.helper.service,action=setskinsetting,setting=homemenu-typeval,header=$LOCALIZE[31900])</onclick>
					</control>
					<control type="radiobutton" id="405"><!-- Video On Home toggle -->
						<include>settings-submenu-common</include>
						<label>$LOCALIZE[31901]</label>
						<textwidth>750</textwidth>
						<onclick>Skin.ToggleSetting(home-video)</onclick>
						<selected>!Skin.HasSetting(home-video)</selected>
						<radioposx>844</radioposx>
					</control>
					<control type="radiobutton" id="406"><!-- Movies On Home toggle -->
						<include>settings-submenu-common</include>
						<label>$LOCALIZE[31902]</label>
						<textwidth>750</textwidth>
						<onclick>Skin.ToggleSetting(home-movie)</onclick>
						<selected>!Skin.HasSetting(home-movie)</selected>
						<radioposx>844</radioposx>
					</control>
					<control type="radiobutton" id="407"><!-- TVShows On Home toggle -->
						<include>settings-submenu-common</include>
						<label>$LOCALIZE[31903]</label>
						<textwidth>750</textwidth>
						<onclick>Skin.ToggleSetting(home-tvshows)</onclick>
						<selected>!Skin.HasSetting(home-tvshows)</selected>
						<radioposx>844</radioposx>
					</control>
					<control type="radiobutton" id="408"><!-- Music Videos On Home toggle -->
						<include>settings-submenu-common</include>
						<label>$LOCALIZE[31904]</label>
						<textwidth>750</textwidth>
						<onclick>Skin.ToggleSetting(home-musicvideo)</onclick>
						<selected>Skin.HasSetting(home-musicvideo)</selected>
						<radioposx>844</radioposx>
					</control>
					<control type="radiobutton" id="411"><!-- Music On Home toggle -->
						<include>settings-submenu-common</include>
						<label>$LOCALIZE[31905]</label>
						<textwidth>750</textwidth>
						<onclick>Skin.ToggleSetting(home-music)</onclick>
						<selected>!Skin.HasSetting(home-music)</selected>
						<radioposx>844</radioposx>
					</control>
					<control type="radiobutton" id="412"><!-- Addons On Home toggle -->
						<include>settings-submenu-common</include>
						<label>$LOCALIZE[31906]</label>
						<textwidth>750</textwidth>
						<onclick>Skin.ToggleSetting(home-programs)</onclick>
						<selected>!Skin.HasSetting(home-programs)</selected>
						<radioposx>844</radioposx>
					</control>
					<control type="radiobutton" id="413"><!-- Pictures On Home toggle -->
						<include>settings-submenu-common</include>
						<label>$LOCALIZE[31907]</label>
						<textwidth>750</textwidth>
						<onclick>Skin.ToggleSetting(home-photos)</onclick>
						<selected>Skin.HasSetting(home-photos)</selected>
						<radioposx>844</radioposx>
					</control>
					<control type="radiobutton" id="414"><!-- Profiles On Home toggle -->
						<include>settings-submenu-common</include>
						<label>$LOCALIZE[31908]</label>
						<textwidth>750</textwidth>
						<onclick>Skin.ToggleSetting(home-profile)</onclick>
						<selected>Skin.HasSetting(home-profile)</selected>
						<radioposx>844</radioposx>
					</control>
					<control type="radiobutton" id="415"><!-- Weather On Home toggle -->
						<include>settings-submenu-common</include>
						<label>$LOCALIZE[31909]</label>
						<textwidth>750</textwidth>
						<onclick>Skin.ToggleSetting(home-weather)</onclick>
						<selected>Skin.HasSetting(home-weather)</selected>
						<enable>!IsEmpty(Weather.plugin)</enable>
						<radioposx>844</radioposx>
					</control>
					<control type="radiobutton" id="416"><!-- Favorites On Home toggle -->
						<include>settings-submenu-common</include>
						<label>$LOCALIZE[31910]</label>
						<textwidth>750</textwidth>
						<onclick>Skin.ToggleSetting(home-favorites)</onclick>
						<selected>Skin.HasSetting(home-favorites)</selected>
						<radioposx>844</radioposx>
					</control>
					<control type="radiobutton" id="417"><!-- Search On Home toggle -->
						<include>settings-submenu-common</include>
						<label>$LOCALIZE[31911]</label>
						<textwidth>750</textwidth>
						<onclick>Skin.ToggleSetting(home-search)</onclick>
						<selected>Skin.HasSetting(home-search)</selected>
						<radioposx>844</radioposx>
					</control>
					<control type="radiobutton" id="418"><!-- Filemanager On Home toggle -->
						<include>settings-submenu-common</include>
						<label>$LOCALIZE[31915]</label>
						<textwidth>750</textwidth>
						<onclick>Skin.ToggleSetting(home-filemanager)</onclick>
						<selected>Skin.HasSetting(home-filemanager)</selected>
						<radioposx>844</radioposx>
					</control>
					<control type="radiobutton" id="419"><!-- Play Disc On Home toggle -->
						<include>settings-submenu-common</include>
						<label>$LOCALIZE[31912]</label>
						<textwidth>750</textwidth>
						<onclick>Skin.ToggleSetting(home-playdisc)</onclick>
						<selected>Skin.HasSetting(home-playdisc)</selected>
						<radioposx>844</radioposx>
						<visible>![System.Platform.IOS | System.Platform.ATV2]</visible>
					</control>
					<control type="radiobutton" id="420"><!-- Quit From Home toggle -->
						<include>settings-submenu-common</include>
						<label>$LOCALIZE[31913]</label>
						<textwidth>750</textwidth>
						<onclick>Skin.ToggleSetting(home-shutdown)</onclick>
						<selected>!Skin.HasSetting(home-shutdown)</selected>
						<radioposx>844</radioposx>
					</control>
					<control type="button" id="421"><!-- Quit action -->
						<include>settings-submenu-common</include>
						<textwidth>785</textwidth>
						<label>$LOCALIZE[31914]</label>
						<label2>$INFO[Skin.String(home-quitaction)]</label2>
						<onclick>RunScript(script.skin.helper.service,action=setskinsetting,setting=home-quitaction-val,header=$LOCALIZE[31914])</onclick>
						<enable>!Skin.HasSetting(home-shutdown)</enable>
					</control>
					<control type="button" id="423"><!-- Reset Above Settings button -->
						<include>settings-submenu-common</include>
						<label>$LOCALIZE[10041]</label>
						<textwidth>785</textwidth>
						<onclick>Skin.Reset(homemenu-icon)</onclick>
						<onclick>Skin.Reset(homemenu-vertical)</onclick>
						<onclick>Skin.Reset(home-video)</onclick>
						<onclick>Skin.Reset(home-movie)</onclick>
						<onclick>Skin.Reset(home-tvshows)</onclick>
						<onclick>Skin.Reset(home-musicvideo)</onclick>
						<onclick>Skin.Reset(home-music)</onclick>
						<onclick>Skin.Reset(home-programs)</onclick>
						<onclick>Skin.Reset(home-photos)</onclick>
						<onclick>Skin.Reset(home-profile)</onclick>
						<onclick>Skin.Reset(home-weather)</onclick>
						<onclick>Skin.Reset(home-favorites)</onclick>
						<onclick>Skin.Reset(home-search)</onclick>
						<onclick>Skin.Reset(home-filemanager)</onclick>
						<onclick>Skin.Reset(home-playdisc)</onclick>
						<onclick>Skin.Reset(home-shutdown)</onclick>
						<onclick>Skin.Reset(home-quitaction)</onclick>
					</control>
				</control>
			</control>
			<control type="group" id="500"><!-- Background Settings -->
				<visible>Skin.String(skinsettingmenu,background)</visible>
				<control type="image"><!-- Background Settings Button Image -->
					<left>940</left>
					<top>328</top>
					<width>320</width>
					<height>56</height>
					<texture border="7">button-default-focus.png</texture>
					<include>settingbutton-fade</include>
					<visible>!ControlGroup(999).HasFocus()</visible>
				</control>
				<control type="group"><!-- Markers for control area items -->
					<control type="image">
						<left>484</left>
						<top>96</top>
						<height>16</height>
						<width>16</width>
						<texture>scroll-up.png</texture>
						<visible>Container(501).HasPrevious</visible>
					</control>
					<control type="image">
						<left>484</left>
						<top>652</top>
						<height>16</height>
						<width>16</width>
						<texture>scroll-down.png</texture>
						<visible>Container(501).HasNext</visible>
					</control>
				</control>

				<control type="grouplist" id="501">
					<left>53</left>
					<top>112</top>
					<width>885</width>
					<height>542</height>
					<itemgap>-2</itemgap>
					<onleft>1223</onleft>
					<onright>999</onright>
					<pagecontrol>1223</pagecontrol>
					<control type="button" id="502"><!-- Custom Background Button -->
						<include>settings-submenu-common</include>
						<label>$LOCALIZE[31860]</label>
						<textwidth>785</textwidth>
						<onclick>Skin.SetImage(background-custom)</onclick>
						<visible>!Skin.String(background-custom)</visible>
					</control>
					<control type="button" id="503"><!-- Reset Custom Background Button -->
						<include>settings-submenu-common</include>
						<label>$LOCALIZE[31861]</label>
						<textwidth>785</textwidth>
						<onclick>Skin.Reset(background-custom)</onclick>
						<visible>Skin.String(background-custom)</visible>
					</control>
					<control type="radiobutton" id="504"><!-- Background Fanart Toggle -->
						<include>settings-submenu-common</include>
						<label>$LOCALIZE[31863]</label>
						<textwidth>750</textwidth>
						<onclick>Skin.ToggleSetting(background-fanarts)</onclick>
						<selected>!Skin.HasSetting(background-fanarts)</selected>
						<radioposx>844</radioposx>
					</control>
					<control type="radiobutton" id="505"><!-- Background ExtraFanart Toggle -->
						<include>settings-submenu-common</include>
						<label>$LOCALIZE[31864]</label>
						<textwidth>750</textwidth>
						<onclick>Skin.ToggleSetting(SkinHelper.EnableExtraFanart)</onclick>
						<selected>Skin.HasSetting(SkinHelper.EnableExtraFanart)</selected>
						<enable>!Skin.HasSetting(background-fanarts)</enable>
						<radioposx>844</radioposx>
					</control>
					<control type="radiobutton" id="506"><!-- Media In Background Toggle -->
						<include>settings-submenu-common</include>
						<label>$LOCALIZE[31862]</label>
						<textwidth>750</textwidth>
						<onclick>Skin.ToggleSetting(background-playingmedia)</onclick>
						<selected>Skin.HasSetting(background-playingmedia)</selected>
						<radioposx>844</radioposx>
					</control>
					<control type="radiobutton" id="507"><!-- Background Artistslideshow Toggle -->
						<include>settings-submenu-common</include>
						<label>$LOCALIZE[31865]</label>
						<textwidth>750</textwidth>
						<onclick>Skin.ToggleSetting(background-slideshow)</onclick>
						<selected>Skin.HasSetting(background-slideshow)</selected>
						<enable>System.HasAddon(script.artistslideshow)</enable>
						<radioposx>844</radioposx>
					</control>
					<control type="button" id="510"><!-- Background Visibilty -->
						<include>settings-submenu-common</include>
						<textwidth>785</textwidth>
						<label>$LOCALIZE[31868]</label>
						<label2>$VAR[BackgroundVisibilty]</label2>
						<onclick>RunScript(script.skin.helper.service,action=setskinsetting,setting=backgroundvisibilty-val,header=$LOCALIZE[31868])</onclick>
					</control>
					<control type="button" id="514"><!-- Reset Above Settings button -->
						<include>settings-submenu-common</include>
						<label>$LOCALIZE[10041]</label>
						<textwidth>785</textwidth>
						<onclick>Skin.Reset(background-custom)</onclick>
						<onclick>Skin.Reset(background-fanarts)</onclick>
						<onclick>Skin.Reset(background-extrafanart)</onclick>
						<onclick>Skin.Reset(background-playingmedia)</onclick>
						<onclick>Skin.Reset(background-slideshow)</onclick>
						<onclick>Skin.Reset(background-visibiltymed)</onclick>
						<onclick>Skin.Reset(background-visibiltyhigh)</onclick>
					</control>
				</control>
			</control>
			<control type="group" id="600"><!-- Media Entry Points Settings -->
				<visible>Skin.String(skinsettingmenu,sources)</visible>
				<control type="image"><!-- Media Entry Points Settings Button Image -->
					<left>940</left>
					<top>382</top>
					<width>320</width>
					<height>56</height>
					<texture border="6">button-default-focus.png</texture>
					<include>settingbutton-fade</include>
					<visible>!ControlGroup(999).HasFocus()</visible>
				</control>
				<control type="group"><!-- Markers for control area items -->
					<control type="image">
						<left>484</left>
						<top>96</top>
						<height>16</height>
						<width>16</width>
						<texture>scroll-up.png</texture>
						<visible>Container(601).HasPrevious</visible>
					</control>
					<control type="image">
						<left>484</left>
						<top>652</top>
						<height>16</height>
						<width>16</width>
						<texture>scroll-down.png</texture>
						<visible>Container(601).HasNext</visible>
					</control>
				</control>

				<control type="grouplist" id="601">
					<left>53</left>
					<top>112</top>
					<width>885</width>
					<height>542</height>
					<itemgap>-2</itemgap>
					<onleft>1223</onleft>
					<onright>999</onright>
					<pagecontrol>1223</pagecontrol>
					<control type="button" id="602"><!-- Set Movie library entry point -->
						<include>settings-submenu-common</include>
						<textwidth>785</textwidth>
						<label>$LOCALIZE[31920]</label>
						<label2>$INFO[Skin.String(libraryentry-movie)]</label2>
						<onclick>RunScript(script.skin.helper.service,action=setskinsetting,setting=libraryentry-movie-val,header=$LOCALIZE[31920])</onclick>
					</control>
					<control type="button" id="603"><!-- Set TVShow library entry point -->
						<include>settings-submenu-common</include>
						<textwidth>785</textwidth>
						<label>$LOCALIZE[31921]</label>
						<label2>$INFO[Skin.String(libraryentry-tvshow)]</label2>
						<onclick>RunScript(script.skin.helper.service,action=setskinsetting,setting=libraryentry-tvshow-val,header=$LOCALIZE[31921])</onclick>
					</control>
					<control type="button" id="604"><!-- Set Music Video library entry point -->
						<include>settings-submenu-common</include>
						<textwidth>785</textwidth>
						<label>$LOCALIZE[31922]</label>
						<label2>$INFO[Skin.String(libraryentry-musicvideo)]</label2>
						<onclick>RunScript(script.skin.helper.service,action=setskinsetting,setting=libraryentry-musicvideo-val,header=$LOCALIZE[31922])</onclick>
					</control>
					<control type="button" id="605"><!-- Set Music library entry point -->
						<include>settings-submenu-common</include>
						<textwidth>785</textwidth>
						<label>$LOCALIZE[31923]</label>
						<label2>$INFO[Skin.String(libraryentry-music)]</label2>
						<onclick>RunScript(script.skin.helper.service,action=setskinsetting,setting=libraryentry-music-val,header=$LOCALIZE[31923])</onclick>
					</control>
					<control type="button" id="606"><!-- Set TV library entry point -->
						<include>settings-submenu-common</include>
						<textwidth>785</textwidth>
						<label>$LOCALIZE[31924]</label>
						<label2>$INFO[Skin.String(libraryentry-tv)]</label2>
						<onclick>RunScript(script.skin.helper.service,action=setskinsetting,setting=libraryentry-tv-val,header=$LOCALIZE[31924])</onclick>
						<enable>[System.GetBool(pvrmanager.enabled) + Pvr.HasTVChannels]</enable>
					</control>
					<control type="button" id="607"><!-- Set Radio library entry point -->
						<include>settings-submenu-common</include>
						<textwidth>785</textwidth>
						<label>$LOCALIZE[31925]</label>
						<label2>$INFO[Skin.String(libraryentry-radio)]</label2>
						<onclick>RunScript(script.skin.helper.service,action=setskinsetting,setting=libraryentry-radio-val,header=$LOCALIZE[31925])</onclick>
						<enable>[System.GetBool(pvrmanager.enabled) + Pvr.HasRadioChannels]</enable>
					</control>
					<control type="button" id="608"><!-- Reset Above Settings button -->
						<include>settings-submenu-common</include>
						<label>$LOCALIZE[10041]</label>
						<textwidth>785</textwidth>
						<onclick>Skin.Reset(libraryentry-movie)</onclick>
						<onclick>Skin.Reset(libraryentry-tvshow)</onclick>
						<onclick>Skin.Reset(libraryentry-musicvideo)</onclick>
						<onclick>Skin.Reset(libraryentry-music)</onclick>
						<onclick>Skin.Reset(libraryentry-tv)</onclick>
						<onclick>Skin.Reset(libraryentry-radio)</onclick>
					</control>
				</control>
			</control>
			<control type="group" id="700"><!-- Custom Favourites -->
				<visible>Skin.String(skinsettingmenu,custom)</visible>
				<control type="image"><!-- Skin Logo -->
					<left>150</left>
					<top>150</top>
					<width>512</width>
					<height>256</height>
					<aspectratio>keep</aspectratio>
					<texture>skin-logo-big.png</texture>
				</control>
			</control>
			<control type="group" id="800"><!-- Support Settings -->
				<visible>Skin.String(skinsettingmenu,support)</visible>
				<control type="image"><!-- Support Settings Button Image -->
					<left>940</left>
					<top>490</top>
					<width>320</width>
					<height>56</height>
					<texture border="6">button-default-focus.png</texture>
					<include>settingbutton-fade</include>
					<visible>!ControlGroup(999).HasFocus()</visible>
				</control>
				<control type="group"><!-- Markers for control area items -->
					<control type="image">
						<left>484</left>
						<top>96</top>
						<height>16</height>
						<width>16</width>
						<texture>scroll-up.png</texture>
						<visible>Container(801).HasPrevious</visible>
					</control>
					<control type="image">
						<left>484</left>
						<top>652</top>
						<height>16</height>
						<width>16</width>
						<texture>scroll-down.png</texture>
						<visible>Container(801).HasNext</visible>
					</control>
				</control>

				<control type="grouplist" id="801">
					<left>53</left>
					<top>112</top>
					<width>885</width>
					<height>540</height>
					<itemgap>-2</itemgap>
					<onleft>1223</onleft>
					<onright>999</onright>
					<pagecontrol>1223</pagecontrol>
					<control type="button" id="802"><!-- Kodi Log Uploader Script -->
						<include>settings-submenu-common</include>
						<label>$LOCALIZE[31930]</label>
						<textwidth>750</textwidth>
						<onclick>RunScript(script.xbmc.debug.log)</onclick>
						<enable>System.HasAddon(script.xbmc.debug.log) + System.GetBool(debug.extralogging)</enable>
					</control>
					<control type="radiobutton" id="803"><!-- System Debug toggle -->
						<include>settings-submenu-common</include>
						<label>$LOCALIZE[20191]</label>
						<textwidth>750</textwidth>
						<onclick>ToggleDebug</onclick>
						<selected>System.GetBool(debug.showloginfo)</selected>
						<radioposx>844</radioposx>
					</control>
					<control type="image" id="804">
						<width>885</width>
						<height>4</height>
						<texture>separator.png</texture>
					</control>
					<control type="radiobutton" id="805"><!-- Show skin debug grid toggle -->
						<include>settings-submenu-common</include>
						<label>$LOCALIZE[31933]</label>
						<textwidth>750</textwidth>
						<onclick>Skin.ToggleSetting(debug-grid)</onclick>
						<selected>Skin.HasSetting(debug-grid)</selected>
						<radioposx>844</radioposx>
					</control>
					<control type="radiobutton" id="806"><!-- Show Skin Debug Info toggle -->
						<include>settings-submenu-common</include>
						<label>$LOCALIZE[31934]</label>
						<textwidth>750</textwidth>
						<onclick>Skin.ToggleSetting(debug-info)</onclick>
						<selected>Skin.HasSetting(debug-info)</selected>
						<radioposx>844</radioposx>
					</control>
					<control type="image" id="807">
						<width>885</width>
						<height>4</height>
						<texture>separator.png</texture>
					</control>
					<control type="button" id="808"><!-- Reset skin settings to defaults -->
						<include>settings-submenu-common</include>
						<label>$LOCALIZE[31935]</label>
						<textwidth>785</textwidth>
						<onclick>Skin.ResetSettings</onclick>
						<onclick>ReplaceWindow(skinsettings)</onclick>
					</control>
				</control>
			</control>
		</control>
		<control type="textbox"><!-- Settings description area -->
			<left>10</left>
			<top>666</top>
			<width>1260</width>
			<height>50</height>
			<font>font10</font>
			<align>center</align>
			<label>$VAR[SkinSettingHelp]</label>
		</control>
	</controls>
</window>
