<?xml version="1.0" encoding="utf-8"?>
<window>
	<coordinates>
		<left>0</left>
		<top>0</top>
	</coordinates>
	<include>screen-fade</include>
	<controls>
		<control type="group">
			<visible>![Window.IsVisible(startup) | Window.IsVisible(seekbar) | Window.IsVisible(karaokeselector) | Window.IsVisible(karaokelargeselector) | Window.IsVisible(infodialog) | Window.IsVisible(busydialog) | Window.IsVisible(sliderdialog) | Window.IsVisible(extendedprogressdialog)]</visible>
			<control type="image"><!-- Dialog background -->
				<left>902</left>
				<top>12</top>
				<width>354</width>
				<height>124</height>
				<texture border="8">button-menu-background.png</texture>
			</control>
			<control type="image"><!-- Speaker image -->
				<left>920</left>
				<top>20</top>
				<width>96</width>
				<height>96</height>
				<aspectratio>keep</aspectratio>
				<texture>volume-thingy-mute.png</texture>
			</control>
			<control type="label"><!-- Muted label -->
				<left>1018</left>
				<top>22</top>
				<width>224</width>
				<height>40</height>
				<font>font22</font>
				<align>center</align>
				<label>[B]$LOCALIZE[31651][/B]</label>
			</control>
		</control>
	</controls>
</window>