<?xml version="1.0" encoding="UTF-8"?>
<addon id="skin.DesiTVOnyx" version="1.6.3" name="DesiTV Onyx"	provider-name="RozebMomin">
	<requires>
		<import addon="xbmc.gui" version="5.10.0"/>
		<import addon="resource.uisounds.apptv" version="1.0.2"/>
		<import addon="script.xbmc.debug.log" version="14.1.0"/>
		<import addon="script.favourites" version="6.0.3"/>
		<import addon="script.globalsearch" version="6.0.6"/>
		<import addon="script.skin.helper.service" version="1.0.90"/>
		<import addon="script.image.resource.select" version="0.1.0"/>
	</requires>
	<extension point="xbmc.gui.skin" effectslowdown="1" debugging="false">
		<res width="1280" height="720" aspect="16:9" default="true" folder="720p"/>
	</extension>
	<extension point="xbmc.addon.metadata">
		<summary lang="en_US">...</summary>
		<disclaimer lang="en_US">...</disclaimer>
		<platform>all</platform>
		<license>Licensed under the Apache License, Version 2.0</license>
		<website>www.desitvmc.com</website>
		<email></email>
		<source>...</source>
	</extension>
</addon>
