<?xml version="1.0" encoding="UTF-8"?>
<window>
	<defaultcontrol>3</defaultcontrol>
	<zorder>1</zorder>
	<coordinates>
		<system>1</system>
		<left>0</left>
		<top>0</top>
	</coordinates>
	<include>screen-fade</include>
	<controls>
		<include>fadebackground</include>
		<control type="image"><!-- Dialog background image type 3 -->
			<left>150</left>
			<top>60</top>
			<width>1038</width>
			<height>540</height>
			<texture border="8">button-menu-background.png</texture>
			<visible>Control.IsVisible(3)</visible>
		</control>
		<control type="image"><!-- Dialog background image type 6 -->
			<left>140</left>
			<top>60</top>
			<width>1038</width>
			<height>516</height>
			<texture border="8">button-menu-background.png</texture>
			<visible>Control.IsVisible(6)</visible>
		</control>
		<control type="label" id="1"><!-- Dialog heading -->
			<left>310</left>
			<top>68</top>
			<width>736</width>
			<height>37</height>
			<align>center</align>
		</control>
		<control type="list" id="3"><!-- Type 3 Select -->
			<left>200</left>
			<top>124</top>
			<width>700</width>
			<height>448</height>
			<onleft condition="StringCompare(Skin.String(show-scrollbar),$LOCALIZE[31877])">noop</onleft>
			<onleft condition="!StringCompare(Skin.String(show-scrollbar),$LOCALIZE[31877])">23</onleft>
			<onright>5</onright>
			<pagecontrol>23</pagecontrol>
			<itemlayout width="700" height="56">
				<control type="image">
					<left>0</left>
					<top>2</top>
					<height>52</height>
					<width>52</width>
					<texture fallback="DefaultFile.png">$INFO[ListItem.Icon]</texture>
					<aspectratio>keep</aspectratio>
				</control>
				<control type="label">
					<left>70</left>
					<top>-4</top>
					<width>614</width>
					<height>56</height>
					<font>font11</font>
					<selectedcolor>button-text</selectedcolor>
					<label>$INFO[ListItem.Label] [I]$INFO[ListItem.Label2, - ] [/I]</label>
					<include condition="Skin.HasSetting(text-autoscroll)">scrolltext</include>
				</control>
			</itemlayout>
			<focusedlayout width="700" height="56">
				<control type="image">
					<left>0</left>
					<top>2</top>
					<height>52</height>
					<width>52</width>
					<texture fallback="DefaultFile.png">$INFO[ListItem.Icon]</texture>
					<aspectratio>keep</aspectratio>
				</control>
				<control type="image">
					<left>54</left>
					<top>0</top>
					<width>646</width>
					<height>56</height>
					<texture border="8">button-default-focus.png</texture>
					<animation condition="!Control.HasFocus(3)" effect="fade" start="100" end="60">Conditional</animation>
				</control>
				<control type="label">
					<left>70</left>
					<top>-4</top>
					<width>614</width>
					<height>56</height>
					<font>font11</font>
					<selectedcolor>button-text</selectedcolor>
					<label>$INFO[ListItem.Label] [I]$INFO[ListItem.Label2, - ] [/I]</label>
					<include condition="Skin.HasSetting(text-autoscroll)">scrolltext</include>
				</control>
			</focusedlayout>
		</control>
		<control type="group">
			<visible>Control.IsVisible(3)</visible>
			<control type="image">
				<left>170</left>
				<top>106</top>
				<width>996</width>
				<height>4</height>
				<texture>separator.png</texture>
			</control>
			<control type="scrollbar" id="23">
				<left>170</left>
				<top>124</top>
				<width>18</width>
				<height>448</height>
				<onright>3</onright>
				<animation condition="!Control.HasFocus(23) + !Container.Scrolling + !StringCompare(Skin.String(show-scrollbar),$LOCALIZE[31875])" effect="fade" start="100" end="0" time="200" reversible="true">Conditional</animation>
				<visible>!StringCompare(Skin.String(show-scrollbar),$LOCALIZE[31877])</visible>
			</control>
			<control type="label">
				<left>700</left>
				<top>560</top>
				<width>400</width>
				<height>24</height>
				<label>$INFO[Container(3).NumItems] $LOCALIZE[127]</label>
				<align>right</align>
			</control>
		</control>
		<control type="list" id="6"><!-- Type 6 Select -->
			<left>168</left>
			<top>124</top>
			<width>700</width>
			<height>392</height>
			<onright condition="StringCompare(Skin.String(show-scrollbar),$LOCALIZE[31877])">noop</onright>
			<onright condition="!StringCompare(Skin.String(show-scrollbar),$LOCALIZE[31877])">26</onright>
			<onup>6</onup>
			<ondown>6</ondown>
			<pagecontrol>26</pagecontrol>
			<itemlayout width="700" height="56">
				<control type="image">
					<left>0</left>
					<top>2</top>
					<height>52</height>
					<width>52</width>
					<texture fallback="DefaultFile.png">$INFO[ListItem.Icon]</texture>
					<aspectratio>keep</aspectratio>
				</control>
				<control type="label">
					<left>70</left>
					<top>-4</top>
					<width>614</width>
					<height>56</height>
					<font>font11</font>
					<selectedcolor>button-text</selectedcolor>
					<label>$INFO[ListItem.Label] [I]$INFO[ListItem.Label2, - ] [/I]</label>
					<include condition="Skin.HasSetting(text-autoscroll)">scrolltext</include>
				</control>
			</itemlayout>
			<focusedlayout width="700" height="56">
				<control type="image">
					<left>0</left>
					<top>2</top>
					<height>52</height>
					<width>52</width>
					<texture fallback="DefaultFile.png">$INFO[ListItem.Icon]</texture>
					<aspectratio>keep</aspectratio>
				</control>
				<control type="image">
					<left>54</left>
					<top>0</top>
					<width>646</width>
					<height>56</height>
					<texture border="8">button-default-focus.png</texture>
					<animation condition="!Control.HasFocus(6)" effect="fade" start="100" end="60">Conditional</animation>
				</control>
				<control type="label">
					<left>70</left>
					<top>-4</top>
					<width>614</width>
					<height>56</height>
					<font>font11</font>
					<selectedcolor>button-text</selectedcolor>
					<label>$INFO[ListItem.Label] [I]$INFO[ListItem.Label2, - ] [/I]</label>
					<include condition="Skin.HasSetting(text-autoscroll)">scrolltext</include>
				</control>
			</focusedlayout>
		</control>
		<control type="group">
			<visible>Control.IsVisible(6)</visible>
			<control type="image">
				<left>162</left>
				<top>106</top>
				<width>996</width>
				<height>4</height>
				<texture>separator.png</texture>
			</control>
			<control type="scrollbar" id="26">
				<left>882</left>
				<top>124</top>
				<width>18</width>
				<height>392</height>
				<onleft>6</onleft>
				<onright>5</onright>
				<animation condition="!Control.HasFocus(26) + !Container.Scrolling + !StringCompare(Skin.String(show-scrollbar),$LOCALIZE[31875])" effect="fade" start="100" end="0" time="200" reversible="true">Conditional</animation>
				<visible>!StringCompare(Skin.String(show-scrollbar),$LOCALIZE[31877])</visible>
			</control>
			<control type="image">
				<left>904</left>
				<top>190</top>
				<height>256</height>
				<width>256</width>
				<texture fallback="DefaultFile.png">$INFO[Container(6).ListItem.Icon]</texture>
				<aspectratio aligny="top">keep</aspectratio>
			</control>
			<control type="label">
				<left>700</left>
				<top>532</top>
				<width>400</width>
				<height>37</height>
				<label>$INFO[Container(6).NumItems] $LOCALIZE[127]</label>
				<align>right</align>
			</control>
		</control>
		<control type="button" id="5"><!-- Manual -->
			<left>910</left>
			<top>124</top>
			<width>250</width>
			<height>56</height>
			<font>font12</font>
			<label>$LOCALIZE[186]</label>
			<align>center</align>
			<onleft condition="Control.IsVisible(3)">3</onleft>
			<onleft condition="Control.IsVisible(6)">26</onleft>
		</control>
	</controls>
</window>