<?xml version="1.0" encoding="UTF-8"?>
<window>
	<defaultcontrol>5</defaultcontrol>
	<include>screen-fade</include>
	<controls>
		<control type="group">
			<visible>!Window.IsVisible(profilesettings)</visible>
			<include>fadebackground</include>
			<control type="image"><!-- Dialog background image -->
				<left>88</left>
				<top>112</top>
				<width>1062</width>
				<height>468</height>
				<texture border="8">button-menu-background.png</texture>
			</control>
			<control type="label" id="2"><!-- Dialog heading -->
				<left>460</left>
				<top>118</top>
				<width>354</width>
				<height>37</height>
				<align>center</align>
				<label>$LOCALIZE[20043]</label>
				<visible>!Window.IsVisible(profilesettings)</visible>
			</control>
			<control type="image">
				<left>115</left>
				<top>156</top>
				<width>1000</width>
				<height>4</height>
				<texture>separator.png</texture>
			</control>
			<control type="grouplist" id="5"><!-- Control area -->
				<left>106</left>
				<top>187</top>
				<width>973</width>
				<height>318</height>
				<pagecontrol>60</pagecontrol>
				<onright condition="StringCompare(Skin.String(show-scrollbar),$LOCALIZE[31877])">noop</onright>
				<onright condition="!StringCompare(Skin.String(show-scrollbar),$LOCALIZE[31877])">60</onright>
				<ondown>28</ondown>
			</control>
			<control type="scrollbar" id="60">
				<left>1100</left>
				<top>187</top>
				<width>18</width>
				<height>318</height>
				<onleft>5</onleft>
				<animation condition="!Control.HasFocus(60) + !Container.Scrolling + !StringCompare(Skin.String(show-scrollbar),$LOCALIZE[31875])" effect="fade" start="100" end="0" time="200" reversible="true">Conditional</animation>
				<visible>!StringCompare(Skin.String(show-scrollbar),$LOCALIZE[31877])</visible>
			</control>
			<control type="button" id="7"><!-- Default button -->
				<left>53</left>
				<top>187</top>
				<height>56</height>
				<font>font12</font>
				<textoffsetx>20</textoffsetx>
			</control>
			<control type="radiobutton" id="8"><!-- Default radiobutton -->
				<left>53</left>
				<top>187</top>
				<height>43</height>
				<font>font12</font>
				<textoffsetx>20</textoffsetx>
				<radioposx>930</radioposx>
			</control>
			<control type="spincontrolex" id="9"><!-- Default spincontrolex -->
				<left>53</left>
				<top>187</top>
				<height>43</height>
				<font>font12</font>
				<textoffsetx>20</textoffsetx>
				<reverse>yes</reverse>
			</control>
			<control type="button" id="28"><!-- OK -->
				<left>354</left>
				<top>525</top>
				<width>200</width>
				<height>43</height>
				<align>center</align>
				<label>$LOCALIZE[186]</label>
				<onright>29</onright>
				<onup>5</onup>
			</control>
			<control type="button" id="29"><!-- Cancel -->
				<left>708</left>
				<top>525</top>
				<width>200</width>
				<height>43</height>
				<align>center</align>
				<label>$LOCALIZE[222]</label>
				<onleft>28</onleft>
				<onup>5</onup>
			</control>
		</control>
	</controls>
</window>
