<?xml version="1.0" encoding="UTF-8"?>
<window>
	<defaultcontrol always="true">4012</defaultcontrol>
	<zorder>1</zorder>
	<controls>
		<control type="image"><!-- Dialog background -->
			<left>0</left>
			<top>462</top>
			<height>264</height>
			<width>1280</width>
			<texture>colours/black.png</texture>
			<colordiffuse>osd-background</colordiffuse>
		</control>
		<control type="group">
			<right>0</right>
			<bottom>0</bottom>
			<width>1280</width>
			<height>264</height>
			<control type="group">
				<!-- -->
				<control type="image" id="4001"><!-- Poster -->
					<left>3</left>
					<top>3</top>
					<width>144</width>
					<height>216</height>
					<fadetime>350</fadetime>
					<aspectratio scalediffuse="false">scale</aspectratio>
				</control>
				<control type="label"><!-- Still Watching ? -->
					<top>7</top>
					<left>170</left>
					<width>65%</width>
					<height>27</height>
					<font>font12</font>
					<label>$ADDON[service.nextup.notification 30012]</label>
				</control>
				<control type="label"><!-- Time remaining -->
					<right>20</right>
					<top>7</top>
					<width>200</width>
					<height>27</height>
					<align>right</align>
					<font>font12</font>
					<label>$INFO[Player.TimeRemaining(ss),,sec(s)]</label>
				</control>
				<control type="label" id="4000"><!-- Title -->
					<left>170</left>
					<top>40</top>
					<width>65%</width>
					<height>27</height>
					<font>font18</font>
				</control>
				<control type="label" id="4004"><!-- Year -->
					<left>230</left>
					<top>167</top>
					<width>65%</width>
					<height>27</height>
					<font>font12</font>
				</control>
				<control type="textbox" id="4006"><!-- Plot -->
					<left>170</left>
					<top>73</top>
					<width>65%</width>
					<height>175</height>
					<font>font10</font>
					<align>justify</align>
				</control>
				<!-- buttons -->
				<control type="button" id="4012"><!-- Still Watching -->
					<right>630</right>
					<bottom>10</bottom>
					<width>300</width>
					<height>50</height>
					<align>center</align>
					<onright>4013</onright>
					<font>font11</font>
					<label>$ADDON[service.nextup.notification 30010]</label>
				</control>
				<control type="button" id="4013"><!-- Cancel -->
					<right>320</right>
					<bottom>10</bottom>
					<width>300</width>
					<height>50</height>
					<align>center</align>
					<onleft>4012</onleft>
					<font>font11</font>
					<label>222</label>
				</control>
			</control>
		</control>
	</controls>
</window>
