<?xml version="1.0" encoding="UTF-8"?>
<window>
	<defaultcontrol>5</defaultcontrol>
	<animation effect="fade" time="400">WindowOpen</animation>
	<animation effect="fade" time="400">WindowClose</animation>
	<coordinates>
		<left>482</left>
		<top>13</top>
	</coordinates>
	<controls>
		<control type="group">
			<animation effect="fade" start="100" end="0" time="400" condition="Window.IsVisible(sliderdialog) | Window.IsVisible(filebrowser)">Conditional</animation>
			<control type="image"><!-- Dialog background Non Fullscreen Video screens-->
				<left>0</left>
				<top>0</top>
				<width>754</width>
				<height>642</height>
				<texture border="8">button-menu-background.png</texture>
				<visible>!Window.IsActive(fullscreenvideo)</visible>
			</control>
			<control type="image"><!-- Dialog background Fullscreen Video screen-->
				<left>0</left>
				<top>0</top>
				<width>754</width>
				<height>642</height>
				<texture border="8">button-menu-background.png</texture>
				<colordiffuse>UnFocusedPosters</colordiffuse>
				<visible>Window.IsActive(fullscreenvideo)</visible>
			</control>
			<control type="label" id="2"><!-- Dialog heading -->
				<left>25</left>
				<top>6</top>
				<width>708</width>
				<height>46</height>
				<align>center</align>
				<font>font18</font>
			</control>
			<control type="label"><!-- Dialog Video settings heading -->
				<left>25</left>
				<top>6</top>
				<width>708</width>
				<height>46</height>
				<align>center</align>
				<font>font18</font>
				<label>$LOCALIZE[3] - $LOCALIZE[5]</label>
				<visible>Window.IsVisible(123) + IsEmpty(Control.GetLabel(2))</visible>
			</control>
			<control type="label"><!-- Dialog Audio settings heading -->
				<left>25</left>
				<top>6</top>
				<width>708</width>
				<height>46</height>
				<align>center</align>
				<font>font18</font>
				<label>$LOCALIZE[292] - $LOCALIZE[5]</label>
				<visible>Window.IsVisible(124) + IsEmpty(Control.GetLabel(2))</visible>
			</control>
			<control type="image">
				<left>25</left>
				<top>54</top>
				<width>708</width>
				<height>4</height>
				<texture>separator.png</texture>
			</control>
			<control type="button"><!-- Touch Close button -->
				<left>732</left>
				<top>-10</top>
				<width>32</width>
				<height>32</height>
				<texturefocus>touch-close.png</texturefocus>
				<texturenofocus>touch-close.png</texturenofocus>
				<onclick>Dialog.Close(all,true)</onclick>
				<visible>system.getbool(input.enablemouse)</visible>
			</control>
			<control type="grouplist" id="5"><!-- Control area -->
				<left>16</left>
				<top>62</top>
				<width>722</width>
				<height>560</height>
				<onleft>5</onleft>
				<onright>5</onright>
				<onup>5</onup>
				<ondown>5</ondown>
			</control>
			<control type="button" id="7"><!-- Default button -->
				<left>955</left>
				<top>199</top>
				<width>700</width>
				<height>46</height>
				<font>font12</font>
			</control>
			<control type="radiobutton" id="8"><!-- Default radiobutton -->
				<left>955</left>
				<top>199</top>
				<width>700</width>
				<height>46</height>
				<font>font12</font>
				<radioposx>684</radioposx>
			</control>
			<control type="spincontrolex" id="9"><!-- Default spincontrolex -->
				<left>955</left>
				<top>199</top>
				<width>700</width>
				<height>46</height>
				<font>font12</font>
				<selectedcolor>listselected-text</selectedcolor>
				<reverse>yes</reverse>
			</control>
			<control type="sliderex" id="13"><!-- Default slider -->
				<left>955</left>
				<top>199</top>
				<width>700</width>
				<height>46</height>
				<sliderwidth>192</sliderwidth>
				<sliderheight>16</sliderheight>
				<font>font12</font>
				<focusedcolor>button-text</focusedcolor>
			</control>
		</control>
	</controls>
</window>