<?xml version="1.0" encoding="UTF-8"?>
<includes>
	<include name="VideoListView">
		<control type="fixedlist" id="50">
			<viewtype label="31941">list</viewtype>
			<left>668</left>
			<top>116</top>
			<width>555</width>
			<height>532</height>
			<focusposition>2</focusposition>
			<movement>4</movement>
			<onleft condition="Skin.HasSetting(lock-screensettings)">noop</onleft>
			<onleft condition="!Skin.HasSetting(lock-screensettings)">9000</onleft>
			<onright condition="StringCompare(Skin.String(show-scrollbar),$LOCALIZE[31877])">noop</onright>
			<onright condition="!StringCompare(Skin.String(show-scrollbar),$LOCALIZE[31877])">1250</onright>
			<onup>50</onup>
			<ondown>50</ondown>
			<preloaditems>2</preloaditems>
			<pagecontrol>1250</pagecontrol>
			<itemlayout width="575" height="66">
				<control type="image">
					<left>8</left>
					<top>22</top>
					<width>32</width>
					<height>32</height>
					<texture>$VAR[Overlay]</texture>
				</control>
				<control type="image">
					<left>532</left>
					<top>16</top>
					<width>16</width>
					<height>16</height>
					<texture fallback="blank.png">$VAR[ExtrasOverlay]</texture>
					<visible>System.HasAddon(script.videoextras)</visible>
				</control>
				<control type="image">
					<left>524</left>
					<top>38</top>
					<width>32</width>
					<height>32</height>
					<colordiffuse>DropShadow</colordiffuse>
					<texture fallback="blank.png">$VAR[ListItemFlags]</texture>
				</control>
				<control type="image">
					<left>522</left>
					<top>36</top>
					<width>32</width>
					<height>32</height>
					<texture fallback="blank.png">$VAR[ListItemFlags]</texture>
				</control>
				<control type="group">
					<visible>![Container.Content(movies) | Container.Content(musicvideos) | Container.Content(tvshows) | Container.Content(seasons) | Container.Content(episodes) | Container.Content(addons)]</visible>
					<control type="label">
						<left>38</left>
						<top>22</top>
						<width>480</width>
						<height>23</height>
						<font>font12</font>
						<label>$INFO[ListItem.Label]</label>
						<visible>IsEmpty(ListItem.Label2)</visible>
					</control>
					<control type="group">
						<visible>!IsEmpty(ListItem.Label2)</visible>
						<control type="label">
							<left>38</left>
							<top>14</top>
							<width>480</width>
							<height>23</height>
							<font>font11</font>
							<label>$INFO[ListItem.Label]</label>
						</control>
						<control type="label">
							<left>38</left>
							<top>38</top>
							<width>480</width>
							<height>23</height>
							<font>font11</font>
							<textcolor>disabled-text</textcolor>
							<label>$INFO[ListItem.Label2]</label>
						</control>
					</control>
				</control>
				<control type="group">
					<visible>Container.Content(addons)</visible>
					<control type="label">
						<left>38</left>
						<top>22</top>
						<width>480</width>
						<height>23</height>
						<font>font12</font>
						<label>$INFO[ListItem.Label]</label>
						<visible>IsEmpty(ListItem.Property(Addon.Description))</visible>
					</control>
					<control type="group">
						<visible>!IsEmpty(ListItem.Property(Addon.Description))</visible>
						<control type="label">
							<left>38</left>
							<top>14</top>
							<width>480</width>
							<height>23</height>
							<font>font11</font>
							<label>$INFO[ListItem.Label]</label>
						</control>
						<control type="label">
							<left>38</left>
							<top>38</top>
							<width>480</width>
							<height>23</height>
							<font>font11</font>
							<textcolor>disabled-text</textcolor>
							<label>$INFO[ListItem.Property(Addon.Description)]</label>
						</control>
					</control>
				</control>
				<control type="group">
					<visible>Container.Content(tvshows) | Container.Content(seasons)</visible>
					<control type="label">
						<left>38</left>
						<top>22</top>
						<width>480</width>
						<height>23</height>
						<font>font12</font>
						<label>$INFO[ListItem.Label]</label>
						<visible>IsEmpty(ListItem.PlotOutline)</visible>
					</control>
					<control type="group">
						<visible>!IsEmpty(ListItem.PlotOutline)</visible>
						<control type="label">
							<left>38</left>
							<top>14</top>
							<width>480</width>
							<height>23</height>
							<font>font11</font>
							<label>$INFO[ListItem.Label]</label>
						</control>
						<control type="label">
							<left>38</left>
							<top>38</top>
							<width>480</width>
							<height>23</height>
							<font>font11</font>
							<textcolor>disabled-text</textcolor>
							<label>$INFO[ListItem.PlotOutline]</label>
						</control>
					</control>
				</control>
				<control type="group">
					<visible>Container.Content(movies) | Container.Content(musicvideos) | Container.Content(episodes)</visible>
					<control type="label">
						<left>38</left>
						<top>22</top>
						<width>480</width>
						<height>23</height>
						<font>font12</font>
						<label>$INFO[ListItem.Label]</label>
						<visible>IsEmpty(ListItem.Duration)</visible>
					</control>
					<control type="group">
						<visible>!IsEmpty(ListItem.Duration)</visible>
						<control type="label">
							<left>38</left>
							<top>14</top>
							<width>480</width>
							<height>23</height>
							<font>font11</font>
							<label>$INFO[ListItem.Label]</label>
						</control>
						<control type="label">
							<left>38</left>
							<top>38</top>
							<width>480</width>
							<height>23</height>
							<font>font11</font>
							<textcolor>disabled-text</textcolor>
							<label>$VAR[VideoDuration]</label>
						</control>
					</control>
				</control>
			</itemlayout>
			<focusedlayout width="575" height="66">
				<control type="image">
					<left>8</left>
					<top>22</top>
					<width>32</width>
					<height>32</height>
					<texture>$VAR[Overlay]</texture>
				</control>
				<control type="image">
					<left>532</left>
					<top>16</top>
					<width>16</width>
					<height>16</height>
					<texture fallback="blank.png">$VAR[ExtrasOverlay]</texture>
					<visible>System.HasAddon(script.videoextras)</visible>
				</control>
				<control type="image">
					<left>524</left>
					<top>38</top>
					<width>32</width>
					<height>32</height>
					<colordiffuse>DropShadow</colordiffuse>
					<texture fallback="blank.png">$VAR[ListItemFlags]</texture>
				</control>
				<control type="image">
					<left>522</left>
					<top>36</top>
					<width>32</width>
					<height>32</height>
					<texture fallback="blank.png">$VAR[ListItemFlags]</texture>
				</control>
				<control type="group">
					<visible>![Container.Content(movies) | Container.Content(musicvideos) | Container.Content(tvshows) | Container.Content(seasons) | Container.Content(episodes) | Container.Content(addons)]</visible>
					<control type="label">
						<left>38</left>
						<top>22</top>
						<width>480</width>
						<height>23</height>
						<font>font12</font>
						<label>$INFO[ListItem.Label]</label>
						<include condition="Skin.HasSetting(text-autoscroll)">scrolltext</include>
						<visible>IsEmpty(ListItem.Label2)</visible>
					</control>
					<control type="group">
						<visible>!IsEmpty(ListItem.Label2)</visible>
						<control type="label">
							<left>38</left>
							<top>14</top>
							<width>480</width>
							<height>23</height>
							<font>font11</font>
							<label>$INFO[ListItem.Label]</label>
							<include condition="Skin.HasSetting(text-autoscroll)">scrolltext</include>
						</control>
						<control type="label">
							<left>38</left>
							<top>38</top>
							<width>480</width>
							<height>23</height>
							<font>font11</font>
							<textcolor>disabled-text</textcolor>
							<label>$INFO[ListItem.Label2]</label>
							<include condition="Skin.HasSetting(text-autoscroll)">scrolltext</include>
						</control>
					</control>
				</control>
				<control type="group">
					<visible>Container.Content(addons)</visible>
					<control type="label">
						<left>38</left>
						<top>22</top>
						<width>480</width>
						<height>23</height>
						<font>font12</font>
						<selectedcolor>listselected-text</selectedcolor>
						<label>$INFO[ListItem.Label]</label>
						<include condition="Skin.HasSetting(text-autoscroll)">scrolltext</include>
						<visible>IsEmpty(ListItem.Property(Addon.Description))</visible>
					</control>
					<control type="group">
						<visible>!IsEmpty(ListItem.Property(Addon.Description))</visible>
						<control type="label">
							<left>38</left>
							<top>14</top>
							<width>480</width>
							<height>23</height>
							<font>font11</font>
							<selectedcolor>listselected-text</selectedcolor>
							<label>$INFO[ListItem.Label]</label>
							<include condition="Skin.HasSetting(text-autoscroll)">scrolltext</include>
						</control>
						<control type="label">
							<left>38</left>
							<top>38</top>
							<width>480</width>
							<height>23</height>
							<font>font11</font>
							<textcolor>disabled-text</textcolor>
							<label>$INFO[ListItem.Property(Addon.Description)]</label>
							<include condition="Skin.HasSetting(text-autoscroll)">scrolltext</include>
						</control>
					</control>
				</control>
				<control type="group">
					<visible>Container.Content(tvshows) | Container.Content(seasons)</visible>
					<control type="label">
						<left>38</left>
						<top>22</top>
						<width>480</width>
						<height>23</height>
						<font>font12</font>
						<label>$INFO[ListItem.Label]</label>
						<include condition="Skin.HasSetting(text-autoscroll)">scrolltext</include>
						<visible>IsEmpty(ListItem.PlotOutline)</visible>
					</control>
					<control type="group">
						<visible>!IsEmpty(ListItem.PlotOutline)</visible>
						<control type="label">
							<left>38</left>
							<top>14</top>
							<width>480</width>
							<height>23</height>
							<font>font11</font>
							<label>$INFO[ListItem.Label]</label>
							<include condition="Skin.HasSetting(text-autoscroll)">scrolltext</include>
						</control>
						<control type="label">
							<left>38</left>
							<top>38</top>
							<width>480</width>
							<height>23</height>
							<font>font11</font>
							<textcolor>disabled-text</textcolor>
							<label>$INFO[ListItem.PlotOutline]</label>
							<include condition="Skin.HasSetting(text-autoscroll)">scrolltext</include>
						</control>
					</control>
				</control>
				<control type="group">
					<visible>Container.Content(movies) | Container.Content(musicvideos) | Container.Content(episodes)</visible>
					<control type="label">
						<left>38</left>
						<top>22</top>
						<width>480</width>
						<height>23</height>
						<font>font12</font>
						<label>$INFO[ListItem.Label]</label>
						<include condition="Skin.HasSetting(text-autoscroll)">scrolltext</include>
						<visible>IsEmpty(ListItem.Duration)</visible>
					</control>
					<control type="group">
						<visible>!IsEmpty(ListItem.Duration)</visible>
						<control type="label">
							<left>38</left>
							<top>14</top>
							<width>480</width>
							<height>23</height>
							<font>font11</font>
							<label>$INFO[ListItem.Label]</label>
							<include condition="Skin.HasSetting(text-autoscroll)">scrolltext</include>
						</control>
						<control type="label">
							<left>38</left>
							<top>38</top>
							<width>480</width>
							<height>23</height>
							<font>font11</font>
							<textcolor>disabled-text</textcolor>
							<label>$VAR[VideoDuration]</label>
							<include condition="Skin.HasSetting(text-autoscroll)">scrolltext</include>
						</control>
					</control>
				</control>
			</focusedlayout>
		</control>
		<control type="group">
			<top>56</top>
			<visible>Control.IsVisible(50)</visible>
			<control type="group">
				<control type="image"><!-- Button focus slider -->
					<left>674</left>
					<top>330</top>
					<width>560</width>
					<height>66</height>
					<texture border="5">button-default-focus.png</texture>
					<aspectratio>stretch</aspectratio>
				</control>
				<animation condition="Container(50).Position(0)" effect="slide" start="0,0" end="0,-264"
					time="0" easing="inout" reversible="true">Conditional</animation>
				<animation condition="Container(50).Position(1)" effect="slide" start="0,0" end="0,-198"
					time="0" easing="inout" reversible="true">Conditional</animation>
				<animation condition="Container(50).Position(2)" effect="slide" start="0,0" end="0,-132"
					time="0" easing="inout" reversible="true">Conditional</animation>
				<animation condition="Container(50).Position(3)" effect="slide" start="0,0" end="0,-66"
					time="0" easing="inout" reversible="true">Conditional</animation>
				<!-- Animation for postion 4 does nothing, so removed-->
				<animation condition="Container(50).Position(5)" effect="slide" start="0,0" end="0,66"
					time="0" easing="inout" reversible="true">Conditional</animation>
				<animation condition="Container(50).Position(6)" effect="slide" start="0,0" end="0,132"
					time="0" easing="inout" reversible="true">Conditional</animation>
				<animation condition="Container(50).Position(7)" effect="slide" start="0,0" end="0,198"
					time="0" easing="inout" reversible="true">Conditional</animation>
			</control>
		</control>
		<control type="group">
			<visible>Control.IsVisible(50)</visible>
			<control type="group">
				<control type="group">
					<animation type="TYPE" condition="Skin.HasSetting(tiltvideolisticon)" reversible="false">
						<effect type="rotatey" start="-25" end="-25" time="0"/>
						<effect type="slide" end="15,0" time="0"/>
						<effect type="zoom" start="100" end="114" center="auto" time="0" tween="back" easing="out"/>
					</animation>
					<control type="group">
						<visible>!Container.Content(movies) + !Container.Content(tvshows) + !Container.Content(seasons) + !Container.Content(episodes) + !Container.Content(musicvideos)</visible>
						<control type="group">
							<visible>!SubString(ListItem.Icon,DefaultFolder.png,Left)</visible>
								<control type="image">
								<left>320</left>
								<top>120</top>
								<width>318</width>
								<height>318</height>
								<texture fallback="DefaultVideo.png" background="true" diffuse="mask-rect.png">$INFO[ListItem.Icon]</texture>
								<aspectratio scalediffuse="false">keep</aspectratio>
							</control>
						</control>
						<control type="group">
							<visible>SubString(ListItem.Icon,DefaultFolder.png,Left)</visible>
							<control type="image">
								<left>320</left>
								<top>120</top>
								<width>318</width>
								<height>318</height>
								<texture>DefaultVideo.png</texture>
								<aspectratio>keep</aspectratio>
							</control>
						</control>
					</control>
					<control type="group">
						<visible>Container.Content(musicvideos)</visible>
						<control type="group">
							<visible>!SubString(ListItem.Icon,DefaultFolder.png,Left)</visible>
							<control type="image">
								<left>320</left>
								<top>120</top>
								<width>318</width>
								<height>318</height>
								<texture background="true" fallback="DefaultMusicVideos.png" diffuse="mask-rect.png">$INFO[ListItem.Icon]</texture>
								<aspectratio scalediffuse="false">keep</aspectratio>
							</control>
						</control>
						<control type="group">
							<visible>SubString(ListItem.Icon,DefaultFolder.png,Left)</visible>
							<control type="image">
								<left>320</left>
								<top>120</top>
								<width>318</width>
								<height>318</height>
								<texture>DefaultMusicVideos.png</texture>
								<aspectratio>keep</aspectratio>
							</control>
						</control>
					</control>
					<control type="group">
						<visible>Container.Content(movies)</visible>
						<control type="group">
							<visible>!SubString(ListItem.Icon,DefaultFolder,Left)</visible>
							<control type="image">
								<left>320</left>
								<top>120</top>
								<width>227</width>
								<height>318</height>
								<texture background="true" fallback="DefaultVideo.png" diffuse="mask-rect.png">$VAR[IconPoster]</texture>
								<aspectratio scalediffuse="false">stretch</aspectratio>
							</control>
						</control>
						<control type="image">
							<left>320</left>
							<top>120</top>
							<width>318</width>
							<height>318</height>
							<texture>DefaultVideo.png</texture>
							<aspectratio>keep</aspectratio>
							<visible>SubString(ListItem.Icon,DefaultFolder.png,Left)</visible>
						</control>
						<control type="image">
							<left>320</left>
							<top>120</top>
							<width>318</width>
							<height>318</height>
							<texture background="true">$INFO[ListItem.Icon]</texture>
							<aspectratio>keep</aspectratio>
							<visible>SubString(ListItem.Icon,DefaultFolderBack.png,Left)</visible>
						</control>
					</control>
					<control type="group">
						<visible>[Container.Content(tvshows) | Container.Content(seasons) | Container.Content(episodes)]</visible>
						<control type="group"><!-- Show Icon For TV SHOW/SEASON/EPISODES -->
							<visible>!SubString(ListItem.Icon,DefaultFolder.png,Left)</visible>
							<control type="image">
								<left>320</left>
								<top>120</top>
								<width>318</width>
								<height>318</height>
								<texture fallback="DefaultTvshows.png" background="true" diffuse="mask-rect.png">$VAR[IconPoster]</texture>
								<aspectratio scalediffuse="false">keep</aspectratio>
							</control>
						</control>
						<control type="group"><!-- Show TV icon as the Default icon -->
							<visible>SubString(ListItem.Icon,DefaultFolder.png,Left)</visible>
							<control type="image">
								<left>320</left>
								<top>120</top>
								<width>318</width>
								<height>318</height>
								<texture>DefaultTvshows.png</texture>
								<aspectratio>keep</aspectratio>
							</control>
						</control>
					</control>
				</control>
				<control type="group">
					<visible>!IsEmpty(ListItem.Title)</visible>
					<control type="image"><!-- Star Rating -->
						<left>17</left>
						<top>268</top>
						<width>177</width>
						<height>25</height>
						<texture>$VAR[MediaRating]</texture>
						<colordiffuse>StarDiffuse</colordiffuse>
						<visible>!IsEmpty(ListItem.StarRating)</visible>
					</control>
					<control type="label"><!-- Number of unwatched episodes -->
						<left>17</left>
						<top>302</top>
						<width>285</width>
						<height>31</height>
						<font>font11</font>
						<label>$INFO[ListItem.Property(UnWatchedEpisodes)] $LOCALIZE[16101]</label>
						<visible>!IsEmpty(ListItem.Property(UnWatchedEpisodes)) + [ Container.Content(tvshows) | Container.Content(seasons)]</visible>
					</control>
					<control type="group"><!-- Duration -->
						<visible>!IsEmpty(listitem.Duration) + !Container.Content(tvshows) + !Container.Content(seasons)</visible>
						<control type="label">
							<left>17</left>
							<top>302</top>
							<width>265</width>
							<height>31</height>
							<font>font18</font>
							<label>$VAR[VideoDuration]</label>
						</control>
					</control>
					<control type="image"><!-- MPAA Rating -->
						<left>17</left>
						<top>343</top>
						<width>212</width>
						<height>62</height>
						<aligny>bottom</aligny>
						<texture>$VAR[VideoRating]</texture>
						<aspectratio>keep</aspectratio>
						<visible>!IsEmpty(ListItem.Mpaa)</visible>
					</control>
					<control type="image"><!-- Logo -->
						<left>17</left>
						<top>412</top>
						<width>184</width>
						<height>50</height>
						<texture fallback="blank.png">$VAR[ListViewVideoLogo]</texture>
						<aligny>bottom</aligny>
						<aspectratio align="left">keep</aspectratio>
					</control>
					<control type="textbox"><!-- Plot Outline -->
						<left>17</left>
						<top>467</top>
						<width>636</width>
						<height>212</height>
						<font>font12</font>
						<label>$INFO[ListItem.PlotOutline]</label>
						<align>justify</align>
						<aligny>top</aligny>
						<visible>!IsEmpty(ListItem.PlotOutline)</visible>
					</control>
					<control type="textbox"><!-- Plot (Show if no outline available)-->
						<left>17</left>
						<top>467</top>
						<width>636</width>
						<height>212</height>
						<font>font12</font>
						<label fallback="161">$INFO[ListItem.Plot]</label>
						<align>justify</align>
						<aligny>top</aligny>
						<visible>IsEmpty(ListItem.PlotOutline) + !IsEmpty(ListItem.Plot)</visible>
					</control>
				</control>
			</control>
			<include>SortLetterNotification</include>
			<control type="scrollbar" id="1250">
				<left>1246</left>
				<top>108</top>
				<width>18</width>
				<height>546</height>
				<onleft>50</onleft>
				<animation condition="!Control.HasFocus(1250) + !Container.Scrolling + !StringCompare(Skin.String(show-scrollbar),$LOCALIZE[31875])" effect="fade" start="100" end="0" time="200" reversible="true">Conditional</animation>
				<visible>!StringCompare(Skin.String(show-scrollbar),$LOCALIZE[31877])</visible>
			</control>
		</control>
	</include>
	<include name="VideoIconView">
		<control type="panel" id="52">
			<left>20</left>
			<top>100</top>
			<width>1200</width>
			<height>468</height>
			<onleft condition="Skin.HasSetting(lock-screensettings)">noop</onleft>
			<onleft condition="!Skin.HasSetting(lock-screensettings)">9000</onleft>
			<onright condition="StringCompare(Skin.String(show-scrollbar),$LOCALIZE[31877])">noop</onright>
			<onright condition="!StringCompare(Skin.String(show-scrollbar),$LOCALIZE[31877])">1252</onright>
			<onup>52</onup>
			<ondown>52</ondown>
			<viewtype label="31943">icon</viewtype>
			<pagecontrol>1252</pagecontrol>
			<itemlayout height="234" width="300">
				<control type="image">
					<left>66</left>
					<top>5</top>
					<width>168</width>
					<height>168</height>
					<aspectratio>keep</aspectratio>
					<colordiffuse>UnFocusedPosters</colordiffuse>
					<texture background="true">$INFO[ListItem.Icon]</texture>
					<visible>SubString(ListItem.Icon,Default,Left) | ![Container.Content(movies) | Container.Content(tvshows)]</visible>
				</control>
				<control type="image">
					<left>90</left>
					<top>5</top>
					<width>120</width>
					<height>168</height>
					<aspectratio scalediffuse="false">stretch</aspectratio>
					<colordiffuse>UnFocusedPosters</colordiffuse>
					<texture background="true" diffuse="mask-rect.png">$VAR[IconPoster]</texture>
					<visible>!SubString(ListItem.Icon,Default,Left) + [Container.Content(movies) | Container.Content(tvshows)]</visible>
				</control>
				<control type="image"><!-- Extras Overlay -->
					<left>92</left>
					<top>8</top>
					<width>16</width>
					<height>16</height>
					<texture fallback="blank.png">$VAR[ExtrasOverlay]</texture>
					<visible>System.HasAddon(script.videoextras)</visible>
				</control>
				<control type="image"><!-- Watched Overlay -->
					<left>184</left>
					<top>-2</top>
					<width>32</width>
					<height>32</height>
					<texture>$VAR[Overlay]</texture>
				</control>
				<control type="label">
					<left>10</left>
					<top>185</top>
					<width>280</width>
					<height>22</height>
					<font>font11</font>
					<align>center</align>
					<label>$INFO[ListItem.Label]</label>
				</control>
			</itemlayout>
			<focusedlayout height="234" width="300">
				<control type="image">
					<left>66</left>
					<top>5</top>
					<width>168</width>
					<height>168</height>
					<aspectratio scalediffuse="false">keep</aspectratio>
					<animation effect="zoom" start="100" end="124" center="auto" time="600" tween="back" easing="out" reversible="false">focus</animation>
					<texture background="true" diffuse="mask-rect.png">$INFO[ListItem.Icon]</texture>
					<visible>SubString(ListItem.Icon,Default,Left)</visible>
				</control>
				<control type="image">
					<left>66</left>
					<top>5</top>
					<width>168</width>
					<height>168</height>
					<texture fallback="DefaultVideo.png" background="true" diffuse="mask-rect.png">$INFO[ListItem.Icon]</texture>
					<bordertexture border="7">mask-hilite.png</bordertexture>
					<bordersize>7</bordersize>
					<aspectratio scalediffuse="false">keep</aspectratio>
					<animation effect="zoom" start="100" end="124" center="auto" time="600" tween="back" easing="out" reversible="false">focus</animation>
					<visible>!SubString(ListItem.Icon,Default,Left) + ![Container.Content(movies) | Container.Content(tvshows)]</visible>
				</control>
				<control type="image">
					<left>90</left>
					<top>5</top>
					<width>120</width>
					<height>168</height>
					<texture fallback="DefaultVideo.png" background="true" diffuse="mask-rect.png">$VAR[IconPoster]</texture>
					<bordertexture border="7">mask-hilite.png</bordertexture>
					<bordersize>7</bordersize>
					<aspectratio scalediffuse="false">stretch</aspectratio>
					<animation effect="zoom" start="100" end="124" center="auto" time="600" tween="back" easing="out" reversible="false">focus</animation>
					<visible>!SubString(ListItem.Icon,Default,Left) + [Container.Content(movies) | Container.Content(tvshows)]</visible>
				</control>
				<control type="image"><!-- Extras Overlay -->
					<left>90</left>
					<top>0</top>
					<width>16</width>
					<height>16</height>
					<texture fallback="blank.png">$VAR[ExtrasOverlay]</texture>
					<animation effect="zoom" start="100" end="124" center="auto" time="600" tween="back" easing="out" reversible="false">focus</animation>
					<visible>System.HasAddon(script.videoextras)</visible>
				</control>
				<control type="image"><!-- Watched Overlay -->
					<left>186</left>
					<top>-10</top>
					<width>32</width>
					<height>32</height>
					<texture>$VAR[Overlay]</texture>
					<animation effect="zoom" start="100" end="124" center="auto" time="600" tween="back" easing="out" reversible="false">focus</animation>
				</control>
				<control type="label">
					<left>10</left>
					<top>185</top>
					<width>280</width>
					<height>22</height>
					<font>font11</font>
					<align>center</align>
					<include condition="Skin.HasSetting(text-autoscroll)">scrolltext</include>
					<label>$INFO[ListItem.Label]</label>
					<textoffsetx>0</textoffsetx>
				</control>
			</focusedlayout>
		</control>
		<control type="group"><!-- Show the bottom row of icons as long as another row exists -->
			<visible>[Container.Content(movies) | Container.Content(tvshows)] + Control.IsVisible(52) + Container(52).HasNext + ![Container().OnScrollNext | Container().OnScrollPrevious]</visible>
			<left>20</left>
			<animation effect="fade" delay="100" start="0" end="100" time="200">Visible</animation>
			<control type="image">
				<left>90</left>
				<top>574</top>
				<width>120</width>
				<height>168</height>
				<aspectratio>stretch</aspectratio>
				<colordiffuse>UnFocusedPosters</colordiffuse>
				<texture background="true" diffuse="mask-fadetop.png">$VAR[Icon(8)Poster]</texture>
			</control>
			<control type="image">
				<left>390</left>
				<top>574</top>
				<width>120</width>
				<height>168</height>
				<aspectratio>stretch</aspectratio>
				<colordiffuse>UnFocusedPosters</colordiffuse>
				<texture background="true" diffuse="mask-fadetop.png">$VAR[Icon(9)Poster]</texture>
			</control>
			<control type="image">
				<left>690</left>
				<top>574</top>
				<width>120</width>
				<height>168</height>
				<aspectratio>stretch</aspectratio>
				<colordiffuse>UnFocusedPosters</colordiffuse>
				<texture background="true" diffuse="mask-fadetop.png">$VAR[Icon(10)Poster]</texture>
			</control>
			<control type="image">
				<left>990</left>
				<top>574</top>
				<width>120</width>
				<height>168</height>
				<aspectratio>stretch</aspectratio>
				<colordiffuse>UnFocusedPosters</colordiffuse>
				<texture background="true" diffuse="mask-fadetop.png">$VAR[Icon(11)Poster]</texture>
			</control>
		</control>
		<control type="group"><!-- Show the bottom row of icons as long as another row exists -->
			<visible>![Container.Content(movies) | Container.Content(tvshows)] + Control.IsVisible(52) + Container(52).HasNext + ![Container().OnScrollNext | Container().OnScrollPrevious]</visible>
			<animation effect="fade" delay="100" start="0" end="100" time="200">Visible</animation>
			<control type="image">
				<left>86</left>
				<top>574</top>
				<width>168</width>
				<height>168</height>
				<aspectratio scalediffuse="false">keep</aspectratio>
				<colordiffuse>UnFocusedPosters</colordiffuse>
				<texture background="true" diffuse="mask-fadetop.png">$VAR[Icon(8)VideoIcon]</texture>
			</control>
			<control type="image">
				<left>386</left>
				<top>574</top>
				<width>168</width>
				<height>168</height>
				<aspectratio scalediffuse="false">keep</aspectratio>
				<colordiffuse>UnFocusedPosters</colordiffuse>
				<texture background="true" diffuse="mask-fadetop.png">$VAR[Icon(9)VideoIcon]</texture>
			</control>
			<control type="image">
				<left>686</left>
				<top>574</top>
				<width>168</width>
				<height>168</height>
				<aspectratio scalediffuse="false">keep</aspectratio>
				<colordiffuse>UnFocusedPosters</colordiffuse>
				<texture background="true" diffuse="mask-fadetop.png">$VAR[Icon(10)VideoIcon]</texture>
			</control>
			<control type="image">
				<left>986</left>
				<top>574</top>
				<width>168</width>
				<height>168</height>
				<aspectratio scalediffuse="false">keep</aspectratio>
				<colordiffuse>UnFocusedPosters</colordiffuse>
				<texture background="true" diffuse="mask-fadetop.png">$VAR[Icon(11)VideoIcon]</texture>
			</control>
		</control>
		<include>SortLetterNotification</include>
		<control type="scrollbar" id="1252">
			<left>1244</left>
			<top>100</top>
			<width>18</width>
			<height>588</height>
			<onleft>52</onleft>
			<animation condition="!Control.HasFocus(1252) + !Container.Scrolling + !StringCompare(Skin.String(show-scrollbar),$LOCALIZE[31875])" effect="fade" start="100" end="0" time="200" reversible="true">Conditional</animation>
			<visible>!StringCompare(Skin.String(show-scrollbar),$LOCALIZE[31877]) + Control.IsVisible(52)</visible>
		</control>
	</include>
	<include name="BannerView">
		<control type="group">
			<visible>Control.IsVisible(53)</visible>
			<control type="list" id="53">
				<visible>container.content(tvshows) + !IsEmpty(Container.FolderPath)</visible>
				<viewtype label="31946">banner</viewtype>
				<left>662</left>
				<top>110</top>
				<width>556</width>
				<height>514</height>
				<pagecontrol>1253</pagecontrol>
				<onup>53</onup>
				<ondown>53</ondown>
				<onleft condition="Skin.HasSetting(lock-screensettings)">noop</onleft>
				<onleft condition="!Skin.HasSetting(lock-screensettings)">9000</onleft>
				<onright condition="StringCompare(Skin.String(show-scrollbar),$LOCALIZE[31877])">noop</onright>
				<onright condition="!StringCompare(Skin.String(show-scrollbar),$LOCALIZE[31877])">1253</onright>
				<itemlayout width="558" height="100">
					<control type="image"><!-- Background shadow for unselected IconBanner image -->
						<left>8</left>
						<top>0</top>
						<width>542</width>
						<height>100</height>
						<texture>colours/black.png</texture>
						<aspectratio>stretch</aspectratio>
						<colordiffuse>UnFocusedPosters</colordiffuse>
					</control>
					<control type="image"><!-- Banner image -->
						<left>8</left>
						<top>0</top>
						<width>542</width>
						<height>100</height>
						<texture background="true">$VAR[IconBanner]</texture>
						<aspectratio>keep</aspectratio>
						<colordiffuse>UnFocusedPosters</colordiffuse>
						<visible>!SubString(ListItem.Icon,DefaultFolderBack.png,Left)</visible>
					</control>
					<control type="image"><!-- Go Back image -->
						<left>8</left>
						<top>0</top>
						<width>542</width>
						<height>100</height>
						<texture background="true">$INFO[ListItem.Icon]</texture>
						<aspectratio>keep</aspectratio>
						<colordiffuse>UnFocusedPosters</colordiffuse>
						<visible>SubString(ListItem.Icon,DefaultFolderBack.png,Left)</visible>
					</control>
				</itemlayout>
				<focusedlayout width="558" height="116">
					<control type="image"><!-- Go Back image -->
						<left>8</left>
						<top>8</top>
						<width>542</width>
						<height>100</height>
						<texture background="true">$INFO[ListItem.Icon]</texture>
						<aspectratio>keep</aspectratio>
						<visible>SubString(ListItem.Icon,DefaultFolderBack.png,Left)</visible>
					</control>
					<control type="image"><!-- Banner image -->
						<left>0</left>
						<top>0</top>
						<width>558</width>
						<height>116</height>
						<texture background="true">$VAR[IconBanner]</texture>
						<bordertexture border="8">mask-hilite.png</bordertexture>
						<bordersize>8</bordersize>
						<aspectratio>keep</aspectratio>
						<visible>!SubString(ListItem.Icon,DefaultFolderBack.png,Left)</visible>
					</control>
				</focusedlayout>
			</control>
			<control type="group">
				<animation effect="fade" delay="300" start="0" end="100" time="200">Visible</animation>
				<control type="label"><!-- Go Back -->
					<left>30</left>
					<top>318</top>
					<width>600</width>
					<height>38</height>
					<font>font22</font>
					<align>center</align>
					<label>$LOCALIZE[31688]</label>
					<visible>SubString(ListItem.Icon,DefaultFolderBack.png,Left)</visible>
				</control>
				<control type="image"><!-- Mini Fanart -->
					<left>130</left>
					<top>114</top>
					<width>400</width>
					<height>225</height>
					<texture background="true">$INFO[ListItem.Art(fanart)]</texture>
					<aspectratio aligny="top">keep</aspectratio>
					<fadetime>0</fadetime>
					<visible>!Container().Scrolling + !IsEmpty(ListItem.Art(fanart))</visible>
				</control>
				<control type="grouplist">
					<left>30</left>
					<top>355</top>
					<width>600</width>
					<height>600</height>
					<itemgap>2</itemgap>
					<visible>!IsEmpty(ListItem.Icon)</visible>
					<control type="label"><!-- Title -->
						<left>0</left>
						<top>225</top>
						<width>600</width>
						<height>37</height>
						<font>font18</font>
						<label>[B]$INFO[ListItem.Label][/B]</label>
						<include condition="Skin.HasSetting(text-autoscroll)">scrolltext</include>
						<visible>!SubString(ListItem.Icon,DefaultFolderBack.png,Left)</visible>
					</control>
					<control type="label"><!-- First Aired -->
						<left>0</left>
						<top>268</top>
						<width>600</width>
						<height>25</height>
						<label>[B]$LOCALIZE[20416]:[/B] $INFO[ListItem.Premiered]</label>
						<visible>!IsEmpty(ListItem.Premiered)</visible>
					</control>
					<control type="label"><!-- Genre -->
						<left>0</left>
						<top>300</top>
						<width>600</width>
						<height>25</height>
						<label>[B]$LOCALIZE[515]:[/B] $INFO[ListItem.Genre]</label>
						<include condition="Skin.HasSetting(text-autoscroll)">scrolltext</include>
						<visible>!IsEmpty(ListItem.Genre)</visible>
					</control>
					<control type="label"><!-- Rating -->
						<left>0</left>
						<top>331</top>
						<width>300</width>
						<height>37</height>
						<label>[B]$LOCALIZE[563]:[/B] $INFO[ListItem.Rating]</label>
						<visible>!IsEmpty(ListItem.Rating)</visible>
					</control>
					<control type="label">
						<left>0</left>
						<top>375</top>
						<width>600</width>
						<height>37</height>
						<label>$INFO[ListItem.Property(UnWatchedEpisodes)] $LOCALIZE[16101] $LOCALIZE[20360]</label>
						<visible>!IsEmpty(ListItem.Property(UnWatchedEpisodes))</visible>
					</control>
					<control type="image">
						<left>0</left>
						<top>410</top>
						<width>600</width>
						<height>4</height>
						<texture>separator.png</texture>
						<visible>!SubString(ListItem.Icon,DefaultFolderBack.png,Left)</visible>
					</control>
					<control type="textbox"><!-- Plot Outline -->
						<left>8</left>
						<top>431</top>
						<width>600</width>
						<height>150</height>
						<label fallback="161">$INFO[ListItem.PlotOutline]</label>
						<align>justify</align>
						<visible>!IsEmpty(ListItem.PlotOutline)</visible>
					</control>
					<control type="textbox"><!-- Plot (Show if no outline available)-->
						<left>8</left>
						<top>431</top>
						<width>600</width>
						<height>150</height>
						<label fallback="161">$INFO[ListItem.Plot]</label>
						<align>justify</align>
						<visible>IsEmpty(ListItem.PlotOutline) + !IsEmpty(ListItem.Plot)</visible>
					</control>
				</control>
				<control type="group">
					<include>SortLetterNotification</include>
					<control type="scrollbar" id="1253">
						<left>1244</left>
						<top>105</top>
						<width>18</width>
						<height>524</height>
						<onleft>53</onleft>
						<animation condition="!Control.HasFocus(1253) + !Container.Scrolling + !StringCompare(Skin.String(show-scrollbar),$LOCALIZE[31875])" effect="fade" start="100" end="0" time="200" reversible="true">Conditional</animation>
						<visible>!StringCompare(Skin.String(show-scrollbar),$LOCALIZE[31877])</visible>
					</control>
				</control>
			</control>
		</control>
	</include>
	<include name="VideoWrapView">
		<control type="wraplist" id="54">
			<viewtype label="31942">wrap</viewtype>
			<left>0</left>
			<top>187</top>
			<width>1258</width>
			<height>525</height>
			<onleft>54</onleft>
			<onright>54</onright>
			<onup condition="Skin.HasSetting(lock-screensettings)">noop</onup>
			<onup condition="!Skin.HasSetting(lock-screensettings)">9000</onup>
			<ondown condition="StringCompare(Skin.String(show-scrollbar),$LOCALIZE[31877])">noop</ondown>
			<ondown condition="!StringCompare(Skin.String(show-scrollbar),$LOCALIZE[31877])">1254</ondown>
			<focusposition>0</focusposition>
			<orientation>horizontal</orientation>
			<preloaditems>2</preloaditems>
			<scrolltime>0</scrolltime>
			<pagecontrol>1254</pagecontrol>
			<itemlayout height="292" width="90">
				<control type="image">
					<left>-5</left>
					<top>336</top>
					<height>128</height>
					<width>79</width>
					<texture>case-dvd.png</texture>
					<colordiffuse>UnFocusedCovers</colordiffuse>
					<aspectratio>stretch</aspectratio>
					<visible>Skin.HasSetting(media-case) + !SubString(ListItem.Icon,Default,Left)</visible>
				</control>
				<control type="image">
					<left>-5</left>
					<top>340</top>
					<height>120</height>
					<width>77</width>
					<texture background="true" diffuse="mask-rect.png">$VAR[IconPoster]</texture>
					<colordiffuse>UnFocusedCovers</colordiffuse>
					<aspectratio scalediffuse="false">stretch</aspectratio>
				</control>
				<control type="image">
					<left>-16</left>
					<top>314</top>
					<height>32</height>
					<width>32</width>
					<texture>$VAR[Overlay]</texture>
					<colordiffuse>UnFocusedCovers</colordiffuse>
				</control>
				<control type="image">
					<left>10</left>
					<top>322</top>
					<width>16</width>
					<height>16</height>
					<texture fallback="blank.png">$VAR[ExtrasOverlay]</texture>
					<visible>System.HasAddon(script.videoextras)</visible>
				</control>
			</itemlayout>
			<focusedlayout height="405" width="276">
				<control type="group">
					<visible>!SubString(ListItem.Icon,Default,Left)</visible>
					<control type="image">
						<left>4</left>
						<top>130</top>
						<height>350</height>
						<width>252</width>
						<texture>mask-hilite.png</texture>
						<aspectratio>stretch</aspectratio>
					</control>
					<control type="image">
						<left>26</left>
						<top>144</top>
						<height>321</height>
						<width>207</width>
						<texture>case-dvd.png</texture>
						<aspectratio>stretch</aspectratio>
						<visible>Skin.HasSetting(media-case)</visible>
					</control>
				</control>
				<control type="image">
					<left>26</left>
					<top>148</top>
					<height>312</height>
					<width>203</width>
					<aspectratio scalediffuse="false">stretch</aspectratio>
					<texture diffuse="mask-rect.png" background="true" fallback="DefaultVideo.png">$VAR[IconPoster]</texture>
				</control>
				<control type="image">
					<left>12</left>
					<top>110</top>
					<height>40</height>
					<width>40</width>
					<texture>$VAR[Overlay]</texture>
				</control>
				<control type="image">
					<left>52</left>
					<top>122</top>
					<width>24</width>
					<height>24</height>
					<texture fallback="blank.png">$VAR[ExtrasOverlay]</texture>
					<visible>System.HasAddon(script.videoextras)</visible>
				</control>
				<control type="image">
					<left>78</left>
					<top>116</top>
					<width>32</width>
					<height>32</height>
					<colordiffuse>DropShadow</colordiffuse>
					<texture fallback="blank.png">$VAR[ListItemFlags]</texture>
				</control>
				<control type="image">
					<left>76</left>
					<top>114</top>
					<width>32</width>
					<height>32</height>
					<texture fallback="blank.png">$VAR[ListItemFlags]</texture>
				</control>
			</focusedlayout>
		</control>
		<control type="group">
			<visible>Control.IsVisible(54)</visible>
			<include>SortLetterNotification</include>
			<control type="scrollbar" id="1254">
				<left>18</left>
				<top>660</top>
				<width>1240</width>
				<height>18</height>
				<onup>54</onup>
				<orientation>horizontal</orientation>
				<animation condition="!Control.HasFocus(1254) + !Container.Scrolling + !StringCompare(Skin.String(show-scrollbar),$LOCALIZE[31875])" effect="fade" start="100" end="0" time="200" reversible="true">Conditional</animation>
				<visible>!StringCompare(Skin.String(show-scrollbar),$LOCALIZE[31877])</visible>
			</control>
			<control type="image" id="7216"><!-- Show logo -->
				<left>272</left>
				<top>424</top>
				<width>314</width>
				<height>86</height>
				<texture fallback="blank.png">$VAR[VideoLogo]</texture>
				<aspectratio align="left" aligny="bottom">keep</aspectratio>
				<animation effect="fade" delay="100" start="0" end="100" time="200">Visible</animation>
				<visible>!IsEmpty(ListItem.Title)</visible>
			</control>
			<control type="label"><!-- Title -->
				<left>272</left>
				<top>460</top>
				<width>929</width>
				<height>38</height>
				<font>font22</font>
				<include condition="Skin.HasSetting(text-autoscroll)">scrolltext</include>
				<label>$INFO[ListItem.Label]</label>
				<wrapmultiline>true</wrapmultiline>
				<textoffsetx>0</textoffsetx>
				<visible>!SubString(ListItem.Icon,DefaultFolderBack.png,Left) + SubString(Control.GetLabel(7216),blank.png,Left)</visible>
				<animation effect="fade" delay="100" start="0" end="100" time="200">Visible</animation>
			</control>
			<control type="label"><!-- Go Back -->
				<left>272</left>
				<top>460</top>
				<width>929</width>
				<height>37</height>
				<font>font22</font>
				<include condition="Skin.HasSetting(text-autoscroll)">scrolltext</include>
				<label>$LOCALIZE[31688]</label>
				<textoffsetx>0</textoffsetx>
				<visible>stringcompare(ListItem.Icon,DefaultFolderBack.png)</visible>
			</control>
			<control type="group">
				<visible>!IsEmpty(ListItem.Title)</visible>
				<control type="label"><!-- Duration -->
					<left>26</left>
					<top>272</top>
					<width>204</width>
					<height>31</height>
					<align>center</align>
					<font>font18</font>
					<label>$VAR[VideoDuration]</label>
					<visible>!IsEmpty(ListItem.Duration) + !Container.Content(tvshows) + !Container.Content(seasons)</visible>
				</control>
				<control type="image"><!-- Star Rating -->
					<left>272</left>
					<top>335</top>
					<width>200</width>
					<height>25</height>
					<texture>$VAR[MediaRating]</texture>
					<colordiffuse>StarDiffuse</colordiffuse>
					<visible>!IsEmpty(ListItem.StarRating)</visible>
				</control>
				<control type="image"><!-- MPAA Rating -->
					<left>272</left>
					<top>364</top>
					<width>212</width>
					<height>62</height>
					<aligny>bottom</aligny>
					<texture>$VAR[VideoRating]</texture>
					<aspectratio>keep</aspectratio>
				</control>
			</control>
		</control>
	</include>
	<include name="VideoCoverflow">
		<control type="wraplist" id="57">
			<viewtype label="31945">wrap</viewtype>
			<left>-130</left>
			<top>187</top>
			<width>1416</width>
			<height>525</height>
			<onleft>57</onleft>
			<onright>57</onright>
			<onup condition="Skin.HasSetting(lock-screensettings)">noop</onup>
			<onup condition="!Skin.HasSetting(lock-screensettings)">9000</onup>
			<ondown condition="StringCompare(Skin.String(show-scrollbar),$LOCALIZE[31877])">noop</ondown>
			<ondown condition="!StringCompare(Skin.String(show-scrollbar),$LOCALIZE[31877])">1257</ondown>
			<focusposition>2</focusposition>
			<orientation>horizontal</orientation>
			<preloaditems>2</preloaditems>
			<pagecontrol>1257</pagecontrol>
			<itemlayout height="390" width="140"></itemlayout>
			<focusedlayout height="410" width="320"></focusedlayout>
		</control>
		<control type="group">
			<visible>Control.IsVisible(57)</visible>
			<control type="group" id="3011">
				<left>10</left>
				<top>170</top>
				<camera x="640" y="360" />
				<visible>Container(57).OnNext</visible>
				<animation effect="slide" end="-50,0" time="200" reversible="false">Hidden</animation>
				<control type="image">
					<left>8</left>
					<top>0</top>
					<width>286</width>
					<height>400</height>
					<texture fallback="DefaultVideo.png" background="true" diffuse="mask-rect.png">$VAR[Icon(-5)Poster]</texture>
					<aspectratio scalediffuse="false">stretch</aspectratio>
					<animation effect="rotatey" center="-40" start="-60" end="-60" time="0" condition="true">Conditional</animation>
					<visible>[IntegerGreaterThan(Container(57).NumItems,10) + !system.getbool(filelists.showparentdiritems)] | [IntegerGreaterThan(Container(57).NumItems,9) + system.getbool(filelists.showparentdiritems)]</visible>
				</control>
				<control type="image">
					<left>97</left>
					<top>0</top>
					<width>286</width>
					<height>400</height>
					<texture fallback="DefaultVideo.png" background="true" diffuse="mask-rect.png">$VAR[Icon(-4)Poster]</texture>
					<aspectratio scalediffuse="false">stretch</aspectratio>
					<animation effect="rotatey" center="10" start="-60" end="-60" time="0" condition="true">Conditional</animation>
					<visible>[IntegerGreaterThan(Container(57).NumItems,8) + !system.getbool(filelists.showparentdiritems)] | [IntegerGreaterThan(Container(57).NumItems,7) + system.getbool(filelists.showparentdiritems)]</visible>
				</control>
				<control type="image">
					<left>185</left>
					<top>0</top>
					<width>286</width>
					<height>400</height>
					<texture fallback="DefaultVideo.png" background="true" diffuse="mask-rect.png">$VAR[Icon(-3)Poster]</texture>
					<aspectratio scalediffuse="false">stretch</aspectratio>
					<animation effect="rotatey" center="60" start="-60" end="-60" time="0" condition="true">Conditional</animation>
					<visible>[IntegerGreaterThan(Container(57).NumItems,6) + !system.getbool(filelists.showparentdiritems)] | [IntegerGreaterThan(Container(57).NumItems,5) + system.getbool(filelists.showparentdiritems)]</visible>
				</control>
				<control type="image">
					<left>274</left>
					<top>0</top>
					<width>286</width>
					<height>400</height>
					<texture fallback="DefaultVideo.png" background="true" diffuse="mask-rect.png">$VAR[Icon(-2)Poster]</texture>
					<aspectratio scalediffuse="false">stretch</aspectratio>
					<animation effect="rotatey" center="110" start="-60" end="-60" time="0" condition="true">Conditional</animation>
					<visible>[IntegerGreaterThan(Container(57).NumItems,4) + !system.getbool(filelists.showparentdiritems)] | [IntegerGreaterThan(Container(57).NumItems,3) + system.getbool(filelists.showparentdiritems)]</visible>
				</control>
				<control type="image">
					<left>1008</left>
					<top>0</top>
					<width>286</width>
					<height>400</height>
					<texture fallback="DefaultVideo.png" background="true" diffuse="mask-rect.png">$VAR[Icon(4)Poster]</texture>
					<aspectratio scalediffuse="false">stretch</aspectratio>
					<animation effect="rotatey" center="1434" start="60" end="60" time="0" condition="true">Conditional</animation>
					<visible>[IntegerGreaterThan(Container(57).NumItems,7) + !system.getbool(filelists.showparentdiritems)] | [IntegerGreaterThan(Container(57).NumItems,6) + system.getbool(filelists.showparentdiritems)]</visible>
				</control>
				<control type="image">
					<left>920</left>
					<top>0</top>
					<width>286</width>
					<height>400</height>
					<texture fallback="DefaultVideo.png" background="true" diffuse="mask-rect.png">$VAR[Icon(3)Poster]</texture>
					<aspectratio scalediffuse="false">stretch</aspectratio>
					<animation effect="rotatey" center="1345" start="60" end="60" time="0" condition="true">Conditional</animation>
					<visible>[IntegerGreaterThan(Container(57).NumItems,5) + !system.getbool(filelists.showparentdiritems)] | [IntegerGreaterThan(Container(57).NumItems,4) + system.getbool(filelists.showparentdiritems)]</visible>
				</control>
				<control type="image">
					<left>831</left>
					<top>0</top>
					<width>286</width>
					<height>400</height>
					<texture fallback="DefaultVideo.png" background="true" diffuse="mask-rect.png">$VAR[Icon(2)Poster]</texture>
					<aspectratio scalediffuse="false">stretch</aspectratio>
					<animation effect="rotatey" center="1257" start="60" end="60" time="0" condition="true">Conditional</animation>
					<visible>[IntegerGreaterThan(Container(57).NumItems,3) + !system.getbool(filelists.showparentdiritems)] | [IntegerGreaterThan(Container(57).NumItems,2) + system.getbool(filelists.showparentdiritems)]</visible>
				</control>
				<control type="image">
					<left>743</left>
					<top>0</top>
					<width>286</width>
					<height>400</height>
					<texture fallback="DefaultVideo.png" background="true" diffuse="mask-rect.png">$VAR[Icon(1)Poster]</texture>
					<aspectratio scalediffuse="false">stretch</aspectratio>
					<animation effect="rotatey" center="1168" start="60" end="60" time="0" condition="true">Conditional</animation>
					<visible>[IntegerGreaterThan(Container(57).NumItems,1) + !system.getbool(filelists.showparentdiritems)] | [IntegerGreaterThan(Container(57).NumItems,0) + system.getbool(filelists.showparentdiritems)]</visible>
				</control>
				<control type="group">
					<visible>Container(57).OnNext</visible>
					<animation effect="slide" end="-60,0" time="200" reversible="false">Hidden</animation>
					<control type="image">
						<left>460</left>
						<top>0</top>
						<width>286</width>
						<height>400</height>
						<texture fallback="DefaultVideo.png" background="true" diffuse="mask-rect.png">$VAR[Icon(-1)Poster]</texture>
						<aspectratio scalediffuse="false">stretch</aspectratio>
						<visible>[IntegerGreaterThan(Container(57).NumItems,2) + !system.getbool(filelists.showparentdiritems)] | [IntegerGreaterThan(Container(57).NumItems,1) + system.getbool(filelists.showparentdiritems)]</visible>
						<animation effect="rotatey" center="220" start="0" end="-60" time="200" reversible="false">Hidden</animation>
					</control>
					<control type="image">
						<left>654</left>
						<top>0</top>
						<width>286</width>
						<height>400</height>
						<texture fallback="DefaultVideo.png" background="true" diffuse="mask-rect.png">$VAR[Icon(0)Poster]</texture>
						<aspectratio scalediffuse="false">stretch</aspectratio>
						<animation effect="rotatey" center="1080" start="0" end="-60" time="200" reversible="false">Hidden</animation>
						<animation effect="rotatey" center="1080" start="60" end="60" time="200" condition="true">Conditional</animation>
					</control>
				</control>
			</control>
			<control type="group" id="3012">
				<left>10</left>
				<top>170</top>
				<camera x="640" y="360" />
				<visible>Container(57).OnPrevious</visible>
				<animation effect="slide" end="50,0" time="200" reversible="false">Hidden</animation>
				<control type="image">
					<left>-79</left>
					<top>0</top>
					<width>286</width>
					<height>400</height>
					<texture fallback="DefaultVideo.png" background="true" diffuse="mask-rect.png">$VAR[Icon(-4)Poster]</texture>
					<aspectratio scalediffuse="false">stretch</aspectratio>
					<animation effect="rotatey" center="-90" start="-60" end="-60" time="0" condition="true">Conditional</animation>
					<visible>[IntegerGreaterThan(Container(57).NumItems,8) + !system.getbool(filelists.showparentdiritems)] | [IntegerGreaterThan(Container(57).NumItems,7) + system.getbool(filelists.showparentdiritems)]</visible>
				</control>
				<control type="image">
					<left>8</left>
					<top>0</top>
					<width>286</width>
					<height>400</height>
					<texture fallback="DefaultVideo.png" background="true" diffuse="mask-rect.png">$VAR[Icon(-3)Poster]</texture>
					<aspectratio scalediffuse="false">stretch</aspectratio>
					<animation effect="rotatey" center="-40" start="-60" end="-60" time="0" condition="true">Conditional</animation>
					<visible>[IntegerGreaterThan(Container(57).NumItems,6) + !system.getbool(filelists.showparentdiritems)] | [IntegerGreaterThan(Container(57).NumItems,5) + system.getbool(filelists.showparentdiritems)]</visible>
				</control>
				<control type="image">
					<left>97</left>
					<top>0</top>
					<width>286</width>
					<height>400</height>
					<texture fallback="DefaultVideo.png" background="true" diffuse="mask-rect.png">$VAR[Icon(-2)Poster]</texture>
					<aspectratio scalediffuse="false">stretch</aspectratio>
					<animation effect="rotatey" center="10" start="-60" end="-60" time="0" condition="true">Conditional</animation>
					<visible>[IntegerGreaterThan(Container(57).NumItems,4) + !system.getbool(filelists.showparentdiritems)] | [IntegerGreaterThan(Container(57).NumItems,3) + system.getbool(filelists.showparentdiritems)]</visible>
				</control>
				<control type="image">
					<left>185</left>
					<top>0</top>
					<width>286</width>
					<height>400</height>
					<texture fallback="DefaultVideo.png" background="true" diffuse="mask-rect.png">$VAR[Icon(-1)Poster]</texture>
					<aspectratio scalediffuse="false">stretch</aspectratio>
					<animation effect="rotatey" center="60" start="-60" end="-60" time="0" condition="true">Conditional</animation>
					<visible>[IntegerGreaterThan(Container(57).NumItems,2) + !system.getbool(filelists.showparentdiritems)] | [IntegerGreaterThan(Container(57).NumItems,1) + system.getbool(filelists.showparentdiritems)]</visible>
				</control>
				<control type="image">
					<left>920</left>
					<top>0</top>
					<width>286</width>
					<height>400</height>
					<texture fallback="DefaultVideo.png" background="true" diffuse="mask-rect.png">$VAR[Icon(5)Poster]</texture>
					<aspectratio scalediffuse="false">stretch</aspectratio>
					<animation effect="rotatey" center="1345" start="60" end="60" time="0" condition="true">Conditional</animation>
					<visible>[IntegerGreaterThan(Container(57).NumItems,9) + !system.getbool(filelists.showparentdiritems)] | [IntegerGreaterThan(Container(57).NumItems,8) + system.getbool(filelists.showparentdiritems)]</visible>
				</control>
				<control type="image">
					<left>831</left>
					<top>0</top>
					<width>286</width>
					<height>400</height>
					<texture fallback="DefaultVideo.png" background="true" diffuse="mask-rect.png">$VAR[Icon(4)Poster]</texture>
					<aspectratio scalediffuse="false">stretch</aspectratio>
					<animation effect="rotatey" center="1257" start="60" end="60" time="0" condition="true">Conditional</animation>
					<visible>[IntegerGreaterThan(Container(57).NumItems,7) + !system.getbool(filelists.showparentdiritems)] | [IntegerGreaterThan(Container(57).NumItems,6) + system.getbool(filelists.showparentdiritems)]</visible>
				</control>
				<control type="image">
					<left>743</left>
					<top>0</top>
					<width>286</width>
					<height>400</height>
					<texture fallback="DefaultVideo.png" background="true" diffuse="mask-rect.png">$VAR[Icon(3)Poster]</texture>
					<aspectratio scalediffuse="false">stretch</aspectratio>
					<animation effect="rotatey" center="1168" start="60" end="60" time="0" condition="true">Conditional</animation>
					<visible>[IntegerGreaterThan(Container(57).NumItems,5) + !system.getbool(filelists.showparentdiritems)] | [IntegerGreaterThan(Container(57).NumItems,4) + system.getbool(filelists.showparentdiritems)]</visible>
				</control>
				<control type="image">
					<left>654</left>
					<top>0</top>
					<width>286</width>
					<height>400</height>
					<aspectratio scalediffuse="false">stretch</aspectratio>
					<texture fallback="DefaultVideo.png" background="true" diffuse="mask-rect.png">$VAR[Icon(2)Poster]</texture>
					<animation effect="rotatey" center="1080" start="60" end="60" time="0" condition="true">Conditional</animation>
					<visible>[IntegerGreaterThan(Container(57).NumItems,3) + !system.getbool(filelists.showparentdiritems)] | [IntegerGreaterThan(Container(57).NumItems,2) + system.getbool(filelists.showparentdiritems)]</visible>
				</control>
				<control type="group">
					<visible>Container(57).OnPrevious</visible>
					<animation effect="slide" end="60,0" time="200" reversible="false">Hidden</animation>
					<control type="image">
						<left>460</left>
						<top>0</top>
						<width>286</width>
						<height>400</height>
						<texture fallback="DefaultVideo.png" background="true" diffuse="mask-rect.png">$VAR[Icon(1)Poster]</texture>
						<aspectratio scalediffuse="false">stretch</aspectratio>
						<visible>[IntegerGreaterThan(Container(57).NumItems,1) + !system.getbool(filelists.showparentdiritems)] | [IntegerGreaterThan(Container(57).NumItems,0) + system.getbool(filelists.showparentdiritems)]</visible>
						<animation effect="rotatey" center="500" start="0" end="60" time="200" reversible="false">Hidden</animation>
					</control>
					<control type="image">
						<left>265</left>
						<top>0</top>
						<width>286</width>
						<height>400</height>
						<texture fallback="DefaultVideo.png" background="true" diffuse="mask-rect.png">$VAR[Icon(0)Poster]</texture>
						<aspectratio scalediffuse="false">stretch</aspectratio>
						<animation effect="rotatey" center="110" start="0" end="60" time="200" reversible="false">Hidden</animation>
						<animation effect="rotatey" center="110" start="-60" end="-60" time="0" condition="true">Conditional</animation>
					</control>
				</control>
			</control>
			<control type="group" id="3010">
				<left>10</left>
				<top>170</top>
				<camera x="640" y="360" />
				<visible>Control.IsVisible(57) + !Control.IsVisible(3011) + !Control.IsVisible(3012)</visible>
				<control type="image">
					<left>8</left>
					<top>0</top>
					<width>286</width>
					<height>400</height>
					<texture fallback="DefaultVideo.png" background="true" diffuse="mask-rect.png">$VAR[Icon(-4)Poster]</texture>
					<aspectratio scalediffuse="false">stretch</aspectratio>
					<animation effect="rotatey" center="-40" start="-60" end="-60" time="0" condition="true">Conditional</animation>
					<visible>[IntegerGreaterThan(Container(57).NumItems,8) + !system.getbool(filelists.showparentdiritems)] | [IntegerGreaterThan(Container(57).NumItems,7) + system.getbool(filelists.showparentdiritems)]</visible>
				</control>
				<control type="image">
					<left>97</left>
					<top>0</top>
					<width>286</width>
					<height>400</height>
					<texture fallback="DefaultVideo.png" background="true" diffuse="mask-rect.png">$VAR[Icon(-3)Poster]</texture>
					<aspectratio scalediffuse="false">stretch</aspectratio>
					<animation effect="rotatey" center="10" start="-60" end="-60" time="0" condition="true">Conditional</animation>
					<visible>[IntegerGreaterThan(Container(57).NumItems,6) + !system.getbool(filelists.showparentdiritems)] | [IntegerGreaterThan(Container(57).NumItems,5) + system.getbool(filelists.showparentdiritems)]</visible>
				</control>
				<control type="image">
					<left>185</left>
					<top>0</top>
					<width>286</width>
					<height>400</height>
					<texture fallback="DefaultVideo.png" background="true" diffuse="mask-rect.png">$VAR[Icon(-2)Poster]</texture>
					<aspectratio scalediffuse="false">stretch</aspectratio>
					<animation effect="rotatey" center="60" start="-60" end="-60" time="0" condition="true">Conditional</animation>
					<visible>[IntegerGreaterThan(Container(57).NumItems,4) + !system.getbool(filelists.showparentdiritems)] | [IntegerGreaterThan(Container(57).NumItems,3) + system.getbool(filelists.showparentdiritems)]</visible>
				</control>
				<control type="image">
					<left>274</left>
					<top>0</top>
					<width>286</width>
					<height>400</height>
					<texture fallback="DefaultVideo.png" background="true" diffuse="mask-rect.png">$VAR[Icon(-1)Poster]</texture>
					<aspectratio scalediffuse="false">stretch</aspectratio>
					<animation effect="rotatey" center="110" start="-60" end="-60" time="0" condition="true">Conditional</animation>
					<visible>[IntegerGreaterThan(Container(57).NumItems,2) + !system.getbool(filelists.showparentdiritems)] | [IntegerGreaterThan(Container(57).NumItems,1) + system.getbool(filelists.showparentdiritems)]</visible>
				</control>
				<control type="image">
					<left>920</left>
					<top>0</top>
					<width>286</width>
					<height>400</height>
					<texture fallback="DefaultVideo.png" background="true" diffuse="mask-rect.png">$VAR[Icon(4)Poster]</texture>
					<aspectratio scalediffuse="false">stretch</aspectratio>
					<animation effect="rotatey" center="1345" start="60" end="60" time="0" condition="true">Conditional</animation>
					<visible>[IntegerGreaterThan(Container(57).NumItems,7) + !system.getbool(filelists.showparentdiritems)] | [IntegerGreaterThan(Container(57).NumItems,6) + system.getbool(filelists.showparentdiritems)]</visible>
				</control>
				<control type="image">
					<left>831</left>
					<top>0</top>
					<width>286</width>
					<height>400</height>
					<texture fallback="DefaultVideo.png" background="true" diffuse="mask-rect.png">$VAR[Icon(3)Poster]</texture>
					<aspectratio scalediffuse="false">stretch</aspectratio>
					<animation effect="rotatey" center="1257" start="60" end="60" time="0" condition="true">Conditional</animation>
					<visible>[IntegerGreaterThan(Container(57).NumItems,5) + !system.getbool(filelists.showparentdiritems)] | [IntegerGreaterThan(Container(57).NumItems,4) + system.getbool(filelists.showparentdiritems)]</visible>
				</control>
				<control type="image">
					<left>743</left>
					<top>0</top>
					<width>286</width>
					<height>400</height>
					<texture fallback="DefaultVideo.png" background="true" diffuse="mask-rect.png">$VAR[Icon(2)Poster]</texture>
					<aspectratio scalediffuse="false">stretch</aspectratio>
					<animation effect="rotatey" center="1168" start="60" end="60" time="0" condition="true">Conditional</animation>
					<visible>[IntegerGreaterThan(Container(57).NumItems,3) + !system.getbool(filelists.showparentdiritems)] | [IntegerGreaterThan(Container(57).NumItems,2) + system.getbool(filelists.showparentdiritems)]</visible>
				</control>
				<control type="image">
					<left>686</left>
					<top>0</top>
					<width>286</width>
					<height>400</height>
					<texture fallback="DefaultVideo.png" background="true" diffuse="mask-rect.png">$VAR[Icon(1)Poster]</texture>
					<aspectratio scalediffuse="false">stretch</aspectratio>
					<animation effect="rotatey" center="1080" start="60" end="60" time="0" condition="true">Conditional</animation>
					<visible>[IntegerGreaterThan(Container(57).NumItems,1) + !system.getbool(filelists.showparentdiritems)] | [IntegerGreaterThan(Container(57).NumItems,0) + system.getbool(filelists.showparentdiritems)]</visible>
				</control>
				<control type="image">
					<left>480</left>
					<top>0</top>
					<width>286</width>
					<height>400</height>
					<texture fallback="DefaultVideo.png" background="true" diffuse="mask-rect.png">$VAR[Icon(0)Poster]</texture>
					<aspectratio scalediffuse="false">stretch</aspectratio>
				</control>
			</control>
		</control>
		<control type="group">
			<visible>Control.IsVisible(57)</visible>
			<include>SortLetterNotification</include>
			<control type="image" id="7018"><!-- Show logo -->
				<left>523</left>
				<top>612</top>
				<width>234</width>
				<height>64</height>
				<texture fallback="blank.png">$VAR[VideoLogo]</texture>
				<align>center</align>
				<aligny>bottom</aligny>
				<aspectratio>keep</aspectratio>
				<animation effect="fade" delay="100" start="0" end="100" time="200">Visible</animation>
				<visible>!IsEmpty(ListItem.Title)</visible>
			</control>
			<control type="label"><!-- Title -->
				<left>220</left>
				<top>626</top>
				<width>840</width>
				<height>37</height>
				<font>font22</font>
				<align>center</align>
				<include condition="Skin.HasSetting(text-autoscroll)">scrolltext</include>
				<label>$INFO[ListItem.Label]</label>
				<textoffsetx>0</textoffsetx>
				<visible>!SubString(ListItem.Icon,DefaultFolderBack.png,Left) + SubString(Control.GetLabel(7018),blank.png,Left)</visible>
			</control>
			<control type="label"><!-- Go Back -->
				<left>220</left>
				<top>626</top>
				<width>840</width>
				<height>37</height>
				<font>font22</font>
				<align>center</align>
				<include condition="Skin.HasSetting(text-autoscroll)">scrolltext</include>
				<label>$LOCALIZE[31688]</label>
				<textoffsetx>0</textoffsetx>
				<visible>SubString(ListItem.Icon,DefaultFolderBack.png,Left)</visible>
			</control>
			<control type="group">
				<visible>!IsEmpty(ListItem.Title)</visible>
				<control type="image"><!-- MPAA Rating -->
					<left>17</left>
					<top>618</top>
					<width>212</width>
					<height>62</height>
					<aligny>bottom</aligny>
					<texture>$VAR[VideoRating]</texture>
					<aspectratio>keep</aspectratio>
				</control>
				<control type="image"><!-- Star Rating -->
					<left>540</left>
					<top>681</top>
					<width>200</width>
					<height>25</height>
					<texture>$VAR[MediaRatingCentered]</texture>
					<align>center</align>
					<colordiffuse>StarDiffuse</colordiffuse>
					<visible>!IsEmpty(ListItem.StarRating)</visible>
				</control>
				<control type="label"><!-- Duration -->
					<left>1000</left>
					<top>634</top>
					<width>260</width>
					<height>31</height>
					<align>right</align>
					<font>font18</font>
					<label>$VAR[VideoDuration]</label>
					<visible>!IsEmpty(ListItem.Duration) + !Container.Content(tvshows) + !Container.Content(seasons)</visible>
				</control>
				<control type="image">
					<left>1230</left>
					<top>672</top>
					<width>32</width>
					<height>32</height>
					<colordiffuse>DropShadow</colordiffuse>
					<texture fallback="blank.png">$VAR[ListItemFlags]</texture>
				</control>
				<control type="image">
					<left>1228</left>
					<top>670</top>
					<width>32</width>
					<height>32</height>
					<texture fallback="blank.png">$VAR[ListItemFlags]</texture>
				</control>
			</control>
			<control type="scrollbar" id="1257">
				<left>17</left>
				<top>590</top>
				<width>1239</width>
				<height>18</height>
				<onup>57</onup>
				<orientation>horizontal</orientation>
				<animation condition="!Control.HasFocus(1257) + !Container.Scrolling + !StringCompare(Skin.String(show-scrollbar),$LOCALIZE[31875])" effect="fade" start="100" end="0" time="200" reversible="true">Conditional</animation>
				<visible>!StringCompare(Skin.String(show-scrollbar),$LOCALIZE[31877]) + [[IntegerGreaterThan(Container(57).NumItems,10) + !system.getbool(filelists.showparentdiritems)] | [IntegerGreaterThan(Container(57).NumItems,9) + system.getbool(filelists.showparentdiritems)]]</visible>
			</control>
		</control>
	</include>
	<include name="VideoWallView">
		<control type="panel" id="58">
			<left>505</left>
			<top>120</top>
			<width>720</width>
			<height>507</height>
			<onleft condition="Skin.HasSetting(lock-screensettings)">noop</onleft>
			<onleft condition="!Skin.HasSetting(lock-screensettings)">9000</onleft>
			<onright condition="StringCompare(Skin.String(show-scrollbar),$LOCALIZE[31877])">noop</onright>
			<onright condition="!StringCompare(Skin.String(show-scrollbar),$LOCALIZE[31877])">1258</onright>
			<onup>58</onup>
			<ondown>58</ondown>
			<viewtype label="31944">wall</viewtype>
			<pagecontrol>1258</pagecontrol>
			<preloaditems>2</preloaditems>
			<animation type="TYPE" condition="Skin.HasSetting(tiltvideowallicon)" reversible="false">
				<effect type="rotatey" start="-15" end="-15" time="0"/>
				<effect type="slide" end="70,0" time="0"/>
				<effect type="zoom" start="100" end="120" center="auto" time="0" tween="back" easing="out"/>
			</animation>
			<itemlayout height="169" width="120" condition="!Container.Content(addons)">
				<control type="image">
					<left>1</left>
					<top>1</top>
					<width>119</width>
					<height>169</height>
					<aspectratio>stretch</aspectratio>
					<colordiffuse>UnFocusedPosters</colordiffuse>
					<texture background="true">$INFO[ListItem.Icon]</texture>
					<visible>SubString(ListItem.Icon,DefaultFolderBack.png,Left)</visible>
				</control>
				<control type="image">
					<left>1</left>
					<top>1</top>
					<width>119</width>
					<height>169</height>
					<aspectratio scalediffuse="false">stretch</aspectratio>
					<colordiffuse>UnFocusedPosters</colordiffuse>
					<texture fallback="DefaultVideo.png" diffuse="mask-rect.png" background="true">$VAR[IconPoster]</texture>
					<visible>!SubString(ListItem.Icon,DefaultFolderBack.png,Left)</visible>
				</control>
				<control type="image"><!-- Watched Overlay -->
					<left>94</left>
					<top>-6</top>
					<width>32</width>
					<height>32</height>
					<texture>$VAR[Overlay]</texture>
				</control>
				<control type="image"><!-- Extras Overlay -->
					<left>4</left>
					<top>4</top>
					<width>16</width>
					<height>16</height>
					<texture fallback="blank.png">$VAR[ExtrasOverlay]</texture>
					<visible>System.HasAddon(script.videoextras)</visible>
				</control>
			</itemlayout>
			<itemlayout height="120" width="120" condition="Container.Content(addons)">
				<control type="image">
					<left>1</left>
					<top>1</top>
					<width>119</width>
					<height>119</height>
					<aspectratio>keep</aspectratio>
					<colordiffuse>UnFocusedPosters</colordiffuse>
					<texture background="true">$INFO[ListItem.Icon]</texture>
					<visible>SubString(ListItem.Icon,DefaultFolderBack.png,Left)</visible>
				</control>
				<control type="image">
					<left>1</left>
					<top>1</top>
					<width>119</width>
					<height>119</height>
					<aspectratio scalediffuse="false">keep</aspectratio>
					<colordiffuse>UnFocusedPosters</colordiffuse>
					<texture fallback="DefaultAddon.png" diffuse="mask-rect.png" background="true">$VAR[IconPoster]</texture>
					<visible>!SubString(ListItem.Icon,DefaultFolderBack.png,Left)</visible>
				</control>
			</itemlayout>
			<focusedlayout height="169" width="120" condition="!Container.Content(addons)">
				<control type="group">
					<animation effect="zoom" start="90" end="150" center="auto" time="400" tween="back" easing="out" reversible="false">focus</animation>
					<control type="image">
						<left>1</left>
						<top>1</top>
						<width>119</width>
						<height>169</height>
						<aspectratio>stretch</aspectratio>
						<texture background="true">$INFO[ListItem.Icon]</texture>
						<visible>SubString(ListItem.Icon,DefaultFolderBack.png,Left)</visible>
					</control>
					<control type="image">
						<left>9</left>
						<top>12</top>
						<width>101</width>
						<height>144</height>
						<aspectratio scalediffuse="false">stretch</aspectratio>
						<texture fallback="DefaultVideo.png" diffuse="mask-rect.png" background="true">$VAR[IconPoster]</texture>
						<bordertexture border="6">mask-hilite.png</bordertexture>
						<bordersize>6</bordersize>
						<visible>!SubString(ListItem.Icon,DefaultFolderBack.png,Left)</visible>
					</control>
					<control type="image"><!-- Watched Overlay -->
						<left>80</left>
						<top>10</top>
						<width>32</width>
						<height>32</height>
						<texture>$VAR[Overlay]</texture>
					</control>
					<control type="image"><!-- Extras Overlay -->
						<left>10</left>
						<top>14</top>
						<width>16</width>
						<height>16</height>
						<texture fallback="blank.png">$VAR[ExtrasOverlay]</texture>
						<visible>System.HasAddon(script.videoextras)</visible>
					</control>
				</control>
			</focusedlayout>
			<focusedlayout height="120" width="120" condition="Container.Content(addons)">
				<control type="group">
					<animation effect="zoom" start="90" end="160" center="auto" time="400" tween="back" easing="out" reversible="false">focus</animation>
					<control type="image">
						<left>1</left>
						<top>1</top>
						<width>119</width>
						<height>119</height>
						<aspectratio>keep</aspectratio>
						<texture background="true">$INFO[ListItem.Icon]</texture>
						<visible>SubString(ListItem.Icon,DefaultFolderBack.png,Left)</visible>
					</control>
					<control type="image">
						<left>5</left>
						<top>5</top>
						<width>110</width>
						<height>110</height>
						<aspectratio scalediffuse="false">keep</aspectratio>
						<texture fallback="DefaultAddon.png" diffuse="mask-rect.png" background="true">$VAR[IconPoster]</texture>
						<bordertexture border="6">mask-hilite.png</bordertexture>
						<bordersize>6</bordersize>
						<visible>!SubString(ListItem.Icon,DefaultFolderBack.png,Left)</visible>
					</control>
				</control>
			</focusedlayout>
		</control>
		<control type="group">
			<visible>Control.IsVisible(58)</visible>
			<include>SortLetterNotification</include>
			<control type="image" id="7116"><!-- Show logo -->
				<left>17</left>
				<top>112</top>
				<width>354</width>
				<height>97</height>
				<texture fallback="blank.png">$VAR[VideoLogo]</texture>
				<aspectratio align="left" aligny="bottom">keep</aspectratio>
				<animation effect="fade" delay="200" start="0" end="100" time="200">Visible</animation>
				<visible>!IsEmpty(ListItem.Title)</visible>
			</control>
			<control type="label"><!-- Title -->
				<left>17</left>
				<top>112</top>
				<width>460</width>
				<height>74</height>
				<font>font20</font>
				<include condition="Skin.HasSetting(text-autoscroll)">scrolltext</include>
				<label>$INFO[ListItem.Label]</label>
				<wrapmultiline>true</wrapmultiline>
				<textoffsetx>0</textoffsetx>
				<animation effect="fade" delay="200" start="0" end="100" time="200">Visible</animation>
				<visible>!SubString(ListItem.Icon,DefaultFolderBack.png,Left) + SubString(Control.GetLabel(7116),blank.png,Left)</visible>
			</control>
			<control type="label"><!-- Go Back -->
				<left>17</left>
				<top>300</top>
				<width>460</width>
				<height>38</height>
				<font>font22</font>
				<align>center</align>
				<include condition="Skin.HasSetting(text-autoscroll)">scrolltext</include>
				<label>$LOCALIZE[31688]</label>
				<textoffsetx>0</textoffsetx>
				<visible>SubString(ListItem.Icon,DefaultFolderBack.png,Left)</visible>
			</control>
			<control type="group">
				<visible>!IsEmpty(ListItem.Title)</visible>
				<control type="label"><!-- Genre -->
					<left>17</left>
					<top>212</top>
					<width>460</width>
					<height>37</height>
					<font>font11</font>
					<include condition="Skin.HasSetting(text-autoscroll)">scrolltext</include>
					<label>$INFO[ListItem.Genre]</label>
					<textoffsetx>0</textoffsetx>
					<visible>!IsEmpty(ListItem.Genre)</visible>
				</control>
				<control type="label"><!-- Watched TV episodes -->
					<left>17</left>
					<top>246</top>
					<width>354</width>
					<height>31</height>
					<font>font12</font>
					<label>$LOCALIZE[20360]: $INFO[ListItem.Property(NumEpisodes)]</label>
					<visible>Container.Content(tvshows) + !IsEmpty(ListItem.Property(NumEpisodes))</visible>
				</control>
				<control type="label"><!-- Duration -->
					<left>17</left>
					<top>250</top>
					<width>200</width>
					<height>25</height>
					<font>font12</font>
					<label>$VAR[VideoDuration]</label>
					<visible>!IsEmpty(ListItem.Duration) + !Container.Content(tvshows) + !Container.Content(seasons)</visible>
				</control>
				<control type="image"><!-- MPAA Rating -->
					<left>17</left>
					<top>280</top>
					<width>212</width>
					<height>62</height>
					<aligny>bottom</aligny>
					<texture>$VAR[VideoRating]</texture>
					<aspectratio>keep</aspectratio>
				</control>
				<control type="image">
					<left>242</left>
					<top>292</top>
					<width>32</width>
					<height>32</height>
					<colordiffuse>DropShadow</colordiffuse>
					<texture fallback="blank.png">$VAR[ListItemFlags]</texture>
				</control>
				<control type="image">
					<left>240</left>
					<top>290</top>
					<width>32</width>
					<height>32</height>
					<texture fallback="blank.png">$VAR[ListItemFlags]</texture>
				</control>
				<control type="image"><!-- Star Rating -->
					<left>300</left>
					<top>292</top>
					<width>177</width>
					<height>25</height>
					<texture>$VAR[MediaRating]</texture>
					<align>right</align>
					<colordiffuse>StarDiffuse</colordiffuse>
					<visible>!IsEmpty(ListItem.StarRating)</visible>
				</control>
				<control type="textbox"><!-- Plot Outline -->
					<left>17</left>
					<top>350</top>
					<width>460</width>
					<height>316</height>
					<font>font12</font>
					<label fallback="161">$INFO[ListItem.PlotOutline]</label>
					<visible>!IsEmpty(ListItem.PlotOutline)</visible>
				</control>
				<control type="textbox"><!-- Plot (Show if no outline available)-->
					<left>17</left>
					<top>350</top>
					<width>460</width>
					<height>316</height>
					<font>font12</font>
					<label fallback="161">$INFO[ListItem.Plot]</label>
					<visible>IsEmpty(ListItem.PlotOutline) + !IsEmpty(ListItem.Plot)</visible>
				</control>
			</control>
			<control type="scrollbar" id="1258">
				<left>1244</left>
				<top>120</top>
				<width>18</width>
				<height>510</height>
				<onleft>58</onleft>
				<animation condition="!Control.HasFocus(1258) + !Container.Scrolling + !StringCompare(Skin.String(show-scrollbar),$LOCALIZE[31875])" effect="fade" start="100" end="0" time="200" reversible="true">Conditional</animation>
				<visible>!StringCompare(Skin.String(show-scrollbar),$LOCALIZE[31877])</visible>
			</control>
		</control>
	</include>
</includes>