<?xml version="1.0" encoding="UTF-8"?>
<includes>
	<include name="PVRTimelineView">
		<control type="group"><!-- TV guide timeline -->
			<visible>Control.IsVisible(10) + IntegerGreaterThan(Container(10).NumItems,0)</visible>
			<control type="label"><!-- Current time -->
				<left>40</left>
				<top>50</top>
				<width>310</width>
				<height>32</height>
				<font>font13</font>
				<label>$INFO[System.Time]</label>
			</control>
			<control type="epggrid" id="10"><!-- EPG grid -->
				<viewtype label="19032">list</viewtype>
				<left>30</left>
				<top>100</top>
				<width>1220</width>
				<height>451</height>
				<pagecontrol>10</pagecontrol>
				<scrolltime>350</scrolltime>
				<timeblocks>40</timeblocks>
				<progresstexture border="0,32,4,0">progress-timeline.png</progresstexture>
				<rulerunit>6</rulerunit>
				<onleft>9000</onleft>
				<onup>10</onup>
				<ondown>10</ondown>
				<rulerlayout height="35" width="40">
					<control type="image" id="1">
						<left>0</left>
						<top>0</top>
						<width>40</width>
						<height>35</height>
						<texture>blank.png</texture>
					</control>
					<control type="label" id="2">
						<left>10</left>
						<top>0</top>
						<width>34</width>
						<height>29</height>
						<font>font11</font>
						<selectedcolor>listselected-text</selectedcolor>
						<label>$INFO[ListItem.Label]</label>
					</control>
					<control type="image">
						<left>0</left>
						<top>28</top>
						<width>1120</width>
						<height>4</height>
						<texture>separator.png</texture>
					</control>
				</rulerlayout>
				<channellayout height="52" width="300">
					<animation effect="fade" start="110" time="200">UnFocus</animation>
					<control type="image" id="1">
						<left>0</left>
						<top>0</top>
						<width>298</width>
						<height>52</height>
						<texture>colours/grey.png</texture>
						<colordiffuse>osd-background</colordiffuse>
					</control>
					<control type="image">
						<left>4</left>
						<top>4</top>
						<width>44</width>
						<height>44</height>
						<aspectratio>keep</aspectratio>
						<texture>$INFO[ListItem.Icon]</texture>
					</control>
					<control type="label">
						<left>4</left>
						<top>4</top>
						<width>44</width>
						<height>44</height>
						<align>center</align>
						<selectedcolor>listselected-text</selectedcolor>
						<label>$INFO[ListItem.ChannelNumber]</label>
						<visible>IsEmpty(ListItem.Icon)</visible>
					</control>
					<control type="label" id="1">
						<left>52</left>
						<top>0</top>
						<width>238</width>
						<height>52</height>
						<font>font11</font>
						<selectedcolor>listselected-text</selectedcolor>
						<label>$INFO[ListItem.ChannelName]</label>
					</control>
				</channellayout>
				<focusedchannellayout height="52" width="300">
					<animation effect="fade" start="110" time="200">OnFocus</animation>
					<control type="image" id="1">
						<left>0</left>
						<top>0</top>
						<width>298</width>
						<height>52</height>
						<texture>colours/blue.png</texture>
						<colordiffuse>osd-background</colordiffuse>
					</control>
					<control type="image">
						<left>4</left>
						<top>4</top>
						<width>44</width>
						<height>44</height>
						<aspectratio>keep</aspectratio>
						<texture>$INFO[ListItem.Icon]</texture>
					</control>
					<control type="label">
						<left>4</left>
						<top>4</top>
						<width>44</width>
						<height>44</height>
						<align>center</align>
						<selectedcolor>listselected-text</selectedcolor>
						<label>$INFO[ListItem.ChannelNumber]</label>
						<visible>IsEmpty(ListItem.Icon)</visible>
					</control>
					<control type="label" id="1">
						<left>52</left>
						<top>0</top>
						<width>238</width>
						<height>52</height>
						<font>font11</font>
						<selectedcolor>listselected-text</selectedcolor>
						<label>$INFO[ListItem.ChannelName]</label>
					</control>
				</focusedchannellayout>
				<itemlayout height="52" width="40">
					<control type="image" id="2">
						<left>0</left>
						<top>0</top>
						<width>40</width>
						<height>52</height>
						<aspectratio>stretch</aspectratio>
						<texture border="3">epg-genres/$INFO[ListItem.Property(GenreType)].png</texture>
					</control>
					<control type="label" id="1">
						<left>20</left>
						<top>0</top>
						<width>10</width>
						<height>48</height>
						<font>font11</font>
						<selectedcolor>listselected-text</selectedcolor>
						<wrapmultiline>true</wrapmultiline>
						<label>$INFO[ListItem.Label]</label>
					</control>
					<control type="image">
						<left>2</left>
						<top>18</top>
						<width>16</width>
						<height>16</height>
						<texture>$VAR[PVROverlay]</texture>
					</control>
				</itemlayout>
				<focusedlayout height="52" width="40">
					<control type="image" id="14">
						<left>0</left>
						<top>0</top>
						<width>40</width>
						<height>52</height>
						<texture>colours/blue.png</texture>
						<colordiffuse>osd-background</colordiffuse>
					</control>
					<control type="image" id="2">
						<left>0</left>
						<top>0</top>
						<width>40</width>
						<height>52</height>
						<aspectratio>stretch</aspectratio>
						<texture>colours/blue.png</texture>
						<colordiffuse>osd-background</colordiffuse>
					</control>
					<control type="label" id="1">
						<left>20</left>
						<top>0</top>
						<width>10</width>
						<height>48</height>
						<font>font11</font>
						<selectedcolor>listselected-text</selectedcolor>
						<include condition="Skin.HasSetting(text-autoscroll)">scrolltext</include>
						<wrapmultiline>true</wrapmultiline>
						<label>$INFO[ListItem.Label]</label>
					</control>
					<control type="image">
						<left>2</left>
						<top>18</top>
						<width>16</width>
						<height>16</height>
						<texture>$VAR[PVROverlay]</texture>
					</control>
				</focusedlayout>
			</control>
			<control type="label">
				<label>$INFO[ListItem.Title]</label>
				<left>30</left>
				<top>556</top>
				<width>700</width>
				<height>32</height>
				<font>font18</font>
				<wrapmultiline>true</wrapmultiline>
			</control>
			<control type="label"><!-- Start time -->
				<visible>!IsEmpty(ListItem.Plot) + !IsEmpty(ListItem.StartTime) + !IsEmpty(ListItem.EndTime)</visible>
				<left>1250</left>
				<top>564</top>
				<width>320</width>
				<height>24</height>
				<align>right</align>
				<label>$INFO[ListItem.StartTime] - $INFO[ListItem.EndTime]</label>
			</control>
			<control type="image">
				<visible>!IsEmpty(ListItem.Title)</visible>
				<left>30</left>
				<top>592</top>
				<width>1220</width>
				<height>4</height>
				<texture>separator.png</texture>
			</control>
			<control type="textbox"><!-- Plot -->
				<left>30</left>
				<top>598</top>
				<width>1220</width>
				<height>78</height>
				<font>font11</font>
				<label>$INFO[ListItem.Plot]</label>
				<visible>!IsEmpty(ListItem.Plot)</visible>
			</control>
		</control>
	</include>
	<include name="PVRNowListView">
		<control type="group">
			<visible>Control.IsVisible(11) + IntegerGreaterThan(Container(11).NumItems,0)</visible>
			<control type="list" id="11">
				<viewtype label="19030">list</viewtype>
				<left>678</left>
				<top>116</top>
				<width>552</width>
				<height>560</height>
				<onleft condition="Skin.HasSetting(lock-screensettings)">noop</onleft>
				<onleft condition="!Skin.HasSetting(lock-screensettings)">9000</onleft>
				<onright condition="StringCompare(Skin.String(show-scrollbar),$LOCALIZE[31877])">noop</onright>
				<onright condition="!StringCompare(Skin.String(show-scrollbar),$LOCALIZE[31877])">27</onright>
				<onup>11</onup>
				<ondown>11</ondown>
				<pagecontrol>27</pagecontrol>
				<preloaditems>2</preloaditems>
				<itemlayout height="70">
					<control type="label">
						<left>18</left>
						<top>2</top>
						<width>66</width>
						<height>66</height>
						<font>font18</font>
						<align>center</align>
						<label>$INFO[ListItem.ChannelNumber]</label>
						<visible>IsEmpty(ListItem.Icon)</visible>
					</control>
					<control type="image">
						<left>11</left>
						<top>11</top>
						<width>48</width>
						<height>48</height>
						<texture>$INFO[ListItem.Icon]</texture>
					</control>
					<control type="label">
						<left>80</left>
						<top>8</top>
						<width>470</width>
						<height>24</height>
						<font>font11</font>
						<label>$INFO[ListItem.Label]</label>
					</control>
					<control type="progress">
						<left>80</left>
						<top>34</top>
						<width>460</width>
						<height>6</height>
						<reveal>true</reveal>
						<info>ListItem.Progress</info>
						<texturebg>blank.png</texturebg>
						<colordiffuse>disabled-text</colordiffuse>
					</control>
					<control type="label">
						<left>80</left>
						<top>39</top>
						<width>470</width>
						<height>22</height>
						<font>font11</font>
						<label>$INFO[ListItem.Title]</label>
						<textcolor>disabled-text</textcolor>
					</control>
				</itemlayout>
				<focusedlayout height="70">
					<control type="image">
						<left>0</left>
						<top>0</top>
						<width>552</width>
						<height>70</height>
						<texture border="8">button-default-focus.png</texture>
					</control>
					<control type="label">
						<left>18</left>
						<top>2</top>
						<width>66</width>
						<height>66</height>
						<font>font18</font>
						<align>center</align>
						<label>$INFO[ListItem.ChannelNumber]</label>
						<visible>IsEmpty(ListItem.Icon)</visible>
					</control>
					<control type="image">
						<left>11</left>
						<top>11</top>
						<width>48</width>
						<height>48</height>
						<texture>$INFO[ListItem.Icon]</texture>
					</control>
					<control type="label">
						<left>80</left>
						<top>8</top>
						<width>470</width>
						<height>22</height>
						<font>font11</font>
						<label>$INFO[ListItem.Label]</label>
						<include condition="Skin.HasSetting(text-autoscroll)">scrolltext</include>
					</control>
					<control type="progress">
						<left>80</left>
						<top>34</top>
						<width>460</width>
						<height>6</height>
						<reveal>true</reveal>
						<info>ListItem.Progress</info>
						<texturebg>blank.png</texturebg>
						<colordiffuse>ProgressBarColor</colordiffuse>
					</control>
					<control type="label">
						<left>80</left>
						<top>39</top>
						<width>470</width>
						<height>22</height>
						<font>font11</font>
						<label>$INFO[ListItem.Title]</label>
						<textcolor>disabled-text</textcolor>
						<include condition="Skin.HasSetting(text-autoscroll)">scrolltext</include>
					</control>
				</focusedlayout>
			</control>
			<control type="group"><!-- Current Icon/Channel playing -->
				<control type="grouplist">
					<animation effect="fade" start="0" end="100" time="200" delay="100">Visible</animation>
					<left>20</left>
					<top>116</top>
					<width>628</width>
					<height>578</height>
					<itemgap>2</itemgap>
					<control type="group">
						<visible>!Player.HasVideo | [Player.HasVideo + Skin.HasSetting(background-playingmedia)]</visible>
						<left>0</left>
						<width>256</width>
						<height>256</height>
						<control type="image">
							<left>186</left>
							<width>256</width>
							<height>256</height>
							<texture fallback="DefaultTvshows.png" background="true" diffuse="mask-rect.png">$INFO[ListItem.Thumb]</texture>
							<aspectratio scalediffuse="false">keep</aspectratio>
							<aligny>top</aligny>
							<visible>!IsEmpty(ListItem.Thumb)</visible>
						</control>
						<control type="image">
							<left>186</left>
							<width>256</width>
							<height>256</height>
							<texture fallback="DefaultTvshows.png" background="true">$INFO[ListItem.Icon]</texture>
							<aspectratio>keep</aspectratio>
							<aligny>top</aligny>
							<visible>IsEmpty(ListItem.Thumb) + !IsEmpty(ListItem.Icon)</visible>
						</control>
					</control>
					<control type="group">
						<left>0</left>
						<width>512</width>
						<height>256</height>
						<visible>Player.HasVideo + !Skin.HasSetting(background-playingmedia)</visible>
						<control type="videowindow">
							<left>58</left>
							<width>512</width>
							<height>256</height>
						</control>
					</control>
					<control type="label">
						<label>$INFO[ListItem.Title]</label>
						<width>628</width>
						<height>34</height>
						<font>font18</font>
						<align>center</align>
						<wrapmultiline>true</wrapmultiline>
					</control>
					<control type="label"><!-- Start time -->
						<visible>!IsEmpty(ListItem.Plot) + !IsEmpty(ListItem.StartTime) + !IsEmpty(ListItem.EndTime)+ !Control.IsVisible(13)</visible>
						<width>628</width>
						<height>30</height>
						<align>center</align>
						<label>$LOCALIZE[31134] $INFO[ListItem.StartTime] - $LOCALIZE[31129] $INFO[ListItem.EndTime]</label>
					</control>
					<control type="image">
						<visible>!IsEmpty(ListItem.Title)</visible>
						<width>628</width>
						<height>4</height>
						<texture>separator.png</texture>
					</control>
					<control type="textbox"><!-- Plot -->
						<width>628</width>
						<height>214</height>
						<font>font12</font>
						<align>left</align>
						<label>$INFO[ListItem.Plot]</label>
						<visible>!IsEmpty(ListItem.Plot)</visible>
					</control>
					<control type="image">
						<visible>!IsEmpty(ListItem.Plot)</visible>
						<width>628</width>
						<height>4</height>
						<texture>separator.png</texture>
					</control>
				</control>
			</control>
			<control type="scrollbar" id="27">
				<left>1244</left>
				<top>112</top>
				<width>18</width>
				<height>565</height>
				<onleft>11</onleft>
				<animation condition="!Control.HasFocus(27) + !Container.Scrolling + !StringCompare(Skin.String(show-scrollbar),$LOCALIZE[31875])" effect="fade" start="100" end="0" time="200" reversible="true">Conditional</animation>
				<visible>!StringCompare(Skin.String(show-scrollbar),$LOCALIZE[31877])</visible>
			</control>
		</control>
	</include>
	<include name="PVRNextListView">
		<control type="group">
			<visible>Control.IsVisible(12) + IntegerGreaterThan(Container(12).NumItems,0)</visible>
			<control type="list" id="12">
				<viewtype label="19031">list</viewtype>
				<left>678</left>
				<top>116</top>
				<width>552</width>
				<height>560</height>
				<onleft condition="Skin.HasSetting(lock-screensettings)">noop</onleft>
				<onleft condition="!Skin.HasSetting(lock-screensettings)">9000</onleft>
				<onright condition="StringCompare(Skin.String(show-scrollbar),$LOCALIZE[31877])">noop</onright>
				<onright condition="!StringCompare(Skin.String(show-scrollbar),$LOCALIZE[31877])">27</onright>
				<onup>12</onup>
				<ondown>12</ondown>
				<pagecontrol>27</pagecontrol>
				<preloaditems>2</preloaditems>
				<itemlayout height="70">
					<control type="label">
						<left>18</left>
						<top>2</top>
						<width>66</width>
						<height>66</height>
						<font>font18</font>
						<align>center</align>
						<label>$INFO[ListItem.ChannelNumber]</label>
						<visible>IsEmpty(ListItem.Icon)</visible>
					</control>
					<control type="image">
						<left>11</left>
						<top>11</top>
						<width>48</width>
						<height>48</height>
						<texture>$INFO[ListItem.Icon]</texture>
					</control>
					<control type="label">
						<left>80</left>
						<top>8</top>
						<width>470</width>
						<height>24</height>
						<font>font11</font>
						<label>$INFO[ListItem.Label]</label>
					</control>
					<control type="label">
						<left>80</left>
						<top>34</top>
						<width>470</width>
						<height>24</height>
						<font>font11</font>
						<label>$INFO[ListItem.Title]</label>
						<textcolor>disabled-text</textcolor>
					</control>
				</itemlayout>
				<focusedlayout height="70">
					<control type="image">
						<left>0</left>
						<top>0</top>
						<width>552</width>
						<height>70</height>
						<texture border="8">button-default-focus.png</texture>
					</control>
					<control type="label">
						<left>18</left>
						<top>2</top>
						<width>66</width>
						<height>66</height>
						<font>font18</font>
						<align>center</align>
						<label>$INFO[ListItem.ChannelNumber]</label>
						<visible>IsEmpty(ListItem.Icon)</visible>
					</control>
					<control type="image">
						<left>11</left>
						<top>11</top>
						<width>48</width>
						<height>48</height>
						<texture>$INFO[ListItem.Icon]</texture>
					</control>
					<control type="label">
						<left>80</left>
						<top>8</top>
						<width>470</width>
						<height>24</height>
						<font>font11</font>
						<label>$INFO[ListItem.Label]</label>
					</control>
					<control type="label">
						<left>80</left>
						<top>34</top>
						<width>470</width>
						<height>24</height>
						<font>font11</font>
						<label>$INFO[ListItem.Title]</label>
						<textcolor>disabled-text</textcolor>
					</control>
				</focusedlayout>
			</control>
			<control type="group"><!-- Current Icon/Channel playing -->
				<control type="grouplist">
					<animation effect="fade" start="0" end="100" time="200" delay="100">Visible</animation>
					<left>20</left>
					<top>116</top>
					<width>628</width>
					<height>578</height>
					<itemgap>2</itemgap>
					<control type="group">
						<visible>!Player.HasVideo | [Player.HasVideo + Skin.HasSetting(background-playingmedia)]</visible>
						<left>0</left>
						<width>256</width>
						<height>256</height>
						<control type="image">
							<left>186</left>
							<width>256</width>
							<height>256</height>
							<texture fallback="DefaultTvshows.png" background="true" diffuse="mask-rect.png">$INFO[ListItem.Thumb]</texture>
							<aspectratio scalediffuse="false">keep</aspectratio>
							<aligny>top</aligny>
							<visible>!IsEmpty(ListItem.Thumb)</visible>
						</control>
						<control type="image">
							<left>186</left>
							<width>256</width>
							<height>256</height>
							<texture fallback="DefaultTvshows.png" background="true">$INFO[ListItem.Icon]</texture>
							<aspectratio>keep</aspectratio>
							<aligny>top</aligny>
							<visible>IsEmpty(ListItem.Thumb) + !IsEmpty(ListItem.Icon)</visible>
						</control>
					</control>
					<control type="group">
						<left>0</left>
						<width>512</width>
						<height>256</height>
						<visible>Player.HasVideo + !Skin.HasSetting(background-playingmedia)</visible>
						<control type="videowindow">
							<left>58</left>
							<width>512</width>
							<height>256</height>
						</control>
					</control>
					<control type="label">
						<label>$INFO[ListItem.Title]</label>
						<width>628</width>
						<height>34</height>
						<font>font18</font>
						<align>center</align>
						<wrapmultiline>true</wrapmultiline>
					</control>
					<control type="label"><!-- Start time -->
						<visible>!IsEmpty(ListItem.Plot) + !IsEmpty(ListItem.StartTime) + !IsEmpty(ListItem.EndTime)+ !Control.IsVisible(13)</visible>
						<width>628</width>
						<height>30</height>
						<align>center</align>
						<label>$LOCALIZE[31134] $INFO[ListItem.StartTime] - $LOCALIZE[31129] $INFO[ListItem.EndTime]</label>
					</control>
					<control type="image">
						<visible>!IsEmpty(ListItem.Title)</visible>
						<width>628</width>
						<height>4</height>
						<texture>separator.png</texture>
					</control>
					<control type="textbox"><!-- Plot -->
						<width>628</width>
						<height>214</height>
						<font>font12</font>
						<align>left</align>
						<label>$INFO[ListItem.Plot]</label>
						<visible>!IsEmpty(ListItem.Plot)</visible>
					</control>
					<control type="image">
						<visible>!IsEmpty(ListItem.Plot)</visible>
						<width>628</width>
						<height>4</height>
						<texture>separator.png</texture>
					</control>
				</control>
			</control>
			<control type="scrollbar" id="27">
				<left>1244</left>
				<top>112</top>
				<width>18</width>
				<height>565</height>
				<onleft>12</onleft>
				<animation condition="!Control.HasFocus(27) + !Container.Scrolling + !StringCompare(Skin.String(show-scrollbar),$LOCALIZE[31875])" effect="fade" start="100" end="0" time="200" reversible="true">Conditional</animation>
				<visible>!StringCompare(Skin.String(show-scrollbar),$LOCALIZE[31877])</visible>
			</control>
		</control>
	</include>
	<include name="PVRChannelListView">
		<control type="group"><!-- TV/Radio channel listings -->
			<visible>Control.IsVisible(13) + IntegerGreaterThan(Container(13).NumItems,0)</visible>
			<control type="list" id="13">
				<viewtype label="19029">list</viewtype>
				<left>678</left>
				<top>118</top>
				<width>552</width>
				<height>560</height>
				<onup>13</onup>
				<ondown>13</ondown>
				<onleft condition="Skin.HasSetting(lock-screensettings)">noop</onleft>
				<onleft condition="!Skin.HasSetting(lock-screensettings)">9000</onleft>
				<onright condition="StringCompare(Skin.String(show-scrollbar),$LOCALIZE[31877])">noop</onright>
				<onright condition="!StringCompare(Skin.String(show-scrollbar),$LOCALIZE[31877])">27</onright>
				<preloaditems>2</preloaditems>
				<pagecontrol>27</pagecontrol>
				<itemlayout width="552" height="70">
					<control type="image">
						<left>11</left>
						<top>11</top>
						<width>38</width>
						<height>38</height>
						<texture fallback="DefaultTvshows.png">$INFO[ListItem.Icon]</texture>
						<visible>IsEmpty(Window.Property(IsRadio))</visible>
					</control>
					<control type="image">
						<left>11</left>
						<top>11</top>
						<width>38</width>
						<height>38</height>
						<texture fallback="icon-radio.png">$INFO[ListItem.Icon]</texture>
						<visible>!IsEmpty(Window.Property(IsRadio))</visible>
					</control>
					<control type="label">
						<left>80</left>
						<top>8</top>
						<width>482</width>
						<height>24</height>
						<font>font11</font>
						<label>$INFO[ListItem.Label]</label>
					</control>
					<control type="label">
						<left>80</left>
						<top>34</top>
						<width>280</width>
						<height>24</height>
						<font>font11</font>
						<label>$INFO[ListItem.Label2]</label>
					</control>
					<control type="image">
						<left>-30</left>
						<top>24</top>
						<width>22</width>
						<height>22</height>
						<texture>$VAR[PVROverlay]</texture>
					</control>
				</itemlayout>
				<focusedlayout width="552" height="70">
					<control type="image">
						<left>11</left>
						<top>11</top>
						<width>38</width>
						<height>38</height>
						<texture fallback="DefaultTvshows.png">$INFO[ListItem.Icon]</texture>
						<visible>IsEmpty(Window.Property(IsRadio))</visible>
					</control>
					<control type="image">
						<left>11</left>
						<top>11</top>
						<width>38</width>
						<height>38</height>
						<texture fallback="icon-radio.png">$INFO[ListItem.Icon]</texture>
						<visible>!IsEmpty(Window.Property(IsRadio))</visible>
					</control>
					<control type="label">
						<left>80</left>
						<top>8</top>
						<width>482</width>
						<height>24</height>
						<font>font11</font>
						<label>$INFO[ListItem.Label]</label>
					</control>
					<control type="label">
						<left>80</left>
						<top>34</top>
						<width>280</width>
						<height>24</height>
						<font>font11</font>
						<label>$INFO[ListItem.Label2]</label>
					</control>
					<control type="image">
						<left>-30</left>
						<top>24</top>
						<width>22</width>
						<height>22</height>
						<texture>$VAR[PVROverlay]</texture>
					</control>
				</focusedlayout>
			</control>

			<control type="scrollbar" id="27">
				<left>1244</left>
				<top>116</top>
				<width>20</width>
				<height>560</height>
				<onleft>15</onleft>
				<animation condition="!Control.HasFocus(27) + !Container.Scrolling + !StringCompare(Skin.String(show-scrollbar),$LOCALIZE[31875])" effect="fade" start="100" end="0" time="200" reversible="true">Conditional</animation>
				<visible>!StringCompare(Skin.String(show-scrollbar),$LOCALIZE[31877])</visible>
			</control>
		</control>
	</include>
	
	<include name="PVRTimerListView">
		<control type="group"><!-- Timers group -->
			<visible>Control.IsVisible(14)</visible>
			<control type="group">
				<left>20</left>
				<top>60</top>
				<control type="label"><!-- Channel heading -->
					<left>15</left>
					<top>20</top>
					<width>280</width>
					<height>25</height>
					<align>left</align>
					<label>$LOCALIZE[19029]</label>
				</control>
				<control type="label"><!-- Title heading -->
					<left>315</left>
					<top>20</top>
					<width>305</width>
					<height>25</height>
					<align>left</align>
					<label>$LOCALIZE[369]</label>
				</control>
				<control type="label"><!-- Schedule time heading -->
					<left>640</left>
					<top>20</top>
					<width>300</width>
					<height>25</height>
					<align>left</align>
					<label>$LOCALIZE[19225]</label>
				</control>
				<control type="label"><!-- Status heading -->
					<left>1110</left>
					<top>20</top>
					<width>150</width>
					<height>25</height>
					<align>center</align>
					<label>$LOCALIZE[126]</label>
				</control>
				<control type="image">
					<left>0</left>
					<top>50</top>
					<width>1240</width>
					<height>4</height>
					<texture>separator.png</texture>
				</control>
			</control>
			<control type="list" id="14">
				<left>20</left>
				<top>120</top>
				<width>1240</width>
				<height>500</height>
				<onleft condition="Skin.HasSetting(lock-screensettings)">noop</onleft>
				<onleft condition="!Skin.HasSetting(lock-screensettings)">9000</onleft>
				<onright condition="StringCompare(Skin.String(show-scrollbar),$LOCALIZE[31877])">noop</onright>
				<onright condition="!StringCompare(Skin.String(show-scrollbar),$LOCALIZE[31877])">27</onright>
				<onup>14</onup>
				<ondown>14</ondown>
				<viewtype label="536">list</viewtype>
				<pagecontrol>27</pagecontrol>
				<preloaditems>2</preloaditems>
				<itemlayout height="50">
					<control type="label">
						<left>15</left>
						<top>0</top>
						<width>280</width>
						<height>50</height>
						<font>font12</font>
						<label>$INFO[ListItem.ChannelName]</label>
					</control>
					<control type="label">
						<left>315</left>
						<top>0</top>
						<width>305</width>
						<height>50</height>
						<font>font12</font>
						<label>$INFO[ListItem.Label]</label>
					</control>
					<control type="label">
						<left>640</left>
						<top>0</top>
						<width>450</width>
						<height>50</height>
						<font>font12</font>
						<label>$INFO[ListItem.Date]</label>
					</control>
					<control type="image">
						<left>1176</left>
						<top>14</top>
						<width>22</width>
						<height>22</height>
						<texture>check-boxnf.png</texture>
						<visible>!StringCompare(ListItem.Comment,$LOCALIZE[305]) + !IsEmpty(ListItem.ChannelName)</visible>
					</control>
					<control type="image">
						<left>1176</left>
						<top>14</top>
						<width>22</width>
						<height>22</height>
						<texture>check-box.png</texture>
						<visible>StringCompare(ListItem.Comment,$LOCALIZE[305]) + !IsEmpty(ListItem.ChannelName)</visible>
					</control>
				</itemlayout>
				<focusedlayout height="50">
					<control type="image">
						<left>0</left>
						<top>0</top>
						<width>1240</width>
						<height>50</height>
						<texture border="8">button-default-focus.png</texture>
					</control>
					<control type="label">
						<left>15</left>
						<top>0</top>
						<width>280</width>
						<height>50</height>
						<font>font12</font>
						<label>$INFO[ListItem.ChannelName]</label>
					</control>
					<control type="label">
						<left>315</left>
						<top>0</top>
						<width>305</width>
						<height>50</height>
						<font>font12</font>
						<label>$INFO[ListItem.Label]</label>
					</control>
					<control type="label">
						<left>640</left>
						<top>0</top>
						<width>450</width>
						<height>50</height>
						<font>font12</font>
						<label>$INFO[ListItem.Date]</label>
					</control>
					<control type="image">
						<left>1176</left>
						<top>14</top>
						<width>22</width>
						<height>22</height>
						<texture>check-boxnf.png</texture>
						<visible>!StringCompare(ListItem.Comment,$LOCALIZE[305]) + !IsEmpty(ListItem.ChannelName)</visible>
					</control>
					<control type="image">
						<left>1176</left>
						<top>14</top>
						<width>22</width>
						<height>22</height>
						<texture>check-box.png</texture>
						<visible>StringCompare(ListItem.Comment,$LOCALIZE[305]) + !IsEmpty(ListItem.ChannelName)</visible>
					</control>
				</focusedlayout>
			</control>
			<control type="group">
				<visible>PVR.HasTimer</visible>
				<control type="label">
					<left>20</left>
					<top>640</top>
					<width>1240</width>
					<height>25</height>
					<align>center</align>
					<label>$INFO[PVR.NextTimer]</label>
				</control>
			</control>
			<control type="scrollbar" id="27">
				<left>1244</left>
				<top>120</top>
				<width>18</width>
				<height>500</height>
				<onleft>14</onleft>
				<animation condition="!Control.HasFocus(27) + !Container.Scrolling + !StringCompare(Skin.String(show-scrollbar),$LOCALIZE[31875])" effect="fade" start="100" end="0" time="200" reversible="true">Conditional</animation>
				<visible>!StringCompare(Skin.String(show-scrollbar),$LOCALIZE[31877])</visible>
			</control>
		</control>
	</include>
	<include name="PVRListView">
		<control type="group">
			<visible>Control.IsVisible(50) + IntegerGreaterThan(Container(50).NumItems,0)</visible>
			<control type="group">
				<control type="list" id="50">
					<left>678</left>
					<top>118</top>
					<width>552</width>
					<height>560</height>
					<onup>50</onup>
					<ondown>50</ondown>
					<onleft condition="Skin.HasSetting(lock-screensettings)">noop</onleft>
					<onleft condition="!Skin.HasSetting(lock-screensettings)">9000</onleft>
					<onright condition="StringCompare(Skin.String(show-scrollbar),$LOCALIZE[31877])">noop</onright>
					<onright condition="!StringCompare(Skin.String(show-scrollbar),$LOCALIZE[31877])">27</onright>
					<preloaditems>2</preloaditems>
					<pagecontrol>27</pagecontrol>
					<itemlayout width="552" height="70">
						<control type="image">
							<left>10</left>
							<top>10</top>
							<width>50</width>
							<height>50</height>
							<texture>DefaultFolder.png</texture>
							<visible>ListItem.IsFolder + !SubString(ListItem.Icon,DefaultFolderBack.png,Left)</visible>
						</control>
						<control type="image">
							<left>10</left>
							<top>10</top>
							<width>50</width>
							<height>50</height>
							<texture fallback="DefaultTvshows.png">$INFO[ListItem.Thumb]</texture>
							<visible>IsEmpty(Window.Property(IsRadio)) + !ListItem.IsFolder</visible>
						</control>
						<control type="image">
							<left>10</left>
							<top>10</top>
							<width>50</width>
							<height>50</height>
							<texture fallback="icon-radio.png">$INFO[ListItem.Thumb]</texture>
							<visible>!IsEmpty(Window.Property(IsRadio)) + !ListItem.IsFolder</visible>
						</control>
						<control type="label">
							<left>80</left>
							<top>8</top>
							<width>482</width>
							<height>24</height>
							<font>font11</font>
							<label>$INFO[ListItem.Label]</label>
						</control>
						<control type="label">
							<left>80</left>
							<top>34</top>
							<width>280</width>
							<height>24</height>
							<font>font11</font>
							<textcolor>disabled-text</textcolor>
							<label>$INFO[ListItem.ChannelNumberLabel]</label>
						</control>
						<control type="image">
							<left>-30</left>
							<top>24</top>
							<width>22</width>
							<height>22</height>
							<texture>$VAR[PVROverlay]</texture>
						</control>
					</itemlayout>
					<focusedlayout width="552" height="70">
						<control type="image">
							<left>10</left>
							<top>10</top>
							<width>50</width>
							<height>50</height>
							<texture>DefaultFolder.png</texture>
							<visible>ListItem.IsFolder + !SubString(ListItem.Icon,DefaultFolderBack.png,Left)</visible>
						</control>
						<control type="image">
							<left>10</left>
							<top>10</top>
							<width>50</width>
							<height>50</height>
							<texture fallback="DefaultTvshows.png">$INFO[ListItem.Thumb]</texture>
							<visible>IsEmpty(Window.Property(IsRadio)) + !ListItem.IsFolder</visible>
						</control>
						<control type="image">
							<left>10</left>
							<top>10</top>
							<width>50</width>
							<height>50</height>
							<texture fallback="icon-radio.png">$INFO[ListItem.Thumb]</texture>
							<visible>!IsEmpty(Window.Property(IsRadio)) + !ListItem.IsFolder</visible>
						</control>
						<control type="label">
							<left>80</left>
							<top>8</top>
							<width>482</width>
							<height>24</height>
							<font>font11</font>
							<label>$INFO[ListItem.Label]</label>
						</control>
						<control type="label">
							<left>80</left>
							<top>34</top>
							<width>280</width>
							<height>24</height>
							<font>font11</font>
							<textcolor>disabled-text</textcolor>
							<label>$INFO[ListItem.ChannelNumberLabel]</label>
						</control>
						<control type="image">
							<left>-30</left>
							<top>24</top>
							<width>22</width>
							<height>22</height>
							<texture>$VAR[PVROverlay]</texture>
						</control>
					</focusedlayout>
				</control>
				<control type="group">
					<top>64</top>
					<control type="group">
						<control type="image"><!-- Button focus slider -->
							<left>674</left>
							<top>330</top>
							<width>560</width>
							<height>70</height>
							<texture border="5">button-default-focus.png</texture>
							<aspectratio>stretch</aspectratio>
						</control>
						<animation condition="Container(50).Position(0)" effect="slide" start="0,0" end="0,-280"
							time="0" easing="inout" reversible="true">Conditional</animation>
						<animation condition="Container(50).Position(1)" effect="slide" start="0,0" end="0,-210"
							time="0" easing="inout" reversible="true">Conditional</animation>
						<animation condition="Container(50).Position(2)" effect="slide" start="0,0" end="0,-140"
							time="0" easing="inout" reversible="true">Conditional</animation>
						<animation condition="Container(50).Position(3)" effect="slide" start="0,0" end="0,-70"
							time="0" easing="inout" reversible="true">Conditional</animation>
						<!-- Animation for postion 4 does nothing, so removed-->
						<animation condition="Container(50).Position(5)" effect="slide" start="0,0" end="0,70"
							time="0" easing="inout" reversible="true">Conditional</animation>
						<animation condition="Container(50).Position(6)" effect="slide" start="0,0" end="0,140"
							time="0" easing="inout" reversible="true">Conditional</animation>
						<animation condition="Container(50).Position(7)" effect="slide" start="0,0" end="0,210"
							time="0" easing="inout" reversible="true">Conditional</animation>
					</control>
				</control>
				<control type="group"><!-- Current Icon/Channel playing -->
					<control type="grouplist">
						<visible>Control.IsVisible(13) | Control.IsVisible(50)</visible>
						<animation effect="fade" start="0" end="100" time="200" delay="100">Visible</animation>
						<left>20</left>
						<top>116</top>
						<width>628</width>
						<height>578</height>
						<itemgap>2</itemgap>
						<control type="group">
							<visible>!Player.HasVideo | [Player.HasVideo + Skin.HasSetting(background-playingmedia)]</visible>
							<left>0</left>
							<width>256</width>
							<height>256</height>
							<control type="group">
								<visible>IsEmpty(Window.Property(IsRadio))</visible>
								<control type="image">
									<left>186</left>
									<width>256</width>
									<height>256</height>
									<texture fallback="DefaultTvshows.png" background="true" diffuse="mask-rect.png">$INFO[ListItem.Thumb]</texture>
									<aspectratio scalediffuse="false">keep</aspectratio>
									<aligny>top</aligny>
									<visible>!IsEmpty(ListItem.Thumb)</visible>
								</control>
								<control type="image">
									<left>186</left>
									<width>256</width>
									<height>256</height>
									<texture fallback="DefaultTvshows.png" background="true">$INFO[ListItem.Icon]</texture>
									<aspectratio>keep</aspectratio>
									<aligny>top</aligny>
									<visible>IsEmpty(ListItem.Thumb) + !IsEmpty(ListItem.Icon)</visible>
								</control>
							</control>
							<control type="group">
								<visible>!IsEmpty(Window.Property(IsRadio))</visible>
								<control type="image">
									<left>186</left>
									<width>256</width>
									<height>256</height>
									<texture fallback="icon-radio.png" background="true" diffuse="mask-rect.png">$INFO[ListItem.Thumb]</texture>
									<aspectratio scalediffuse="false">keep</aspectratio>
									<aligny>top</aligny>
									<visible>!IsEmpty(ListItem.Thumb)</visible>
								</control>
								<control type="image">
									<left>186</left>
									<width>256</width>
									<height>256</height>
									<texture fallback="icon-radio.png" background="true">$INFO[ListItem.Icon]</texture>
									<aspectratio>keep</aspectratio>
									<aligny>top</aligny>
									<visible>IsEmpty(ListItem.Thumb) + !IsEmpty(ListItem.Icon)</visible>
								</control>
							</control>
						</control>
						<control type="group">
							<left>0</left>
							<width>512</width>
							<height>256</height>
							<visible>Player.HasVideo + !Skin.HasSetting(background-playingmedia)</visible>
							<control type="videowindow">
								<left>58</left>
								<width>512</width>
								<height>256</height>
							</control>
						</control>
						<control type="label">
							<label>$INFO[ListItem.Title]</label>
							<width>628</width>
							<height>34</height>
							<font>font18</font>
							<align>center</align>
							<wrapmultiline>true</wrapmultiline>
						</control>
						<control type="label"><!-- Start time -->
							<visible>!IsEmpty(ListItem.Plot) + !IsEmpty(ListItem.StartTime) + !IsEmpty(ListItem.EndTime)+ !Control.IsVisible(13)</visible>
							<width>628</width>
							<height>30</height>
							<align>center</align>
							<label>$LOCALIZE[31134] $INFO[ListItem.StartTime] - $LOCALIZE[31129] $INFO[ListItem.EndTime]</label>
						</control>
						<control type="image">
							<visible>!IsEmpty(ListItem.Title)</visible>
							<width>628</width>
							<height>4</height>
							<texture>separator.png</texture>
						</control>
						<control type="textbox"><!-- Plot -->
							<width>628</width>
							<height>212</height>
							<font>font12</font>
							<align>left</align>
							<label>$INFO[ListItem.Plot]</label>
							<visible>!IsEmpty(ListItem.Plot)</visible>
						</control>
						<control type="image">
							<visible>!IsEmpty(ListItem.Plot)</visible>
							<width>628</width>
							<height>4</height>
							<texture>separator.png</texture>
						</control>
					</control>
				</control>
				<control type="scrollbar" id="27">
					<left>1244</left>
					<top>112</top>
					<width>18</width>
					<height>565</height>
					<onleft>50</onleft>
					<animation condition="!Control.HasFocus(27) + !Container.Scrolling + !StringCompare(Skin.String(show-scrollbar),$LOCALIZE[31875])" effect="fade" start="100" end="0" time="200" reversible="true">Conditional</animation>
					<visible>!StringCompare(Skin.String(show-scrollbar),$LOCALIZE[31877])</visible>
				</control>
			</control>
		</control>
	</include>
	<include name="PVRSearchListView">
		<control type="group"><!-- TV search group -->
			<visible>Control.IsVisible(17)</visible>
			<control type="group">
				<left>80</left>
				<top>90</top>
				<control type="label"><!-- Channel -->
					<left>20</left>
					<top>20</top>
					<width>240</width>
					<height>24</height>
					<label>$LOCALIZE[19148]</label>
					<visible>Control.IsVisible(17)</visible>
				</control>
				<control type="label"><!-- Title -->
					<left>350</left>
					<top>20</top>
					<width>350</width>
					<height>24</height>
					<label>$LOCALIZE[369]</label>
					<visible>Control.IsVisible(17)</visible>
				</control>
				<control type="label"><!-- Time -->
					<left>720</left>
					<top>20</top>
					<width>260</width>
					<height>24</height>
					<align>center</align>
					<label>$LOCALIZE[21820]</label>
					<visible>Control.IsVisible(17)</visible>
				</control>
				<control type="label"><!-- Status header -->
					<left>970</left>
					<top>20</top>
					<width>140</width>
					<height>24</height>
					<align>center</align>
					<label>$LOCALIZE[126]</label>
					<visible>Control.IsVisible(17)</visible>
				</control>
				<control type="image">
					<left>0</left>
					<top>45</top>
					<width>1100</width>
					<height>4</height>
					<texture>separator.png</texture>
					<visible>Control.IsVisible(17)</visible>
				</control>
			</control>
			<control type="list" id="17">
				<left>48</left>
				<top>146</top>
				<width>1160</width>
				<height>506</height>
				<onleft condition="Skin.HasSetting(lock-screensettings)">noop</onleft>
				<onleft condition="!Skin.HasSetting(lock-screensettings)">9000</onleft>
				<onright condition="StringCompare(Skin.String(show-scrollbar),$LOCALIZE[31877])">noop</onright>
				<onright condition="!StringCompare(Skin.String(show-scrollbar),$LOCALIZE[31877])">27</onright>
				<onup>17</onup>
				<ondown>17</ondown>
				<viewtype label="536">list</viewtype>
				<pagecontrol>27</pagecontrol>
				<preloaditems>2</preloaditems>
				<itemlayout height="46">
					<control type="label">
						<left>52</left>
						<top>10</top>
						<width>240</width>
						<height>24</height>
						<font>font12</font>
						<label>$INFO[ListItem.ChannelName]</label>
					</control>
					<control type="label">
						<left>382</left>
						<top>10</top>
						<width>350</width>
						<height>24</height>
						<font>font12</font>
						<label>$INFO[ListItem.Label]</label>
					</control>
					<control type="label">
						<left>874</left>
						<top>10</top>
						<width>260</width>
						<height>24</height>
						<font>font12</font>
						<align>center</align>
						<label>$INFO[ListItem.Date]</label>
					</control>
					<control type="image">
						<left>1056</left>
						<top>7</top>
						<width>32</width>
						<height>32</height>
						<texture>$VAR[PVROverlay]</texture>
					</control>
				</itemlayout>
				<focusedlayout height="46">
					<control type="image">
						<left>0</left>
						<top>0</top>
						<width>1160</width>
						<height>46</height>
						<texture border="8">button-default-focus.png</texture>
					</control>
					<control type="label">
						<left>52</left>
						<top>10</top>
						<width>240</width>
						<height>24</height>
						<font>font12</font>
						<label>$INFO[ListItem.ChannelName]</label>
					</control>
					<control type="label">
						<left>382</left>
						<top>10</top>
						<width>350</width>
						<height>24</height>
						<font>font12</font>
						<label>$INFO[ListItem.Label]</label>
					</control>
					<control type="label">
						<left>874</left>
						<top>10</top>
						<width>260</width>
						<height>24</height>
						<font>font12</font>
						<align>center</align>
						<label>$INFO[ListItem.Date]</label>
					</control>
					<control type="image">
						<left>1056</left>
						<top>7</top>
						<width>32</width>
						<height>32</height>
						<texture>$VAR[PVROverlay]</texture>
					</control>
				</focusedlayout>
			</control>
			<control type="scrollbar" id="27">
				<left>1244</left>
				<top>146</top>
				<width>18</width>
				<height>506</height>
				<onleft>17</onleft>
				<animation condition="!Control.HasFocus(27) + !Container.Scrolling + !StringCompare(Skin.String(show-scrollbar),$LOCALIZE[31875])" effect="fade" start="100" end="0" time="200" reversible="true">Conditional</animation>
				<visible>!StringCompare(Skin.String(show-scrollbar),$LOCALIZE[31877])</visible>
			</control>
		</control>
	</include>
	<include name="PVRLiveTVView">
		<control type="group">
			<visible>Control.IsVisible(560) + IntegerGreaterThan(Container(560).NumItems,0)</visible>
			<control type="list" id="560">
				<viewtype label="$LOCALIZE[4]">list</viewtype>
				<left>70</left>
				<top>75</top>
				<width>760</width>
				<height>561</height>
				<onleft>2</onleft>
				<onright condition="StringCompare(Skin.String(show-scrollbar),$LOCALIZE[31877])">noop</onright>
				<onright condition="!StringCompare(Skin.String(show-scrollbar),$LOCALIZE[31877])">60</onright>
				<onup>560</onup>
				<ondown>560</ondown>
				<pagecontrol>60</pagecontrol>
				<visible>Container.Content(LiveTV)</visible>
				<itemlayout height="40" width="760">
					<control type="label">
						<left>10</left>
						<top>0</top>
						<width>730</width>
						<height>40</height>
						<label>$INFO[ListItem.Label]</label>
					</control>
					<control type="label">
						<right>750</right>
						<top>0</top>
						<width>700</width>
						<height>40</height>
						<font>font12</font>
						<align>right</align>
						<label>$INFO[ListItem.Label2]</label>
					</control>
				</itemlayout>
				<focusedlayout height="40" width="760">
					<control type="image">
						<left>0</left>
						<top>0</top>
						<width>760</width>
						<height>40</height>
						<texture border="8">button-default-focus.png</texture>
						<visible>Control.HasFocus(560)</visible>
					</control>
					<control type="label">
						<left>10</left>
						<top>0</top>
						<width>730</width>
						<height>40</height>
						<label>$INFO[ListItem.Label]</label>
						<include condition="Skin.HasSetting(text-autoscroll)">scrolltext</include>
					</control>
					<control type="label">
						<right>750</right>
						<top>0</top>
						<width>700</width>
						<height>40</height>
						<font>font12</font>
						<align>right</align>
						<label>$INFO[ListItem.Label2]</label>
						<include condition="Skin.HasSetting(text-autoscroll)">scrolltext</include>
					</control>
				</focusedlayout>
			</control>
			<control type="scrollbar" id="60">
				<left>854</left>
				<top>78</top>
				<width>18</width>
				<height>560</height>
				<onleft>560</onleft>
				<animation condition="!Control.HasFocus(60) + !Container.Scrolling + !StringCompare(Skin.String(show-scrollbar),$LOCALIZE[31875])" effect="fade" start="100" end="0" time="200" reversible="true">Conditional</animation>
				<visible>Control.IsVisible(560) + !StringCompare(Skin.String(show-scrollbar),$LOCALIZE[31877])</visible>
			</control>
			<control type="group">
				<visible>Control.IsVisible(560)</visible>
				<left>910</left>
				<top>80</top>
				<control type="image">
					<left>10</left>
					<top>0</top>
					<width>290</width>
					<height>290</height>
					<aspectratio aligny="bottom">keep</aspectratio>
					<fadetime>2000</fadetime>
					<texture background="true">$INFO[ListItem.Icon]</texture>
				</control>
				<control type="fadelabel">
					<left>10</left>
					<top>300</top>
					<width>290</width>
					<height>25</height>
					<label>$INFO[ListItem.Label2]</label>
					<align>center</align>
					<scrollout>false</scrollout>
					<pauseatend>1000</pauseatend>
				</control>
				<control type="textbox"><!-- TV show description -->
					<left>10</left>
					<top>330</top>
					<width>290</width>
					<height>220</height>
					<font>font12</font>
					<align>justify</align>
					<label>$INFO[ListItem.Plot]</label>
					<autoscroll time="2000" delay="3000" repeat="5000">Skin.HasSetting(text-autoscroll) + !System.ScreenSaverActive</autoscroll>
				</control>
			</control>
		</control>
	</include>
</includes>