<?xml version="1.0" encoding="UTF-8"?>
<window>
	<defaultcontrol always="true">300</defaultcontrol>
	<coordinates>
		<left>0</left>
		<top>0</top>
	</coordinates>
	<controls>
		<include>fadebackground</include>
		<control type="group">
			<left>0</left>
			<top>280</top>
			<visible>!Window.IsVisible(numericinput)</visible>
			<control type="button" id="309"><!-- Layout button (hidden)-->
				<left>-300</left>
				<top>0</top>
				<width>10</width>
				<height>10</height>
				<label></label>
				<texturenofocus border="5">blank.png</texturenofocus>
				<texturefocus border="5">blank.png</texturefocus>
			</control>
			<control type="label" id="311"><!-- Dialog heading -->
				<left>-400</left>
				<top>0</top>
				<width>10</width>
				<height>10</height>
			</control>
			<control type="group">
				<visible>!Control.IsVisible(313)</visible>
				<control type="edit" id="312"><!-- Entered text -->
					<left>224</left>
					<top>56</top>
					<width>832</width>
					<height>40</height>
					<texturenofocus border="6">background-keyboard-text.png</texturenofocus>
					<texturefocus border="6">background-keyboard-text.png</texturefocus>
					<hinttext>$INFO[Control.GetLabel(311)]</hinttext>
					<font>font18</font>
					<aligny>top</aligny>
					<textcolor>keyboard-focus-text</textcolor>
					<shadowcolor>keyboard-shadow-text</shadowcolor>
				</control>
			</control>
			<control type="group">
				<visible>Control.IsVisible(313)</visible>
				<control type="image">
					<left>224</left>
					<top>58</top>
					<width>832</width>
					<height>40</height>
					<texture border="6">background-keyboard-text.png</texture>
				</control>
				<control type="label" id="313"><!-- coding text input -->
					<left>140</left>
					<top>18</top>
					<width>1000</width>
					<height>30</height>
					<font>font18</font>
					<align>center</align>
					<aligny>center</aligny>
				</control>
				<control type="label" id="314"><!-- Coding text choices -->
					<left>224</left>
					<top>54</top>
					<width>832</width>
					<height>40</height>
					<font>font12</font>
					<align>center</align>
					<aligny>center</aligny>
					<textcolor>keyboard-focus-text</textcolor>
					<shadowcolor>keyboard-shadow-text</shadowcolor>
				</control>
			</control>
<!-- First Row -->
			<control type="grouplist">
				<left>160</left>
				<top>100</top>
				<width>960</width>
				<height>64</height>
				<orientation>horizontal</orientation>
				<itemgap>0</itemgap>
				<align>center</align>
				<control type="button" id="100"><!--(0,0) key button -->
					<ondown>120</ondown>
					<include>keyboard-key-common</include>
				</control>
				<control type="button" id="101"><!--(0,1) key button -->
					<onup>32</onup>
					<ondown>121</ondown>
					<include>keyboard-key-common</include>
				</control>
				<control type="button" id="102"><!--(0,2) key button -->
					<ondown>122</ondown>
					<include>keyboard-key-common</include>
				</control>
				<control type="button" id="103"><!--(0,3) key button -->
					<ondown>123</ondown>
					<include>keyboard-key-common</include>
				</control>
				<control type="button" id="104"><!--(0,4) key button -->
					<ondown>124</ondown>
					<include>keyboard-key-common</include>
				</control>
				<control type="button" id="105"><!--(0,5) key button -->
					<ondown>125</ondown>
					<include>keyboard-key-common</include>
				</control>
				<control type="button" id="106"><!--(0,6) key button -->
					<ondown>126</ondown>
					<include>keyboard-key-common</include>
				</control>
				<control type="button" id="107"><!--(0,7) key button -->
					<ondown>127</ondown>
					<include>keyboard-key-common</include>
				</control>
				<control type="button" id="108"><!--(0,8) key button -->
					<ondown>128</ondown>
					<include>keyboard-key-common</include>
				</control>
				<control type="button" id="109"><!--(0,9) key button -->
					<ondown>129</ondown>
					<include>keyboard-key-common</include>
				</control>
				<control type="button" id="110"><!--(0,10) key button -->
					<ondown>130</ondown>
					<include>keyboard-key-common</include>
				</control>
				<control type="button" id="111"><!--(0,11) key button -->
					<ondown>131</ondown>
					<include>keyboard-key-common</include>
				</control>
				<control type="button" id="300"><!-- DONE -->
					<width>128</width>
					<height>64</height>
					<texturenofocus border="6">key-special-focus.png</texturenofocus>
					<texturefocus border="6">key-standard-focus.png</texturefocus>
					<label>$LOCALIZE[20177]</label>
					<font>font13</font>
					<textcolor>keyboard-special-unfocus-text</textcolor>
					<focusedcolor>keyboard-special-focus-text</focusedcolor>
					<shadowcolor></shadowcolor>
					<align>center</align>
					<aligny>center</aligny>
					<ondown>8</ondown>
				</control>
			</control>
<!-- Second Row -->
			<control type="grouplist">
				<left>160</left>
				<top>164</top>
				<width>960</width>
				<height>64</height>
				<orientation>horizontal</orientation>
				<itemgap>0</itemgap>
				<align>center</align>
				<control type="button" id="120"><!--(1,0) key button -->
					<onup>100</onup>
					<ondown>140</ondown>
					<include>keyboard-key-common</include>
				</control>
				<control type="button" id="121"><!--(1,1) key button -->
					<onup>101</onup>
					<ondown>141</ondown>
					<include>keyboard-key-common</include>
				</control>
				<control type="button" id="122"><!--(1,2) key button -->
					<onup>102</onup>
					<ondown>142</ondown>
					<include>keyboard-key-common</include>
				</control>
				<control type="button" id="123"><!--(1,3) key button -->
					<onup>103</onup>
					<ondown>143</ondown>
					<include>keyboard-key-common</include>
				</control>
				<control type="button" id="124"><!--(1,4) key button -->
					<onup>104</onup>
					<ondown>144</ondown>
					<include>keyboard-key-common</include>
				</control>
				<control type="button" id="125"><!--(1,5) key button -->
					<onup>105</onup>
					<ondown>145</ondown>
					<include>keyboard-key-common</include>
				</control>
				<control type="button" id="126"><!--(1,6) key button -->
					<onup>106</onup>
					<ondown>146</ondown>
					<include>keyboard-key-common</include>
				</control>
				<control type="button" id="127"><!--(1,7) key button -->
					<onup>107</onup>
					<ondown>147</ondown>
					<include>keyboard-key-common</include>
				</control>
				<control type="button" id="128"><!--(1,8) key button -->
					<onup>108</onup>
					<ondown>148</ondown>
					<include>keyboard-key-common</include>
				</control>
				<control type="button" id="129"><!--(1,9) key button -->
					<onup>109</onup>
					<ondown>149</ondown>
					<include>keyboard-key-common</include>
				</control>
				<control type="button" id="130"><!--(1,10) key button -->
					<onup>110</onup>
					<ondown>150</ondown>
					<include>keyboard-key-common</include>
				</control>
				<control type="button" id="131"><!--(1,11) key button -->
					<onup>111</onup>
					<ondown>151</ondown>
					<include>keyboard-key-common</include>
				</control>
				<control type="button" id="8"><!-- BACKSPACE button -->
					<width>128</width>
					<height>64</height>
					<texturenofocus border="6">key-backspace-nofocus.png</texturenofocus>
					<texturefocus border="6">key-backspace-focus.png</texturefocus>
					<onup>300</onup>
					<ondown>305</ondown>
				</control>
			</control>
<!-- Third Row -->
			<control type="grouplist">
				<left>160</left>
				<top>228</top>
				<width>960</width>
				<height>64</height>
				<orientation>horizontal</orientation>
				<itemgap>0</itemgap>
				<align>center</align>
				<control type="button" id="140"><!-- (2,0) key button -->
					<onup>120</onup>
					<ondown>160</ondown>
					<include>keyboard-key-common</include>
				</control>
				<control type="button" id="141"><!-- (2,1) key button -->
					<onup>121</onup>
					<ondown>161</ondown>
					<include>keyboard-key-common</include>
				</control>
				<control type="button" id="142"><!-- (2,2) key button -->
					<onup>122</onup>
					<ondown>162</ondown>
					<include>keyboard-key-common</include>
				</control>
				<control type="button" id="143"><!-- (2,3) key button -->
					<onup>123</onup>
					<ondown>163</ondown>
					<include>keyboard-key-common</include>
				</control>
				<control type="button" id="144"><!-- (2,4) key button -->
					<onup>124</onup>
					<ondown>164</ondown>
					<include>keyboard-key-common</include>
				</control>
				<control type="button" id="145"><!-- (2,5) key button -->
					<onup>125</onup>
					<ondown>165</ondown>
					<include>keyboard-key-common</include>
				</control>
				<control type="button" id="146"><!-- (2,6) key button -->
					<onup>126</onup>
					<ondown>166</ondown>
					<include>keyboard-key-common</include>
				</control>
				<control type="button" id="147"><!-- (2,7) key button -->
					<onup>127</onup>
					<ondown>167</ondown>
					<include>keyboard-key-common</include>
				</control>
				<control type="button" id="148"><!-- (2,8) key button -->
					<onup>128</onup>
					<ondown>168</ondown>
					<include>keyboard-key-common</include>
				</control>
				<control type="button" id="149"><!-- (2,9) key button -->
					<onup>129</onup>
					<ondown>169</ondown>
					<include>keyboard-key-common</include>
				</control>
				<control type="button" id="150"><!-- (2,10) key button -->
					<onup>130</onup>
					<ondown>170</ondown>
					<include>keyboard-key-common</include>
				</control>
				<control type="button" id="151"><!-- (2,11) key button -->
					<onup>131</onup>
					<ondown>171</ondown>
					<include>keyboard-key-common</include>
				</control>
				<control type="button" id="305"><!-- Previous button -->
					<width>64</width>
					<height>64</height>
					<texturenofocus border="6">key-cursorleft-nofocus.png</texturenofocus>
					<texturefocus border="6">key-cursorleft-focus.png</texturefocus>
					<onup>8</onup>
					<ondown>303</ondown>
				</control>
				<control type="button" id="306"><!-- Next button -->
					<width>64</width>
					<height>64</height>
					<texturenofocus border="6">key-cursorright-nofocus.png</texturenofocus>
					<texturefocus border="6">key-cursorright-focus.png</texturefocus>
					<onup>8</onup>
					<ondown>303</ondown>
				</control>
			</control>
<!-- Forth Row -->
			<control type="grouplist">
				<left>160</left>
				<top>292</top>
				<width>960</width>
				<height>64</height>
				<orientation>horizontal</orientation>
				<itemgap>0</itemgap>
				<align>center</align>
				<control type="button" id="302"><!-- SHIFT button -->
					<left>0</left>
					<top>0</top>
					<width>128</width>
					<height>64</height>
					<texturenofocus border="6">key-shift-nofocus.png</texturenofocus>
					<texturefocus border="6">key-shift-focus.png</texturefocus>
					<onup>140</onup>
					<ondown>304</ondown>
				</control>
				<control type="button" id="160"><!-- (3,0) key button -->
					<onup>140</onup>
					<ondown>304</ondown>
					<include>keyboard-key-common</include>
				</control>
				<control type="button" id="161"><!-- (3,1) key button -->
					<onup>141</onup>
					<ondown>304</ondown>
					<include>keyboard-key-common</include>
				</control>
				<control type="button" id="162"><!-- (3,2) key button -->
					<onup>142</onup>
					<ondown>32</ondown>
					<include>keyboard-key-common</include>
				</control>
				<control type="button" id="163"><!-- (3,3) key button -->
					<onup>143</onup>
					<ondown>32</ondown>
					<include>keyboard-key-common</include>
				</control>
				<control type="button" id="164"><!-- (3,4) key button -->
					<onup>144</onup>
					<ondown>32</ondown>
					<include>keyboard-key-common</include>
				</control>
				<control type="button" id="165"><!-- (3,5) key button -->
					<onup>145</onup>
					<ondown>32</ondown>
					<include>keyboard-key-common</include>
				</control>
				<control type="button" id="166"><!-- (3,6) key button -->
					<onup>146</onup>
					<ondown>32</ondown>
					<include>keyboard-key-common</include>
				</control>
				<control type="button" id="167"><!-- (3,7) key button -->
					<onup>147</onup>
					<ondown>305</ondown>
					<include>keyboard-key-common</include>
				</control>
				<control type="button" id="168"><!-- (3,8) key button -->
					<onup>148</onup>
					<ondown>305</ondown>
					<include>keyboard-key-common</include>
				</control>
				<control type="button" id="169"><!-- (3,9) key button -->
					<onup>149</onup>
					<ondown>305</ondown>
					<include>keyboard-key-common</include>
				</control>
				<control type="button" id="170"><!-- (3,10) key button -->
					<onup>150</onup>
					<ondown>306</ondown>
					<include>keyboard-key-common</include>
				</control>
				<control type="button" id="171"><!-- (3,11) key button -->
					<onup>151</onup>
					<ondown>306</ondown>
					<include>keyboard-key-common</include>
				</control>
				<control type="togglebutton" id="303"><!-- CAPS LOCK button -->
					<width>128</width>
					<height>64</height>
					<texturenofocus border="6">key-shiftlock-off-nofocus.png</texturenofocus>
					<texturefocus border="6">key-shiftlock-off-focus.png</texturefocus>
					<alttexturenofocus border="6">key-shiftlock-on-nofocus.png</alttexturenofocus>
					<alttexturefocus border="6">key-shiftlock-on-focus.png</alttexturefocus>
					<onup>305</onup>
					<ondown>999</ondown>
				</control>
			</control>
<!-- Fifth Row -->
			<control type="grouplist">
				<left>160</left>
				<top>356</top>
				<width>960</width>
				<height>64</height>
				<orientation>horizontal</orientation>
				<itemgap>0</itemgap>
				<align>center</align>
				<control type="togglebutton" id="304"><!-- Symbols button -->
					<width>128</width>
					<height>64</height>
					<texturenofocus border="6">key-special-nofocus.png</texturenofocus>
					<texturefocus border="6">key-special-focus.png</texturefocus>
					<alttexturenofocus border="6">key-special-nofocus.png</alttexturenofocus>
					<alttexturefocus border="6">key-special-focus.png</alttexturefocus>
					<textcolor>keyboard-special-unfocus-text</textcolor>
					<focusedcolor>keyboard-special-focus-text</focusedcolor>
					<shadowcolor></shadowcolor>
					<font>font13</font>
					<align>center</align>
					<aligny>center</aligny>
					<label>@#$%</label>
					<altlabel>ABC</altlabel>
					<onup>302</onup>
				</control>
				<control type="button" id="32"><!-- SPACE button -->
					<width>384</width>
					<height>64</height>
					<texturenofocus border="6">key-special-nofocus.png</texturenofocus>
					<texturefocus border="6">key-special-focus.png</texturefocus>
					<label>$LOCALIZE[20182]</label>
					<font>font13</font>
					<textcolor>keyboard-special-unfocus-text</textcolor>
					<focusedcolor>keyboard-special-focus-text</focusedcolor>
					<shadowcolor></shadowcolor>
					<align>center</align>
					<aligny>center</aligny>
					<onup>164</onup>
				</control>
				<control type="button" id="307"><!-- IP Input button -->
					<width>64</width>
					<height>64</height>
					<texturenofocus border="6">key-ip-nofocus.png</texturenofocus>
					<texturefocus border="6">key-ip-focus.png</texturefocus>
					<onup>303</onup>
				</control>
				<control type="button" id="999"><!-- Keyboard select button -->
					<width>64</width>
					<height>64</height>
					<texturenofocus border="6">key-keyboard-nofocus.png</texturenofocus>
					<texturefocus border="6">key-keyboard-focus.png</texturefocus>
					<onclick>SendClick(virtualkeyboard,309)</onclick>
					<onup>303</onup>
				</control>
			</control>
		</control>
	</controls>
</window>
