<?xml version="1.0" encoding="UTF-8"?>
<includes>
	<include name="weather">
		<control type="group">
			<visible>!Weather.IsFetched</visible>
			<control type="image">
				<left>480</left>
				<top>100</top>
				<width>320</width>
				<height>320</height>
				<texture>icon-weather.png</texture>
				<animation effect="fade" delay="100" start="0" end="100" time="200">Visible</animation>
			</control>
			<control type="label"><!-- Current condition -->
				<left>384</left>
				<top>430</top>
				<width>512</width>
				<height>31</height>
				<label>$LOCALIZE[410]</label>
				<wrapmultiline>true</wrapmultiline>
				<font>font18</font>
				<align>center</align>
				<aligny>bottom</aligny>
			</control>
			<control type="image"><!-- Busy animation -->
				<left>576</left>
				<top>480</top>
				<width>128</width>
				<height>128</height>
				<texture>busy.png</texture>
				<aspectratio>keep</aspectratio>
				<include>busy-spin</include>
			</control>
		</control>
		<control type="group">
			<visible>Weather.IsFetched</visible>
			<control type="group">
				<visible>SubString(Weather.plugin,weather.ozweather) + Skin.HasSetting(showradar)</visible>
				<!-- RADAR BACKGROUND IMAGES -->
				<control type="image">
					<left>142</left>
					<top>120</top>
					<width>384</width>
					<height>418</height>
					<texture>special://profile/addon_data/weather.ozweather/radarbackgrounds/$INFO[Window.Property(Radar)]/legend.png</texture>
				</control>
				<control type="image">
					<left>142</left>
					<top>120</top>
					<width>384</width>
					<height>384</height>
					<texture>special://profile/addon_data/weather.ozweather/radarbackgrounds/$INFO[Window.Property(Radar)]/background.png</texture>
				</control>
				<control type="image">
					<left>142</left>
					<top>120</top>
					<width>384</width>
					<height>384</height>
					<texture>special://profile/addon_data/weather.ozweather/radarbackgrounds/$INFO[Window.Property(Radar)]/topography.png</texture>
				</control>
				<control type="image">
					<left>142</left>
					<top>120</top>
					<width>384</width>
					<height>384</height>
					<texture>special://profile/addon_data/weather.ozweather/radarbackgrounds/$INFO[Window.Property(Radar)]/catchments.png</texture>
				</control>
				<control type="image">
					<left>142</left>
					<top>120</top>
					<width>384</width>
					<height>384</height>
					<texture>special://profile/addon_data/weather.ozweather/radarbackgrounds/$INFO[Window.Property(Radar)]/range.png</texture>
				</control>
				<control type="image">
					<left>142</left>
					<top>120</top>
					<width>384</width>
					<height>384</height>
					<texture>special://profile/addon_data/weather.ozweather/radarbackgrounds/$INFO[Window.Property(Radar)]/locations.png</texture>
				</control>
				<!-- RADAR OVERLAY SLIDESHOW -->
				<control type="multiimage">
					<left>142</left>
					<top>113</top>
					<width>384</width>
					<height>384</height>
					<imagepath>special://profile/addon_data/weather.ozweather/currentloop/$INFO[Window.Property(Radar)]/</imagepath>
					<timeperimage>500</timeperimage>
					<pauseatend>1000</pauseatend>
					<fadetime>0</fadetime>
					<randomize>false</randomize>
					<loop>yes</loop>
				</control>
				<control type="label"><!-- Current condition -->
					<left>94</left>
					<top>550</top>
					<width>480</width>
					<height>31</height>
					<label>$INFO[Window.Property(Current.Condition)]</label>
					<wrapmultiline>true</wrapmultiline>
					<font>font18</font>
					<align>center</align>
					<aligny>bottom</aligny>
				</control>
				<control type="label"><!-- Current temp heading -->
					<left>194</left>
					<top>584</top>
					<width>280</width>
					<height>48</height>
					<font>font28</font>
					<align>center</align>
					<aligny>bottom</aligny>
					<label>$INFO[Window.Property(Current.Temperature)]$INFO[System.TemperatureUnits]</label>
				</control>
			</control>
			<control type="group">
				<visible>!SubString(Weather.plugin,weather.ozweather) | [SubString(Weather.plugin,weather.ozweather) + !Skin.HasSetting(showradar)]</visible>
				<left>24</left>
				<top>12</top>
				<control type="multiimage">
					<left>132</left>
					<top>94</top>
					<width>256</width>
					<height>256</height>
					<imagepath>$INFO[Skin.String(custom-weathericons)]$INFO[Window(Weather).Property(Current.FanartCode)]</imagepath>
					<aspectratio>keep</aspectratio>
					<timeperimage>200</timeperimage>
					<randomize>false</randomize>
					<fadetime>0</fadetime>
					<visible>Skin.String(custom-weathericons)</visible>
				</control>
				<control type="image">
					<left>132</left>
					<top>94</top>
					<width>256</width>
					<height>256</height>
					<texture>$INFO[Weather.Conditions]</texture>
					<aspectratio>keep</aspectratio>
					<visible>!Skin.String(custom-weathericons)</visible>
				</control>
				<control type="label"><!-- Current temp heading -->
					<right>656</right>
					<top>205</top>
					<width>150</width>
					<height>48</height>
					<font>font28</font>
					<align>right</align>
					<aligny>bottom</aligny>
					<label>[B]$INFO[Window.Property(Current.Temperature)][/B]$INFO[System.TemperatureUnits]</label>
				</control>
				<control type="label"><!-- Current condition -->
					<left>0</left>
					<top>356</top>
					<width>500</width>
					<height>62</height>
					<label>$INFO[Window.Property(Current.Condition)]</label>
					<wrapmultiline>true</wrapmultiline>
					<font>font18</font>
					<align>center</align>
					<aligny>bottom</aligny>
				</control>
				<control type="label"><!-- Current temperature range -->
					<right>656</right>
					<top>256</top>
					<width>130</width>
					<height>38</height>
					<label>[COLOR red]$INFO[Window(Weather).Property(Day0.HighTemp)][/COLOR] - [COLOR lightblue]$INFO[Window(Weather).Property(Day0.LowTemp)][/COLOR]</label>
					<font>font22</font>
					<align>right</align>
					<aligny>bottom</aligny>
					<visible>!IsEmpty(Window.Property(Day0.HighTemp))</visible>
				</control>
				<control type="image">
					<left>0</left>
					<top>410</top>
					<width>656</width>
					<height>4</height>
					<texture>separator.png</texture>
				</control>
				<control type="label"><!-- Current feels like heading -->
					<left>0</left>
					<top>412</top>
					<width>280</width>
					<height>43</height>
					<align>right</align>
					<label>$LOCALIZE[402] :</label>
				</control>
				<control type="label"><!-- Current dew heading -->
					<left>0</left>
					<top>443</top>
					<width>280</width>
					<height>43</height>
					<align>right</align>
					<label>$LOCALIZE[405] :</label>
				</control>
				<control type="label"><!-- Current humidity heading -->
					<left>0</left>
					<top>475</top>
					<width>280</width>
					<height>43</height>
					<align>right</align>
					<label>$LOCALIZE[406] :</label>
				</control>
				<control type="label"><!-- Current UV index heading -->
					<left>0</left>
					<top>506</top>
					<width>280</width>
					<height>43</height>
					<align>right</align>
					<label>$LOCALIZE[403] :</label>
				</control>
				<control type="label"><!-- Current Wind heading -->
					<left>0</left>
					<top>537</top>
					<width>280</width>
					<height>43</height>
					<align>right</align>
					<label>$LOCALIZE[404] :</label>
				</control>
				<control type="label"><!-- Current feels like value -->
					<left>290</left>
					<top>412</top>
					<width>366</width>
					<height>43</height>
					<label>$INFO[Window.Property(Current.FeelsLike)]$INFO[System.TemperatureUnits]</label>
				</control>
				<control type="label"><!-- Current dew value -->
					<left>290</left>
					<top>443</top>
					<width>366</width>
					<height>43</height>
					<label>$INFO[Window.Property(Current.DewPoint)]$INFO[System.TemperatureUnits]</label>
				</control>
				<control type="label"><!-- Current humidity value -->
					<left>290</left>
					<top>475</top>
					<width>366</width>
					<height>43</height>
					<label>$INFO[Window.Property(Current.Humidity)]</label>
				</control>
				<control type="label"><!-- Current UV index value -->
					<left>290</left>
					<top>506</top>
					<width>366</width>
					<height>43</height>
					<label>$INFO[Window.Property(Current.UVIndex)]</label>
				</control>
				<control type="label"><!-- Current wind value -->
					<left>290</left>
					<top>537</top>
					<width>366</width>
					<height>43</height>
					<label>$INFO[Window.Property(Current.Wind)]</label>
				</control>
			</control>
			<control type="group">
				<control type="group"><!-- Day 1 -->
					<left>690</left>
					<top>110</top>
					<control type="image">
						<left>34</left>
						<top>0</top>
						<width>532</width>
						<height>4</height>
						<texture>separator.png</texture>
					</control>
					<control type="label"><!-- Day label -->
						<left>60</left>
						<top>10</top>
						<width>522</width>
						<height>43</height>
						<font>font18</font>
						<label>$INFO[Window.Property(Day1.Title)]</label>
					</control>
					<control type="multiimage">
						<left>358</left>
						<top>10</top>
						<width>96</width>
						<height>96</height>
						<imagepath>$INFO[Skin.String(custom-weathericons)]$INFO[Window(Weather).Property(Day1.FanartCode)]</imagepath>
						<aspectratio>keep</aspectratio>
						<timeperimage>200</timeperimage>
						<randomize>false</randomize>
						<fadetime>0</fadetime>
						<visible>Skin.String(custom-weathericons)</visible>
					</control>
					<control type="image">
						<left>358</left>
						<top>10</top>
						<width>96</width>
						<height>96</height>
						<texture>$INFO[Window(Weather).Property(Day1.OutlookIcon)]</texture>
						<aspectratio>keep</aspectratio>
						<visible>!Skin.String(custom-weathericons)</visible>
					</control>
					<control type="label"><!-- Daily temperature range -->
						<left>60</left>
						<top>88</top>
						<width>130</width>
						<height>38</height>
						<label>[COLOR red]$INFO[Window(Weather).Property(Day1.HighTemp)][/COLOR] - [COLOR lightblue]$INFO[Window(Weather).Property(Day1.LowTemp)][/COLOR]</label>
						<font>font22</font>
						<visible>!IsEmpty(Window.Property(Day1.HighTemp))</visible>
					</control>
					<control type="label"><!-- Condition label -->
						<left>256</left>
						<top>98</top>
						<width>300</width>
						<height>25</height>
						<label>$INFO[Window.Property(Day1.Outlook)]</label>
						<align>center</align>
						<include condition="Skin.HasSetting(text-autoscroll)">scrolltext</include>
					</control>
					<control type="image">
						<left>34</left>
						<top>136</top>
						<width>532</width>
						<height>4</height>
						<texture>separator.png</texture>
					</control>
				</control>
				<control type="group"><!-- Day 2 -->
					<left>690</left>
					<top>244</top>
					<control type="label"><!-- Day label -->
						<left>60</left>
						<top>10</top>
						<width>814</width>
						<height>43</height>
						<font>font18</font>
						<label>$INFO[Window.Property(Day2.Title)]</label>
					</control>
					<control type="multiimage">
						<left>358</left>
						<top>10</top>
						<width>96</width>
						<height>96</height>
						<imagepath>$INFO[Skin.String(custom-weathericons)]$INFO[Window(Weather).Property(Day2.FanartCode)]</imagepath>
						<aspectratio>keep</aspectratio>
						<timeperimage>200</timeperimage>
						<randomize>false</randomize>
						<fadetime>0</fadetime>
						<visible>Skin.String(custom-weathericons)</visible>
					</control>
					<control type="image">
						<left>358</left>
						<top>10</top>
						<width>96</width>
						<height>96</height>
						<texture>$INFO[Window(Weather).Property(Day2.OutlookIcon)]</texture>
						<aspectratio>keep</aspectratio>
						<visible>!Skin.String(custom-weathericons)</visible>
					</control>
					<control type="label"><!-- Daily temperature range -->
						<left>60</left>
						<top>88</top>
						<width>130</width>
						<height>38</height>
						<label>[COLOR red]$INFO[Window(Weather).Property(Day2.HighTemp)][/COLOR] - [COLOR lightblue]$INFO[Window(Weather).Property(Day2.LowTemp)][/COLOR]</label>
						<font>font22</font>
						<visible>!IsEmpty(Window.Property(Day1.HighTemp))</visible>
					</control>
					<control type="label"><!-- Condition label -->
						<left>256</left>
						<top>98</top>
						<width>300</width>
						<height>25</height>
						<label>$INFO[Window.Property(Day2.Outlook)]</label>
						<align>center</align>
						<include condition="Skin.HasSetting(text-autoscroll)">scrolltext</include>
					</control>
					<control type="image">
						<left>34</left>
						<top>136</top>
						<width>532</width>
						<height>4</height>
						<texture>separator.png</texture>
					</control>
				</control>
				<control type="group"><!-- Day 3 -->
					<left>690</left>
					<top>378</top>
					<control type="label"><!-- Day label -->
						<left>60</left>
						<top>10</top>
						<width>814</width>
						<height>43</height>
						<font>font18</font>
						<label>$INFO[Window.Property(Day3.Title)]</label>
					</control>
					<control type="multiimage">
						<left>358</left>
						<top>10</top>
						<width>96</width>
						<height>96</height>
						<imagepath>$INFO[Skin.String(custom-weathericons)]$INFO[Window(Weather).Property(Day3.FanartCode)]</imagepath>
						<aspectratio>keep</aspectratio>
						<timeperimage>200</timeperimage>
						<randomize>false</randomize>
						<fadetime>0</fadetime>
						<visible>Skin.String(custom-weathericons)</visible>
					</control>
					<control type="image">
						<left>358</left>
						<top>10</top>
						<width>96</width>
						<height>96</height>
						<texture>$INFO[Window(Weather).Property(Day3.OutlookIcon)]</texture>
						<aspectratio>keep</aspectratio>
						<visible>!Skin.String(custom-weathericons)</visible>
					</control>
					<control type="label"><!-- Daily temperature range -->
						<left>60</left>
						<top>88</top>
						<width>130</width>
						<height>38</height>
						<label>[COLOR red]$INFO[Window(Weather).Property(Day3.HighTemp)][/COLOR] - [COLOR lightblue]$INFO[Window(Weather).Property(Day3.LowTemp)][/COLOR]</label>
						<font>font22</font>
						<visible>!IsEmpty(Window.Property(Day1.HighTemp))</visible>
					</control>
					<control type="label"><!-- Condition label -->
						<left>256</left>
						<top>98</top>
						<width>300</width>
						<height>25</height>
						<label>$INFO[Window.Property(Day3.Outlook)]</label>
						<align>center</align>
						<include condition="Skin.HasSetting(text-autoscroll)">scrolltext</include>
					</control>
					<control type="image">
						<left>34</left>
						<top>136</top>
						<width>532</width>
						<height>4</height>
						<texture>separator.png</texture>
					</control>
				</control>
				<control type="group"><!-- Day 4 -->
					<left>690</left>
					<top>512</top>
					<control type="label"><!-- Day title -->
						<left>60</left>
						<top>10</top>
						<width>814</width>
						<height>43</height>
						<font>font18</font>
						<label>$INFO[Window.Property(Day4.Title)]</label>
					</control>
					<control type="multiimage">
						<left>358</left>
						<top>10</top>
						<width>96</width>
						<height>96</height>
						<imagepath>$INFO[Skin.String(custom-weathericons)]$INFO[Window(Weather).Property(Day4.FanartCode)]</imagepath>
						<aspectratio>keep</aspectratio>
						<timeperimage>200</timeperimage>
						<randomize>false</randomize>
						<fadetime>0</fadetime>
						<visible>Skin.String(custom-weathericons)</visible>
					</control>
					<control type="image">
						<left>358</left>
						<top>10</top>
						<width>96</width>
						<height>96</height>
						<texture>$INFO[Window(Weather).Property(Day4.OutlookIcon)]</texture>
						<aspectratio>keep</aspectratio>
						<visible>!Skin.String(custom-weathericons)</visible>
					</control>
					<control type="label"><!-- Daily temperature range -->
						<left>60</left>
						<top>88</top>
						<width>130</width>
						<height>38</height>
						<label>[COLOR red]$INFO[Window(Weather).Property(Day4.HighTemp)][/COLOR] - [COLOR lightblue]$INFO[Window(Weather).Property(Day4.LowTemp)][/COLOR]</label>
						<font>font22</font>
						<visible>!IsEmpty(Window.Property(Day1.HighTemp))</visible>
					</control>
					<control type="label"><!-- Condition label -->
						<left>256</left>
						<top>98</top>
						<width>300</width>
						<height>25</height>
						<label>$INFO[Window.Property(Day4.Outlook)]</label>
						<align>center</align>
						<include condition="Skin.HasSetting(text-autoscroll)">scrolltext</include>
					</control>
					<control type="image">
						<left>34</left>
						<top>136</top>
						<width>532</width>
						<height>4</height>
						<texture>separator.png</texture>
					</control>
				</control>
			</control>
		</control>
	</include>
</includes>