<?xml version="1.0" encoding="UTF-8" standalone="yes"?>
<addon id="plugin.video.BanglaTVLive"
       name="Bangla TV Live"
       version="1.0.2"
       provider-name="Rozeb Momin">
  <requires>
    <import addon="xbmc.python" version="2.1.0"/>
  </requires>
     
  <extension point="xbmc.python.pluginsource"
            library="default.py">
        <provides>video</provides>
  </extension>
  <extension point="xbmc.addon.metadata">
    <summary>Bangla TV Live</summary>
    <description>Watch Bangladeshi TV Live on your DTVMC.</description>
    <platform>all</platform>
  </extension>
</addon>
