<?xml version="1.0" encoding="UTF-8" standalone="yes"?>
<addon id="plugin.video.VelayatTV" name="Velayat TV" version="1.0.2" provider-name="Rozeb Momin">
  <requires>
   <import addon="xbmc.python" version="2.1.0"/>
  </requires>
  <extension point="xbmc.python.pluginsource" library="default.py">
        <provides>video</provides>
  </extension>
  <extension point="xbmc.addon.metadata">
    <summary lang="en">Live stream from Velayat TV</summary>
    <description lang="en">Live stream from Velayat TV</description>
    <platform>all</platform>
    <language>en</language>
    <email>webmaster@askmaulana.com</email>
  </extension>
</addon>
