<?xml version="1.0" encoding="UTF-8"?>
<window>
	<defaultcontrol>999</defaultcontrol>
	<allowoverlay>yes</allowoverlay>
	<include>screen-fade</include>
	<controls>
		<include>background</include>
		<control type="label"><!-- Song Title -->
			<left>663</left>
			<top>37</top>
			<width>566</width>
			<height>72</height>
			<include condition="Skin.HasSetting(text-autoscroll)">scrolltext</include>
			<font>font18</font>
			<label>$INFO[ListItem.Title]</label>
			<wrapmultiline>true</wrapmultiline>
			<aligny>top</aligny>
		</control>
		<control type="image"><!-- CD case -->
			<left>138</left>
			<top>38</top>
			<width>386</width>
			<height>386</height>
			<texture>case-cd.png</texture>
			<aspectratio>keep</aspectratio>
			<visible>Skin.HasSetting(media-case) + [Container.Content(songs) | Container.Content(albums)] + !SubString(ListItem.Icon,Default,Left)</visible>
		</control>
		<control type="image"><!-- Album cover -->
			<left>183</left>
			<top>70</top>
			<width>320</width>
			<height>320</height>
			<texture diffuse="mask-squ.png" fallback="DefaultAudio.png" background="true">$INFO[ListItem.Icon]</texture>
			<aspectratio>stretch</aspectratio>
			<align>center</align>
		</control>
		<control type="image">
			<left>60</left>
			<top>406</top>
			<width>566</width>
			<height>4</height>
			<texture>separator.png</texture>
		</control>
		<control type="label"><!-- Album title -->
			<left>60</left>
			<top>418</top>
			<width>150</width>
			<height>25</height>
			<label>$LOCALIZE[558]:</label>
			<font>font12</font>
			<align>right</align>
		</control>
		<control type="label">
			<left>230</left>
			<top>418</top>
			<width>400</width>
			<height>25</height>
			<label>$INFO[ListItem.Album]</label>
			<font>font12</font>
		</control>
		<control type="label"><!-- Artist title -->
			<left>60</left>
			<top>450</top>
			<width>150</width>
			<height>25</height>
			<label>$LOCALIZE[557]:</label>
			<font>font12</font>
			<align>right</align>
		</control>
		<control type="label">
			<left>230</left>
			<top>450</top>
			<width>400</width>
			<height>25</height>
			<label>$INFO[ListItem.Artist]</label>
			<font>font12</font>
		</control>
		<control type="label"><!-- Genre title -->
			<left>60</left>
			<top>482</top>
			<width>150</width>
			<height>25</height>
			<label>$LOCALIZE[515]:</label>
			<font>font12</font>
			<align>right</align>
		</control>
		<control type="label">
			<left>230</left>
			<top>482</top>
			<width>400</width>
			<height>25</height>
			<label>$INFO[ListItem.Genre]</label>
			<font>font12</font>
		</control>
		<control type="label"><!-- Year title -->
			<left>60</left>
			<top>512</top>
			<width>150</width>
			<height>25</height>
			<label>$LOCALIZE[562]:</label>
			<font>font12</font>
			<align>right</align>
		</control>
		<control type="label">
			<left>230</left>
			<top>512</top>
			<width>400</width>
			<height>25</height>
			<label>$INFO[ListItem.Year]</label>
			<font>font12</font>
		</control>
		<control type="label"><!-- Track number title -->
			<left>60</left>
			<top>544</top>
			<width>150</width>
			<height>25</height>
			<label>$LOCALIZE[554]:</label>
			<font>font12</font>
			<align>right</align>
		</control>
		<control type="label">
			<left>230</left>
			<top>544</top>
			<width>100</width>
			<height>25</height>
			<label>$INFO[ListItem.TrackNumber]</label>
			<font>font12</font>
			<visible>!StringCompare(ListItem.TrackNumber,0)</visible>
		</control>
		<control type="label"><!-- Ratings title -->
			<left>60</left>
			<top>574</top>
			<width>150</width>
			<height>25</height>
			<label>$LOCALIZE[563]:</label>
			<font>font12</font>
			<align>right</align>
		</control>
		<control type="image">
			<left>230</left>
			<top>574</top>
			<width>150</width>
			<height>25</height>
			<texture>$VAR[MediaRating]</texture>
			<aspectratio>keep</aspectratio>
		</control>
		<control type="image">
			<left>60</left>
			<top>608</top>
			<width>566</width>
			<height>4</height>
			<texture>separator.png</texture>
		</control>
		<control type="textbox">
			<left>716</left>
			<top>130</top>
			<width>504</width>
			<height>500</height>
			<label>$INFO[ListItem.Comment]</label>
		</control>
		<control type="group" id="999">
			<control type="button" id="13"><!-- Get thumb button -->
				<left>301</left>
				<top>650</top>
				<width>212</width>
				<height>50</height>
				<label>$LOCALIZE[13405]</label>
				<align>center</align>
				<onback>SendClick(10)</onback>
				<onleft>15</onleft>
				<onright>12</onright>
			</control>
			<control type="button" id="12"><!-- Album info button -->
				<left>513</left>
				<top>650</top>
				<width>212</width>
				<height>50</height>
				<label>$LOCALIZE[10523]</label>
				<align>center</align>
				<onback>SendClick(10)</onback>
				<onleft>13</onleft>
				<onright>14</onright>
			</control>
			<control type="image"><!-- Fake rating button -->
				<left>726</left>
				<top>650</top>
				<width>212</width>
				<height>50</height>
				<texture border="8">button-default-focus.png</texture>
				<visible>[Control.HasFocus(14) | Control.HasFocus(15)]</visible>
			</control>
			<control type="label"><!-- Rating Button Label -->
				<left>738</left>
				<top>650</top>
				<width>123</width>
				<height>50</height>
				<label>$LOCALIZE[31229]</label>
			</control>
			<control type="button" id="14"><!-- Decrease Rating -->
				<left>862</left>
				<top>664</top>
				<width>26</width>
				<height>26</height>
				<texturenofocus>scroll-down.png</texturenofocus>
				<texturefocus>scroll-down-focus.png</texturefocus>
				<onclick>DecreaseRating</onclick>
				<onclick>SendClick(10)</onclick>
				<onclick>ActivateWindow(songinformation)</onclick>
				<onback>SendClick(10)</onback>
				<onleft>12</onleft>
				<onright>15</onright>
			</control>
			<control type="button" id="15"><!-- Increase Rating -->
				<left>894</left>
				<top>664</top>
				<width>26</width>
				<height>26</height>
				<texturenofocus>scroll-up.png</texturenofocus>
				<texturefocus>scroll-up-focus.png</texturefocus>
				<onclick>IncreaseRating</onclick>
				<onclick>SendClick(10)</onclick>
				<onclick>ActivateWindow(songinformation)</onclick>
				<onback>SendClick(10)</onback>
				<onleft>14</onleft>
				<onright>13</onright>
			</control>
		</control>
	</controls>
</window>