<?xml version="1.0" encoding="UTF-8" standalone="yes"?>
<addon id="plugin.video.ZZTest" name="ZZ Test" version="0.0.1" provider-name="Rozeb Momin">
  <requires>
    <import addon="xbmc.python" version="2.1.0" />
    <import addon="script.module.requests" />
    <import addon="script.module.beautifulsoup" />
    <import addon="script.module.elementtree" />
    <import addon="script.module.urlresolver" />
  </requires>
  <extension point="xbmc.python.pluginsource" library="default.py">
        <provides>video</provides>
  </extension>
  <extension point="xbmc.addon.metadata">
    <summary lang="en">ZZ Test Addon</summary>
    <description lang="en">...</description>
    <platform>all</platform>
    <language>en</language>
    <email>...</email>
  </extension>
</addon>