<?xml version="1.0" encoding="UTF-8"?>
<window type="dialog" id="1150">
	<zorder>2</zorder>
	<visible>!Window.IsVisible(startup)</visible>
	<controls>
		<control type="image"><!-- Kodi has been asked to quit/restart, fade screen down to show that something is happening -->
			<animation effect="fade" delay="10000" start="0" end="100" time="300" condition="true">Conditional</animation>
			<include>fullscreenimage</include>
			<texture colordiffuse="mask-background">background-mask.png</texture>
			<aspectratio>scale</aspectratio>
			<visible>!IsEmpty(Window(Home).Property(ShutdownKodi))</visible>
		</control>
		<control type="image"><!-- Global debug grid -->
			<visible>Skin.HasSetting(debug-grid)</visible>
			<include>fullscreenimage</include>
			<texture>debug-grid720.png</texture>
		</control>
		<control type="group"><!-- Window/Dialog debug -->
			<visible>Skin.HasSetting(debug-info)</visible>
			<control type="grouplist">
				<left>15</left>
				<top>15</top>
				<width>620</width>
				<height>450</height>
				<itemgap>12</itemgap>
				<!-- Custom Window labels -->
				<control type="label">
					<include>overlaylabel-dimension</include>
					<textcolor>info-text</textcolor>
					<label>Custom_3DDialogSelect.xml</label>
					<visible>Window.IsVisible(Custom_3DDialogSelect.xml)</visible>
				</control>
				<control type="label">
					<include>overlaylabel-dimension</include>
					<textcolor>info-text</textcolor>
					<label>Custom_AddonsList.xml</label>
					<visible>Window.IsVisible(Custom_AddonsList.xml)</visible>
				</control>
				<control type="label">
					<include>overlaylabel-dimension</include>
					<textcolor>info-text</textcolor>
					<label>Custom_DialogSelect.xml</label>
					<visible>Window.IsVisible(Custom_DialogSelect.xml)</visible>
				</control>
				<control type="label">
					<include>overlaylabel-dimension</include>
					<textcolor>info-text</textcolor>
					<label>Custom_HomeSettings.xml</label>
					<visible>Window.IsVisible(Custom_HomeSettings.xml)</visible>
				</control>
				<control type="label">
					<include>overlaylabel-dimension</include>
					<textcolor>info-text</textcolor>
					<label>Custom_LibraryEntry.xml</label>
					<visible>Window.IsVisible(Custom_LibraryEntry.xml)</visible>
				</control>
				<!-- Window labels -->
				<control type="label">
					<include>overlaylabel-dimension</include>
					<textcolor>info-text</textcolor>
					<label>AddonBrowser.xml</label>
					<visible>Window.IsVisible(AddonBrowser.xml)</visible>
				</control>
				<control type="label">
					<include>overlaylabel-dimension</include>
					<textcolor>info-text</textcolor>
					<label>FileManager.xml</label>
					<visible>Window.IsVisible(FileManager.xml)</visible>
				</control>
				<control type="label">
					<include>overlaylabel-dimension</include>
					<textcolor>info-text</textcolor>
					<label>Home.xml</label>
					<visible>Window.IsVisible(Home.xml)</visible>
				</control>
				<control type="label">
					<include>overlaylabel-dimension</include>
					<textcolor>info-text</textcolor>
					<label>LoginScreen.xml</label>
					<visible>Window.IsVisible(LoginScreen.xml)</visible>
				</control>
				<control type="label">
					<include>overlaylabel-dimension</include>
					<textcolor>info-text</textcolor>
					<label>MyMusicNav.xml</label>
					<visible>Window.IsVisible(MyMusicNav.xml)</visible>
				</control>
				<control type="label">
					<include>overlaylabel-dimension</include>
					<textcolor>info-text</textcolor>
					<label>MyMusicPlaylist.xml</label>
					<visible>Window.IsVisible(MyMusicPlaylist.xml)</visible>
				</control>
				<control type="label">
					<include>overlaylabel-dimension</include>
					<textcolor>info-text</textcolor>
					<label>MyMusicPlaylistEditor.xml</label>
					<visible>Window.IsVisible(MyMusicPlaylistEditor.xml)</visible>
				</control>
				<control type="label">
					<include>overlaylabel-dimension</include>
					<textcolor>info-text</textcolor>
					<label>MyPics.xml</label>
					<visible>Window.IsVisible(MyPics.xml)</visible>
				</control>
				<control type="label">
					<include>overlaylabel-dimension</include>
					<textcolor>info-text</textcolor>
					<label>MyPrograms.xml</label>
					<visible>Window.IsVisible(MyPrograms.xml)</visible>
				</control>
				<control type="label">
					<include>overlaylabel-dimension</include>
					<textcolor>info-text</textcolor>
					<label>MyPVRChannels.xml</label>
					<visible>Window.IsVisible(MyPVRChannels.xml)</visible>
				</control>
				<control type="label">
					<include>overlaylabel-dimension</include>
					<textcolor>info-text</textcolor>
					<label>MyPVRGuide.xml</label>
					<visible>Window.IsVisible(MyPVRGuide.xml)</visible>
				</control>
				<control type="label">
					<include>overlaylabel-dimension</include>
					<textcolor>info-text</textcolor>
					<label>MyPVRRecordings.xml</label>
					<visible>Window.IsVisible(MyPVRRecordings.xml)</visible>
				</control>
				<control type="label">
					<include>overlaylabel-dimension</include>
					<textcolor>info-text</textcolor>
					<label>MyPVRSearch.xml</label>
					<visible>Window.IsVisible(MyPVRSearch.xml)</visible>
				</control>
				<control type="label">
					<include>overlaylabel-dimension</include>
					<textcolor>info-text</textcolor>
					<label>MyPVRTimers.xml</label>
					<visible>Window.IsVisible(MyPVRTimers.xml)</visible>
				</control>
				<control type="label">
					<include>overlaylabel-dimension</include>
					<textcolor>info-text</textcolor>
					<label>MyVideoNav.xml</label>
					<visible>Window.IsVisible(MyVideoNav.xml)</visible>
				</control>
				<control type="label">
					<include>overlaylabel-dimension</include>
					<textcolor>info-text</textcolor>
					<label>MyVideoPlaylist.xml</label>
					<visible>Window.IsVisible(MyVideoPlaylist.xml)</visible>
				</control>
				<control type="label">
					<include>overlaylabel-dimension</include>
					<textcolor>info-text</textcolor>
					<label>MyWeather.xml</label>
					<visible>Window.IsVisible(MyWeather.xml)</visible>
				</control>
				<control type="label">
					<include>overlaylabel-dimension</include>
					<textcolor>info-text</textcolor>
					<label>Settings.xml</label>
					<visible>Window.IsVisible(Settings.xml)</visible>
				</control>
				<control type="label">
					<include>overlaylabel-dimension</include>
					<textcolor>info-text</textcolor>
					<label>SettingsCategory.xml</label>
					<visible>Window.IsVisible(SettingsCategory.xml)</visible>
				</control>
				<control type="label">
					<include>overlaylabel-dimension</include>
					<textcolor>info-text</textcolor>
					<label>SkinSettings.xml</label>
					<visible>Window.IsVisible(SkinSettings.xml)</visible>
				</control>
				<control type="label">
					<include>overlaylabel-dimension</include>
					<textcolor>info-text</textcolor>
					<label>SettingsProfile.xml</label>
					<visible>Window.IsVisible(SettingsProfile.xml)</visible>
				</control>
				<control type="label">
					<include>overlaylabel-dimension</include>
					<textcolor>info-text</textcolor>
					<label>VideoFullScreen.xml</label>
					<visible>Window.IsVisible(VideoFullScreen.xml)</visible>
				</control>
				<!-- Dialog labels -->
				<control type="label">
					<include>overlaylabel-dimension</include>
					<textcolor>kai-text</textcolor>
					<label>DialogAddonInfo.xml</label>
					<visible>Window.IsVisible(DialogAddonInfo.xml)</visible>
				</control>
				<control type="label">
					<include>overlaylabel-dimension</include>
					<textcolor>kai-text</textcolor>
					<label>DialogAddonSettings.xml</label>
					<visible>Window.IsVisible(DialogAddonSettings.xml)</visible>
				</control>
				<control type="label">
					<include>overlaylabel-dimension</include>
					<textcolor>kai-text</textcolor>
					<label>DialogAlbumInfo.xml</label>
					<visible>Window.IsVisible(DialogAlbumInfo.xml)</visible>
				</control>
				<control type="label">
					<include>overlaylabel-dimension</include>
					<textcolor>info-text</textcolor>
					<label>DialogAudioDSPManager.xml</label>
					<visible>Window.IsVisible(DialogAudioDSPManager.xml)</visible>
				</control>
				<control type="label">
					<include>overlaylabel-dimension</include>
					<textcolor>info-text</textcolor>
					<label>DialogAudioDSPSettings.xml</label>
					<visible>Window.IsVisible(DialogAudioDSPSettings.xml)</visible>
				</control>
				<control type="label">
					<include>overlaylabel-dimension</include>
					<textcolor>kai-text</textcolor>
					<label>DialogBusy.xml</label>
					<visible>Window.IsVisible(DialogBusy.xml)</visible>
				</control>
				<control type="label">
					<include>overlaylabel-dimension</include>
					<textcolor>kai-text</textcolor>
					<label>DialogButtonMenu.xml</label>
					<visible>Window.IsVisible(DialogButtonMenu.xml)</visible>
				</control>
				<control type="label">
					<include>overlaylabel-dimension</include>
					<textcolor>kai-text</textcolor>
					<label>DialogContentSettings.xml</label>
					<visible>Window.IsVisible(DialogContentSettings.xml)</visible>
				</control>
				<control type="label">
					<include>overlaylabel-dimension</include>
					<textcolor>kai-text</textcolor>
					<label>DialogContextMenu.xml</label>
					<visible>Window.IsVisible(DialogContextMenu.xml)</visible>
				</control>
				<control type="label">
					<include>overlaylabel-dimension</include>
					<textcolor>kai-text</textcolor>
					<label>DialogExtendedProgressBar.xml</label>
					<visible>Window.IsVisible(DialogExtendedProgressBar.xml)</visible>
				</control>
				<control type="label">
					<include>overlaylabel-dimension</include>
					<textcolor>kai-text</textcolor>
					<label>DialogFavourites.xml</label>
					<visible>Window.IsVisible(DialogFavourites.xml)</visible>
				</control>
				<control type="label">
					<include>overlaylabel-dimension</include>
					<textcolor>kai-text</textcolor>
					<label>DialogFullScreenInfo.xml</label>
					<visible>Window.IsVisible(DialogFullScreenInfo.xml)</visible>
				</control>
				<control type="label">
					<include>overlaylabel-dimension</include>
					<textcolor>kai-text</textcolor>
					<label>DialogKaiToast.xml</label>
					<visible>Window.IsVisible(DialogKaiToast.xml)</visible>
				</control>
				<control type="label">
					<include>overlaylabel-dimension</include>
					<textcolor>kai-text</textcolor>
					<label>DialogKeyboard.xml</label>
					<visible>Window.IsVisible(DialogKeyboard.xml)</visible>
				</control>
				<control type="label">
					<include>overlaylabel-dimension</include>
					<textcolor>kai-text</textcolor>
					<label>DialogMasterModeFreeSurround.xml</label>
					<visible>Window.IsVisible(DialogMasterModeFreeSurround.xml)</visible>
				</control>
				<control type="label">
					<include>overlaylabel-dimension</include>
					<textcolor>kai-text</textcolor>
					<label>DialogMediaFilter.xml</label>
					<visible>Window.IsVisible(DialogMediaFilter.xml)</visible>
				</control>
				<control type="label">
					<include>overlaylabel-dimension</include>
					<textcolor>kai-text</textcolor>
					<label>DialogMediaSource.xml</label>
					<visible>Window.IsVisible(DialogMediaSource.xml)</visible>
				</control>
				<control type="label">
					<include>overlaylabel-dimension</include>
					<textcolor>kai-text</textcolor>
					<label>DialogMusicScan.xml</label>
					<visible>Window.IsVisible(DialogMusicScan.xml)</visible>
				</control>
				<control type="label">
					<include>overlaylabel-dimension</include>
					<textcolor>kai-text</textcolor>
					<label>DialogMuteBug.xml</label>
					<visible>Window.IsVisible(DialogMuteBug.xml)</visible>
				</control>
				<control type="label">
					<include>overlaylabel-dimension</include>
					<textcolor>kai-text</textcolor>
					<label>DialogNetworkSetup.xml</label>
					<visible>Window.IsVisible(DialogNetworkSetup.xml)</visible>
				</control>
				<control type="label">
					<include>overlaylabel-dimension</include>
					<textcolor>kai-text</textcolor>
					<label>DialogNumeric.xml</label>
					<visible>Window.IsVisible(DialogNumeric.xml)</visible>
				</control>
				<control type="label">
					<include>overlaylabel-dimension</include>
					<textcolor>kai-text</textcolor>
					<label>DialogOK.xml</label>
					<visible>Window.IsVisible(DialogOK.xml)</visible>
				</control>
				<control type="label">
					<include>overlaylabel-dimension</include>
					<textcolor>kai-text</textcolor>
					<label>DialogParametricEQ.xml</label>
					<visible>Window.IsVisible(DialogParametricEQ.xml)</visible>
				</control>
				<control type="label">
					<include>overlaylabel-dimension</include>
					<textcolor>kai-text</textcolor>
					<label>DialogPeripheralSettings.xml</label>
					<visible>Window.IsVisible(DialogPeripheralSettings.xml)</visible>
				</control>
				<control type="label">
					<include>overlaylabel-dimension</include>
					<textcolor>kai-text</textcolor>
					<label>DialogPictureInfo.xml</label>
					<visible>Window.IsVisible(DialogPictureInfo.xml)</visible>
				</control>
				<control type="label">
					<include>overlaylabel-dimension</include>
					<textcolor>kai-text</textcolor>
					<label>DialogProgress.xml</label>
					<visible>Window.IsVisible(DialogProgress.xml)</visible>
				</control>
				<control type="label">
					<include>overlaylabel-dimension</include>
					<textcolor>kai-text</textcolor>
					<label>DialogPVRChannelManager.xml</label>
					<visible>Window.IsVisible(DialogPVRChannelManager.xml)</visible>
				</control>
				<control type="label">
					<include>overlaylabel-dimension</include>
					<textcolor>kai-text</textcolor>
					<label>DialogPVRChannelsOSD.xml</label>
					<visible>Window.IsVisible(DialogPVRChannelsOSD.xml)</visible>
				</control>
				<control type="label">
					<include>overlaylabel-dimension</include>
					<textcolor>kai-text</textcolor>
					<label>DialogPVRGroupManager.xml</label>
					<visible>Window.IsVisible(DialogPVRGroupManager.xml)</visible>
				</control>
				<control type="label">
					<include>overlaylabel-dimension</include>
					<textcolor>kai-text</textcolor>
					<label>DialogPVRInfo.xml</label>
					<visible>Window.IsVisible(DialogPVRInfo.xml)</visible>
				</control>
				<control type="label">
					<include>overlaylabel-dimension</include>
					<textcolor>kai-text</textcolor>
					<label>DialogPVRGuideOSD.xml</label>
					<visible>Window.IsVisible(DialogPVRGuideOSD.xml)</visible>
				</control>
				<control type="label">
					<include>overlaylabel-dimension</include>
					<textcolor>kai-text</textcolor>
					<label>DialogPVRGuideSearch.xml</label>
					<visible>Window.IsVisible(DialogPVRGuideSearch.xml)</visible>
				</control>
				<control type="label">
					<include>overlaylabel-dimension</include>
					<textcolor>kai-text</textcolor>
					<label>DialogPVRTimerSettings.xml</label>
					<visible>Window.IsVisible(DialogPVRTimerSettings.xml)</visible>
				</control>
				<control type="label">
					<include>overlaylabel-dimension</include>
					<textcolor>kai-text</textcolor>
					<label>DialogSeekbar.xml</label>
					<visible>Window.IsVisible(DialogSeekbar.xml)</visible>
				</control>
				<control type="label">
					<include>overlaylabel-dimension</include>
					<textcolor>kai-text</textcolor>
					<label>DialogSelect.xml</label>
					<visible>Window.IsVisible(DialogSelect.xml)</visible>
				</control>
				<control type="label">
					<include>overlaylabel-dimension</include>
					<textcolor>kai-text</textcolor>
					<label>DialogSlider.xml</label>
					<visible>Window.IsVisible(DialogSlider.xml)</visible>
				</control>
				<control type="label">
					<include>overlaylabel-dimension</include>
					<textcolor>kai-text</textcolor>
					<label>DialogSongInfo.xml</label>
					<visible>Window.IsVisible(DialogSongInfo.xml)</visible>
				</control>
				<control type="label">
					<include>overlaylabel-dimension</include>
					<textcolor>kai-text</textcolor>
					<label>DialogSpeakerDistance.xml</label>
					<visible>Window.IsVisible(DialogSpeakerDistance.xml)</visible>
				</control>
				<control type="label">
					<include>overlaylabel-dimension</include>
					<textcolor>kai-text</textcolor>
					<label>DialogSpeakerGain.xml</label>
					<visible>Window.IsVisible(DialogSpeakerGain.xml)</visible>
				</control>
				<control type="label">
					<include>overlaylabel-dimension</include>
					<textcolor>kai-text</textcolor>
					<label>DialogSubtitles.xml</label>
					<visible>Window.IsVisible(DialogSubtitles.xml)</visible>
				</control>
				<control type="label">
					<include>overlaylabel-dimension</include>
					<textcolor>kai-text</textcolor>
					<label>DialogTextViewer.xml</label>
					<visible>Window.IsVisible(DialogTextViewer.xml)</visible>
				</control>
				<control type="label">
					<include>overlaylabel-dimension</include>
					<textcolor>kai-text</textcolor>
					<label>DialogVideoInfo.xml</label>
					<visible>Window.IsVisible(DialogVideoInfo.xml)</visible>
				</control>
				<control type="label">
					<include>overlaylabel-dimension</include>
					<textcolor>kai-text</textcolor>
					<label>DialogVideoScan.xml</label>
					<visible>Window.IsVisible(DialogVideoScan.xml)</visible>
				</control>
				<control type="label">
					<include>overlaylabel-dimension</include>
					<textcolor>kai-text</textcolor>
					<label>DialogVolumeBar.xml</label>
					<visible>Window.IsVisible(DialogVolumeBar.xml)</visible>
				</control>
				<control type="label">
					<include>overlaylabel-dimension</include>
					<textcolor>kai-text</textcolor>
					<label>DialogYesNo.xml</label>
					<visible>Window.IsVisible(DialogYesNo.xml)</visible>
				</control>
				<control type="label">
					<include>overlaylabel-dimension</include>
					<textcolor>kai-text</textcolor>
					<label>FileBrowser.xml</label>
					<visible>Window.IsVisible(FileBrowser.xml)</visible>
				</control>
				<control type="label">
					<include>overlaylabel-dimension</include>
					<textcolor>kai-text</textcolor>
					<label>LockSettings.xml</label>
					<visible>Window.IsVisible(LockSettings.xml)</visible>
				</control>
				<control type="label">
					<include>overlaylabel-dimension</include>
					<textcolor>kai-text</textcolor>
					<label>MusicOSD.xml</label>
					<visible>Window.IsVisible(MusicOSD.xml)</visible>
				</control>
				<control type="label">
					<include>overlaylabel-dimension</include>
					<textcolor>kai-text</textcolor>
					<label>MusicVisualisation.xml</label>
					<visible>Window.IsVisible(MusicVisualisation.xml)</visible>
				</control>
				<control type="label">
					<include>overlaylabel-dimension</include>
					<textcolor>kai-text</textcolor>
					<label>PlayerControls.xml</label>
					<visible>Window.IsVisible(PlayerControls.xml)</visible>
				</control>
				<control type="label">
					<include>overlaylabel-dimension</include>
					<textcolor>kai-text</textcolor>
					<label>ProfileSettings.xml</label>
					<visible>Window.IsVisible(ProfileSettings.xml)</visible>
				</control>
				<control type="label">
					<include>overlaylabel-dimension</include>
					<textcolor>kai-text</textcolor>
					<label>script-globalsearch-contextmenu.xml</label>
					<visible>Window.IsVisible(script-globalsearch-contextmenu.xml)</visible>
				</control>
				<control type="label">
					<include>overlaylabel-dimension</include>
					<textcolor>kai-text</textcolor>
					<label>script-globalsearch-infodialog.xml</label>
					<visible>Window.IsVisible(script-globalsearch-infodialog.xml)</visible>
				</control>
				<control type="label">
					<include>overlaylabel-dimension</include>
					<textcolor>kai-text</textcolor>
					<label>script-globalsearch-main.xml</label>
					<visible>Window.IsVisible(script-globalsearch-main.xml)</visible>
				</control>
				<control type="label">
					<include>overlaylabel-dimension</include>
					<textcolor>kai-text</textcolor>
					<label>script-NextAired-TVGuide.xml</label>
					<visible>Window.IsVisible(script-NextAired-TVGuide.xml)</visible>
				</control>
				<control type="label">
					<include>overlaylabel-dimension</include>
					<textcolor>kai-text</textcolor>
					<label>script-videoextras-context.xml</label>
					<visible>Window.IsVisible(script-videoextras-context.xml)</visible>
				</control>
				<control type="label">
					<include>overlaylabel-dimension</include>
					<textcolor>kai-text</textcolor>
					<label>script-videoextras-main.xml</label>
					<visible>Window.IsVisible(script-videoextras-main.xml)</visible>
				</control>
				<control type="label">
					<include>overlaylabel-dimension</include>
					<textcolor>kai-text</textcolor>
					<label>script-videoextras-resume.xml</label>
					<visible>Window.IsVisible(script-videoextras-resume.xml)</visible>
				</control>
				<control type="label">
					<include>overlaylabel-dimension</include>
					<textcolor>kai-text</textcolor>
					<label>script-cu-lrclyrics-main.xml</label>
					<visible>Window.IsVisible(script-cu-lrclyrics-main.xml)</visible>
				</control>
				<control type="label">
					<include>overlaylabel-dimension</include>
					<textcolor>kai-text</textcolor>
					<label>SettingsScreenCalibration.xml</label>
					<visible>Window.IsVisible(SettingsScreenCalibration.xml)</visible>
				</control>
				<control type="label">
					<include>overlaylabel-dimension</include>
					<textcolor>kai-text</textcolor>
					<label>SettingsSystemInfo.xml</label>
					<visible>Window.IsVisible(SettingsSystemInfo.xml)</visible>
				</control>
				<control type="label">
					<include>overlaylabel-dimension</include>
					<textcolor>kai-text</textcolor>
					<label>SlideShow.xml</label>
					<visible>Window.IsVisible(SlideShow.xml)</visible>
				</control>
				<control type="label">
					<include>overlaylabel-dimension</include>
					<textcolor>kai-text</textcolor>
					<label>SmartPlaylistEditor.xml</label>
					<visible>Window.IsVisible(SmartPlaylistEditor.xml)</visible>
				</control>
				<control type="label">
					<include>overlaylabel-dimension</include>
					<textcolor>kai-text</textcolor>
					<label>SmartPlaylistRule.xml</label>
					<visible>Window.IsVisible(SmartPlaylistRule.xml)</visible>
				</control>
				<control type="label">
					<include>overlaylabel-dimension</include>
					<textcolor>kai-text</textcolor>
					<label>VideoOSD.xml</label>
					<visible>Window.IsVisible(VideoOSD.xml)</visible>
				</control>
				<control type="label">
					<include>overlaylabel-dimension</include>
					<textcolor>kai-text</textcolor>
					<label>VideoOSDBookmarks.xml</label>
					<visible>Window.IsVisible(VideoOSDBookmarks.xml)</visible>
				</control>
				<control type="label">
					<include>overlaylabel-dimension</include>
					<textcolor>kai-text</textcolor>
					<label>VideoOSDSettings.xml</label>
					<visible>Window.IsVisible(VideoOSDSettings.xml)</visible>
				</control>
			</control>
			<!-- Control label -->
			<control type="label">
				<left>645</left>
				<top>15</top>
				<width>620</width>
				<height>21</height>
				<textcolor>info-text</textcolor>
				<align>right</align>
				<label>$INFO[System.CurrentControl]</label>
			</control>
			<!-- Path label -->
			<control type="label">
				<left>645</left>
				<top>48</top>
				<width>620</width>
				<height>21</height>
				<textcolor>kai-text</textcolor>
				<align>right</align>
				<label>[COLOR=FF00FF00]$INFO[Container.FolderName,, - ][/COLOR]$INFO[Container.FolderPath]</label>
			</control>
		</control>
	</controls>
</window>