<?xml version="1.0" encoding="UTF-8"?>
<window type="dialog">
	<defaultcontrol always="true">10</defaultcontrol>
	<coordinates>
		<left>240</left>
		<top>60</top>
	</coordinates>
	<onload>Dialog.Close(osdaudiodspsettings)</onload>
	<controls>
		<control type="image"><!-- Dialog background Fullscreen Video screen -->
			<left>0</left>
			<top>0</top>
			<width>800</width>
			<height>600</height>
			<texture colordiffuse="UnFocusedPosters" border="8">button-menu-background.png</texture>
			<visible>Window.IsActive(fullscreenvideo)</visible>
		</control>
		<control type="image"><!-- Dialog background Non Fullscreen Video screen -->
			<left>0</left>
			<top>0</top>
			<width>800</width>
			<height>600</height>
			<texture border="8">button-menu-background.png</texture>
			<visible>!Window.IsActive(fullscreenvideo)</visible>
		</control>
		<control type="label"><!-- Header label -->
			<left>40</left>
			<top>6</top>
			<width>720</width>
			<height>45</height>
			<font>font18</font>
			<label>$ADDON[adsp.basic 30072]</label>
			<align>center</align>
			<aligny>center</aligny>
		</control>
		<control type="image">
			<left>40</left>
			<top>54</top>
			<width>720</width>
			<height>2</height>
			<texture>separator.png</texture>
		</control>
		<control type="button"><!-- Close Window button -->
			<left>776</left>
			<top>-10</top>
			<width>32</width>
			<height>32</height>
			<texturefocus>touch-close.png</texturefocus>
			<texturenofocus>touch-close.png</texturenofocus>
			<onclick>back</onclick>
			<visible>system.getbool(input.enablemouse)</visible>
		</control>
		<control type="spincontrolex" id="10"><!-- Speaker Distance Unit -->
			<left>40</left>
			<top>62</top>
			<width>720</width>
			<height>45</height>
			<font>font12</font>
			<label>$ADDON[adsp.basic 30073]</label>
			<onright>11</onright>
			<onleft>11</onleft>
			<onup>9001</onup>
			<ondown>9000</ondown>
		</control>
		<control type="label" id="12"><!-- Speaker distance info -->
			<left>40</left>
			<top>108</top>
			<width>720</width>
			<height>45</height>
			<font>font12</font>
			<align>center</align>
			<aligny>center</aligny>
		</control>
		<control type="image">
			<left>40</left>
			<top>156</top>
			<width>720</width>
			<height>2</height>
			<texture>separator.png</texture>
		</control>
		<control type="grouplist" id="9000">
			<left>40</left>
			<top>163</top>
			<width>720</width>
			<height>360</height>
			<itemgap>5</itemgap>
			<orientation>vertical</orientation>
			<onleft>9000</onleft>
			<onright>9000</onright>
			<onup>10</onup>
			<ondown>9001</ondown>
			<control type="spincontrolex" id="13"><!-- Speaker Distance FL -->
				<height>45</height>
				<width>720</width>
				<font>font12</font>
				<label>$ADDON[adsp.basic 30031]</label>
			</control>
			<control type="spincontrolex" id="24"><!-- Speaker Distance TFL -->
				<height>45</height>
				<width>720</width>
				<font>font12</font>
				<label>$ADDON[adsp.basic 30054]</label>
			</control>
			<control type="spincontrolex" id="19"><!-- Speaker Distance FLOC -->
				<height>45</height>
				<width>720</width>
				<font>font12</font>
				<label>$ADDON[adsp.basic 30052]</label>
			</control>
			<control type="spincontrolex" id="15"><!-- Speaker Distance Center -->
				<height>45</height>
				<width>720</width>
				<font>font12</font>
				<label>$ADDON[adsp.basic 30037]</label>
			</control>
			<control type="spincontrolex" id="26"><!-- Speaker Distance TFC -->
				<height>45</height>
				<width>720</width>
				<font>font12</font>
				<label>$ADDON[adsp.basic 30056]</label>
			</control>
			<control type="spincontrolex" id="20"><!-- Speaker Distance FLOC -->
				<height>45</height>
				<width>720</width>
				<font>font12</font>
				<label>$ADDON[adsp.basic 30053]</label>
			</control>
			<control type="spincontrolex" id="25"><!-- Speaker Distance TFR -->
				<height>45</height>
				<width>720</width>
				<font>font12</font>
				<label>$ADDON[adsp.basic 30055]</label>
			</control>
			<control type="spincontrolex" id="14"><!-- Speaker Distance FR -->
				<height>45</height>
				<width>720</width>
				<font>font12</font>
				<label>$ADDON[adsp.basic 30032]</label>
			</control>
			<control type="spincontrolex" id="23"><!-- Speaker Distance SR -->
				<height>45</height>
				<width>720</width>
				<font>font12</font>
				<label>$ADDON[adsp.basic 30034]</label>
			</control>
			<control type="spincontrolex" id="18"><!-- Speaker Distance BR -->
				<height>40</height>
				<width>720</width>
				<font>font12</font>
				<label>$ADDON[adsp.basic 30036]</label>
			</control>
			<control type="spincontrolex" id="29"><!-- Speaker Distance TBL -->
				<height>45</height>
				<width>720</width>
				<font>font12</font>
				<label>$ADDON[adsp.basic 30063]</label>
			</control>
			<control type="spincontrolex" id="32"><!-- Speaker Distance BROC-->
				<height>45</height>
				<width>720</width>
				<font>font12</font>
				<label>$ADDON[adsp.basic 30062]</label>
			</control>
			<control type="spincontrolex" id="21"><!-- Speaker Distance BC -->
				<height>45</height>
				<width>720</width>
				<font>font12</font>
				<label>$ADDON[adsp.basic 30039]</label>
			</control>
			<control type="spincontrolex" id="30"><!-- Speaker Distance TBC -->
				<height>40</height>
				<width>720</width>
				<font>font12</font>
				<label>$ADDON[adsp.basic 30060]</label>
			</control>
			<control type="spincontrolex" id="31"><!-- Speaker Distance BLOC -->
				<height>45</height>
				<width>720</width>
				<font>font12</font>
				<label>$ADDON[adsp.basic 30061]</label>
			</control>
			<control type="spincontrolex" id="28"><!-- Speaker Distance TBL -->
				<height>45</height>
				<width>720</width>
				<font>font12</font>
				<label>$ADDON[adsp.basic 30063]</label>
			</control>
			<control type="spincontrolex" id="17"><!-- Speaker Distance BL -->
				<height>45</height>
				<width>720</width>
				<font>font12</font>
				<label>$ADDON[adsp.basic 30035]</label>
			</control>
			<control type="spincontrolex" id="22"><!-- Speaker Distance SL -->
				<height>45</height>
				<width>720</width>
				<font>font12</font>
				<label>$ADDON[adsp.basic 30033]</label>
			</control>
			<control type="spincontrolex" id="27"><!-- Speaker Distance Top Center -->
				<height>45</height>
				<width>720</width>
				<font>font12</font>
				<label>$ADDON[adsp.basic 30057]</label>
			</control>
			<control type="spincontrolex" id="16"><!-- Speaker Distance Sub -->
				<height>45</height>
				<width>720</width>
				<font>font12</font>
				<label>$ADDON[adsp.basic 30038]</label>
			</control>
		</control>
		<control type="group" id="9001">
			<left>190</left>
			<top>540</top>
			<control type="button" id="1"><!-- OK button -->
				<left>0</left>
				<top>0</top>
				<width>200</width>
				<height>45</height>
				<align>center</align>
				<aligny>center</aligny>
				<label>$LOCALIZE[186]</label>
				<font>font12</font>
				<onup>9000</onup>
				<onleft>2</onleft>
				<onright>2</onright>
				<ondown>noop</ondown>
			</control>
			<control type="button" id="2"><!-- Cancel button -->
				<left>210</left>
				<top>0</top>
				<width>200</width>
				<height>45</height>
				<align>center</align>
				<aligny>center</aligny>
				<label>$LOCALIZE[222]</label>
				<font>font12</font>
				<onup>9000</onup>
				<onleft>1</onleft>
				<onright>1</onright>
				<ondown>noop</ondown>
			</control>
		</control>
	</controls>
</window>
