<?xml version="1.0" encoding="UTF-8"?>
<window>
	<defaultcontrol>11</defaultcontrol>
	<coordinates>
		<left>283</left>
		<top>625</top>
	</coordinates>
	<controls>
		<control type="group">
			<visible>![Window.IsVisible(infodialog) | Window.IsVisible(volumebar)]</visible>
			<control type="image"><!-- Dialog background -->
				<left>0</left>
				<top>0</top>
				<width>708</width>
				<height>87</height>
				<texture border="8">button-menu-background.png</texture>
				<colordiffuse>mask-background</colordiffuse>
			</control>
			<control type="label" id="10"><!-- Dialog heading -->
				<left>22</left>
				<top>18</top>
				<width>318</width>
				<height>20</height>
				<aligny>center</aligny>
			</control>
			<control type="button"><!-- Touch Close button -->
				<left>686</left>
				<top>-10</top>
				<width>32</width>
				<height>32</height>
				<texturefocus>touch-close.png</texturefocus>
				<texturenofocus>touch-close.png</texturenofocus>
				<onclick>Dialog.Close(sliderdialog)</onclick>
				<visible>System.GetBool(input.enablemouse)</visible>
			</control>
			<control type="label" id="12"><!-- Slider value -->
				<left>370</left>
				<top>18</top>
				<width>318</width>
				<height>20</height>
				<align>right</align>
				<aligny>center</aligny>
			</control>
			<control type="image"><!-- Seek slider background -->
				<left>18</left>
				<top>50</top>
				<width>672</width>
				<height>16</height>
				<texture border="8,0,8,0">progress-bar-focus.png</texture>
				<colordiffuse>ProgressBarColor</colordiffuse>
			</control>
			<control type="slider" id="11">
				<left>18</left>
				<top>48</top>
				<width>672</width>
				<height>20</height>
			</control>
		</control>
	</controls>
</window>
