<?xml version="1.0" encoding="UTF-8"?>
<window type="dialog">
	<defaultcontrol always="true">9000</defaultcontrol>
	<coordinates>
		<left>240</left>
		<top>60</top>
	</coordinates>
	<onload>Dialog.Close(osdaudiodspsettings)</onload>
	<controls>
		<control type="image"><!-- Dialog background Fullscreen Video screen -->
			<left>0</left>
			<top>0</top>
			<width>800</width>
			<height>600</height>
			<texture colordiffuse="UnFocusedPosters" border="8">button-menu-background.png</texture>
			<visible>Window.IsActive(fullscreenvideo)</visible>
		</control>
		<control type="image"><!-- Dialog background Non Fullscreen Video screen -->
			<left>0</left>
			<top>0</top>
			<width>800</width>
			<height>600</height>
			<texture border="8">button-menu-background.png</texture>
			<visible>!Window.IsActive(fullscreenvideo)</visible>
		</control>
		<control type="label"><!-- Header label -->
			<left>40</left>
			<top>6</top>
			<width>720</width>
			<height>45</height>
			<font>font18</font>
			<label>$ADDON[adsp.freesurround 30011]</label>
			<align>center</align>
			<aligny>center</aligny>
		</control>
		<control type="image">
			<left>60</left>
			<top>52</top>
			<width>680</width>
			<height>4</height>
			<texture>separator.png</texture>
		</control>
		<control type="button"><!-- Touch Close button -->
			<left>716</left>
			<top>15</top>
			<width>32</width>
			<height>32</height>
			<texturefocus>touch-close.png</texturefocus>
			<texturenofocus>touch-close.png</texturenofocus>
			<onclick>back</onclick>
			<visible>System.GetBool(input.enablemouse)</visible>
		</control>
		<control type="grouplist" id="9000"><!-- General Options list -->
			<left>40</left>
			<top>55</top>
			<width>720</width>
			<height>475</height>
			<onup>noop</onup>
			<ondown>9001</ondown>
			<control type="sliderex" id="41"><!-- Circular wrap -->
				<height>40</height>
				<font>font12</font>
				<label>$ADDON[adsp.freesurround 30018]</label>
			</control>
			<control type="sliderex" id="42"><!-- Shift -->
				<height>40</height>
				<font>font12</font>
				<label>$ADDON[adsp.freesurround 30020]</label>
			</control>
			<control type="sliderex" id="43"><!-- Depth -->
				<height>40</height>
				<font>font12</font>
				<label>$ADDON[adsp.freesurround 30013]</label>
			</control>
			<control type="sliderex" id="44"><!-- Focus -->
				<height>40</height>
				<font>font12</font>
				<label>$ADDON[adsp.freesurround 30014]</label>
			</control>
			<control type="sliderex" id="45"><!-- Front seperation -->
				<height>40</height>
				<font>font12</font>
				<label>$ADDON[adsp.freesurround 30016]</label>
			</control>
			<control type="sliderex" id="46"><!-- Rear seperation -->
				<height>40</height>
				<font>font12</font>
				<label>$ADDON[adsp.freesurround 30017]</label>
			</control>
		</control>
		<control type="group" id="9001">
			<left>95</left>
			<top>535</top>
			<control type="button" id="1"><!-- OK button -->
				<left>0</left>
				<top>0</top>
				<width>200</width>
				<height>40</height>
				<align>center</align>
				<aligny>center</aligny>
				<label>$LOCALIZE[186]</label>
				<font>font12</font>
				<onup>9000</onup>
				<onleft>5</onleft>
				<onright>2</onright>
				<ondown>noop</ondown>
			</control>
			<control type="button" id="2"><!-- Cancel button -->
				<left>210</left>
				<top>0</top>
				<width>200</width>
				<height>40</height>
				<align>center</align>
				<aligny>center</aligny>
				<label>$LOCALIZE[222]</label>
				<font>font12</font>
				<onup>9000</onup>
				<onleft>1</onleft>
				<onright>5</onright>
				<ondown>noop</ondown>
			</control>
			<control type="button" id="5"><!-- Default button -->
				<left>420</left>
				<top>0</top>
				<width>200</width>
				<height>40</height>
				<align>center</align>
				<aligny>center</aligny>
				<label>$LOCALIZE[409]</label>
				<font>font12</font>
				<onup>9000</onup>
				<onleft>2</onleft>
				<onright>1</onright>
				<ondown>noop</ondown>
			</control>
		</control>
	</controls>
</window>
