<?xml version="1.0" encoding="UTF-8"?>
<window>
	<defaultcontrol always="true">5</defaultcontrol>
	<coordinates>
		<left>0</left>
		<top>0</top>
	</coordinates>
	<controls>
		<include>fadebackground</include>
		<control type="image"><!-- Dialog background -->
			<left>30</left>
			<top>40</top>
			<width>1220</width>
			<height>640</height>
			<texture border="8">button-menu-background.png</texture>
		</control>
		<control type="label" id="1"><!-- Dialog heading -->
			<left>44</left>
			<top>48</top>
			<width>1192</width>
			<height>36</height>
			<align>center</align>
			<font>font18</font>
			<label>$LOCALIZE[35000] $LOCALIZE[10004]</label>
		</control>
		<control type="image">
			<left>44</left>
			<top>88</top>
			<width>1192</width>
			<height>4</height>
			<texture>separator.png</texture>
		</control>

		<control type="grouplist" id="5"><!-- Control area -->
			<left>66</left>
			<top>96</top>
			<width>885</width>
			<height>506</height>
			<itemgap>0</itemgap>
			<pagecontrol>60</pagecontrol>
			<ondown>9000</ondown>
			<onleft condition="StringCompare(Skin.String(show-scrollbar),$LOCALIZE[31877])">noop</onleft>
			<onleft condition="!StringCompare(Skin.String(show-scrollbar),$LOCALIZE[31877])">30</onleft>
		</control>
		<control type="scrollbar" id="60">
			<left>40</left>
			<top>96</top>
			<width>18</width>
			<height>506</height>
			<onright>5</onright>
			<animation condition="!Control.HasFocus(60) + !Container.Scrolling + !StringCompare(Skin.String(show-scrollbar),$LOCALIZE[31875])" effect="fade" start="100" end="0" time="200" reversible="true">Conditional</animation>
			<visible>!StringCompare(Skin.String(show-scrollbar),$LOCALIZE[31877])</visible>
		</control>
		<control type="group" id="9000">
			<left>132</left>
			<top>620</top>
			<control type="button" id="28"><!-- OK Button -->
				<left>0</left>
				<top>0</top>
				<width>247</width>
				<height>46</height>
				<font>font11</font>
				<align>center</align>
				<label>$LOCALIZE[186]</label>
				<onleft>50</onleft>
				<onright>29</onright>
				<onup>5</onup>
			</control>
			<control type="button" id="29"><!-- Cancel Button -->
				<left>380</left>
				<top>0</top>
				<width>247</width>
				<height>46</height>
				<font>font11</font>
				<align>center</align>
				<label>$LOCALIZE[222]</label>
				<onleft>28</onleft>
				<onright>50</onright>
				<onup>5</onup>
			</control>
			<control type="button" id="50"><!-- Defaults Button -->
				<left>761</left>
				<top>0</top>
				<width>247</width>
				<height>46</height>
				<font>font11</font>
				<align>center</align>
				<label>$LOCALIZE[409]</label>
				<onleft>29</onleft>
				<onright>28</onright>
				<onup>5</onup>
			</control>
		</control>
		<control type="button" id="13"><!-- Default Category Button -->
			<width>283</width>
			<height>46</height>
			<font>font11</font>
		</control>
		<control type="button" id="7"><!-- Default Button -->
			<width>870</width>
			<height>46</height>
			<font>font11</font>
			<textwidth>810</textwidth>
		</control>
		<control type="radiobutton" id="8"><!-- Default RadioButton -->
			<width>870</width>
			<height>46</height>
			<font>font11</font>
			<textwidth>800</textwidth>
			<radioposx>840</radioposx>
		</control>
		<control type="spincontrolex" id="9"><!-- Default Spincontrolex -->
			<width>870</width>
			<height>46</height>
			<font>font11</font>
			<reverse>yes</reverse>
		</control>
		<control type="label" id="14"><!-- Default Label -->
			<width>870</width>
			<height>46</height>
			<font>font11</font>
		</control>
		<control type="sliderex" id="13"><!-- Default Slider -->
			<width>870</width>
			<height>46</height>
		</control>
	</controls>
</window>
