<?xml version="1.0" encoding="UTF-8"?>
<window type="dialog">
	<defaultcontrol always="true">8000</defaultcontrol>
	<coordinates>
		<left>225</left>
		<top>15</top>
	</coordinates>
	<onload>Dialog.Close(osdaudiodspsettings)</onload>
	<controls>
		<control type="image"><!-- Dialog background Fullscreen Video screen -->
			<left>40</left>
			<top>16</top>
			<width>720</width>
			<height>660</height>
			<texture colordiffuse="UnFocusedPosters" border="8">button-menu-background.png</texture>
			<visible>Window.IsActive(fullscreenvideo)</visible>
		</control>
		<control type="image"><!-- Dialog background Non Fullscreen Video screen -->
			<left>40</left>
			<top>16</top>
			<width>720</width>
			<height>660</height>
			<texture border="8">button-menu-background.png</texture>
			<visible>!Window.IsActive(fullscreenvideo)</visible>
		</control>
		<control type="label"><!-- Dialog heading -->
			<left>60</left>
			<top>20</top>
			<width>680</width>
			<height>46</height>
			<label>$ADDON[adsp.biquad.filters 30100]</label>
			<align>center</align>
			<aligny>center</aligny>
			<font>font18</font>
		</control>
		<control type="image">
			<left>60</left>
			<top>66</top>
			<width>680</width>
			<height>4</height>
			<texture>separator.png</texture>
		</control>
		<control type="button"><!-- Touch Close button -->
			<left>736</left>
			<top>6</top>
			<width>32</width>
			<height>32</height>
			<texturefocus>touch-close.png</texturefocus>
			<texturenofocus>touch-close.png</texturenofocus>
			<onclick>back</onclick>
			<visible>System.GetBool(input.enablemouse)</visible>
		</control>
		<control type="image"><!-- Seek slider background -->
			<left>200</left>
			<top>80</top>
			<width>400</width>
			<height>16</height>
			<texture border="8,0,8,0">progress-bar.png</texture>
			<visible>!Control.HasFocus(8000)</visible>
		</control>
		<control type="image"><!-- Seek slider background -->
			<left>200</left>
			<top>80</top>
			<width>400</width>
			<height>16</height>
			<texture border="8,0,8,0">progress-bar-focus.png</texture>
			<colordiffuse>ProgressBarColor</colordiffuse>
			<visible>Control.HasFocus(8000)</visible>
		</control>
		<control type="slider" id="8000"><!-- Preamp Frequency Band Slider -->
			<posx>200</posx>
			<posy>80</posy>
			<width>400</width>
			<height>16</height>
			<onup>noop</onup>
			<ondown>8001</ondown>
			<onleft>noop</onleft>
			<onright>noop</onright>
		</control>
		<control type="label" id="8100"><!-- Preamp Frequency Band Label -->
			<posx>40</posx>
			<posy>70</posy>
			<width>160</width>
			<height>30</height>
			<align>center</align>
			<aligny>center</aligny>
			<font>font12</font>
		</control>
		<control type="label" id="8200"><!-- Preamp dB Level -->
			<posx>600</posx>
			<posy>70</posy>
			<width>160</width>
			<height>30</height>
			<align>center</align>
			<aligny>center</aligny>
			<font>font12</font>
		</control>
		<control type="image"><!-- Seek slider background -->
			<left>200</left>
			<top>130</top>
			<width>400</width>
			<height>16</height>
			<texture border="8,0,8,0">progress-bar.png</texture>
			<visible>!Control.HasFocus(8001)</visible>
		</control>
		<control type="image"><!-- Seek slider background -->
			<left>200</left>
			<top>130</top>
			<width>400</width>
			<height>16</height>
			<texture border="8,0,8,0">progress-bar-focus.png</texture>
			<colordiffuse>ProgressBarColor</colordiffuse>
			<visible>Control.HasFocus(8001)</visible>
		</control>
		<control type="slider" id="8001"><!-- 32Hz Frequency Band Slider -->
			<posx>200</posx>
			<posy>130</posy>
			<width>400</width>
			<height>16</height>
			<onup>8000</onup>
			<ondown>8002</ondown>
			<onleft>8001</onleft>
			<onright>8001</onright>
		</control>
		<control type="label" id="8101"><!-- 32Hz Frequency Band Label -->
			<posx>40</posx>
			<posy>120</posy>
			<width>160</width>
			<height>30</height>
			<align>center</align>
			<aligny>center</aligny>
			<font>font12</font>
		</control>
		<control type="label" id="8201"><!-- 32Hz dB Level -->
			<posx>600</posx>
			<posy>120</posy>
			<width>160</width>
			<height>30</height>
			<align>center</align>
			<aligny>center</aligny>
			<font>font12</font>
		</control>
		<control type="image"><!-- Seek slider background -->
			<left>200</left>
			<top>180</top>
			<width>400</width>
			<height>16</height>
			<texture border="8,0,8,0">progress-bar.png</texture>
			<visible>!Control.HasFocus(8002)</visible>
		</control>
		<control type="image"><!-- Seek slider background -->
			<left>200</left>
			<top>180</top>
			<width>400</width>
			<height>16</height>
			<texture border="8,0,8,0">progress-bar-focus.png</texture>
			<colordiffuse>ProgressBarColor</colordiffuse>
			<visible>Control.HasFocus(8002)</visible>
		</control>
		<control type="slider" id="8002"><!-- 64Hz Frequency Band Slider -->
			<posx>200</posx>
			<posy>180</posy>
			<width>400</width>
			<height>16</height>
			<onup>8001</onup>
			<ondown>8003</ondown>
			<onleft>8002</onleft>
			<onright>8002</onright>
		</control>
		<control type="label" id="8102"><!-- 64Hz Frequency Band Label -->
			<posx>40</posx>
			<posy>170</posy>
			<width>160</width>
			<height>20</height>
			<align>center</align>
			<aligny>center</aligny>
			<font>font12</font>
		</control>
		<control type="label" id="8202"><!-- 64Hz dB Level -->
			<posx>600</posx>
			<posy>170</posy>
			<width>160</width>
			<height>30</height>
			<align>center</align>
			<aligny>center</aligny>
			<font>font12</font>
		</control>
		<control type="image"><!-- Seek slider background -->
			<left>200</left>
			<top>230</top>
			<width>400</width>
			<height>16</height>
			<texture border="8,0,8,0">progress-bar.png</texture>
			<visible>!Control.HasFocus(8003)</visible>
		</control>
		<control type="image"><!-- Seek slider background -->
			<left>200</left>
			<top>230</top>
			<width>400</width>
			<height>16</height>
			<texture border="8,0,8,0">progress-bar-focus.png</texture>
			<colordiffuse>ProgressBarColor</colordiffuse>
			<visible>Control.HasFocus(8003)</visible>
		</control>
		<control type="slider" id="8003"><!-- 128Hz Frequency Band Slider -->
			<posx>200</posx>
			<posy>230</posy>
			<width>400</width>
			<height>16</height>
			<onup>8002</onup>
			<ondown>8004</ondown>
			<onleft>8003</onleft>
			<onright>8003</onright>
		</control>
		<control type="label" id="8103"><!-- 128Hz Frequency Band Label -->
			<posx>40</posx>
			<posy>220</posy>
			<width>160</width>
			<height>30</height>
			<align>center</align>
			<aligny>center</aligny>
			<font>font12</font>
		</control>
		<control type="label" id="8203"><!-- 128Hz dB Level -->
			<posx>600</posx>
			<posy>220</posy>
			<width>160</width>
			<height>30</height>
			<align>center</align>
			<aligny>center</aligny>
			<font>font12</font>
		</control>
		<control type="image"><!-- Seek slider background -->
			<left>200</left>
			<top>280</top>
			<width>400</width>
			<height>16</height>
			<texture border="8,0,8,0">progress-bar.png</texture>
			<visible>!Control.HasFocus(8004)</visible>
		</control>
		<control type="image"><!-- Seek slider background -->
			<left>200</left>
			<top>280</top>
			<width>400</width>
			<height>16</height>
			<texture border="8,0,8,0">progress-bar-focus.png</texture>
			<colordiffuse>ProgressBarColor</colordiffuse>
			<visible>Control.HasFocus(8004)</visible>
		</control>
		<control type="slider" id="8004"><!-- 250Hz Frequency Band Slider -->
			<posx>200</posx>
			<posy>280</posy>
			<width>400</width>
			<height>16</height>
			<onup>8003</onup>
			<ondown>8005</ondown>
			<onleft>8004</onleft>
			<onright>8004</onright>
		</control>
		<control type="label" id="8104"><!-- 250Hz Frequency Band Label -->
			<posx>40</posx>
			<posy>270</posy>
			<width>160</width>
			<height>30</height>
			<align>center</align>
			<aligny>center</aligny>
			<font>font12</font>
		</control>
		<control type="label" id="8204"><!-- 250Hz dB Level -->
			<posx>600</posx>
			<posy>270</posy>
			<width>160</width>
			<height>30</height>
			<align>center</align>
			<aligny>center</aligny>
			<font>font12</font>
		</control>
		<control type="image"><!-- Seek slider background -->
			<left>200</left>
			<top>330</top>
			<width>400</width>
			<height>16</height>
			<texture border="8,0,8,0">progress-bar.png</texture>
			<visible>!Control.HasFocus(8005)</visible>
		</control>
		<control type="image"><!-- Seek slider background -->
			<left>200</left>
			<top>330</top>
			<width>400</width>
			<height>16</height>
			<texture border="8,0,8,0">progress-bar-focus.png</texture>
			<colordiffuse>ProgressBarColor</colordiffuse>
			<visible>Control.HasFocus(8005)</visible>
		</control>
		<control type="slider" id="8005"><!-- 500Hz Frequency Band Slider -->
			<posx>200</posx>
			<posy>330</posy>
			<width>400</width>
			<height>16</height>
			<onup>8004</onup>
			<ondown>8006</ondown>
			<onleft>8005</onleft>
			<onright>8005</onright>
		</control>
		<control type="label" id="8105"><!-- 500Hz Frequency Band Label -->
			<posx>40</posx>
			<posy>320</posy>
			<width>160</width>
			<height>30</height>
			<align>center</align>
			<aligny>center</aligny>
			<font>font12</font>
		</control>
		<control type="label" id="8205"><!-- 500Hz dB Level -->
			<posx>600</posx>
			<posy>320</posy>
			<width>160</width>
			<height>30</height>
			<align>center</align>
			<aligny>center</aligny>
			<font>font12</font>
		</control>
		<control type="image"><!-- Seek slider background -->
			<left>200</left>
			<top>380</top>
			<width>400</width>
			<height>16</height>
			<texture border="8,0,8,0">progress-bar.png</texture>
			<visible>!Control.HasFocus(8006)</visible>
		</control>
		<control type="image"><!-- Seek slider background -->
			<left>200</left>
			<top>380</top>
			<width>400</width>
			<height>16</height>
			<texture border="8,0,8,0">progress-bar-focus.png</texture>
			<colordiffuse>ProgressBarColor</colordiffuse>
			<visible>Control.HasFocus(8006)</visible>
		</control>
		<control type="slider" id="8006"><!-- 1kHz Frequency Band Slider -->
			<posx>200</posx>
			<posy>380</posy>
			<width>400</width>
			<height>16</height>
			<onup>8005</onup>
			<ondown>8007</ondown>
			<onleft>8006</onleft>
			<onright>8006</onright>
		</control>
		<control type="label" id="8106"><!-- 1kHz Frequency Band Label -->
			<posx>40</posx>
			<posy>370</posy>
			<width>160</width>
			<height>30</height>
			<align>center</align>
			<aligny>center</aligny>
			<font>font12</font>
		</control>
		<control type="label" id="8206"><!-- 1kHz dB Level -->
			<posx>600</posx>
			<posy>370</posy>
			<width>160</width>
			<height>30</height>
			<align>center</align>
			<aligny>center</aligny>
			<font>font12</font>
		</control>
		<control type="image"><!-- Seek slider background -->
			<left>200</left>
			<top>430</top>
			<width>400</width>
			<height>16</height>
			<texture border="8,0,8,0">progress-bar.png</texture>
			<visible>!Control.HasFocus(8007)</visible>
		</control>
		<control type="image"><!-- Seek slider background -->
			<left>200</left>
			<top>430</top>
			<width>400</width>
			<height>16</height>
			<texture border="8,0,8,0">progress-bar-focus.png</texture>
			<colordiffuse>ProgressBarColor</colordiffuse>
			<visible>Control.HasFocus(8007)</visible>
		</control>
		<control type="slider" id="8007"><!-- 2kHz Frequency Band Slider -->
			<posx>200</posx>
			<posy>430</posy>
			<width>400</width>
			<height>16</height>
			<onup>8006</onup>
			<ondown>8008</ondown>
			<onleft>8007</onleft>
			<onright>8007</onright>
		</control>
		<control type="label" id="8107"><!-- 2kHz Frequency Band Label -->
			<posx>40</posx>
			<posy>420</posy>
			<width>160</width>
			<height>30</height>
			<align>center</align>
			<aligny>center</aligny>
			<font>font12</font>
		</control>
		<control type="label" id="8207"><!-- 2kHz dB Level -->
			<posx>600</posx>
			<posy>420</posy>
			<width>160</width>
			<height>30</height>
			<align>center</align>
			<aligny>center</aligny>
			<font>font12</font>
		</control>
		<control type="image"><!-- Seek slider background -->
			<left>200</left>
			<top>480</top>
			<width>400</width>
			<height>16</height>
			<texture border="8,0,8,0">progress-bar.png</texture>
			<visible>!Control.HasFocus(8008)</visible>
		</control>
		<control type="image"><!-- Seek slider background -->
			<left>200</left>
			<top>480</top>
			<width>400</width>
			<height>16</height>
			<texture border="8,0,8,0">progress-bar-focus.png</texture>
			<colordiffuse>ProgressBarColor</colordiffuse>
			<visible>Control.HasFocus(8008)</visible>
		</control>
		<control type="slider" id="8008"><!-- 4kHz Frequency Band Slider -->
			<posx>200</posx>
			<posy>480</posy>
			<width>400</width>
			<height>16</height>
			<onup>8007</onup>
			<ondown>8009</ondown>
			<onleft>8008</onleft>
			<onright>8008</onright>
		</control>
		<control type="label" id="8108"><!-- 4kHz Frequency Band Label -->
			<posx>40</posx>
			<posy>470</posy>
			<width>160</width>
			<height>30</height>
			<align>center</align>
			<aligny>center</aligny>
			<font>font12</font>
		</control>
		<control type="label" id="8208"><!-- 4kHz dB Level -->
			<posx>600</posx>
			<posy>470</posy>
			<width>160</width>
			<height>30</height>
			<align>center</align>
			<aligny>center</aligny>
			<font>font12</font>
		</control>
		<control type="image"><!-- Seek slider background -->
			<left>200</left>
			<top>530</top>
			<width>400</width>
			<height>16</height>
			<texture border="8,0,8,0">progress-bar.png</texture>
			<visible>!Control.HasFocus(8009)</visible>
		</control>
		<control type="image"><!-- Seek slider background -->
			<left>200</left>
			<top>530</top>
			<width>400</width>
			<height>16</height>
			<texture border="8,0,8,0">progress-bar-focus.png</texture>
			<colordiffuse>ProgressBarColor</colordiffuse>
			<visible>Control.HasFocus(8009)</visible>
		</control>
		<control type="slider" id="8009"><!-- 8kHz Frequency Band Slider -->
			<posx>200</posx>
			<posy>530</posy>
			<width>400</width>
			<height>16</height>
			<onup>8008</onup>
			<ondown>8010</ondown>
			<onleft>8009</onleft>
			<onright>8009</onright>
		</control>
		<control type="label" id="8109"><!-- 8kHz Frequency Band Label -->
			<posx>40</posx>
			<posy>520</posy>
			<width>160</width>
			<height>30</height>
			<align>center</align>
			<aligny>center</aligny>
			<font>font12</font>
		</control>
		<control type="label" id="8209"><!-- 8kHz dB Level -->
			<posx>600</posx>
			<posy>520</posy>
			<width>160</width>
			<height>30</height>
			<align>center</align>
			<aligny>center</aligny>
			<font>font12</font>
		</control>
		<control type="image"><!-- Seek slider background -->
			<left>200</left>
			<top>580</top>
			<width>400</width>
			<height>16</height>
			<texture border="8,0,8,0">progress-bar.png</texture>
			<visible>!Control.HasFocus(8010)</visible>
		</control>
		<control type="image"><!-- Seek slider background -->
			<left>200</left>
			<top>580</top>
			<width>400</width>
			<height>16</height>
			<texture border="8,0,8,0">progress-bar-focus.png</texture>
			<colordiffuse>ProgressBarColor</colordiffuse>
			<visible>Control.HasFocus(8010)</visible>
		</control>
		<control type="slider" id="8010"><!-- 16kHz Frequency Band Slider -->
			<posx>200</posx>
			<posy>580</posy>
			<width>400</width>
			<height>16</height>
			<onup>8009</onup>
			<ondown>999</ondown>
			<onleft>8010</onleft>
			<onright>8010</onright>
		</control>
		<control type="label" id="8110"><!-- 16kHz Frequency Band Label -->
			<posx>40</posx>
			<posy>570</posy>
			<width>160</width>
			<height>30</height>
			<align>center</align>
			<aligny>center</aligny>
			<font>font12</font>
		</control>
		<control type="label" id="8210"><!-- 16kHz dB Level -->
			<posx>600</posx>
			<posy>570</posy>
			<width>160</width>
			<height>20</height>
			<align>center</align>
			<aligny>center</aligny>
			<font>font12</font>
		</control>
		<control type="group" id="999">
			<posx>95</posx>
			<posy>610</posy>
			<onup>8010</onup>
			<ondown>noop</ondown>
			<onleft>noop</onleft>
			<onright>noop</onright>
			<control type="button" id="950"><!-- Ok Button -->
				<posx>0</posx>
				<posy>0</posy>
				<width>200</width>
				<height>46</height>
				<align>center</align>
				<aligny>center</aligny>
				<label>$LOCALIZE[186]</label>
				<font>font12</font>
				<onup>8010</onup>
				<onright>951</onright>
			</control>
			<control type="button" id="951"><!-- Cancel Button -->
				<posx>210</posx>
				<posy>0</posy>
				<width>200</width>
				<height>46</height>
				<align>center</align>
				<aligny>center</aligny>
				<label>$LOCALIZE[222]</label>
				<font>font12</font>
				<onup>8010</onup>
				<onleft>950</onleft>
				<onright>952</onright>
			</control>
			<control type="button" id="952"><!-- Default Button -->
				<posx>420</posx>
				<posy>0</posy>
				<width>200</width>
				<height>46</height>
				<align>center</align>
				<aligny>center</aligny>
				<label>$LOCALIZE[409]</label>
				<font>font12</font>
				<onup>8010</onup>
				<onleft>951</onleft>
			</control>
		</control>
	</controls>
</window>
