<?xml version="1.0" encoding="utf-8"?>
<window type="buttonMenu">
	<defaultcontrol>2</defaultcontrol>
	<coordinates>
		<left>0</left>
		<top>0</top>
	</coordinates>
	<controls>
		<include>fadebackground</include>
		<control type="button" id="9001"><!-- Dummy hidden button to close dialog -->
			<left>-10</left>
			<top>-10</top>
			<width>1</width>
			<height>1</height>
			<onfocus>PreviousMenu</onfocus>
		</control>
		<control type="image"><!-- Dialog background image -->
			<left>445</left>
			<top>240</top>
			<width>372</width>
			<height>290</height>
			<texture border="8">button-menu-background.png</texture>
		</control>
		<control type="label"><!-- Dialog heading (Item Settings) -->
			<left>456</left>
			<top>246</top>
			<width>350</width>
			<height>34</height>
			<font>font12</font>
			<label>$LOCALIZE[31560]</label>
			<align>center</align>
		</control>
		<control type="button">
			<left>795</left>
			<top>230</top>
			<width>32</width>
			<height>32</height>
			<texturefocus>touch-close.png</texturefocus>
			<texturenofocus>touch-close.png</texturenofocus>
			<onclick>Dialog.Close(contextmenu)</onclick>
			<visible>System.GetBool(input.enablemouse)</visible>
		</control>
		<control type="image">
			<left>456</left>
			<top>282</top>
			<width>350</width>
			<height>4</height>
			<texture>separator.png</texture>
		</control>
		<control type="grouplist" id="9000">
			<left>456</left>
			<top>288</top>
			<width>350</width>
			<height>230</height>
			<itemgap>0</itemgap>
			<onleft>9001</onleft>
			<onright>9001</onright>
			<onup>9001</onup>
			<ondown>9001</ondown>
			<align>center</align>
			<control type="button" id="2"><!-- Resume button -->
				<width>350</width>
				<height>46</height>
				<align>center</align>
				<textwidth>290</textwidth>
				<font>font12</font>
				<label>$ADDON[script.videoextras 32104]</label>
			</control>
			<control type="button" id="40"><!-- Start from beginning button -->
				<width>350</width>
				<height>46</height>
				<align>center</align>
				<textwidth>290</textwidth>
				<font>font12</font>
				<label>$ADDON[script.videoextras 32105]</label>
			</control>
			<control type="button" id="41"><!-- Mark as watched button -->
				<width>350</width>
				<height>46</height>
				<align>center</align>
				<textwidth>290</textwidth>
				<font>font12</font>
				<label>$ADDON[script.videoextras 32106]</label>
			</control>
			<control type="button" id="42"><!-- Mark as unwatched button -->
				<width>350</width>
				<height>46</height>
				<align>center</align>
				<textwidth>290</textwidth>
				<font>font12</font>
				<label>$ADDON[script.videoextras 32107]</label>
			</control>
			<control type="button" id="43"><!-- Edit title button -->
				<width>350</width>
				<height>46</height>
				<align>center</align>
				<textwidth>290</textwidth>
				<font>font12</font>
				<label>$ADDON[script.videoextras 32108]</label>
			</control>
		</control>
	</controls>
</window>
