<?xml version="1.0" encoding="UTF-8"?>
<window>
	<controls>
		<include>Fake-Overlay</include>
		<control type="image"><!-- Solid background use as base to other background images -->
			<include>fullscreenimage</include>
			<texture>background.png</texture>
		</control>
		<control type="image"><!-- Custom background -->
			<include>fullscreenimage</include>
			<texture>$INFO[Skin.String(background-custom)]</texture>
			<aspectratio>stretch</aspectratio>
			<colordiffuse>$VAR[BackgndImageVisibity]</colordiffuse>
			<visible>!IsEmpty(Skin.String(background-custom))</visible>
		</control>
		<control type="image"><!-- Fanart background -->
			<include>fullscreenimage</include>
			<texture background="true">$VAR[NextAiredFanart]</texture>
			<aspectratio>scale</aspectratio>
			<colordiffuse>$VAR[BackgndImageVisibity]</colordiffuse>
			<visible>!IsEmpty(Window(Home).Property(TVGuide.BackgroundFanart)) + !Skin.HasSetting(background-fanarts)</visible>
		</control>

		<control type="grouplist">
			<left>946</left>
			<top>35</top>
			<width>365</width>
			<height>72</height>
			<align>left</align>
			<aligny>bottom</aligny>
			<orientation>horizontal</orientation>
			<control type="label"><!-- Screen heading -->
				<width max="256">auto</width>
				<height>72</height>
				<label>$LOCALIZE[31956]</label>
				<font>font18</font>
				<wrapmultiline>true</wrapmultiline>
				<aligny>bottom</aligny>
			</control>
			<control type="label"><!-- Number of files -->
				<width max="80">auto</width>
				<height>46</height>
				<label>$INFO[Window(Home).Property(NextAired.Total),(,)]</label>
				<aligny>top</aligny>
			</control>
		</control>
		<control type="group"><!-- Monday -->
			<left>20</left>
			<top>70</top>
			<control type="image">
				<left>9</left>
				<top>0</top>
				<width>100</width>
				<height>630</height>
				<texture border="2">epg-genres/0.png</texture>
				<colordiffuse>5FFFFFFF</colordiffuse>
			</control>
			<control type="image">
				<left>9</left>
				<top>0</top>
				<width>820</width>
				<height>91</height>
				<texture border="2">epg-genres/0.png</texture>
				<colordiffuse>4FFFFFFF</colordiffuse>
			</control>
			<control type="image">
				<left>9</left>
				<top>0</top>
				<width>820</width>
				<height>91</height>
				<texture border="2">epg-genres/112.png</texture>
				<colordiffuse>4FFFFFFF</colordiffuse>
				<visible>StringCompare(System.Date(ddd),$LOCALIZE[41])</visible>
			</control>
			<control type="label">
				<left>0</left>
				<top>0</top>
				<width>100</width>
				<height>30</height>
				<label>[B]$LOCALIZE[41][/B]</label>
				<align>right</align>
			</control>
			<control type="list" id="200">
				<left>108</left>
				<top>0</top>
				<width>720</width>
				<height>90</height>
				<orientation>horizontal</orientation>
				<onup>206</onup>
				<ondown>201</ondown>
				<itemlayout width="180" height="90">
					<control type="image">
						<left>4</left>
						<top>4</top>
						<width>160</width>
						<height>40</height>
						<texture background="true">$INFO[ListItem.Property(Art(banner))]</texture>
						<visible>StringCompare(Window(Home).Property(TVGuide.ThumbType),1)</visible>
					</control>
					<control type="image">
						<left>4</left>
						<top>4</top>
						<width>160</width>
						<height>40</height>
						<texture background="true">$INFO[ListItem.Property(Path),,logo.png]</texture>
						<visible>StringCompare(Window(Home).Property(TVGuide.ThumbType),2)</visible>
					</control>
					<control type="label">
						<left>84</left>
						<top>46</top>
						<width>160</width>
						<height>22</height>
						<label>$INFO[ListItem.Property(NextDate)]</label>
						<font>font10</font>
						<align>center</align>
						<visible>StringCompare(Window(Home).Property(TVGuide.ThumbType),1) | StringCompare(Window(Home).Property(TVGuide.ThumbType),2)</visible>
					</control>
					<control type="label">
						<left>84</left>
						<top>65</top>
						<width>160</width>
						<height>22</height>
						<label>$INFO[ListItem.Property(ShortTime)]</label>
						<font>font10</font>
						<align>center</align>
						<visible>StringCompare(Window(Home).Property(TVGuide.ThumbType),1) | StringCompare(Window(Home).Property(TVGuide.ThumbType),2)</visible>
					</control>
					<control type="image">
						<left>4</left>
						<top>5</top>
						<width>54</width>
						<height>80</height>
						<texture background="true">$INFO[ListItem.Property(Art(poster))]</texture>
						<visible>StringCompare(Window(Home).Property(TVGuide.ThumbType),0)</visible>
					</control>
					<control type="label">
						<left>63</left>
						<top>28</top>
						<width>105</width>
						<height>22</height>
						<label>$INFO[ListItem.Property(NextDate)]</label>
						<font>font10</font>
						<visible>StringCompare(Window(Home).Property(TVGuide.ThumbType),0)</visible>
					</control>
					<control type="label">
						<left>63</left>
						<top>54</top>
						<width>105</width>
						<height>22</height>
						<label>$INFO[ListItem.Property(ShortTime)]</label>
						<font>font10</font>
						<visible>StringCompare(Window(Home).Property(TVGuide.ThumbType),0)</visible>
					</control>
					<control type="image">
						<left>178</left>
						<top>0</top>
						<width>4</width>
						<height>90</height>
						<texture>separator_vert.png</texture>
						<colordiffuse>99FFFFFF</colordiffuse>
					</control>
				</itemlayout>
				<focusedlayout width="180" height="90">
					<control type="image">
						<left>-1</left>
						<top>0</top>
						<width>180</width>
						<height>90</height>
						<texture border="2">epg-genres/112.png</texture>
						<colordiffuse>9FFFFFFF</colordiffuse>
						<visible>Control.HasFocus(200)</visible>
					</control>
					<control type="image">
						<left>4</left>
						<top>4</top>
						<width>160</width>
						<height>40</height>
						<texture background="true">$INFO[ListItem.Property(Art(banner))]</texture>
						<visible>StringCompare(Window(Home).Property(TVGuide.ThumbType),1)</visible>
					</control>
					<control type="image">
						<left>4</left>
						<top>4</top>
						<width>160</width>
						<height>40</height>
						<texture background="true">$INFO[ListItem.Property(Path),,logo.png]</texture>
						<visible>StringCompare(Window(Home).Property(TVGuide.ThumbType),2)</visible>
					</control>
					<control type="label">
						<left>84</left>
						<top>46</top>
						<width>160</width>
						<height>22</height>
						<label>$INFO[ListItem.Property(NextDate)]</label>
						<font>font10</font>
						<align>center</align>
						<visible>StringCompare(Window(Home).Property(TVGuide.ThumbType),1) | StringCompare(Window(Home).Property(TVGuide.ThumbType),2)</visible>
					</control>
					<control type="label">
						<left>84</left>
						<top>65</top>
						<width>160</width>
						<height>22</height>
						<label>$INFO[ListItem.Property(ShortTime)]</label>
						<font>font10</font>
						<align>center</align>
						<visible>StringCompare(Window(Home).Property(TVGuide.ThumbType),1) | StringCompare(Window(Home).Property(TVGuide.ThumbType),2)</visible>
					</control>
					<control type="image">
						<left>4</left>
						<top>5</top>
						<width>54</width>
						<height>80</height>
						<texture background="true">$INFO[ListItem.Property(Art(poster))]</texture>
						<visible>StringCompare(Window(Home).Property(TVGuide.ThumbType),0)</visible>
					</control>
					<control type="label">
						<left>63</left>
						<top>28</top>
						<width>105</width>
						<height>22</height>
						<label>$INFO[ListItem.Property(NextDate)]</label>
						<font>font10</font>
						<visible>StringCompare(Window(Home).Property(TVGuide.ThumbType),0)</visible>
					</control>
					<control type="label">
						<left>63</left>
						<top>54</top>
						<width>105</width>
						<height>22</height>
						<label>$INFO[ListItem.Property(ShortTime)]</label>
						<font>font10</font>
						<visible>StringCompare(Window(Home).Property(TVGuide.ThumbType),0)</visible>
					</control>
					<control type="image">
						<left>178</left>
						<top>0</top>
						<width>4</width>
						<height>90</height>
						<texture>separator_vert.png</texture>
						<colordiffuse>99FFFFFF</colordiffuse>
					</control>
				</focusedlayout>
			</control>
		</control>
		<control type="group"><!-- Tuesday -->
			<left>20</left>
			<top>160</top>
			<control type="image">
				<left>9</left>
				<top>0</top>
				<width>820</width>
				<height>91</height>
				<texture border="2">epg-genres/0.png</texture>
				<colordiffuse>AFFFFFFF</colordiffuse>
			</control>
			<control type="image">
				<left>9</left>
				<top>0</top>
				<width>820</width>
				<height>91</height>
				<texture border="2">epg-genres/112.png</texture>
				<colordiffuse>4FFFFFFF</colordiffuse>
				<visible>StringCompare(System.Date(ddd),$LOCALIZE[42])</visible>
			</control>
			<control type="image">
				<left>9</left>
				<top>0</top>
				<width>818</width>
				<height>1</height>
				<texture>colours/white.png</texture>
				<colordiffuse>AFFFFFFF</colordiffuse>
			</control>
			<control type="label">
				<left>0</left>
				<top>0</top>
				<width>100</width>
				<height>30</height>
				<label>[B]$LOCALIZE[42][/B]</label>
				<align>right</align>
			</control>
			<control type="list" id="201">
				<left>108</left>
				<top>0</top>
				<width>720</width>
				<height>90</height>
				<orientation>horizontal</orientation>
				<onup>200</onup>
				<ondown>202</ondown>
				<itemlayout width="180" height="90">
					<control type="image">
						<left>4</left>
						<top>4</top>
						<width>160</width>
						<height>40</height>
						<texture background="true">$INFO[ListItem.Property(Art(banner))]</texture>
						<visible>StringCompare(Window(Home).Property(TVGuide.ThumbType),1)</visible>
					</control>
					<control type="image">
						<left>4</left>
						<top>4</top>
						<width>160</width>
						<height>40</height>
						<texture background="true">$INFO[ListItem.Property(Path),,logo.png]</texture>
						<visible>StringCompare(Window(Home).Property(TVGuide.ThumbType),2)</visible>
					</control>
					<control type="label">
						<left>84</left>
						<top>46</top>
						<width>160</width>
						<height>22</height>
						<label>$INFO[ListItem.Property(NextDate)]</label>
						<font>font10</font>
						<align>center</align>
						<visible>StringCompare(Window(Home).Property(TVGuide.ThumbType),1) | StringCompare(Window(Home).Property(TVGuide.ThumbType),2)</visible>
					</control>
					<control type="label">
						<left>84</left>
						<top>65</top>
						<width>160</width>
						<height>22</height>
						<label>$INFO[ListItem.Property(ShortTime)]</label>
						<font>font10</font>
						<align>center</align>
						<visible>StringCompare(Window(Home).Property(TVGuide.ThumbType),1) | StringCompare(Window(Home).Property(TVGuide.ThumbType),2)</visible>
					</control>
					<control type="image">
						<left>4</left>
						<top>5</top>
						<width>54</width>
						<height>80</height>
						<texture background="true">$INFO[ListItem.Property(Art(poster))]</texture>
						<visible>StringCompare(Window(Home).Property(TVGuide.ThumbType),0)</visible>
					</control>
					<control type="label">
						<left>63</left>
						<top>28</top>
						<width>105</width>
						<height>22</height>
						<label>$INFO[ListItem.Property(NextDate)]</label>
						<font>font11</font>
						<visible>StringCompare(Window(Home).Property(TVGuide.ThumbType),0)</visible>
					</control>
					<control type="label">
						<left>63</left>
						<top>54</top>
						<width>105</width>
						<height>22</height>
						<label>$INFO[ListItem.Property(ShortTime)]</label>
						<font>font11</font>
						<visible>StringCompare(Window(Home).Property(TVGuide.ThumbType),0)</visible>
					</control>
					<control type="image">
						<left>178</left>
						<top>0</top>
						<width>4</width>
						<height>90</height>
						<texture>separator_vert.png</texture>
						<colordiffuse>99FFFFFF</colordiffuse>
					</control>
				</itemlayout>
				<focusedlayout width="180" height="90">
					<control type="image">
						<left>-1</left>
						<top>0</top>
						<width>180</width>
						<height>90</height>
						<texture border="2">epg-genres/112.png</texture>
						<colordiffuse>9FFFFFFF</colordiffuse>
						<visible>Control.HasFocus(201)</visible>
					</control>
					<control type="image">
						<left>4</left>
						<top>4</top>
						<width>160</width>
						<height>40</height>
						<texture background="true">$INFO[ListItem.Property(Art(banner))]</texture>
						<visible>StringCompare(Window(Home).Property(TVGuide.ThumbType),1)</visible>
					</control>
					<control type="image">
						<left>4</left>
						<top>4</top>
						<width>160</width>
						<height>40</height>
						<texture background="true">$INFO[ListItem.Property(Path),,logo.png]</texture>
						<visible>StringCompare(Window(Home).Property(TVGuide.ThumbType),2)</visible>
					</control>
					<control type="label">
						<left>84</left>
						<top>46</top>
						<width>160</width>
						<height>22</height>
						<label>$INFO[ListItem.Property(NextDate)]</label>
						<font>font10</font>
						<align>center</align>
						<visible>StringCompare(Window(Home).Property(TVGuide.ThumbType),1) | StringCompare(Window(Home).Property(TVGuide.ThumbType),2)</visible>
					</control>
					<control type="label">
						<left>84</left>
						<top>65</top>
						<width>160</width>
						<height>22</height>
						<label>$INFO[ListItem.Property(ShortTime)]</label>
						<font>font10</font>
						<align>center</align>
						<visible>StringCompare(Window(Home).Property(TVGuide.ThumbType),1) | StringCompare(Window(Home).Property(TVGuide.ThumbType),2)</visible>
					</control>
					<control type="image">
						<left>4</left>
						<top>5</top>
						<width>54</width>
						<height>80</height>
						<texture background="true">$INFO[ListItem.Property(Art(poster))]</texture>
						<visible>StringCompare(Window(Home).Property(TVGuide.ThumbType),0)</visible>
					</control>
					<control type="label">
						<left>63</left>
						<top>28</top>
						<width>105</width>
						<height>22</height>
						<label>$INFO[ListItem.Property(NextDate)]</label>
						<font>font10</font>
						<visible>StringCompare(Window(Home).Property(TVGuide.ThumbType),0)</visible>
					</control>
					<control type="label">
						<left>63</left>
						<top>54</top>
						<width>105</width>
						<height>22</height>
						<label>$INFO[ListItem.Property(ShortTime)]</label>
						<font>font10</font>
						<visible>StringCompare(Window(Home).Property(TVGuide.ThumbType),0)</visible>
					</control>
					<control type="image">
						<left>178</left>
						<top>0</top>
						<width>4</width>
						<height>90</height>
						<texture>separator_vert.png</texture>
						<colordiffuse>99FFFFFF</colordiffuse>
					</control>
				</focusedlayout>
			</control>
		</control>
		<control type="group"><!-- Wednesday -->
			<left>20</left>
			<top>250</top>
			<control type="image">
				<left>9</left>
				<top>0</top>
				<width>820</width>
				<height>91</height>
				<texture border="2">epg-genres/0.png</texture>
				<colordiffuse>4FFFFFFF</colordiffuse>
			</control>
			<control type="image">
				<left>9</left>
				<top>0</top>
				<width>820</width>
				<height>91</height>
				<texture border="2">epg-genres/112.png</texture>
				<colordiffuse>4FFFFFFF</colordiffuse>
				<visible>StringCompare(System.Date(ddd),$LOCALIZE[43])</visible>
			</control>
			<control type="image">
				<left>9</left>
				<top>0</top>
				<width>818</width>
				<height>1</height>
				<texture>colours/white.png</texture>
				<colordiffuse>AFFFFFFF</colordiffuse>
			</control>
			<control type="label">
				<left>0</left>
				<top>0</top>
				<width>100</width>
				<height>30</height>
				<label>[B]$LOCALIZE[43][/B]</label>
				<align>right</align>
			</control>
			<control type="list" id="202">
				<left>108</left>
				<top>0</top>
				<width>720</width>
				<height>90</height>
				<orientation>horizontal</orientation>
				<onup>201</onup>
				<ondown>203</ondown>
				<itemlayout width="180" height="90">
					<control type="image">
						<left>4</left>
						<top>4</top>
						<width>160</width>
						<height>40</height>
						<texture background="true">$INFO[ListItem.Property(Art(banner))]</texture>
						<visible>StringCompare(Window(Home).Property(TVGuide.ThumbType),1)</visible>
					</control>
					<control type="image">
						<left>4</left>
						<top>4</top>
						<width>160</width>
						<height>40</height>
						<texture background="true">$INFO[ListItem.Property(Path),,logo.png]</texture>
						<visible>StringCompare(Window(Home).Property(TVGuide.ThumbType),2)</visible>
					</control>
					<control type="label">
						<left>84</left>
						<top>46</top>
						<width>160</width>
						<height>22</height>
						<label>$INFO[ListItem.Property(NextDate)]</label>
						<font>font10</font>
						<align>center</align>
						<visible>StringCompare(Window(Home).Property(TVGuide.ThumbType),1) | StringCompare(Window(Home).Property(TVGuide.ThumbType),2)</visible>
					</control>
					<control type="label">
						<left>84</left>
						<top>65</top>
						<width>160</width>
						<height>22</height>
						<label>$INFO[ListItem.Property(ShortTime)]</label>
						<font>font10</font>
						<align>center</align>
						<visible>StringCompare(Window(Home).Property(TVGuide.ThumbType),1) | StringCompare(Window(Home).Property(TVGuide.ThumbType),2)</visible>
					</control>
					<control type="image">
						<left>4</left>
						<top>5</top>
						<width>54</width>
						<height>80</height>
						<texture background="true">$INFO[ListItem.Property(Art(poster))]</texture>
						<visible>StringCompare(Window(Home).Property(TVGuide.ThumbType),0)</visible>
					</control>
					<control type="label">
						<left>63</left>
						<top>28</top>
						<width>105</width>
						<height>22</height>
						<label>$INFO[ListItem.Property(NextDate)]</label>
						<font>font10</font>
						<visible>StringCompare(Window(Home).Property(TVGuide.ThumbType),0)</visible>
					</control>
					<control type="label">
						<left>63</left>
						<top>54</top>
						<width>105</width>
						<height>22</height>
						<label>$INFO[ListItem.Property(ShortTime)]</label>
						<font>font10</font>
						<visible>StringCompare(Window(Home).Property(TVGuide.ThumbType),0)</visible>
					</control>
					<control type="image">
						<left>178</left>
						<top>0</top>
						<width>4</width>
						<height>90</height>
						<texture>separator_vert.png</texture>
						<colordiffuse>99FFFFFF</colordiffuse>
					</control>
				</itemlayout>
				<focusedlayout width="180" height="90">
					<control type="image">
						<left>-1</left>
						<top>0</top>
						<width>180</width>
						<height>90</height>
						<texture border="2">epg-genres/112.png</texture>
						<colordiffuse>9FFFFFFF</colordiffuse>
						<visible>Control.HasFocus(202)</visible>
					</control>
					<control type="image">
						<left>4</left>
						<top>4</top>
						<width>160</width>
						<height>40</height>
						<texture background="true">$INFO[ListItem.Property(Art(banner))]</texture>
						<visible>StringCompare(Window(Home).Property(TVGuide.ThumbType),1)</visible>
					</control>
					<control type="image">
						<left>4</left>
						<top>4</top>
						<width>160</width>
						<height>40</height>
						<texture background="true">$INFO[ListItem.Property(Path),,logo.png]</texture>
						<visible>StringCompare(Window(Home).Property(TVGuide.ThumbType),2)</visible>
					</control>
					<control type="label">
						<left>84</left>
						<top>46</top>
						<width>160</width>
						<height>22</height>
						<label>$INFO[ListItem.Property(NextDate)]</label>
						<font>font10</font>
						<align>center</align>
						<visible>StringCompare(Window(Home).Property(TVGuide.ThumbType),1) | StringCompare(Window(Home).Property(TVGuide.ThumbType),2)</visible>
					</control>
					<control type="label">
						<left>84</left>
						<top>65</top>
						<width>160</width>
						<height>22</height>
						<label>$INFO[ListItem.Property(ShortTime)]</label>
						<font>font10</font>
						<align>center</align>
						<visible>StringCompare(Window(Home).Property(TVGuide.ThumbType),1) | StringCompare(Window(Home).Property(TVGuide.ThumbType),2)</visible>
					</control>
					<control type="image">
						<left>4</left>
						<top>5</top>
						<width>54</width>
						<height>80</height>
						<texture background="true">$INFO[ListItem.Property(Art(poster))]</texture>
						<visible>StringCompare(Window(Home).Property(TVGuide.ThumbType),0)</visible>
					</control>
					<control type="label">
						<left>63</left>
						<top>28</top>
						<width>105</width>
						<height>22</height>
						<label>$INFO[ListItem.Property(NextDate)]</label>
						<font>font10</font>
						<visible>StringCompare(Window(Home).Property(TVGuide.ThumbType),0)</visible>
					</control>
					<control type="label">
						<left>63</left>
						<top>54</top>
						<width>105</width>
						<height>22</height>
						<label>$INFO[ListItem.Property(ShortTime)]</label>
						<font>font10</font>
						<visible>StringCompare(Window(Home).Property(TVGuide.ThumbType),0)</visible>
					</control>
					<control type="image">
						<left>178</left>
						<top>0</top>
						<width>4</width>
						<height>90</height>
						<texture>separator_vert.png</texture>
						<colordiffuse>99FFFFFF</colordiffuse>
					</control>
				</focusedlayout>
			</control>
		</control>
		<control type="group"><!-- Thursday -->
			<left>20</left>
			<top>340</top>
			<control type="image">
				<left>9</left>
				<top>0</top>
				<width>820</width>
				<height>91</height>
				<texture border="2">epg-genres/0.png</texture>
				<colordiffuse>AFFFFFFF</colordiffuse>
			</control>
			<control type="image">
				<left>9</left>
				<top>0</top>
				<width>820</width>
				<height>91</height>
				<texture border="2">epg-genres/112.png</texture>
				<colordiffuse>4FFFFFFF</colordiffuse>
				<visible>StringCompare(System.Date(ddd),$LOCALIZE[44])</visible>
			</control>
			<control type="image">
				<left>9</left>
				<top>0</top>
				<width>818</width>
				<height>1</height>
				<texture>colours/white.png</texture>
				<colordiffuse>AFFFFFFF</colordiffuse>
			</control>
			<control type="label">
				<left>0</left>
				<top>0</top>
				<width>100</width>
				<height>30</height>
				<label>[B]$LOCALIZE[44][/B]</label>
				<align>right</align>
			</control>
			<control type="list" id="203">
				<left>108</left>
				<top>0</top>
				<width>720</width>
				<height>90</height>
				<orientation>horizontal</orientation>
				<onleft>203</onleft>
				<onright>203</onright>
				<onup>202</onup>
				<ondown>204</ondown>
				<itemlayout width="180" height="90">
					<control type="image">
						<left>4</left>
						<top>4</top>
						<width>160</width>
						<height>40</height>
						<texture background="true">$INFO[ListItem.Property(Art(banner))]</texture>
						<visible>StringCompare(Window(Home).Property(TVGuide.ThumbType),1)</visible>
					</control>
					<control type="image">
						<left>4</left>
						<top>4</top>
						<width>160</width>
						<height>40</height>
						<texture background="true">$INFO[ListItem.Property(Path),,logo.png]</texture>
						<visible>StringCompare(Window(Home).Property(TVGuide.ThumbType),2)</visible>
					</control>
					<control type="label">
						<left>84</left>
						<top>46</top>
						<width>160</width>
						<height>22</height>
						<label>$INFO[ListItem.Property(NextDate)]</label>
						<font>font10</font>
						<align>center</align>
						<visible>StringCompare(Window(Home).Property(TVGuide.ThumbType),1) | StringCompare(Window(Home).Property(TVGuide.ThumbType),2)</visible>
					</control>
					<control type="label">
						<left>84</left>
						<top>65</top>
						<width>160</width>
						<height>22</height>
						<label>$INFO[ListItem.Property(ShortTime)]</label>
						<font>font10</font>
						<align>center</align>
						<visible>StringCompare(Window(Home).Property(TVGuide.ThumbType),1) | StringCompare(Window(Home).Property(TVGuide.ThumbType),2)</visible>
					</control>
					<control type="image">
						<left>4</left>
						<top>5</top>
						<width>54</width>
						<height>80</height>
						<texture background="true">$INFO[ListItem.Property(Art(poster))]</texture>
						<visible>StringCompare(Window(Home).Property(TVGuide.ThumbType),0)</visible>
					</control>
					<control type="label">
						<left>63</left>
						<top>28</top>
						<width>105</width>
						<height>22</height>
						<label>$INFO[ListItem.Property(NextDate)]</label>
						<font>font10</font>
						<visible>StringCompare(Window(Home).Property(TVGuide.ThumbType),0)</visible>
					</control>
					<control type="label">
						<left>63</left>
						<top>54</top>
						<width>105</width>
						<height>22</height>
						<label>$INFO[ListItem.Property(ShortTime)]</label>
						<font>font10</font>
						<visible>StringCompare(Window(Home).Property(TVGuide.ThumbType),0)</visible>
					</control>
					<control type="image">
						<left>178</left>
						<top>0</top>
						<width>4</width>
						<height>90</height>
						<texture>separator_vert.png</texture>
						<colordiffuse>99FFFFFF</colordiffuse>
					</control>
				</itemlayout>
				<focusedlayout width="180" height="90">
					<control type="image">
						<left>-1</left>
						<top>0</top>
						<width>180</width>
						<height>90</height>
						<texture border="2">epg-genres/112.png</texture>
						<colordiffuse>9FFFFFFF</colordiffuse>
						<visible>Control.HasFocus(203)</visible>
					</control>
					<control type="image">
						<left>4</left>
						<top>4</top>
						<width>160</width>
						<height>40</height>
						<texture background="true">$INFO[ListItem.Property(Art(banner))]</texture>
						<visible>StringCompare(Window(Home).Property(TVGuide.ThumbType),1)</visible>
					</control>
					<control type="image">
						<left>4</left>
						<top>4</top>
						<width>160</width>
						<height>40</height>
						<texture background="true">$INFO[ListItem.Property(Path),,logo.png]</texture>
						<visible>StringCompare(Window(Home).Property(TVGuide.ThumbType),2)</visible>
					</control>
					<control type="label">
						<left>84</left>
						<top>46</top>
						<width>160</width>
						<height>22</height>
						<label>$INFO[ListItem.Property(NextDate)]</label>
						<font>font10</font>
						<align>center</align>
						<visible>StringCompare(Window(Home).Property(TVGuide.ThumbType),1) | StringCompare(Window(Home).Property(TVGuide.ThumbType),2)</visible>
					</control>
					<control type="label">
						<left>84</left>
						<top>65</top>
						<width>160</width>
						<height>22</height>
						<label>$INFO[ListItem.Property(ShortTime)]</label>
						<font>font10</font>
						<align>center</align>
						<visible>StringCompare(Window(Home).Property(TVGuide.ThumbType),1) | StringCompare(Window(Home).Property(TVGuide.ThumbType),2)</visible>
					</control>
					<control type="image">
						<left>4</left>
						<top>5</top>
						<width>54</width>
						<height>80</height>
						<texture background="true">$INFO[ListItem.Property(Art(poster))]</texture>
						<visible>StringCompare(Window(Home).Property(TVGuide.ThumbType),0)</visible>
					</control>
					<control type="label">
						<left>63</left>
						<top>28</top>
						<width>105</width>
						<height>22</height>
						<label>$INFO[ListItem.Property(NextDate)]</label>
						<font>font10</font>
						<visible>StringCompare(Window(Home).Property(TVGuide.ThumbType),0)</visible>
					</control>
					<control type="label">
						<left>63</left>
						<top>54</top>
						<width>105</width>
						<height>22</height>
						<label>$INFO[ListItem.Property(ShortTime)]</label>
						<font>font10</font>
						<visible>StringCompare(Window(Home).Property(TVGuide.ThumbType),0)</visible>
					</control>
					<control type="image">
						<left>178</left>
						<top>0</top>
						<width>4</width>
						<height>90</height>
						<texture>separator_vert.png</texture>
						<colordiffuse>99FFFFFF</colordiffuse>
					</control>
				</focusedlayout>
			</control>
		</control>
		<control type="group"><!-- Friday -->
			<left>20</left>
			<top>430</top>
			<control type="image">
				<left>9</left>
				<top>0</top>
				<width>820</width>
				<height>91</height>
				<texture border="2">epg-genres/0.png</texture>
				<colordiffuse>4FFFFFFF</colordiffuse>
			</control>
			<control type="image">
				<left>9</left>
				<top>0</top>
				<width>820</width>
				<height>91</height>
				<texture border="2">epg-genres/112.png</texture>
				<colordiffuse>4FFFFFFF</colordiffuse>
				<visible>StringCompare(System.Date(ddd),$LOCALIZE[45])</visible>
			</control>
			<control type="image">
				<left>9</left>
				<top>0</top>
				<width>818</width>
				<height>1</height>
				<texture>colours/white.png</texture>
				<colordiffuse>AFFFFFFF</colordiffuse>
			</control>
			<control type="label">
				<left>0</left>
				<top>0</top>
				<width>100</width>
				<height>30</height>
				<label>[B]$LOCALIZE[45][/B]</label>
				<align>right</align>
			</control>
			<control type="list" id="204">
				<left>108</left>
				<top>0</top>
				<width>850</width>
				<height>90</height>
				<orientation>horizontal</orientation>
				<onup>203</onup>
				<ondown>205</ondown>
				<itemlayout width="170" height="90">
					<control type="image">
						<left>4</left>
						<top>4</top>
						<width>160</width>
						<height>40</height>
						<texture background="true">$INFO[ListItem.Property(Art(banner))]</texture>
						<visible>StringCompare(Window(Home).Property(TVGuide.ThumbType),1)</visible>
					</control>
					<control type="image">
						<left>4</left>
						<top>4</top>
						<width>160</width>
						<height>40</height>
						<texture background="true">$INFO[ListItem.Property(Path),,logo.png]</texture>
						<visible>StringCompare(Window(Home).Property(TVGuide.ThumbType),2)</visible>
					</control>
					<control type="label">
						<left>84</left>
						<top>46</top>
						<width>160</width>
						<height>22</height>
						<label>$INFO[ListItem.Property(NextDate)]</label>
						<font>font10</font>
						<align>center</align>
						<visible>StringCompare(Window(Home).Property(TVGuide.ThumbType),1) | StringCompare(Window(Home).Property(TVGuide.ThumbType),2)</visible>
					</control>
					<control type="label">
						<left>84</left>
						<top>65</top>
						<width>160</width>
						<height>22</height>
						<label>$INFO[ListItem.Property(ShortTime)]</label>
						<font>font10</font>
						<align>center</align>
						<visible>StringCompare(Window(Home).Property(TVGuide.ThumbType),1) | StringCompare(Window(Home).Property(TVGuide.ThumbType),2)</visible>
					</control>
					<control type="image">
						<left>4</left>
						<top>5</top>
						<width>54</width>
						<height>80</height>
						<texture background="true">$INFO[ListItem.Property(Art(poster))]</texture>
						<visible>StringCompare(Window(Home).Property(TVGuide.ThumbType),0)</visible>
					</control>
					<control type="label">
						<left>63</left>
						<top>28</top>
						<width>105</width>
						<height>22</height>
						<label>$INFO[ListItem.Property(NextDate)]</label>
						<font>font10</font>
						<visible>StringCompare(Window(Home).Property(TVGuide.ThumbType),0)</visible>
					</control>
					<control type="label">
						<left>63</left>
						<top>54</top>
						<width>105</width>
						<height>22</height>
						<label>$INFO[ListItem.Property(ShortTime)]</label>
						<font>font10</font>
						<visible>StringCompare(Window(Home).Property(TVGuide.ThumbType),0)</visible>
					</control>
					<control type="image">
						<left>178</left>
						<top>0</top>
						<width>4</width>
						<height>90</height>
						<texture>separator_vert.png</texture>
						<colordiffuse>99FFFFFF</colordiffuse>
					</control>
				</itemlayout>
				<focusedlayout width="180" height="90">
					<control type="image">
						<left>-1</left>
						<top>0</top>
						<width>180</width>
						<height>90</height>
						<texture border="2">epg-genres/112.png</texture>
						<colordiffuse>9FFFFFFF</colordiffuse>
						<visible>Control.HasFocus(204)</visible>
					</control>
					<control type="image">
						<left>4</left>
						<top>4</top>
						<width>160</width>
						<height>40</height>
						<texture background="true">$INFO[ListItem.Property(Art(banner))]</texture>
						<visible>StringCompare(Window(Home).Property(TVGuide.ThumbType),1)</visible>
					</control>
					<control type="image">
						<left>4</left>
						<top>4</top>
						<width>160</width>
						<height>40</height>
						<texture background="true">$INFO[ListItem.Property(Path),,logo.png]</texture>
						<visible>StringCompare(Window(Home).Property(TVGuide.ThumbType),2)</visible>
					</control>
					<control type="label">
						<left>84</left>
						<top>46</top>
						<width>160</width>
						<height>22</height>
						<label>$INFO[ListItem.Property(NextDate)]</label>
						<font>font10</font>
						<align>center</align>
						<visible>StringCompare(Window(Home).Property(TVGuide.ThumbType),1) | StringCompare(Window(Home).Property(TVGuide.ThumbType),2)</visible>
					</control>
					<control type="label">
						<left>84</left>
						<top>65</top>
						<width>160</width>
						<height>22</height>
						<label>$INFO[ListItem.Property(ShortTime)]</label>
						<font>font10</font>
						<align>center</align>
						<visible>StringCompare(Window(Home).Property(TVGuide.ThumbType),1) | StringCompare(Window(Home).Property(TVGuide.ThumbType),2)</visible>
					</control>
					<control type="image">
						<left>4</left>
						<top>5</top>
						<width>54</width>
						<height>80</height>
						<texture background="true">$INFO[ListItem.Property(Art(poster))]</texture>
						<visible>StringCompare(Window(Home).Property(TVGuide.ThumbType),0)</visible>
					</control>
					<control type="label">
						<left>63</left>
						<top>28</top>
						<width>105</width>
						<height>22</height>
						<label>$INFO[ListItem.Property(NextDate)]</label>
						<font>font10</font>
						<visible>StringCompare(Window(Home).Property(TVGuide.ThumbType),0)</visible>
					</control>
					<control type="label">
						<left>63</left>
						<top>54</top>
						<width>105</width>
						<height>22</height>
						<label>$INFO[ListItem.Property(ShortTime)]</label>
						<font>font10</font>
						<visible>StringCompare(Window(Home).Property(TVGuide.ThumbType),0)</visible>
					</control>
					<control type="image">
						<left>178</left>
						<top>0</top>
						<width>4</width>
						<height>90</height>
						<texture>separator_vert.png</texture>
						<colordiffuse>99FFFFFF</colordiffuse>
					</control>
				</focusedlayout>
			</control>
		</control>
		<control type="group"><!-- Saturday -->
			<left>20</left>
			<top>520</top>
			<control type="image">
				<left>9</left>
				<top>0</top>
				<width>820</width>
				<height>91</height>
				<texture border="2">epg-genres/0.png</texture>
				<colordiffuse>AFFFFFFF</colordiffuse>
			</control>
			<control type="image">
				<left>9</left>
				<top>0</top>
				<width>820</width>
				<height>91</height>
				<texture border="2">epg-genres/112.png</texture>
				<colordiffuse>4FFFFFFF</colordiffuse>
				<visible>StringCompare(System.Date(ddd),$LOCALIZE[46])</visible>
			</control>
			<control type="image">
				<left>9</left>
				<top>0</top>
				<width>818</width>
				<height>1</height>
				<texture>colours/white.png</texture>
				<colordiffuse>AFFFFFFF</colordiffuse>
			</control>
			<control type="label">
				<left>0</left>
				<top>0</top>
				<width>100</width>
				<height>30</height>
				<label>[B]$LOCALIZE[46][/B]</label>
				<align>right</align>
			</control>
			<control type="list" id="205">
				<left>108</left>
				<top>0</top>
				<width>720</width>
				<height>90</height>
				<orientation>horizontal</orientation>
				<onup>204</onup>
				<ondown>206</ondown>
				<itemlayout width="180" height="90">
					<control type="image">
						<left>4</left>
						<top>4</top>
						<width>160</width>
						<height>40</height>
						<texture background="true">$INFO[ListItem.Property(Art(banner))]</texture>
						<visible>StringCompare(Window(Home).Property(TVGuide.ThumbType),1)</visible>
					</control>
					<control type="image">
						<left>4</left>
						<top>4</top>
						<width>160</width>
						<height>40</height>
						<texture background="true">$INFO[ListItem.Property(Path),,logo.png]</texture>
						<visible>StringCompare(Window(Home).Property(TVGuide.ThumbType),2)</visible>
					</control>
					<control type="label">
						<left>84</left>
						<top>46</top>
						<width>160</width>
						<height>22</height>
						<label>$INFO[ListItem.Property(NextDate)]</label>
						<font>font10</font>
						<align>center</align>
						<visible>StringCompare(Window(Home).Property(TVGuide.ThumbType),1) | StringCompare(Window(Home).Property(TVGuide.ThumbType),2)</visible>
					</control>
					<control type="label">
						<left>84</left>
						<top>65</top>
						<width>160</width>
						<height>22</height>
						<label>$INFO[ListItem.Property(ShortTime)]</label>
						<font>font10</font>
						<align>center</align>
						<visible>StringCompare(Window(Home).Property(TVGuide.ThumbType),1) | StringCompare(Window(Home).Property(TVGuide.ThumbType),2)</visible>
					</control>
					<control type="image">
						<left>4</left>
						<top>5</top>
						<width>54</width>
						<height>80</height>
						<texture background="true">$INFO[ListItem.Property(Art(poster))]</texture>
						<visible>StringCompare(Window(Home).Property(TVGuide.ThumbType),0)</visible>
					</control>
					<control type="label">
						<left>63</left>
						<top>28</top>
						<width>105</width>
						<height>22</height>
						<label>$INFO[ListItem.Property(NextDate)]</label>
						<font>font10</font>
						<visible>StringCompare(Window(Home).Property(TVGuide.ThumbType),0)</visible>
					</control>
					<control type="label">
						<left>63</left>
						<top>54</top>
						<width>105</width>
						<height>22</height>
						<label>$INFO[ListItem.Property(ShortTime)]</label>
						<font>font10</font>
						<visible>StringCompare(Window(Home).Property(TVGuide.ThumbType),0)</visible>
					</control>
					<control type="image">
						<left>178</left>
						<top>0</top>
						<width>4</width>
						<height>90</height>
						<texture>separator_vert.png</texture>
						<colordiffuse>99FFFFFF</colordiffuse>
					</control>
				</itemlayout>
				<focusedlayout width="180" height="90">
					<control type="image">
						<left>-1</left>
						<top>0</top>
						<width>180</width>
						<height>90</height>
						<texture border="2">epg-genres/112.png</texture>
						<colordiffuse>9FFFFFFF</colordiffuse>
						<visible>Control.HasFocus(205)</visible>
					</control>
					<control type="image">
						<left>4</left>
						<top>4</top>
						<width>160</width>
						<height>40</height>
						<texture background="true">$INFO[ListItem.Property(Art(banner))]</texture>
						<visible>StringCompare(Window(Home).Property(TVGuide.ThumbType),1)</visible>
					</control>
					<control type="image">
						<left>4</left>
						<top>4</top>
						<width>160</width>
						<height>40</height>
						<texture background="true">$INFO[ListItem.Property(Path),,logo.png]</texture>
						<visible>StringCompare(Window(Home).Property(TVGuide.ThumbType),2)</visible>
					</control>
					<control type="label">
						<left>84</left>
						<top>46</top>
						<width>160</width>
						<height>22</height>
						<label>$INFO[ListItem.Property(NextDate)]</label>
						<font>font10</font>
						<align>center</align>
						<visible>StringCompare(Window(Home).Property(TVGuide.ThumbType),1) | StringCompare(Window(Home).Property(TVGuide.ThumbType),2)</visible>
					</control>
					<control type="label">
						<left>84</left>
						<top>65</top>
						<width>160</width>
						<height>22</height>
						<label>$INFO[ListItem.Property(ShortTime)]</label>
						<font>font10</font>
						<align>center</align>
						<visible>StringCompare(Window(Home).Property(TVGuide.ThumbType),1) | StringCompare(Window(Home).Property(TVGuide.ThumbType),2)</visible>
					</control>
					<control type="image">
						<left>4</left>
						<top>5</top>
						<width>54</width>
						<height>80</height>
						<texture background="true">$INFO[ListItem.Property(Art(poster))]</texture>
						<visible>StringCompare(Window(Home).Property(TVGuide.ThumbType),0)</visible>
					</control>
					<control type="label">
						<left>63</left>
						<top>28</top>
						<width>105</width>
						<height>22</height>
						<label>$INFO[ListItem.Property(NextDate)]</label>
						<font>font10</font>
						<visible>StringCompare(Window(Home).Property(TVGuide.ThumbType),0)</visible>
					</control>
					<control type="label">
						<left>63</left>
						<top>54</top>
						<width>105</width>
						<height>22</height>
						<label>$INFO[ListItem.Property(ShortTime)]</label>
						<font>font10</font>
						<visible>StringCompare(Window(Home).Property(TVGuide.ThumbType),0)</visible>
					</control>
					<control type="image">
						<left>178</left>
						<top>0</top>
						<width>4</width>
						<height>90</height>
						<texture>separator_vert.png</texture>
						<colordiffuse>99FFFFFF</colordiffuse>
					</control>
				</focusedlayout>
			</control>
		</control>
		<control type="group"><!-- Sunday -->
			<left>20</left>
			<top>610</top>
			<control type="image">
				<left>9</left>
				<top>0</top>
				<width>820</width>
				<height>91</height>
				<texture border="2">epg-genres/0.png</texture>
				<colordiffuse>4FFFFFFF</colordiffuse>
			</control>
			<control type="image">
				<left>9</left>
				<top>0</top>
				<width>820</width>
				<height>91</height>
				<texture border="2">epg-genres/112.png</texture>
				<colordiffuse>4FFFFFFF</colordiffuse>
				<visible>StringCompare(System.Date(ddd),$LOCALIZE[47])</visible>
			</control>
			<control type="image">
				<left>9</left>
				<top>0</top>
				<width>818</width>
				<height>1</height>
				<texture>colours/white.png</texture>
				<colordiffuse>AFFFFFFF</colordiffuse>
			</control>
			<control type="label">
				<left>0</left>
				<top>0</top>
				<width>100</width>
				<height>30</height>
				<label>[B]$LOCALIZE[47][/B]</label>
				<align>right</align>
			</control>
			<control type="list" id="206">
				<left>108</left>
				<top>0</top>
				<width>720</width>
				<height>90</height>
				<orientation>horizontal</orientation>
				<onup>205</onup>
				<ondown>200</ondown>
				<itemlayout width="180" height="90">
					<control type="image">
						<left>4</left>
						<top>4</top>
						<width>160</width>
						<height>40</height>
						<texture background="true">$INFO[ListItem.Property(Art(banner))]</texture>
						<visible>StringCompare(Window(Home).Property(TVGuide.ThumbType),1)</visible>
					</control>
					<control type="image">
						<left>4</left>
						<top>4</top>
						<width>160</width>
						<height>40</height>
						<texture background="true">$INFO[ListItem.Property(Path),,logo.png]</texture>
						<visible>StringCompare(Window(Home).Property(TVGuide.ThumbType),2)</visible>
					</control>
					<control type="label">
						<left>84</left>
						<top>46</top>
						<width>160</width>
						<height>22</height>
						<label>$INFO[ListItem.Property(NextDate)]</label>
						<font>font10</font>
						<align>center</align>
						<visible>StringCompare(Window(Home).Property(TVGuide.ThumbType),1) | StringCompare(Window(Home).Property(TVGuide.ThumbType),2)</visible>
					</control>
					<control type="label">
						<left>84</left>
						<top>65</top>
						<width>160</width>
						<height>22</height>
						<label>$INFO[ListItem.Property(ShortTime)]</label>
						<font>font10</font>
						<align>center</align>
						<visible>StringCompare(Window(Home).Property(TVGuide.ThumbType),1) | StringCompare(Window(Home).Property(TVGuide.ThumbType),2)</visible>
					</control>
					<control type="image">
						<left>4</left>
						<top>5</top>
						<width>54</width>
						<height>80</height>
						<texture background="true">$INFO[ListItem.Property(Art(poster))]</texture>
						<visible>StringCompare(Window(Home).Property(TVGuide.ThumbType),0)</visible>
					</control>
					<control type="label">
						<left>63</left>
						<top>28</top>
						<width>105</width>
						<height>22</height>
						<label>$INFO[ListItem.Property(NextDate)]</label>
						<font>font10</font>
						<visible>StringCompare(Window(Home).Property(TVGuide.ThumbType),0)</visible>
					</control>
					<control type="label">
						<left>63</left>
						<top>54</top>
						<width>105</width>
						<height>22</height>
						<label>$INFO[ListItem.Property(ShortTime)]</label>
						<font>font10</font>
						<visible>StringCompare(Window(Home).Property(TVGuide.ThumbType),0)</visible>
					</control>
					<control type="image">
						<left>178</left>
						<top>0</top>
						<width>4</width>
						<height>90</height>
						<texture>separator_vert.png</texture>
						<colordiffuse>99FFFFFF</colordiffuse>
					</control>
				</itemlayout>
				<focusedlayout width="180" height="90">
					<control type="image">
						<left>-1</left>
						<top>0</top>
						<width>180</width>
						<height>90</height>
						<texture border="2">epg-genres/112.png</texture>
						<colordiffuse>9FFFFFFF</colordiffuse>
						<visible>Control.HasFocus(206)</visible>
					</control>
					<control type="image">
						<left>4</left>
						<top>4</top>
						<width>160</width>
						<height>40</height>
						<texture background="true">$INFO[ListItem.Property(Art(banner))]</texture>
						<visible>StringCompare(Window(Home).Property(TVGuide.ThumbType),1)</visible>
					</control>
					<control type="image">
						<left>4</left>
						<top>4</top>
						<width>160</width>
						<height>40</height>
						<texture background="true">$INFO[ListItem.Property(Path),,logo.png]</texture>
						<visible>StringCompare(Window(Home).Property(TVGuide.ThumbType),2)</visible>
					</control>
					<control type="label">
						<left>84</left>
						<top>46</top>
						<width>160</width>
						<height>22</height>
						<label>$INFO[ListItem.Property(NextDate)]</label>
						<font>font10</font>
						<align>center</align>
						<visible>StringCompare(Window(Home).Property(TVGuide.ThumbType),1) | StringCompare(Window(Home).Property(TVGuide.ThumbType),2)</visible>
					</control>
					<control type="label">
						<left>84</left>
						<top>65</top>
						<width>160</width>
						<height>22</height>
						<label>$INFO[ListItem.Property(ShortTime)]</label>
						<font>font10</font>
						<align>center</align>
						<visible>StringCompare(Window(Home).Property(TVGuide.ThumbType),1) | StringCompare(Window(Home).Property(TVGuide.ThumbType),2)</visible>
					</control>
					<control type="image">
						<left>4</left>
						<top>5</top>
						<width>54</width>
						<height>80</height>
						<texture background="true">$INFO[ListItem.Property(Art(poster))]</texture>
						<visible>StringCompare(Window(Home).Property(TVGuide.ThumbType),0)</visible>
					</control>
					<control type="label">
						<left>63</left>
						<top>28</top>
						<width>105</width>
						<height>22</height>
						<label>$INFO[ListItem.Property(NextDate)]</label>
						<font>font10</font>
						<visible>StringCompare(Window(Home).Property(TVGuide.ThumbType),0)</visible>
					</control>
					<control type="label">
						<left>63</left>
						<top>54</top>
						<width>105</width>
						<height>22</height>
						<label>$INFO[ListItem.Property(ShortTime)]</label>
						<font>font10</font>
						<visible>StringCompare(Window(Home).Property(TVGuide.ThumbType),0)</visible>
					</control>
					<control type="image">
						<left>178</left>
						<top>0</top>
						<width>4</width>
						<height>90</height>
						<texture>separator_vert.png</texture>
						<colordiffuse>99FFFFFF</colordiffuse>
					</control>
				</focusedlayout>
			</control>
		</control>
		<control type="group"><!-- Next Aired Episode description -->
			<left>850</left>
			<top>115</top>
			<control type="image">
				<left>0</left>
				<top>0</top>
				<width>470</width>
				<height>540</height>
				<texture border="2">epg-genres/0.png</texture>
				<colordiffuse>4F000000</colordiffuse>
			</control>
			<control type="group">
				<control type="image" id="7018"><!-- Next Aired Logo -->
					<left>76</left>
					<top>-25</top>
					<width>258</width>
					<height>100</height>
					<texture fallback=".">$VAR[NextAiredImage3]</texture>
				</control>
				<control type="label"><!-- Next TVShow Title -->
					<left>0</left>
					<top>0</top>
					<width>410</width>
					<height>90</height>
					<label>$VAR[NextAiredLabel1]</label>
					<font>font18</font>
					<align>center</align>
					<wrapmultiline>true</wrapmultiline>
					<visible>SubString(Control.GetLabel(7018),.,Left)</visible>
				</control>
				<control type="image"><!-- Next Aired Poster -->
					<left>128</left>
					<top>95</top>
					<width>154</width>
					<height>220</height>
					<texture>$VAR[NextAiredImage1]</texture>
					<visible>IsEmpty(Window(Home).Property(TVGuide.PreviewThumbs)) + [StringCompare(Window(Home).Property(TVGuide.ThumbType),0) | StringCompare(Window(Home).Property(TVGuide.ThumbType),2)]</visible>
				</control>
				<control type="image"><!-- Next Aired Banner -->
					<left>33</left>
					<top>140</top>
					<width>244</width>
					<height>45</height>
					<texture>$VAR[NextAiredImage5]</texture>
					<visible>IsEmpty(Window(Home).Property(TVGuide.PreviewThumbs)) + StringCompare(Window(Home).Property(TVGuide.ThumbType),1)</visible>
				</control>
				<control type="image"><!-- Next Aired Landscape Thumb -->
					<left>23</left>
					<top>100</top>
					<width>264</width>
					<height>170</height>
					<aspectratio>keep</aspectratio>
					<texture>$VAR[NextAiredImage2]</texture>
					<visible>!IsEmpty(Window(Home).Property(TVGuide.PreviewThumbs))</visible>
				</control>
				<control type="label"><!-- Next Aired Episode Title -->
					<left>0</left>
					<top>330</top>
					<width>410</width>
					<height>90</height>
					<label>$VAR[NextAiredLabel2]</label>
					<align>center</align>
					<wrapmultiline>true</wrapmultiline>
				</control>
				<control type="label"><!-- Next Aired Run Time -->
					<left>0</left>
					<top>436</top>
					<width>410</width>
					<height>24</height>
					<label>$VAR[NextAiredLabel3]</label>
					<font>font12</font>
					<align>center</align>
					<wrapmultiline>true</wrapmultiline>
				</control>
				<control type="label"><!-- Next Aired Genre -->
					<left>0</left>
					<top>480</top>
					<width>410</width>
					<height>44</height>
					<label>$VAR[NextAiredLabel4]</label>
					<font>font11</font>
					<align>center</align>
					<wrapmultiline>true</wrapmultiline>
				</control>
				<control type="label"><!-- Next Aired Time and Date -->
					<left>0</left>
					<top>544</top>
					<width>410</width>
					<height>22</height>
					<label>$VAR[NextAiredLabel5]  $VAR[NextAiredLabel6]</label>
					<align>center</align>
					<wrapmultiline>true</wrapmultiline>
				</control>
			</control>
		</control>
		<control type="button" id="8">
			<left>-10</left>
			<top>-10</top>
			<width>1</width>
			<height>1</height>
		</control>
	</controls>
</window>
