<?xml version="1.0" encoding="UTF-8"?>
<includes>
	<include name="AlbumListView">
		<control type="fixedlist" id="50">
			<viewtype label="31941">list</viewtype>
			<left>668</left>
			<top>116</top>
			<width>555</width>
			<height>532</height>
			<focusposition>2</focusposition>
			<movement>4</movement>
			<onleft condition="Skin.HasSetting(lock-screensettings)">noop</onleft>
			<onleft condition="!Skin.HasSetting(lock-screensettings)">9000</onleft>
			<onright condition="StringCompare(Skin.String(show-scrollbar),$LOCALIZE[31877])">noop</onright>
			<onright condition="!StringCompare(Skin.String(show-scrollbar),$LOCALIZE[31877])">1250</onright>
			<onright>1250</onright>
			<onup>50</onup>
			<ondown>50</ondown>
			<preloaditems>4</preloaditems>
			<pagecontrol>1250</pagecontrol>
			<itemlayout width="575" height="66">
				<control type="label">
					<left>46</left>
					<top>22</top>
					<width>506</width>
					<height>23</height>
					<font>font12</font>
					<label>$INFO[ListItem.Label]</label>
					<visible>IsEmpty(ListItem.Label2)</visible>
				</control>
				<control type="group">
					<visible>!IsEmpty(ListItem.Label2)</visible>
					<control type="label">
						<left>46</left>
						<top>14</top>
						<width>506</width>
						<height>23</height>
						<font>font11</font>
						<label>$INFO[ListItem.Label]</label>
					</control>
					<control type="label">
						<left>46</left>
						<top>38</top>
						<width>506</width>
						<height>23</height>
						<font>font11</font>
						<textcolor>disabled-text</textcolor>
						<label>$INFO[ListItem.Label2]</label>
					</control>
				</control>
			</itemlayout>
			<focusedlayout width="575" height="66">
				<control type="label">
					<left>46</left>
					<top>22</top>
					<width>506</width>
					<height>23</height>
					<font>font12</font>
					<label>$INFO[ListItem.Label]</label>
					<visible>IsEmpty(ListItem.Label2)</visible>
				</control>
				<control type="group">
					<visible>!IsEmpty(ListItem.Label2)</visible>
					<control type="label">
						<left>46</left>
						<top>14</top>
						<width>506</width>
						<height>23</height>
						<font>font11</font>
						<label>$INFO[ListItem.Label]</label>
					</control>
					<control type="label">
						<left>46</left>
						<top>38</top>
						<width>506</width>
						<height>23</height>
						<font>font11</font>
						<textcolor>disabled-text</textcolor>
						<label>$INFO[ListItem.Label2]</label>
					</control>
				</control>
			</focusedlayout>
		</control>
		<control type="group">
			<visible>Control.IsVisible(50)</visible>
			<control type="group">
				<top>56</top>
				<visible>[IntegerGreaterThan(Container(50).NumItems,0) + !System.GetBool(filelists.showparentdiritems)] | [IntegerGreaterThan(Container(50).NumItems,-1) + System.GetBool(filelists.showparentdiritems)]</visible>
				<control type="group">
					<control type="image"><!-- Button focus slider -->
						<left>702</left>
						<top>330</top>
						<width>532</width>
						<height>66</height>
						<texture border="6">button-default-focus.png</texture>
						<aspectratio>stretch</aspectratio>
					</control>
					<animation condition="Container(50).Position(0)" effect="slide" start="0,0" end="0,-264"
						time="0" easing="inout" reversible="true">Conditional</animation>
					<animation condition="Container(50).Position(1)" effect="slide" start="0,0" end="0,-198"
						time="0" easing="inout" reversible="true">Conditional</animation>
					<animation condition="Container(50).Position(2)" effect="slide" start="0,0" end="0,-132"
						time="0" easing="inout" reversible="true">Conditional</animation>
					<animation condition="Container(50).Position(3)" effect="slide" start="0,0" end="0,-66"
						time="0" easing="inout" reversible="true">Conditional</animation>
					<!-- Animation for postion 4 does nothing, so removed-->
					<animation condition="Container(50).Position(5)" effect="slide" start="0,0" end="0,66"
						time="0" easing="inout" reversible="true">Conditional</animation>
					<animation condition="Container(50).Position(6)" effect="slide" start="0,0" end="0,132"
						time="0" easing="inout" reversible="true">Conditional</animation>
					<animation condition="Container(50).Position(7)" effect="slide" start="0,0" end="0,198"
						time="0" easing="inout" reversible="true">Conditional</animation>
				</control>
			</control>
			<control type="group">
				<visible>!Window.IsVisible(musicplaylist)</visible>
				<animation type="TYPE" condition="Skin.HasSetting(tiltmusiclisticon)" reversible="false">
					<effect type="rotatey" start="-15" end="-15" time="0"/>
					<effect type="slide" end="15,0" time="0"/>
					<effect type="zoom" start="100" end="112" center="auto" time="0" tween="back" easing="out"/>
				</animation>
				<control type="group">
					<visible>Container.Content(albums) | Container.Content(songs)</visible>
					<control type="image">
						<left>144</left>
						<top>98</top>
						<width>418</width>
						<height>380</height>
						<texture background="true" fallback="DefaultAudio.png">$VAR[IconCover]</texture>
						<aspectratio>keep</aspectratio>
						<bordertexture border="30,22,14,22">case-cd.png</bordertexture>
						<bordersize>30,22,14,22</bordersize>
						<visible>Skin.HasSetting(media-case) + !SubString(ListItem.Icon,Default,Left)</visible>
					</control>
					<control type="image">
						<left>185</left>
						<top>130</top>
						<width>360</width>
						<height>360</height>
						<texture background="true" diffuse="mask-squ.png" fallback="DefaultAudio.png">$VAR[IconCover]</texture>
						<aspectratio>stretch</aspectratio>
						<visible>!Skin.HasSetting(media-case) | SubString(ListItem.Icon,Default,Left)</visible>
					</control>
				</control>
				<control type="image">
					<left>185</left>
					<top>130</top>
					<width>360</width>
					<height>360</height>
					<texture background="true" diffuse="mask-squ.png" fallback="DefaultAudio.png">$VAR[IconCover]</texture>
					<aspectratio>stretch</aspectratio>
					<visible>!Container.Content(albums) + !Container.Content(songs)</visible>
				</control>
			</control>
			<control type="group">
				<visible>!Window.IsVisible(musicplaylist) + [Container.Content(songs) | Container.Content(albums)] + !SubString(ListItem.Icon,Default,Left)</visible>
				<control type="image">
					<left>20</left>
					<top>512</top>
					<width>665</width>
					<height>4</height>
					<texture>separator.png</texture>
				</control>
				<control type="label"><!-- Artist heading -->
					<left>20</left>
					<top>525</top>
					<width>130</width>
					<height>25</height>
					<label>$LOCALIZE[31230]</label>
					<font>font11</font>
					<align>right</align>
				</control>
				<control type="label"><!-- Artist -->
					<left>160</left>
					<top>525</top>
					<width>513</width>
					<height>25</height>
					<label>$INFO[ListItem.Artist]</label>
					<include condition="Skin.HasSetting(text-autoscroll)">scrolltext</include>
					<font>font11</font>
				</control>
				<control type="label"><!-- Genre heading -->
					<left>20</left>
					<top>550</top>
					<width>130</width>
					<height>25</height>
					<label>$LOCALIZE[31231]</label>
					<font>font11</font>
					<align>right</align>
				</control>
				<control type="label"><!-- Genre -->
					<left>160</left>
					<top>550</top>
					<width>513</width>
					<height>25</height>
					<label>$INFO[ListItem.Genre]</label>
					<include condition="Skin.HasSetting(text-autoscroll)">scrolltext</include>
					<font>font11</font>
				</control>
				<control type="label"><!-- Year heading -->
					<left>20</left>
					<top>575</top>
					<width>130</width>
					<height>25</height>
					<label>$LOCALIZE[31232]</label>
					<font>font11</font>
					<align>right</align>
				</control>
				<control type="label"><!-- Year -->
					<left>160</left>
					<top>575</top>
					<width>513</width>
					<height>25</height>
					<label>$INFO[ListItem.Year]</label>
					<font>font11</font>
				</control>
				<control type="label"><!-- Rating heading -->
					<left>20</left>
					<top>600</top>
					<width>130</width>
					<height>25</height>
					<label>$LOCALIZE[563]:</label>
					<font>font11</font>
					<align>right</align>
				</control>
				<control type="image"><!-- Rating -->
					<left>160</left>
					<top>603</top>
					<width>150</width>
					<height>19</height>
					<texture>$VAR[MediaRating]</texture>
					<aspectratio>keep</aspectratio>
				</control>
				<control type="image">
					<left>20</left>
					<top>634</top>
					<width>665</width>
					<height>4</height>
					<texture>separator.png</texture>
				</control>
			</control>

			<control type="group">
				<visible>Window.IsVisible(musicplaylist)</visible>
				<control type="image">
					<left>122</left>
					<top>150</top>
					<width>384</width>
					<height>384</height>
					<texture background="true" diffuse="mask-squ.png">$INFO[ListItem.Icon]</texture>
					<aspectratio scalediffuse="false">keep</aspectratio>
				</control>
				<control type="group">
					<visible>Player.HasAudio</visible>
					<control type="progress">
						<left>35</left>
						<top>568</top>
						<width>460</width>
						<height>15</height>
						<info>Player.Progress</info>
					</control>
					<control type="label">
						<left>505</left>
						<top>560</top>
						<width>180</width>
						<height>25</height>
						<font>font12</font>
						<label>$INFO[Player.Time]$INFO[Player.Duration,/ ]</label>
					</control>
					<control type="label">
						<left>35</left>
						<top>585</top>
						<width>480</width>
						<height>25</height>
						<label>$INFO[MusicPlayer.Artist]</label>
						<font>font12</font>
						<include condition="Skin.HasSetting(text-autoscroll)">scrolltext</include>
					</control>
					<control type="label">
						<left>35</left>
						<top>615</top>
						<width>660</width>
						<height>25</height>
						<font>font12</font>
						<label>$INFO[MusicPlayer.Title]</label>
						<include condition="Skin.HasSetting(text-autoscroll)">scrolltext</include>
					</control>
				</control>
			</control>
			<control type="group">
				<include>SortLetterNotification</include>
				<control type="scrollbar" id="1250">
					<left>1250</left>
					<top>112</top>
					<width>18</width>
					<height>555</height>
					<onleft>50</onleft>
					<animation condition="!Control.HasFocus(1250) + !Container.Scrolling + !StringCompare(Skin.String(show-scrollbar),$LOCALIZE[31875])" effect="fade" start="100" end="0" time="200" reversible="true">Conditional</animation>
					<visible>!StringCompare(Skin.String(show-scrollbar),$LOCALIZE[31877])</visible>
				</control>
			</control>
		</control>
	</include>
	<include name="AlbumWrapView">
		<control type="wraplist" id="54">
			<viewtype label="31942">wrap</viewtype>
			<left>14</left>
			<top>320</top>
			<width>1240</width>
			<height>366</height>
			<onleft>54</onleft>
			<onright>54</onright>
			<onup condition="Skin.HasSetting(lock-screensettings)">noop</onup>
			<onup condition="!Skin.HasSetting(lock-screensettings)">9000</onup>
			<ondown condition="StringCompare(Skin.String(show-scrollbar),$LOCALIZE[31877])">noop</ondown>
			<ondown condition="!StringCompare(Skin.String(show-scrollbar),$LOCALIZE[31877])">1254</ondown>
			<focusposition>0</focusposition>
			<orientation>horizontal</orientation>
			<preloaditems>4</preloaditems>
			<scrolltime>0</scrolltime>
			<pagecontrol>1254</pagecontrol>
			<itemlayout height="155" width="155">
				<control type="group">
					<visible>Container.Content(albums) | Container.Content(songs)</visible>
					<control type="image">
						<left>-50</left>
						<top>150</top>
						<height>155</height>
						<width>155</width>
						<colordiffuse>UnFocusedCovers</colordiffuse>
						<texture background="true" fallback="DefaultAudio.png">$VAR[IconCover]</texture>
						<aspectratio>stretch</aspectratio>
						<bordertexture border="20,18,10,18">case-cd.png</bordertexture>
						<bordersize>20,18,10,18</bordersize>
						<visible>Skin.HasSetting(media-case) + !SubString(ListItem.Icon,Default,Left)</visible>
					</control>
					<control type="image">
						<left>-32</left>
						<top>160</top>
						<height>128</height>
						<width>128</width>
						<colordiffuse>UnFocusedCovers</colordiffuse>
						<texture background="true" diffuse="mask-squ.png" fallback="DefaultAudio.png">$VAR[IconCover]</texture>
						<aspectratio>stretch</aspectratio>
						<visible>!Skin.HasSetting(media-case) | SubString(ListItem.Icon,Default,Left)</visible>
					</control>
				</control>
				<control type="image">
					<left>-32</left>
					<top>160</top>
					<height>128</height>
					<width>128</width>
					<colordiffuse>UnFocusedCovers</colordiffuse>
					<texture background="true" diffuse="mask-squ.png" fallback="DefaultAudio.png">$VAR[IconCover]</texture>
					<aspectratio>stretch</aspectratio>
					<visible>!Container.Content(albums) + !Container.Content(songs)</visible>
				</control>
			</itemlayout>
			<focusedlayout height="366" width="366">
				<control type="group">
					<visible>Container.Content(albums) | Container.Content(songs)</visible>
					<control type="image">
						<left>6</left>
						<top>0</top>
						<height>305</height>
						<width>305</width>
						<texture background="true" fallback="DefaultAudio.png">$VAR[IconCover]</texture>
						<aspectratio>stretch</aspectratio>
						<bordertexture border="28,22,14,22">case-cd.png</bordertexture>
						<bordersize>28,22,14,22</bordersize>
						<visible>Skin.HasSetting(media-case) + !SubString(ListItem.Icon,Default,Left)</visible>
					</control>
					<control type="image">
						<left>14</left>
						<top>2</top>
						<height>288</height>
						<width>288</width>
						<texture background="true" diffuse="mask-squ.png" fallback="DefaultAudio.png">$VAR[IconCover]</texture>
						<aspectratio>stretch</aspectratio>
						<visible>!Skin.HasSetting(media-case) | SubString(ListItem.Icon,Default,Left)</visible>
					</control>
				</control>
				<control type="image">
					<left>14</left>
					<top>2</top>
					<height>288</height>
					<width>288</width>
					<texture background="true" diffuse="mask-squ.png" fallback="DefaultAudio.png">$VAR[IconCover]</texture>
					<aspectratio>stretch</aspectratio>
					<visible>!Container.Content(albums) + !Container.Content(songs)</visible>
				</control>
			</focusedlayout>
		</control>
		<control type="group">
			<visible>Control.IsVisible(54)</visible>
			<control type="scrollbar" id="1254">
				<left>20</left>
				<top>616</top>
				<width>1240</width>
				<height>18</height>
				<onup>54</onup>
				<orientation>horizontal</orientation>
				<animation condition="!Control.HasFocus(1254) + !Container.Scrolling + !StringCompare(Skin.String(show-scrollbar),$LOCALIZE[31875])" effect="fade" start="100" end="0" time="200" reversible="true">Conditional</animation>
				<visible>!StringCompare(Skin.String(show-scrollbar),$LOCALIZE[31877])</visible>
			</control>
			<control type="label"><!-- Go Back -->
				<left>26</left>
				<top>637</top>
				<width>1221</width>
				<height>37</height>
				<font>font18</font>
				<align>center</align>
				<include condition="Skin.HasSetting(text-autoscroll)">scrolltext</include>
				<label>$LOCALIZE[31688]</label>
				<visible>SubString(ListItem.Icon,DefaultFolderBack.png,Left)</visible>
			</control>
			<control type="label">
				<left>26</left>
				<top>637</top>
				<width>1221</width>
				<height>37</height>
				<font>font18</font>
				<align>center</align>
				<include condition="Skin.HasSetting(text-autoscroll)">scrolltext</include>
				<label>$INFO[ListItem.Label]</label>
				<visible>!SubString(ListItem.Icon,DefaultFolderBack.png,Left)</visible>
			</control>
			<control type="image"><!-- Star Rating -->
				<left>26</left>
				<top>650</top>
				<width>177</width>
				<height>22</height>
				<texture>$VAR[MediaRating]</texture>
				<aspectratio>keep</aspectratio>
				<visible>!IsEmpty(ListItem.StarRating)</visible>
			</control>
			<control type="label"><!-- Genre -->
				<left>212</left>
				<top>681</top>
				<width>849</width>
				<height>37</height>
				<font>font13</font>
				<align>center</align>
				<include condition="Skin.HasSetting(text-autoscroll)">scrolltext</include>
				<label>$INFO[ListItem.Genre]</label>
				<visible>!Container.Content(genres)</visible>
			</control>
		</control>
	</include>
	<include name="AlbumCoverflow">
		<control type="wraplist" id="57">
			<viewtype label="31945">wrap</viewtype>
			<left>-136</left>
			<top>187</top>
			<width>1280</width>
			<height>288</height>
			<onleft>57</onleft>
			<onright>57</onright>
			<onup condition="Skin.HasSetting(lock-screensettings)">noop</onup>
			<onup condition="!Skin.HasSetting(lock-screensettings)">9000</onup>
			<ondown condition="StringCompare(Skin.String(show-scrollbar),$LOCALIZE[31877])">noop</ondown>
			<ondown condition="!StringCompare(Skin.String(show-scrollbar),$LOCALIZE[31877])">1257</ondown>
			<focusposition>2</focusposition>
			<orientation>horizontal</orientation>
			<preloaditems>4</preloaditems>
			<pagecontrol>1257</pagecontrol>
			<itemlayout height="390" width="140"></itemlayout>
			<focusedlayout height="410" width="320"></focusedlayout>
		</control>
		<control type="group" id="3011">
			<left>30</left>
			<top>284</top>
			<camera x="640" y="360" />
			<visible>Control.IsVisible(57) + Container.OnNext</visible>
			<animation effect="slide" end="-50,0" time="200" reversible="false">Hidden</animation>
			<control type="image">
				<left>0</left>
				<top>0</top>
				<width>288</width>
				<height>288</height>
				<texture background="true" fallback="DefaultAudio.png" diffuse="mask-rect.png">$VAR[Icon(-5)Cover]</texture>
				<animation effect="rotatey" center="-40" start="-60" end="-60" time="0" condition="true">Conditional</animation>
				<visible>[IntegerGreaterThan(Container(57).NumItems,10) + !System.GetBool(filelists.showparentdiritems)] | [IntegerGreaterThan(Container(57).NumItems,9) + System.GetBool(filelists.showparentdiritems)]</visible>
			</control>
			<control type="image">
				<left>88</left>
				<top>0</top>
				<width>288</width>
				<height>288</height>
				<texture background="true" fallback="DefaultAudio.png" diffuse="mask-rect.png">$VAR[Icon(-4)Cover]</texture>
				<animation effect="rotatey" center="10" start="-60" end="-60" time="0" condition="true">Conditional</animation>
				<visible>[IntegerGreaterThan(Container(57).NumItems,8) + !System.GetBool(filelists.showparentdiritems)] | [IntegerGreaterThan(Container(57).NumItems,7) + System.GetBool(filelists.showparentdiritems)]</visible>
			</control>
			<control type="image">
				<left>177</left>
				<top>0</top>
				<width>288</width>
				<height>288</height>
				<texture background="true" fallback="DefaultAudio.png" diffuse="mask-rect.png">$VAR[Icon(-3)Cover]</texture>
				<animation effect="rotatey" center="60" start="-60" end="-60" time="0" condition="true">Conditional</animation>
				<visible>[IntegerGreaterThan(Container(57).NumItems,6) + !System.GetBool(filelists.showparentdiritems)] | [IntegerGreaterThan(Container(57).NumItems,5) + System.GetBool(filelists.showparentdiritems)]</visible>
			</control>
			<control type="image">
				<left>265</left>
				<top>0</top>
				<width>288</width>
				<height>288</height>
				<texture background="true" fallback="DefaultAudio.png" diffuse="mask-rect.png">$VAR[Icon(-2)Cover]</texture>
				<animation effect="rotatey" center="110" start="-60" end="-60" time="0" condition="true">Conditional</animation>
				<visible>[IntegerGreaterThan(Container(57).NumItems,4) + !System.GetBool(filelists.showparentdiritems)] | [IntegerGreaterThan(Container(57).NumItems,3) + System.GetBool(filelists.showparentdiritems)]</visible>
			</control>
			<control type="image">
				<left>1028</left>
				<top>0</top>
				<width>288</width>
				<height>288</height>
				<texture background="true" fallback="DefaultAudio.png" diffuse="mask-rect.png">$VAR[Icon(4)Cover]</texture>
				<animation effect="rotatey" center="1434" start="60" end="60" time="0" condition="true">Conditional</animation>
				<visible>[IntegerGreaterThan(Container(57).NumItems,7) + !System.GetBool(filelists.showparentdiritems)] | [IntegerGreaterThan(Container(57).NumItems,6) + System.GetBool(filelists.showparentdiritems)]</visible>
			</control>
			<control type="image">
				<left>940</left>
				<top>0</top>
				<width>288</width>
				<height>288</height>
				<texture background="true" fallback="DefaultAudio.png" diffuse="mask-rect.png">$VAR[Icon(3)Cover]</texture>
				<animation effect="rotatey" center="1345" start="60" end="60" time="0" condition="true">Conditional</animation>
				<visible>[IntegerGreaterThan(Container(57).NumItems,5) + !System.GetBool(filelists.showparentdiritems)] | [IntegerGreaterThan(Container(57).NumItems,4) + System.GetBool(filelists.showparentdiritems)]</visible>
			</control>
			<control type="image">
				<left>851</left>
				<top>0</top>
				<width>288</width>
				<height>288</height>
				<texture background="true" fallback="DefaultAudio.png" diffuse="mask-rect.png">$VAR[Icon(2)Cover]</texture>
				<animation effect="rotatey" center="1257" start="60" end="60" time="0" condition="true">Conditional</animation>
				<visible>[IntegerGreaterThan(Container(57).NumItems,3) + !System.GetBool(filelists.showparentdiritems)] | [IntegerGreaterThan(Container(57).NumItems,2) + System.GetBool(filelists.showparentdiritems)]</visible>
			</control>
			<control type="image">
				<left>763</left>
				<top>0</top>
				<width>288</width>
				<height>288</height>
				<texture background="true" fallback="DefaultAudio.png" diffuse="mask-rect.png">$VAR[Icon(1)Cover]</texture>
				<animation effect="rotatey" center="1168" start="60" end="60" time="0" condition="true">Conditional</animation>
				<visible>[IntegerGreaterThan(Container(57).NumItems,1) + !System.GetBool(filelists.showparentdiritems)] | [IntegerGreaterThan(Container(57).NumItems,0) + System.GetBool(filelists.showparentdiritems)]</visible>
			</control>
			<control type="group">
				<visible>Control.IsVisible(57) + Container.OnNext</visible>
				<animation effect="slide" end="-60,0" time="200" reversible="false">Hidden</animation>
				<control type="image">
					<left>460</left>
					<top>0</top>
					<width>288</width>
					<height>288</height>
					<texture background="true" fallback="DefaultAudio.png" diffuse="mask-rect.png">$VAR[Icon(-1)Cover]</texture>
					<visible>Container.OnNext</visible>
					<animation effect="rotatey" center="220" start="0" end="-60" time="200" reversible="false">Hidden</animation>
					<visible>[IntegerGreaterThan(Container(57).NumItems,2) + !System.GetBool(filelists.showparentdiritems)] | [IntegerGreaterThan(Container(57).NumItems,1) + System.GetBool(filelists.showparentdiritems)]</visible>
				</control>
				<control type="image">
					<left>654</left>
					<top>0</top>
					<width>288</width>
					<height>288</height>
					<texture background="true" fallback="DefaultAudio.png" diffuse="mask-rect.png">$VAR[Icon(0)Cover]</texture>
					<visible>Container.OnNext</visible>
					<animation effect="rotatey" center="1080" start="0" end="-60" time="200" reversible="false">Hidden</animation>
					<animation effect="rotatey" center="1080" start="60" end="60" time="200" condition="true">Conditional</animation>
				</control>
			</control>
		</control>
		<control type="group" id="3012">
			<left>30</left>
			<top>284</top>
			<camera x="640" y="360" />
			<visible>Control.IsVisible(57) + Container.OnPrevious</visible>
			<animation effect="slide" end="50,0" time="200" reversible="false">Hidden</animation>
			<control type="image">
				<left>-88</left>
				<top>0</top>
				<width>288</width>
				<height>288</height>
				<texture background="true" fallback="DefaultAudio.png" diffuse="mask-rect.png">$VAR[Icon(-4)Cover]</texture>
				<animation effect="rotatey" center="-90" start="-60" end="-60" time="0" condition="true">Conditional</animation>
				<visible>[IntegerGreaterThan(Container(57).NumItems,8) + !System.GetBool(filelists.showparentdiritems)] | [IntegerGreaterThan(Container(57).NumItems,7) + System.GetBool(filelists.showparentdiritems)]</visible>
			</control>
			<control type="image">
				<left>0</left>
				<top>0</top>
				<width>288</width>
				<height>288</height>
				<texture background="true" fallback="DefaultAudio.png" diffuse="mask-rect.png">$VAR[Icon(-3)Cover]</texture>
				<animation effect="rotatey" center="-40" start="-60" end="-60" time="0" condition="true">Conditional</animation>
				<visible>[IntegerGreaterThan(Container(57).NumItems,6) + !System.GetBool(filelists.showparentdiritems)] | [IntegerGreaterThan(Container(57).NumItems,5) + System.GetBool(filelists.showparentdiritems)]</visible>
			</control>
			<control type="image">
				<left>88</left>
				<top>0</top>
				<width>288</width>
				<height>288</height>
				<texture background="true" fallback="DefaultAudio.png" diffuse="mask-rect.png">$VAR[Icon(-2)Cover]</texture>
				<animation effect="rotatey" center="10" start="-60" end="-60" time="0" condition="true">Conditional</animation>
				<visible>[IntegerGreaterThan(Container(57).NumItems,4) + !System.GetBool(filelists.showparentdiritems)] | [IntegerGreaterThan(Container(57).NumItems,3) + System.GetBool(filelists.showparentdiritems)]</visible>
			</control>
			<control type="image">
				<left>177</left>
				<top>0</top>
				<width>288</width>
				<height>288</height>
				<texture background="true" fallback="DefaultAudio.png" diffuse="mask-rect.png">$VAR[Icon(-1)Cover]</texture>
				<animation effect="rotatey" center="60" start="-60" end="-60" time="0" condition="true">Conditional</animation>
				<visible>[IntegerGreaterThan(Container(57).NumItems,2) + !System.GetBool(filelists.showparentdiritems)] | [IntegerGreaterThan(Container(57).NumItems,1) + System.GetBool(filelists.showparentdiritems)]</visible>
			</control>
			<control type="image">
				<left>940</left>
				<top>0</top>
				<width>288</width>
				<height>288</height>
				<texture background="true" fallback="DefaultAudio.png" diffuse="mask-rect.png">$VAR[Icon(5)Cover]</texture>
				<animation effect="rotatey" center="1345" start="60" end="60" time="0" condition="true">Conditional</animation>
				<visible>[IntegerGreaterThan(Container(57).NumItems,9) + !System.GetBool(filelists.showparentdiritems)] | [IntegerGreaterThan(Container(57).NumItems,8) + System.GetBool(filelists.showparentdiritems)]</visible>
			</control>
			<control type="image">
				<left>851</left>
				<top>0</top>
				<width>288</width>
				<height>288</height>
				<texture background="true" fallback="DefaultAudio.png" diffuse="mask-rect.png">$VAR[Icon(4)Cover]</texture>
				<animation effect="rotatey" center="1257" start="60" end="60" time="0" condition="true">Conditional</animation>
				<visible>[IntegerGreaterThan(Container(57).NumItems,7) + !System.GetBool(filelists.showparentdiritems)] | [IntegerGreaterThan(Container(57).NumItems,6) + System.GetBool(filelists.showparentdiritems)]</visible>
			</control>
			<control type="image">
				<left>763</left>
				<top>0</top>
				<width>288</width>
				<height>288</height>
				<texture background="true" fallback="DefaultAudio.png" diffuse="mask-rect.png">$VAR[Icon(3)Cover]</texture>
				<animation effect="rotatey" center="1168" start="60" end="60" time="0" condition="true">Conditional</animation>
				<visible>[IntegerGreaterThan(Container(57).NumItems,5) + !System.GetBool(filelists.showparentdiritems)] | [IntegerGreaterThan(Container(57).NumItems,4) + System.GetBool(filelists.showparentdiritems)]</visible>
			</control>
			<control type="image">
				<left>654</left>
				<top>0</top>
				<width>288</width>
				<height>288</height>
				<texture background="true" fallback="DefaultAudio.png" diffuse="mask-rect.png">$VAR[Icon(2)Cover]</texture>
				<animation effect="rotatey" center="1080" start="60" end="60" time="0" condition="true">Conditional</animation>
				<visible>[IntegerGreaterThan(Container(57).NumItems,3) + !System.GetBool(filelists.showparentdiritems)] | [IntegerGreaterThan(Container(57).NumItems,2) + System.GetBool(filelists.showparentdiritems)]</visible>
			</control>
			<control type="group">
				<visible>Control.IsVisible(57) + Container.OnPrevious</visible>
				<animation effect="slide" end="60,0" time="200" reversible="false">Hidden</animation>
				<control type="image">
					<left>460</left>
					<top>0</top>
					<width>288</width>
					<height>288</height>
					<texture background="true" fallback="DefaultAudio.png" diffuse="mask-rect.png">$VAR[Icon(1)Cover]</texture>
					<visible>Container.OnPrevious</visible>
					<animation effect="rotatey" center="500" start="0" end="60" time="200" reversible="false">Hidden</animation>
					<visible>[IntegerGreaterThan(Container(57).NumItems,1) + !System.GetBool(filelists.showparentdiritems)] | [IntegerGreaterThan(Container(57).NumItems,0) + System.GetBool(filelists.showparentdiritems)]</visible>
				</control>
				<control type="image">
					<left>265</left>
					<top>0</top>
					<width>288</width>
					<height>288</height>
					<texture background="true" fallback="DefaultAudio.png" diffuse="mask-rect.png">$VAR[Icon(0)Cover]</texture>
					<visible>Container.OnPrevious</visible>
					<animation effect="rotatey" center="110" start="0" end="60" time="200" reversible="false">Hidden</animation>
					<animation effect="rotatey" center="110" start="-60" end="-60" time="0" condition="true">Conditional</animation>
				</control>
			</control>
		</control>
		<control type="group" id="3010">
			<left>30</left>
			<top>284</top>
			<camera x="640" y="360" />
			<visible>Control.IsVisible(57) + !Control.IsVisible(3011)  + !Control.IsVisible(3012)</visible>
			<control type="image">
				<left>0</left>
				<top>0</top>
				<width>288</width>
				<height>288</height>
				<texture background="true" fallback="DefaultAudio.png" diffuse="mask-rect.png">$VAR[Icon(-4)Cover]</texture>
				<animation effect="rotatey" center="-40" start="-60" end="-60" time="0" condition="true">Conditional</animation>
				<visible>[IntegerGreaterThan(Container(57).NumItems,8) + !System.GetBool(filelists.showparentdiritems)] | [IntegerGreaterThan(Container(57).NumItems,7) + System.GetBool(filelists.showparentdiritems)]</visible>
			</control>
			<control type="image">
				<left>88</left>
				<top>0</top>
				<width>288</width>
				<height>288</height>
				<texture background="true" fallback="DefaultAudio.png" diffuse="mask-rect.png">$VAR[Icon(-3)Cover]</texture>
				<animation effect="rotatey" center="10" start="-60" end="-60" time="0" condition="true">Conditional</animation>
				<visible>[IntegerGreaterThan(Container(57).NumItems,6) + !System.GetBool(filelists.showparentdiritems)] | [IntegerGreaterThan(Container(57).NumItems,5) + System.GetBool(filelists.showparentdiritems)]</visible>
			</control>
			<control type="image">
				<left>177</left>
				<top>0</top>
				<width>288</width>
				<height>288</height>
				<texture background="true" fallback="DefaultAudio.png" diffuse="mask-rect.png">$VAR[Icon(-2)Cover]</texture>
				<animation effect="rotatey" center="60" start="-60" end="-60" time="0" condition="true">Conditional</animation>
				<visible>[IntegerGreaterThan(Container(57).NumItems,4) + !System.GetBool(filelists.showparentdiritems)] | [IntegerGreaterThan(Container(57).NumItems,3) + System.GetBool(filelists.showparentdiritems)]</visible>
			</control>
			<control type="image">
				<left>265</left>
				<top>0</top>
				<width>288</width>
				<height>288</height>
				<texture background="true" fallback="DefaultAudio.png" diffuse="mask-rect.png">$VAR[Icon(-1)Cover]</texture>
				<animation effect="rotatey" center="110" start="-60" end="-60" time="0" condition="true">Conditional</animation>
				<visible>[IntegerGreaterThan(Container(57).NumItems,2) + !System.GetBool(filelists.showparentdiritems)] | [IntegerGreaterThan(Container(57).NumItems,1) + System.GetBool(filelists.showparentdiritems)]</visible>
			</control>
			<control type="image">
				<left>940</left>
				<top>0</top>
				<width>288</width>
				<height>288</height>
				<texture background="true" fallback="DefaultAudio.png" diffuse="mask-rect.png">$VAR[Icon(4)Cover]</texture>
				<animation effect="rotatey" center="1345" start="60" end="60" time="0" condition="true">Conditional</animation>
				<visible>[IntegerGreaterThan(Container(57).NumItems,7) + !System.GetBool(filelists.showparentdiritems)] | [IntegerGreaterThan(Container(57).NumItems,6) + System.GetBool(filelists.showparentdiritems)]</visible>
			</control>
			<control type="image">
				<left>851</left>
				<top>0</top>
				<width>288</width>
				<height>288</height>
				<texture background="true" fallback="DefaultAudio.png" diffuse="mask-rect.png">$VAR[Icon(3)Cover]</texture>
				<animation effect="rotatey" center="1257" start="60" end="60" time="0" condition="true">Conditional</animation>
				<visible>[IntegerGreaterThan(Container(57).NumItems,5) + !System.GetBool(filelists.showparentdiritems)] | [IntegerGreaterThan(Container(57).NumItems,4) + System.GetBool(filelists.showparentdiritems)]</visible>
			</control>
			<control type="image">
				<left>763</left>
				<top>0</top>
				<width>288</width>
				<height>288</height>
				<texture background="true" fallback="DefaultAudio.png" diffuse="mask-rect.png">$VAR[Icon(2)Cover]</texture>
				<animation effect="rotatey" center="1168" start="60" end="60" time="0" condition="true">Conditional</animation>
				<visible>[IntegerGreaterThan(Container(57).NumItems,3) + !System.GetBool(filelists.showparentdiritems)] | [IntegerGreaterThan(Container(57).NumItems,2) + System.GetBool(filelists.showparentdiritems)]</visible>
			</control>
			<control type="image">
				<left>654</left>
				<top>0</top>
				<width>288</width>
				<height>288</height>
				<texture background="true" fallback="DefaultAudio.png" diffuse="mask-rect.png">$VAR[Icon(1)Cover]</texture>
				<animation effect="rotatey" center="1080" start="60" end="60" time="0" condition="true">Conditional</animation>
				<visible>[IntegerGreaterThan(Container(57).NumItems,1) + !System.GetBool(filelists.showparentdiritems)] | [IntegerGreaterThan(Container(57).NumItems,0) + System.GetBool(filelists.showparentdiritems)]</visible>
			</control>
			<control type="image">
				<left>460</left>
				<top>0</top>
				<width>288</width>
				<height>288</height>
				<aspectratio>stretch</aspectratio>
				<visible>!Contol.HasFocus(57)</visible>
				<texture background="true" fallback="DefaultAudio.png" diffuse="mask-rect.png">$VAR[Icon(0)Cover]</texture>
			</control>
		</control>
		<control type="group">
			<visible>Control.IsVisible(57)</visible>
			<include>SortLetterNotification</include>
			<control type="scrollbar" id="1257">
				<left>20</left>
				<top>590</top>
				<width>1240</width>
				<height>18</height>
				<onup>57</onup>
				<orientation>horizontal</orientation>
				<animation condition="!Control.HasFocus(1257) + !Container.Scrolling + !StringCompare(Skin.String(show-scrollbar),$LOCALIZE[31875])" effect="fade" start="100" end="0" time="200" reversible="true">Conditional</animation>
				<visible>!StringCompare(Skin.String(show-scrollbar),$LOCALIZE[31877]) + [[IntegerGreaterThan(Container(57).NumItems,10) + !System.GetBool(filelists.showparentdiritems)] | [IntegerGreaterThan(Container(57).NumItems,9) + System.GetBool(filelists.showparentdiritems)]]</visible>
			</control>
			<control type="label"><!-- Go Back -->
				<left>26</left>
				<top>618</top>
				<width>1221</width>
				<height>37</height>
				<font>font20</font>
				<align>center</align>
				<include condition="Skin.HasSetting(text-autoscroll)">scrolltext</include>
				<label>$LOCALIZE[31688]</label>
				<visible>SubString(ListItem.Icon,DefaultFolderBack.png,Left)</visible>
			</control>
			<control type="group">
				<visible>!SubString(ListItem.Icon,DefaultFolderBack.png,Left)</visible>
				<control type="label"><!-- Artist & Album name-->
					<left>26</left>
					<top>618</top>
					<width>1221</width>
					<height>37</height>
					<font>font18</font>
					<align>center</align>
					<include condition="Skin.HasSetting(text-autoscroll)">scrolltext</include>
					<label>$INFO[ListItem.Artist,, - ]$INFO[ListItem.Label]</label>
					<visible>ListItem.IsFolder + !Container.Content(artists)</visible>
				</control>
				<control type="group">
					<visible>ListItem.IsFolder + Container.Content(artists)</visible>
					<control type="image"><!-- Music logo if available -->
						<left>544</left>
						<top>610</top>
						<width>192</width>
						<height>75</height>
						<texture>$INFO[Window(Home).Property(SkinHelper.Music.ClearLogo)]</texture>
						<aspectratio align="left" aligny="bottom">keep</aspectratio>
					</control>
					<control type="label"><!-- Artist name-->
						<left>26</left>
						<top>618</top>
						<width>1221</width>
						<height>37</height>
						<font>font18</font>
						<align>center</align>
						<include condition="Skin.HasSetting(text-autoscroll)">scrolltext</include>
						<label>$INFO[ListItem.Label]</label>
						<visible>IsEmpty(Window(Home).Property(SkinHelper.Music.ClearLogo))</visible>
					</control>
				</control>
				<control type="label"><!-- Track name-->
					<left>26</left>
					<top>618</top>
					<width>1221</width>
					<height>37</height>
					<font>font18</font>
					<align>center</align>
					<include condition="Skin.HasSetting(text-autoscroll)">scrolltext</include>
					<label>$INFO[ListItem.Label]</label>
					<visible>!ListItem.IsFolder + !Container.Content(artists)</visible>
				</control>
				<control type="label"><!-- Genre -->
					<left>194</left>
					<top>685</top>
					<width>885</width>
					<height>25</height>
					<font>font13</font>
					<align>center</align>
					<include condition="Skin.HasSetting(text-autoscroll)">scrolltext</include>
					<label>$INFO[ListItem.Genre]</label>
					<visible>!Container.Content(genres)</visible>
				</control>
				<control type="image"><!-- Star Rating -->
					<left>18</left>
					<top>630</top>
					<width>177</width>
					<height>22</height>
					<texture>$VAR[MediaRating]</texture>
					<aspectratio>keep</aspectratio>
					<visible>!IsEmpty(ListItem.StarRating)</visible>
				</control>
			</control>
		</control>
	</include>
	<include name="AudioWallView">
		<control type="panel" id="58">
			<left>510</left>
			<top>110</top>
			<width>720</width>
			<height>576</height>
			<onleft condition="Skin.HasSetting(lock-screensettings)">noop</onleft>
			<onleft condition="!Skin.HasSetting(lock-screensettings)">9000</onleft>
			<onright condition="StringCompare(Skin.String(show-scrollbar),$LOCALIZE[31877])">noop</onright>
			<onright condition="!StringCompare(Skin.String(show-scrollbar),$LOCALIZE[31877])">1258</onright>
			<onup>58</onup>
			<ondown>58</ondown>
			<viewtype label="31944">wall</viewtype>
			<animation type="TYPE" condition="Skin.HasSetting(tiltmusicwallicon)" reversible="false">
				<effect type="rotatey" start="-15" end="-15" time="0"/>
				<effect type="slide" end="55,0" time="0"/>
				<effect type="zoom" start="100" end="115" center="auto" time="0" tween="back" easing="out"/>
			</animation>
			<pagecontrol>1258</pagecontrol>
			<preloaditems>4</preloaditems>
			<itemlayout height="144" width="144">
				<control type="image">
					<left>1</left>
					<top>1</top>
					<width>142</width>
					<height>142</height>
					<aspectratio>stretch</aspectratio>
					<colordiffuse>UnFocusedCovers</colordiffuse>
					<texture diffuse="mask-squ.png" fallback="DefaultAudio.png" background="true">$VAR[IconCover]</texture>
					<visible>!IsEmpty(ListItem.Art(thumb))</visible>
				</control>
				<control type="image">
					<left>1</left>
					<top>1</top>
					<width>142</width>
					<height>142</height>
					<colordiffuse>UnFocusedCovers</colordiffuse>
					<texture fallback="DefaultAudio.png" background="true">$VAR[IconCover]</texture>
					<visible>IsEmpty(ListItem.Art(thumb))</visible>
				</control>
			</itemlayout>
			<focusedlayout height="144" width="144">
				<control type="image">
					<left>1</left>
					<top>1</top>
					<width>142</width>
					<height>142</height>
					<texture fallback="DefaultAudio.png" background="true" diffuse="mask-squ.png">$VAR[IconCover]</texture>
					<aspectratio>stretch</aspectratio>
					<bordertexture border="9">mask-hilite.png</bordertexture>
					<bordersize>9</bordersize>
					<animation effect="zoom" start="90" end="130" center="auto" time="600" tween="back" easing="out" reversible="false">focus</animation>
					<visible>!IsEmpty(ListItem.Art(thumb))</visible>
				</control>
					<control type="image">
					<left>1</left>
					<top>1</top>
					<width>142</width>
					<height>142</height>
					<animation effect="zoom" start="90" end="140" center="auto" time="600" tween="back" easing="out" reversible="false">focus</animation>
					<texture fallback="DefaultAudio.png" background="true">$VAR[IconCover]</texture>
					<visible>IsEmpty(ListItem.Art(thumb))</visible>
				</control>
			</focusedlayout>
		</control>
		<control type="group">
			<visible>Control.IsVisible(58)</visible>
			<control type="label"><!-- Go Back -->
				<left>20</left>
				<top>110</top>
				<width>490</width>
				<height>37</height>
				<font>font18</font>
				<include condition="Skin.HasSetting(text-autoscroll)">scrolltext</include>
				<label>$LOCALIZE[31688]</label>
				<visible>SubString(ListItem.Icon,DefaultFolderBack.png,Left)</visible>
			</control>
			<control type="grouplist">
				<left>20</left>
				<top>110</top>
				<width>490</width>
				<height>576</height>
				<visible>!SubString(ListItem.Icon,DefaultFolderBack.png,Left)</visible>
				<control type="label"><!-- Album name-->
					<width>470</width>
					<height>46</height>
					<font>font12</font>
					<include condition="Skin.HasSetting(text-autoscroll)">scrolltext</include>
					<label>$INFO[ListItem.Album]</label>
					<wrapmultiline>true</wrapmultiline>
					<visible>Container.Content(albums)</visible>
				</control>
				<control type="label"><!-- Artist name-->
					<width>470</width>
					<height>44</height>
					<font>font11</font>
					<include condition="Skin.HasSetting(text-autoscroll)">scrolltext</include>
					<label>$INFO[ListItem.Artist]</label>
					<wrapmultiline>true</wrapmultiline>
					<visible>!IsEmpty(ListItem.Artist)</visible>
				</control>
				<control type="label"><!-- Track name/Listitem label-->
					<width>470</width>
					<height>44</height>
					<font>font11</font>
					<include condition="Skin.HasSetting(text-autoscroll)">scrolltext</include>
					<label>$INFO[ListItem.Label]</label>
					<wrapmultiline>true</wrapmultiline>
					<visible>!Container.Content(albums) + !Container.Content(artists)</visible>
				</control>
				<control type="label"><!-- Genre -->
					<width>470</width>
					<height>44</height>
					<font>font10</font>
					<include condition="Skin.HasSetting(text-autoscroll)">scrolltext</include>
					<label>$INFO[ListItem.Genre]</label>
					<visible>!Container.Content(genres)</visible>
				</control>
				<control type="group">
					<width>177</width>
					<height>44</height>
					<control type="image"><!-- Star Rating -->
						<left>0</left>
						<top>11</top>
						<width>177</width>
						<height>22</height>
						<texture>$VAR[MediaRating]</texture>
						<aspectratio>keep</aspectratio>
					</control>
				</control>
				<control type="textbox"><!-- Album description -->
					<width>470</width>
					<height>354</height>
					<font>font11</font>
					<label>$INFO[ListItem.Property(Album_Description)]</label>
					<align>justify</align>
					<autoscroll time="2000" delay="3000" repeat="6000">Skin.HasSetting(text-autoscroll) + !System.ScreenSaverActive</autoscroll>
					<visible>Container.Content(albums)</visible>
				</control>
				<control type="textbox"><!-- Artist description -->
					<width>470</width>
					<height>354</height>
					<font>font11</font>
					<label>$INFO[ListItem.Property(Artist_Description)]</label>
					<align>justify</align>
					<autoscroll time="2000" delay="3000" repeat="6000">Skin.HasSetting(text-autoscroll) + !System.ScreenSaverActive</autoscroll>
					<visible>Container.Content(artists)</visible>
				</control>
			</control>
			<control type="scrollbar" id="1258">
				<left>1244</left>
				<top>90</top>i
				<width>18</width>
				<height>576</height>
				<onleft>58</onleft>
				<animation condition="!Control.HasFocus(1258) + !Container.Scrolling + !StringCompare(Skin.String(show-scrollbar),$LOCALIZE[31875])" effect="fade" start="100" end="0" time="200" reversible="true">Conditional</animation>
				<visible>!StringCompare(Skin.String(show-scrollbar),$LOCALIZE[31877])</visible>
			</control>
		</control>
	</include>
</includes>
