<?xml version="1.0" encoding="UTF-8"?>
<includes>
	<include name="ListView">
		<control type="fixedlist" id="50">
			<viewtype label="31941">list</viewtype>
			<left>668</left>
			<top>116</top>
			<width>555</width>
			<height>532</height>
			<focusposition>2</focusposition>
			<movement>4</movement>
			<onleft condition="Skin.HasSetting(lock-screensettings)">noop</onleft>
			<onleft condition="!Skin.HasSetting(lock-screensettings)">9000</onleft>
			<onright condition="StringCompare(Skin.String(show-scrollbar),$LOCALIZE[31877])">noop</onright>
			<onright condition="!StringCompare(Skin.String(show-scrollbar),$LOCALIZE[31877])">1250</onright>
			<onup>50</onup>
			<ondown>50</ondown>
			<preloaditems>4</preloaditems>
			<pagecontrol>1250</pagecontrol>
			<itemlayout width="575" height="66">
				<control type="label">
					<left>46</left>
					<top>22</top>
					<width>506</width>
					<height>23</height>
					<font>font12</font>
					<label>$INFO[ListItem.Label]</label>
					<visible>IsEmpty(ListItem.Label2)</visible>
				</control>
				<control type="group">
					<visible>!IsEmpty(ListItem.Label2)</visible>
					<control type="label">
						<left>46</left>
						<top>14</top>
						<width>506</width>
						<height>23</height>
						<font>font11</font>
						<label>$INFO[ListItem.Label]</label>
					</control>
					<control type="label">
						<left>46</left>
						<top>38</top>
						<width>506</width>
						<height>23</height>
						<font>font11</font>
						<textcolor>disabled-text</textcolor>
						<label>$INFO[ListItem.Label2]</label>
					</control>
				</control>
			</itemlayout>
			<focusedlayout width="575" height="66">
				<control type="label">
					<left>46</left>
					<top>22</top>
					<width>506</width>
					<height>23</height>
					<font>font12</font>
					<label>$INFO[ListItem.Label]</label>
					<visible>IsEmpty(ListItem.Label2)</visible>
				</control>
				<control type="group">
					<visible>!IsEmpty(ListItem.Label2)</visible>
					<control type="label">
						<left>46</left>
						<top>14</top>
						<width>506</width>
						<height>23</height>
						<font>font11</font>
						<label>$INFO[ListItem.Label]</label>
					</control>
					<control type="label">
						<left>46</left>
						<top>38</top>
						<width>506</width>
						<height>23</height>
						<font>font11</font>
						<textcolor>disabled-text</textcolor>
						<label>$INFO[ListItem.Label2]</label>
					</control>
				</control>
			</focusedlayout>
		</control>
		<control type="group">
			<visible>Control.IsVisible(50)</visible>
			<control type="group">
				<top>56</top>
				<visible>[IntegerGreaterThan(Container(50).NumItems,0) + !System.GetBool(filelists.showparentdiritems)] | [IntegerGreaterThan(Container(50).NumItems,-1) + System.GetBool(filelists.showparentdiritems)]</visible>
				<control type="group">
					<control type="image"><!-- Button focus slider -->
						<left>702</left>
						<top>330</top>
						<width>532</width>
						<height>66</height>
						<texture border="6">button-default-focus.png</texture>
						<aspectratio>stretch</aspectratio>
					</control>
					<animation condition="Container(50).Position(0)" effect="slide" start="0,0" end="0,-264"
						time="0" easing="inout" reversible="true">Conditional</animation>
					<animation condition="Container(50).Position(1)" effect="slide" start="0,0" end="0,-198"
						time="0" easing="inout" reversible="true">Conditional</animation>
					<animation condition="Container(50).Position(2)" effect="slide" start="0,0" end="0,-132"
						time="0" easing="inout" reversible="true">Conditional</animation>
					<animation condition="Container(50).Position(3)" effect="slide" start="0,0" end="0,-66"
						time="0" easing="inout" reversible="true">Conditional</animation>
					<!-- Animation for postion 4 does nothing, so removed-->
					<animation condition="Container(50).Position(5)" effect="slide" start="0,0" end="0,66"
						time="0" easing="inout" reversible="true">Conditional</animation>
					<animation condition="Container(50).Position(6)" effect="slide" start="0,0" end="0,132"
						time="0" easing="inout" reversible="true">Conditional</animation>
					<animation condition="Container(50).Position(7)" effect="slide" start="0,0" end="0,198"
						time="0" easing="inout" reversible="true">Conditional</animation>
				</control>
			</control>
			<control type="group">
				<visible>![Window.IsVisible(videoplaylist) | Window.IsVisible(musicplaylist)]</visible>
				<animation type="TYPE" condition="Skin.HasSetting(tiltmisclisticon)" reversible="false">
					<effect type="rotatey" start="-25" end="-25" time="0"/>
					<effect type="slide" end="15,0" time="0"/>
					<effect type="zoom" start="100" end="114" center="auto" time="0" tween="back" easing="out"/>
				</animation>
				<control type="group">
					<visible>!Container.Content(addons)</visible>
					<control type="image">
						<left>122</left>
						<top>150</top>
						<width>384</width>
						<height>384</height>
						<texture background="true" diffuse="mask-squ.png">$INFO[ListItem.Icon]</texture>
						<aspectratio scalediffuse="false">keep</aspectratio>
					</control>
				</control>
				<control type="group">
					<visible>Container.Content(addons)</visible>
					<control type="group">
						<visible>!SubString(ListItem.Icon,DefaultFolder.png,Left)</visible>
						<control type="image">
							<left>122</left>
							<top>150</top>
							<width>384</width>
							<height>384</height>
							<texture background="true" fallback="DefaultAddon.png" diffuse="mask-squ.png">$INFO[ListItem.Icon]</texture>
							<aspectratio>keep</aspectratio>
						</control>
					</control>
					<control type="group">
						<visible>SubString(ListItem.Icon,DefaultFolder.png,Left)</visible>
						<control type="image">
							<left>122</left>
							<top>150</top>
							<width>384</width>
							<height>384</height>
							<texture background="true">DefaultAddon.png</texture>
							<aspectratio>keep</aspectratio>
						</control>
					</control>
				</control>
			</control>
			<control type="group">
				<include>SortLetterNotification</include>
				<control type="scrollbar" id="1250">
					<left>1250</left>
					<top>112</top>
					<width>18</width>
					<height>555</height>
					<onleft>50</onleft>
					<animation condition="!Control.HasFocus(1250) + !Container.Scrolling + !StringCompare(Skin.String(show-scrollbar),$LOCALIZE[31875])" effect="fade" start="100" end="0" time="200" reversible="true">Conditional</animation>
					<visible>!StringCompare(Skin.String(show-scrollbar),$LOCALIZE[31877])</visible>
				</control>
			</control>
		</control>
	</include>
	<include name="IconView">
		<control type="panel" id="52">
			<left>20</left>
			<top>130</top>
			<width>1200</width>
			<height>450</height>
			<onleft condition="Skin.HasSetting(lock-screensettings)">noop</onleft>
			<onleft condition="!Skin.HasSetting(lock-screensettings)">9000</onleft>
			<onright condition="StringCompare(Skin.String(show-scrollbar),$LOCALIZE[31877])">noop</onright>
			<onright condition="!StringCompare(Skin.String(show-scrollbar),$LOCALIZE[31877])">1252</onright>
			<onup>52</onup>
			<ondown>52</ondown>
			<viewtype label="31943">icon</viewtype>
			<pagecontrol>1252</pagecontrol>
			<itemlayout height="225" width="240">
				<control type="image">
					<left>40</left>
					<top>10</top>
					<width>160</width>
					<height>160</height>
					<texture colordiffuse="UnFocusedPosters">$INFO[ListItem.Icon]</texture>
					<aspectratio>keep</aspectratio>
				</control>
				<control type="image">
					<left>132</left>
					<top>93</top>
					<width>49</width>
					<height>35</height>
					<texture>$INFO[ListItem.Overlay]</texture>
				</control>
				<control type="label">
					<left>5</left>
					<top>190</top>
					<width>230</width>
					<height>25</height>
					<font>font11</font>
					<align>center</align>
					<label>$INFO[ListItem.Label]</label>
				</control>
			</itemlayout>
			<focusedlayout height="225" width="240">
				<control type="image">
					<left>40</left>
					<top>10</top>
					<width>160</width>
					<height>160</height>
					<texture>$INFO[ListItem.Icon]</texture>
					<aspectratio>keep</aspectratio>
					<animation effect="zoom" start="100" end="115" center="auto" time="300" tween="back" easing="out" reversible="false">focus</animation>
				</control>
				<control type="image">
					<left>141</left>
					<top>100</top>
					<width>49</width>
					<height>35</height>
					<texture>$INFO[ListItem.Overlay]</texture>
				</control>
				<control type="label">
					<left>5</left>
					<top>190</top>
					<width>230</width>
					<height>25</height>
					<font>font11</font>
					<align>center</align>
					<label>$INFO[ListItem.Label]</label>
					<include condition="Skin.HasSetting(text-autoscroll)">scrolltext</include>
				</control>
			</focusedlayout>
		</control>
		<control type="group"><!-- Show the bottom row of icons as long as another row exists -->
			<visible>Control.IsVisible(52) + Container(52).HasNext + ![Container().OnScrollNext | Container().OnScrollPrevious]</visible>
			<animation effect="fade" delay="100" start="0" end="100" time="200">Visible</animation>
			<control type="image">
				<left>60</left>
				<top>574</top>
				<width>160</width>
				<height>160</height>
				<aspectratio>keep</aspectratio>
				<texture colordiffuse="UnFocusedPosters" background="true" diffuse="mask-fadetop.png">$VAR[Icon(10)Thumb]</texture>
			</control>
			<control type="image">
				<left>300</left>
				<top>574</top>
				<width>160</width>
				<height>160</height>
				<aspectratio>keep</aspectratio>
				<texture colordiffuse="UnFocusedPosters" background="true" diffuse="mask-fadetop.png">$VAR[Icon(11)Thumb]</texture>
			</control>
			<control type="image">
				<left>540</left>
				<top>574</top>
				<width>160</width>
				<height>160</height>
				<aspectratio>keep</aspectratio>
				<texture colordiffuse="UnFocusedPosters" background="true" diffuse="mask-fadetop.png">$VAR[Icon(12)Thumb]</texture>
			</control>
			<control type="image">
				<left>780</left>
				<top>574</top>
				<width>160</width>
				<height>160</height>
				<aspectratio>keep</aspectratio>
				<texture colordiffuse="UnFocusedPosters" background="true" diffuse="mask-fadetop.png">$VAR[Icon(13)Thumb]</texture>
			</control>
			<control type="image">
				<left>1020</left>
				<top>574</top>
				<width>160</width>
				<height>160</height>
				<aspectratio>keep</aspectratio>
				<texture colordiffuse="UnFocusedPosters" background="true" diffuse="mask-fadetop.png">$VAR[Icon(14)Thumb]</texture>
			</control>
		</control>
		<control type="scrollbar" id="1252">
			<left>1244</left>
			<top>102</top>
			<width>18</width>
			<height>527</height>
			<onleft>52</onleft>
			<animation condition="!Control.HasFocus(1252) + !Container.Scrolling + !StringCompare(Skin.String(show-scrollbar),$LOCALIZE[31875])" effect="fade" start="100" end="0" time="200" reversible="true">Conditional</animation>
			<visible>!StringCompare(Skin.String(show-scrollbar),$LOCALIZE[31877]) + Control.IsVisible(52)</visible>
		</control>
	</include>
	<include name="WrapView">
		<control type="wraplist" id="54">
			<viewtype label="31942">wrap</viewtype>
			<left>26</left>
			<top>220</top>
			<width>1216</width>
			<height>450</height>
			<onleft>54</onleft>
			<onright>54</onright>
			<onup condition="Skin.HasSetting(lock-screensettings)">noop</onup>
			<onup condition="!Skin.HasSetting(lock-screensettings)">9000</onup>
			<ondown condition="StringCompare(Skin.String(show-scrollbar),$LOCALIZE[31877])">noop</ondown>
			<ondown condition="!StringCompare(Skin.String(show-scrollbar),$LOCALIZE[31877])">1254</ondown>
			<focusposition>0</focusposition>
			<orientation>horizontal</orientation>
			<preloaditems>4</preloaditems>
			<scrolltime>0</scrolltime>
			<pagecontrol>1254</pagecontrol>
			<itemlayout height="176" width="176">
				<control type="image">
					<left>8</left>
					<top>212</top>
					<width>160</width>
					<height>160</height>
					<aspectratio aligny="bottom">keep</aspectratio>
					<texture background="true" diffuse="mask-squ.png">$INFO[ListItem.Icon]</texture>
					<colordiffuse>UnFocusedCovers</colordiffuse>
				</control>
			</itemlayout>
			<focusedlayout height="336" width="336">
				<control type="image">
					<left>8</left>
					<top>52</top>
					<width>320</width>
					<height>320</height>
					<aspectratio aligny="bottom">keep</aspectratio>
					<texture background="true" diffuse="mask-squ.png">$INFO[ListItem.Icon]</texture>
				</control>
			</focusedlayout>
		</control>
		<control type="group">
			<visible>Control.IsVisible(54)</visible>
			<include>SortLetterNotification</include>
			<control type="scrollbar" id="1254">
				<left>14</left>
				<top>612</top>
				<width>1239</width>
				<height>18</height>
				<onup>54</onup>
				<orientation>horizontal</orientation>
				<animation condition="!Control.HasFocus(1254) + !Container.Scrolling + !StringCompare(Skin.String(show-scrollbar),$LOCALIZE[31875])" effect="fade" start="100" end="0" time="200" reversible="true">Conditional</animation>
				<visible>!StringCompare(Skin.String(show-scrollbar),$LOCALIZE[31877])</visible>
			</control>
			<control type="label"><!-- Go Back -->
				<left>17</left>
				<top>637</top>
				<width>1239</width>
				<height>37</height>
				<font>font20</font>
				<align>center</align>
				<include condition="Skin.HasSetting(text-autoscroll)">scrolltext</include>
				<label>$LOCALIZE[31688]</label>
				<textoffsetx>0</textoffsetx>
				<visible>SubString(ListItem.Icon,DefaultFolderBack.png,Left)</visible>
			</control>
			<control type="label"><!-- Label -->
				<left>17</left>
				<top>637</top>
				<width>1239</width>
				<height>37</height>
				<font>font20</font>
				<align>center</align>
				<include condition="Skin.HasSetting(text-autoscroll)">scrolltext</include>
				<label>$INFO[ListItem.Label]</label>
				<textoffsetx>0</textoffsetx>
				<visible>!SubString(ListItem.Icon,DefaultFolderBack.png,Left)</visible>
			</control>
		</control>
	</include>
	<include name="Coverflow">
		<control type="wraplist" id="57">
			<viewtype label="31945">wrap</viewtype>
			<left>-141</left>
			<top>187</top>
			<width>1416</width>
			<height>525</height>
			<onleft>57</onleft>
			<onright>57</onright>
			<onup condition="Skin.HasSetting(lock-screensettings)">noop</onup>
			<onup condition="!Skin.HasSetting(lock-screensettings)">9000</onup>
			<ondown condition="StringCompare(Skin.String(show-scrollbar),$LOCALIZE[31877])">noop</ondown>
			<ondown condition="!StringCompare(Skin.String(show-scrollbar),$LOCALIZE[31877])">1257</ondown>
			<focusposition>2</focusposition>
			<orientation>horizontal</orientation>
			<preloaditems>4</preloaditems>
			<pagecontrol>1257</pagecontrol>
			<itemlayout height="390" width="140"></itemlayout>
			<focusedlayout height="410" width="320"></focusedlayout>
		</control>
		<control type="group" id="3011">
			<left>10</left>
			<top>200</top>
			<camera x="640" y="360" />
			<visible>Control.IsVisible(57) + Container.OnNext</visible>
			<animation effect="slide" end="-50,0" time="200" reversible="false">Hidden</animation>
			<control type="image">
				<left>0</left>
				<top>0</top>
				<width>288</width>
				<height>288</height>
				<texture background="true" diffuse="mask-squ.png">DefaultScript.png</texture>
				<info>Container.ListItem(-5).Icon</info>
				<animation effect="rotatey" center="-40" start="-60" end="-60" time="0" condition="true">Conditional</animation>
				<visible>[IntegerGreaterThan(Container(57).NumItems,10) + !System.GetBool(filelists.showparentdiritems)] | [IntegerGreaterThan(Container(57).NumItems,9) + System.GetBool(filelists.showparentdiritems)]</visible>
			</control>
			<control type="image">
				<left>88</left>
				<top>0</top>
				<width>288</width>
				<height>288</height>
				<texture background="true" diffuse="mask-squ.png">DefaultScript.png</texture>
				<info>Container.ListItem(-4).Icon</info>
				<animation effect="rotatey" center="10" start="-60" end="-60" time="0" condition="true">Conditional</animation>
				<visible>[IntegerGreaterThan(Container(57).NumItems,8) + !System.GetBool(filelists.showparentdiritems)] | [IntegerGreaterThan(Container(57).NumItems,7) + System.GetBool(filelists.showparentdiritems)]</visible>
			</control>
			<control type="image">
				<left>177</left>
				<top>0</top>
				<width>288</width>
				<height>288</height>
				<texture background="true" diffuse="mask-squ.png">DefaultScript.png</texture>
				<info>Container.ListItem(-3).Icon</info>
				<animation effect="rotatey" center="60" start="-60" end="-60" time="0" condition="true">Conditional</animation>
				<visible>[IntegerGreaterThan(Container(57).NumItems,6) + !System.GetBool(filelists.showparentdiritems)] | [IntegerGreaterThan(Container(57).NumItems,5) + System.GetBool(filelists.showparentdiritems)]</visible>
			</control>
			<control type="image">
				<left>265</left>
				<top>0</top>
				<width>288</width>
				<height>288</height>
				<texture background="true" diffuse="mask-squ.png">DefaultScript.png</texture>
				<info>Container.ListItem(-2).Icon</info>
				<animation effect="rotatey" center="110" start="-60" end="-60" time="0" condition="true">Conditional</animation>
				<visible>[IntegerGreaterThan(Container(57).NumItems,4) + !System.GetBool(filelists.showparentdiritems)] | [IntegerGreaterThan(Container(57).NumItems,3) + System.GetBool(filelists.showparentdiritems)]</visible>
			</control>
			<control type="image">
				<left>1008</left>
				<top>0</top>
				<width>288</width>
				<height>288</height>
				<texture background="true" diffuse="mask-rect.png">DefaultScript.png</texture>
				<info>Container.ListItem(4).Icon</info>
				<animation effect="rotatey" center="1434" start="60" end="60" time="0" condition="true">Conditional</animation>
				<visible>[IntegerGreaterThan(Container(57).NumItems,7) + !System.GetBool(filelists.showparentdiritems)] | [IntegerGreaterThan(Container(57).NumItems,6) + System.GetBool(filelists.showparentdiritems)]</visible>
			</control>
			<control type="image">
				<left>920</left>
				<top>0</top>
				<width>288</width>
				<height>288</height>
				<texture background="true" diffuse="mask-squ.png">DefaultScript.png</texture>
				<info>Container.ListItem(3).Icon</info>
				<animation effect="rotatey" center="1345" start="60" end="60" time="0" condition="true">Conditional</animation>
				<visible>[IntegerGreaterThan(Container(57).NumItems,5) + !System.GetBool(filelists.showparentdiritems)] | [IntegerGreaterThan(Container(57).NumItems,4) + System.GetBool(filelists.showparentdiritems)]</visible>
			</control>
			<control type="image">
				<left>831</left>
				<top>0</top>
				<width>288</width>
				<height>288</height>
				<texture background="true" diffuse="mask-squ.png">DefaultScript.png</texture>
				<info>Container.ListItem(2).Icon</info>
				<animation effect="rotatey" center="1257" start="60" end="60" time="0" condition="true">Conditional</animation>
				<visible>[IntegerGreaterThan(Container(57).NumItems,3) + !System.GetBool(filelists.showparentdiritems)] | [IntegerGreaterThan(Container(57).NumItems,2) + System.GetBool(filelists.showparentdiritems)]</visible>
			</control>
			<control type="image">
				<left>743</left>
				<top>0</top>
				<width>288</width>
				<height>288</height>
				<texture background="true" diffuse="mask-squ.png">DefaultScript.png</texture>
				<info>Container.ListItem(1).Icon</info>
				<animation effect="rotatey" center="1168" start="60" end="60" time="0" condition="true">Conditional</animation>
				<visible>[IntegerGreaterThan(Container(57).NumItems,1) + !System.GetBool(filelists.showparentdiritems)] | [IntegerGreaterThan(Container(57).NumItems,0) + System.GetBool(filelists.showparentdiritems)]</visible>
			</control>
			<control type="group">
				<visible>Control.IsVisible(57) + Container.OnNext</visible>
				<animation effect="slide" end="-60,0" time="200" reversible="false">Hidden</animation>
				<control type="image">
					<left>460</left>
					<top>0</top>
					<width>288</width>
					<height>288</height>
					<texture background="true" diffuse="mask-squ.png">DefaultScript.png</texture>
					<info>Container.ListItem(-1).Icon</info>
					<visible>Container.OnNext</visible>
					<animation effect="rotatey" center="220" start="0" end="-60" time="200" reversible="false">Hidden</animation>
					<visible>[IntegerGreaterThan(Container(57).NumItems,2) + !System.GetBool(filelists.showparentdiritems)] | [IntegerGreaterThan(Container(57).NumItems,1) + System.GetBool(filelists.showparentdiritems)]</visible>
				</control>
				<control type="image">
					<left>654</left>
					<top>0</top>
					<width>288</width>
					<height>288</height>
					<texture background="true" diffuse="mask-rect.png">DefaultScript.png</texture>
					<info>Container.ListItem(0).Icon</info>
					<visible>Container.OnNext</visible>
					<animation effect="rotatey" center="1080" start="0" end="-60" time="200" reversible="false">Hidden</animation>
					<animation effect="rotatey" center="1080" start="60" end="60" time="200" condition="true">Conditional</animation>
				</control>
			</control>
		</control>
		<control type="group" id="3012">
			<left>10</left>
			<top>200</top>
			<camera x="640" y="360" />
			<visible>Control.IsVisible(57) + Container.OnPrevious</visible>
			<animation effect="slide" end="50,0" time="200" reversible="false">Hidden</animation>
			<control type="image">
				<left>-88</left>
				<top>0</top>
				<width>288</width>
				<height>288</height>
				<texture background="true" diffuse="mask-squ.png">DefaultScript.png</texture>
				<info>Container.ListItem(-4).Icon</info>
				<animation effect="rotatey" center="-90" start="-60" end="-60" time="0" condition="true">Conditional</animation>
				<visible>[IntegerGreaterThan(Container(57).NumItems,8) + !System.GetBool(filelists.showparentdiritems)] | [IntegerGreaterThan(Container(57).NumItems,7) + System.GetBool(filelists.showparentdiritems)]</visible>
			</control>
			<control type="image">
				<left>0</left>
				<top>0</top>
				<width>288</width>
				<height>288</height>
				<texture background="true" diffuse="mask-squ.png">DefaultScript.png</texture>
				<info>Container.ListItem(-3).Icon</info>
				<animation effect="rotatey" center="-40" start="-60" end="-60" time="0" condition="true">Conditional</animation>
				<visible>[IntegerGreaterThan(Container(57).NumItems,6) + !System.GetBool(filelists.showparentdiritems)] | [IntegerGreaterThan(Container(57).NumItems,5) + System.GetBool(filelists.showparentdiritems)]</visible>
			</control>
			<control type="image">
				<left>88</left>
				<top>0</top>
				<width>288</width>
				<height>288</height>
				<texture background="true" diffuse="mask-squ.png">DefaultScript.png</texture>
				<info>Container.ListItem(-2).Icon</info>
				<animation effect="rotatey" center="10" start="-60" end="-60" time="0" condition="true">Conditional</animation>
				<visible>[IntegerGreaterThan(Container(57).NumItems,4) + !System.GetBool(filelists.showparentdiritems)] | [IntegerGreaterThan(Container(57).NumItems,3) + System.GetBool(filelists.showparentdiritems)]</visible>
			</control>
			<control type="image">
				<left>177</left>
				<top>0</top>
				<width>288</width>
				<height>288</height>
				<texture background="true" diffuse="mask-squ.png">DefaultScript.png</texture>
				<info>Container.ListItem(-1).Icon</info>
				<animation effect="rotatey" center="60" start="-60" end="-60" time="0" condition="true">Conditional</animation>
				<visible>[IntegerGreaterThan(Container(57).NumItems,2) + !System.GetBool(filelists.showparentdiritems)] | [IntegerGreaterThan(Container(57).NumItems,1) + System.GetBool(filelists.showparentdiritems)]</visible>
			</control>
			<control type="image">
				<left>920</left>
				<top>0</top>
				<width>288</width>
				<height>288</height>
				<texture background="true" diffuse="mask-squ.png">DefaultScript.png</texture>
				<info>Container.ListItem(5).Icon</info>
				<animation effect="rotatey" center="1345" start="60" end="60" time="0" condition="true">Conditional</animation>
				<visible>[IntegerGreaterThan(Container(57).NumItems,9) + !System.GetBool(filelists.showparentdiritems)] | [IntegerGreaterThan(Container(57).NumItems,8) + System.GetBool(filelists.showparentdiritems)]</visible>
			</control>
			<control type="image">
				<left>831</left>
				<top>0</top>
				<width>288</width>
				<height>288</height>
				<texture background="true" diffuse="mask-squ.png">DefaultScript.png</texture>
				<info>Container.ListItem(4).Icon</info>
				<animation effect="rotatey" center="1257" start="60" end="60" time="0" condition="true">Conditional</animation>
				<visible>[IntegerGreaterThan(Container(57).NumItems,7) + !System.GetBool(filelists.showparentdiritems)] | [IntegerGreaterThan(Container(57).NumItems,6) + System.GetBool(filelists.showparentdiritems)]</visible>
			</control>
			<control type="image">
				<left>743</left>
				<top>0</top>
				<width>288</width>
				<height>288</height>
				<texture background="true" diffuse="mask-squ.png">DefaultScript.png</texture>
				<info>Container.ListItem(3).Icon</info>
				<animation effect="rotatey" center="1168" start="60" end="60" time="0" condition="true">Conditional</animation>
				<visible>[IntegerGreaterThan(Container(57).NumItems,5) + !System.GetBool(filelists.showparentdiritems)] | [IntegerGreaterThan(Container(57).NumItems,4) + System.GetBool(filelists.showparentdiritems)]</visible>
			</control>
			<control type="image">
				<left>654</left>
				<top>0</top>
				<width>288</width>
				<height>288</height>
				<texture background="true" diffuse="mask-squ.png">DefaultScript.png</texture>
				<info>Container.ListItem(2).Icon</info>
				<animation effect="rotatey" center="1080" start="60" end="60" time="0" condition="true">Conditional</animation>
				<visible>[IntegerGreaterThan(Container(57).NumItems,3) + !System.GetBool(filelists.showparentdiritems)] | [IntegerGreaterThan(Container(57).NumItems,2) + System.GetBool(filelists.showparentdiritems)]</visible>
			</control>
			<control type="group">
				<visible>Control.IsVisible(57) + Container.OnPrevious</visible>
				<animation effect="slide" end="60,0" time="200" reversible="false">Hidden</animation>
				<control type="image">
					<left>460</left>
					<top>0</top>
					<width>288</width>
					<height>288</height>
					<texture background="true" diffuse="mask-squ.png">DefaultScript.png</texture>
					<info>Container.ListItem(1).Icon</info>
					<visible>Container.OnPrevious</visible>
					<animation effect="rotatey" center="500" start="0" end="60" time="200" reversible="false">Hidden</animation>
					<visible>[IntegerGreaterThan(Container(57).NumItems,1) + !System.GetBool(filelists.showparentdiritems)] | [IntegerGreaterThan(Container(57).NumItems,0) + System.GetBool(filelists.showparentdiritems)]</visible>
				</control>
				<control type="image">
					<left>265</left>
					<top>0</top>
					<width>288</width>
					<height>288</height>
					<texture background="true" diffuse="mask-squ.png">DefaultScript.png</texture>
					<info>Container.ListItem(0).Icon</info>
					<visible>Container.OnPrevious</visible>
					<animation effect="rotatey" center="110" start="0" end="60" time="200" reversible="false">Hidden</animation>
					<animation effect="rotatey" center="110" start="-60" end="-60" time="0" condition="true">Conditional</animation>
				</control>
			</control>
		</control>
		<control type="group" id="3010">
			<left>10</left>
			<top>200</top>
			<camera x="640" y="360" />
			<visible>Control.IsVisible(57) + !Control.IsVisible(3011)  + !Control.IsVisible(3012)</visible>
			<control type="image">
				<left>0</left>
				<top>0</top>
				<width>288</width>
				<height>288</height>
				<texture background="true" diffuse="mask-squ.png">DefaultScript.png</texture>
				<info>Container.ListItem(-4).Icon</info>
				<animation effect="rotatey" center="-40" start="-60" end="-60" time="0" condition="true">Conditional</animation>
				<visible>[IntegerGreaterThan(Container(57).NumItems,8) + !System.GetBool(filelists.showparentdiritems)] | [IntegerGreaterThan(Container(57).NumItems,7) + System.GetBool(filelists.showparentdiritems)]</visible>
			</control>
			<control type="image">
				<left>88</left>
				<top>0</top>
				<width>288</width>
				<height>288</height>
				<texture background="true" diffuse="mask-squ.png">DefaultScript.png</texture>
				<info>Container.ListItem(-3).Icon</info>
				<animation effect="rotatey" center="10" start="-60" end="-60" time="0" condition="true">Conditional</animation>
				<visible>[IntegerGreaterThan(Container(57).NumItems,6) + !System.GetBool(filelists.showparentdiritems)] | [IntegerGreaterThan(Container(57).NumItems,5) + System.GetBool(filelists.showparentdiritems)]</visible>
			</control>
			<control type="image">
				<left>177</left>
				<top>0</top>
				<width>288</width>
				<height>288</height>
				<texture background="true" diffuse="mask-squ.png">DefaultScript.png</texture>
				<info>Container.ListItem(-2).Icon</info>
				<animation effect="rotatey" center="60" start="-60" end="-60" time="0" condition="true">Conditional</animation>
				<visible>[IntegerGreaterThan(Container(57).NumItems,4) + !System.GetBool(filelists.showparentdiritems)] | [IntegerGreaterThan(Container(57).NumItems,3) + System.GetBool(filelists.showparentdiritems)]</visible>
			</control>
			<control type="image">
				<left>265</left>
				<top>0</top>
				<width>288</width>
				<height>288</height>
				<texture background="true" diffuse="mask-squ.png">DefaultScript.png</texture>
				<info>Container.ListItem(-1).Icon</info>
				<animation effect="rotatey" center="110" start="-60" end="-60" time="0" condition="true">Conditional</animation>
				<visible>[IntegerGreaterThan(Container(57).NumItems,2) + !System.GetBool(filelists.showparentdiritems)] | [IntegerGreaterThan(Container(57).NumItems,1) + System.GetBool(filelists.showparentdiritems)]</visible>
			</control>
			<control type="image">
				<left>920</left>
				<top>0</top>
				<width>288</width>
				<height>288</height>
				<texture background="true" diffuse="mask-squ.png">DefaultScript.png</texture>
				<info>Container.ListItem(4).Icon</info>
				<animation effect="rotatey" center="1345" start="60" end="60" time="0" condition="true">Conditional</animation>
				<visible>[IntegerGreaterThan(Container(57).NumItems,7) + !System.GetBool(filelists.showparentdiritems)] | [IntegerGreaterThan(Container(57).NumItems,6) + System.GetBool(filelists.showparentdiritems)]</visible>
			</control>
			<control type="image">
				<left>831</left>
				<top>0</top>
				<width>288</width>
				<height>288</height>
				<texture background="true" diffuse="mask-squ.png">DefaultScript.png</texture>
				<info>Container.ListItem(3).Icon</info>
				<animation effect="rotatey" center="1257" start="60" end="60" time="0" condition="true">Conditional</animation>
				<visible>[IntegerGreaterThan(Container(57).NumItems,5) + !System.GetBool(filelists.showparentdiritems)] | [IntegerGreaterThan(Container(57).NumItems,4) + System.GetBool(filelists.showparentdiritems)]</visible>
			</control>
			<control type="image">
				<left>743</left>
				<top>0</top>
				<width>288</width>
				<height>288</height>
				<texture background="true" diffuse="mask-squ.png">DefaultScript.png</texture>
				<info>Container.ListItem(2).Icon</info>
				<animation effect="rotatey" center="1168" start="60" end="60" time="0" condition="true">Conditional</animation>
				<visible>[IntegerGreaterThan(Container(57).NumItems,3) + !System.GetBool(filelists.showparentdiritems)] | [IntegerGreaterThan(Container(57).NumItems,2) + System.GetBool(filelists.showparentdiritems)]</visible>
			</control>
			<control type="image">
				<left>654</left>
				<top>0</top>
				<width>288</width>
				<height>288</height>
				<texture background="true" diffuse="mask-squ.png">DefaultScript.png</texture>
				<info>Container.ListItem(1).Icon</info>
				<animation effect="rotatey" center="1080" start="60" end="60" time="0" condition="true">Conditional</animation>
				<visible>[IntegerGreaterThan(Container(57).NumItems,1) + !System.GetBool(filelists.showparentdiritems)] | [IntegerGreaterThan(Container(57).NumItems,0) + System.GetBool(filelists.showparentdiritems)]</visible>
			</control>
			<control type="image">
				<left>484</left>
				<top>0</top>
				<width>288</width>
				<height>288</height>
				<texture background="true" diffuse="mask-squ.png">DefaultScript.png</texture>
				<aspectratio>stretch</aspectratio>
				<info>Container.ListItem(0).Icon</info>
			</control>
		</control>
		<control type="group">
			<visible>Control.IsVisible(57)</visible>
			<include>SortLetterNotification</include>
			<!-- Scroll Bar -->
			<control type="scrollbar" id="1257">
				<left>17</left>
				<top>590</top>
				<width>1239</width>
				<height>18</height>
				<onup>57</onup>
				<orientation>horizontal</orientation>
				<animation condition="!Control.HasFocus(1257) + !Container.Scrolling + !StringCompare(Skin.String(show-scrollbar),$LOCALIZE[31875])" effect="fade" start="100" end="0" time="200" reversible="true">Conditional</animation>
				<visible>!StringCompare(Skin.String(show-scrollbar),$LOCALIZE[31877]) + [[IntegerGreaterThan(Container(57).NumItems,10) + !System.GetBool(filelists.showparentdiritems)] | [IntegerGreaterThan(Container(57).NumItems,9) + System.GetBool(filelists.showparentdiritems)]]</visible>
			</control>
			<control type="label">
				<left>194</left>
				<top>637</top>
				<width>885</width>
				<height>37</height>
				<font>font20</font>
				<align>center</align>
				<include condition="Skin.HasSetting(text-autoscroll)">scrolltext</include>
				<info>ListItem.Label</info>
				<textoffsetx>0</textoffsetx>
			</control>
		</control>
	</include>
	<include name="WallView">
		<control type="panel" id="58">
			<left>136</left>
			<top>152</top>
			<width>1008</width>
			<height>432</height>
			<onleft condition="Skin.HasSetting(lock-screensettings)">noop</onleft>
			<onleft condition="!Skin.HasSetting(lock-screensettings)">9000</onleft>
			<onright condition="StringCompare(Skin.String(show-scrollbar),$LOCALIZE[31877])">noop</onright>
			<onright condition="!StringCompare(Skin.String(show-scrollbar),$LOCALIZE[31877])">1258</onright>
			<onup>58</onup>
			<ondown>58</ondown>
			<viewtype label="31944">wall</viewtype>
			<animation effect="rotatey" start="-15" end="-15" time="0" condition="Skin.HasSetting(tilted-videowall)">Conditional</animation>
			<pagecontrol>1258</pagecontrol>
			<preloaditems>4</preloaditems>
			<animation type="TYPE" condition="Skin.HasSetting(tiltmiscwallicon)" reversible="false">
				<effect type="rotatey" start="-15" end="-15" time="0"/>
				<effect type="slide" end="65,0" time="0"/>
				<effect type="zoom" start="100" end="115" center="auto" time="0" tween="back" easing="out"/>
			</animation>
			<itemlayout height="144" width="144">
				<control type="image">
					<left>8</left>
					<top>8</top>
					<width>128</width>
					<height>128</height>
					<aspectratio>keep</aspectratio>
					<colordiffuse>UnFocusedCovers</colordiffuse>
					<texture fallback="DefaultProgram.png" background="true" diffuse="mask-squ.png">$INFO[ListItem.Icon]</texture>
				</control>
			</itemlayout>
			<focusedlayout height="144" width="144">
				<control type="image">
					<left>0</left>
					<top>0</top>
					<width>144</width>
					<height>144</height>
					<texture background="true" diffuse="mask-squ.png">$INFO[ListItem.Icon]</texture>
					<aspectratio>keep</aspectratio>
					<bordertexture border="9">mask-hilite.png</bordertexture>
					<bordersize>9</bordersize>
					<animation effect="zoom" start="90" end="140" center="auto" time="600" tween="back" easing="out" reversible="false">focus</animation>
					<visible>!SubString(ListItem.Icon,Default,Left)</visible>
				</control>
				<control type="image">
					<left>8</left>
					<top>8</top>
					<width>128</width>
					<height>128</height>
					<aspectratio>keep</aspectratio>
					<animation effect="zoom" start="90" end="140" center="auto" time="600" tween="back" easing="out" reversible="false">focus</animation>
					<texture background="true" diffuse="mask-squ.png">$INFO[ListItem.Icon]</texture>
					<visible>SubString(ListItem.Icon,Default,Left)</visible>
				</control>
			</focusedlayout>
		</control>
		<control type="group">
			<visible>Control.IsVisible(58)</visible>
			<control type="label"><!-- Title -->
				<left>200</left>
				<top>625</top>
				<width>880</width>
				<height>37</height>
				<font>font22</font>
				<align>center</align>
				<include condition="Skin.HasSetting(text-autoscroll)">scrolltext</include>
				<label>$INFO[ListItem.Label]</label>
				<textoffsetx>0</textoffsetx>
				<visible>!SubString(ListItem.Icon,DefaultFolderBack.png,Left)</visible>
			</control>
			<control type="label"><!-- Go Back -->
				<left>200</left>
				<top>625</top>
				<width>880</width>
				<height>37</height>
				<font>font22</font>
				<align>center</align>
				<include condition="Skin.HasSetting(text-autoscroll)">scrolltext</include>
				<label>$LOCALIZE[31688]</label>
				<textoffsetx>0</textoffsetx>
				<visible>SubString(ListItem.Icon,DefaultFolderBack.png,Left)</visible>
			</control>
			<control type="scrollbar" id="1258">
				<left>1244</left>
				<top>102</top>
				<width>18</width>
				<height>490</height>
				<onleft>58</onleft>
				<animation condition="!Control.HasFocus(1258) + !Container.Scrolling + !StringCompare(Skin.String(show-scrollbar),$LOCALIZE[31875])" effect="fade" start="100" end="0" time="200" reversible="true">Conditional</animation>
				<visible>!StringCompare(Skin.String(show-scrollbar),$LOCALIZE[31877])</visible>
			</control>
		</control>
	</include>
</includes>
