<?xml version="1.0" encoding="UTF-8"?>
<includes>
	<include name="VideoListView">
		<control type="fixedlist" id="50">
			<viewtype label="31941">list</viewtype>
			<left>668</left>
			<top>100</top>
			<width>555</width>
			<height>576</height>
			<focusposition>2</focusposition>
			<movement>4</movement>
			<onleft condition="Skin.HasSetting(lock-screensettings)">noop</onleft>
			<onleft condition="!Skin.HasSetting(lock-screensettings)">9000</onleft>
			<onright>$VAR[ListScrollNav]</onright>
			<onup>50</onup>
			<ondown>50</ondown>
			<preloaditems>4</preloaditems>
			<pagecontrol>1250</pagecontrol>
			<itemlayout width="555" height="64">
				<control type="image">
					<left>8</left>
					<top>22</top>
					<width>32</width>
					<height>32</height>
					<texture>$VAR[Overlay]</texture>
				</control>
				<control type="image">
					<left>532</left>
					<top>16</top>
					<width>16</width>
					<height>16</height>
					<texture>$VAR[ExtrasOverlay]</texture>
					<visible>System.HasAddon(script.videoextras)</visible>
				</control>
				<control type="image">
					<left>524</left>
					<top>38</top>
					<width>32</width>
					<height>32</height>
					<colordiffuse>DropShadow</colordiffuse>
					<texture>$VAR[ListItemFlags]</texture>
				</control>
				<control type="image">
					<left>522</left>
					<top>36</top>
					<width>32</width>
					<height>32</height>
					<texture>$VAR[ListItemFlags]</texture>
				</control>
				<control type="group">
					<visible>![Container.Content(movies) | Container.Content(musicvideos) | Container.Content(tvshows) | Container.Content(seasons) | Container.Content(episodes) | Container.Content(addons)]</visible>
					<control type="label">
						<left>38</left>
						<top>22</top>
						<width>480</width>
						<height>23</height>
						<font>font12</font>
						<label>$INFO[ListItem.Label]</label>
						<visible>IsEmpty(ListItem.Label2)</visible>
					</control>
					<control type="group">
						<visible>!IsEmpty(ListItem.Label2)</visible>
						<control type="label">
							<left>38</left>
							<top>14</top>
							<width>480</width>
							<height>23</height>
							<font>font11</font>
							<label>$INFO[ListItem.Label]</label>
						</control>
						<control type="label">
							<left>38</left>
							<top>38</top>
							<width>480</width>
							<height>23</height>
							<font>font11</font>
							<textcolor>disabled-text</textcolor>
							<label>$INFO[ListItem.Label2]</label>
						</control>
					</control>
				</control>
				<control type="group">
					<visible>Container.Content(addons)</visible>
					<control type="label">
						<left>38</left>
						<top>22</top>
						<width>480</width>
						<height>23</height>
						<font>font12</font>
						<label>$INFO[ListItem.Label]</label>
						<visible>IsEmpty(ListItem.Property(Addon.Description))</visible>
					</control>
					<control type="group">
						<visible>!IsEmpty(ListItem.Property(Addon.Description))</visible>
						<control type="label">
							<left>38</left>
							<top>14</top>
							<width>480</width>
							<height>23</height>
							<font>font11</font>
							<label>$INFO[ListItem.Label]</label>
						</control>
						<control type="label">
							<left>38</left>
							<top>38</top>
							<width>480</width>
							<height>23</height>
							<font>font11</font>
							<textcolor>disabled-text</textcolor>
							<label>$INFO[ListItem.Property(Addon.Description)]</label>
						</control>
					</control>
				</control>
				<control type="group">
					<visible>Container.Content(tvshows) | Container.Content(seasons)</visible>
					<control type="label">
						<left>38</left>
						<top>22</top>
						<width>480</width>
						<height>23</height>
						<font>font12</font>
						<label>$INFO[ListItem.Label]</label>
						<visible>IsEmpty(ListItem.PlotOutline)</visible>
					</control>
					<control type="group">
						<visible>!IsEmpty(ListItem.PlotOutline)</visible>
						<control type="label">
							<left>38</left>
							<top>14</top>
							<width>480</width>
							<height>23</height>
							<font>font11</font>
							<label>$INFO[ListItem.Label]</label>
						</control>
						<control type="label">
							<left>38</left>
							<top>38</top>
							<width>480</width>
							<height>23</height>
							<font>font11</font>
							<textcolor>disabled-text</textcolor>
							<label>$INFO[ListItem.PlotOutline]</label>
						</control>
					</control>
				</control>
				<control type="group">
					<visible>Container.Content(movies) | Container.Content(musicvideos) | Container.Content(episodes)</visible>
					<control type="label">
						<left>38</left>
						<top>22</top>
						<width>480</width>
						<height>23</height>
						<font>font12</font>
						<label>$INFO[ListItem.Label]</label>
						<visible>IsEmpty(ListItem.Duration)</visible>
					</control>
					<control type="group">
						<visible>!IsEmpty(ListItem.Duration)</visible>
						<control type="label">
							<left>38</left>
							<top>14</top>
							<width>480</width>
							<height>23</height>
							<font>font11</font>
							<label>$INFO[ListItem.Label]</label>
						</control>
						<control type="label">
							<left>38</left>
							<top>38</top>
							<width>480</width>
							<height>23</height>
							<font>font11</font>
							<textcolor>disabled-text</textcolor>
							<label>$INFO[ListItem.Duration] $LOCALIZE[12391]</label>
						</control>
					</control>
				</control>
			</itemlayout>
			<focusedlayout width="555" height="64">
				<control type="image">
					<left>8</left>
					<top>22</top>
					<width>32</width>
					<height>32</height>
					<texture>$VAR[Overlay]</texture>
				</control>
				<control type="image">
					<left>532</left>
					<top>16</top>
					<width>16</width>
					<height>16</height>
					<texture>$VAR[ExtrasOverlay]</texture>
					<visible>System.HasAddon(script.videoextras)</visible>
				</control>
				<control type="image">
					<left>524</left>
					<top>38</top>
					<width>32</width>
					<height>32</height>
					<colordiffuse>DropShadow</colordiffuse>
					<texture>$VAR[ListItemFlags]</texture>
				</control>
				<control type="image">
					<left>522</left>
					<top>36</top>
					<width>32</width>
					<height>32</height>
					<texture>$VAR[ListItemFlags]</texture>
				</control>
				<control type="group">
					<visible>![Container.Content(movies) | Container.Content(musicvideos) | Container.Content(tvshows) | Container.Content(seasons) | Container.Content(episodes) | Container.Content(addons)]</visible>
					<control type="label">
						<left>38</left>
						<top>22</top>
						<width>480</width>
						<height>23</height>
						<font>font12</font>
						<label>$INFO[ListItem.Label]</label>
						<include condition="Skin.HasSetting(text-autoscroll)">scrolltext</include>
						<visible>IsEmpty(ListItem.Label2)</visible>
					</control>
					<control type="group">
						<visible>!IsEmpty(ListItem.Label2)</visible>
						<control type="label">
							<left>38</left>
							<top>14</top>
							<width>480</width>
							<height>23</height>
							<font>font11</font>
							<label>$INFO[ListItem.Label]</label>
							<include condition="Skin.HasSetting(text-autoscroll)">scrolltext</include>
						</control>
						<control type="label">
							<left>38</left>
							<top>38</top>
							<width>480</width>
							<height>23</height>
							<font>font11</font>
							<textcolor>disabled-text</textcolor>
							<label>$INFO[ListItem.Label2]</label>
							<include condition="Skin.HasSetting(text-autoscroll)">scrolltext</include>
						</control>
					</control>
				</control>
				<control type="group">
					<visible>Container.Content(addons)</visible>
					<control type="label">
						<left>38</left>
						<top>22</top>
						<width>480</width>
						<height>23</height>
						<font>font12</font>
						<selectedcolor>listselected-text</selectedcolor>
						<label>$INFO[ListItem.Label]</label>
						<include condition="Skin.HasSetting(text-autoscroll)">scrolltext</include>
						<visible>IsEmpty(ListItem.Property(Addon.Description))</visible>
					</control>
					<control type="group">
						<visible>!IsEmpty(ListItem.Property(Addon.Description))</visible>
						<control type="label">
							<left>38</left>
							<top>14</top>
							<width>480</width>
							<height>23</height>
							<font>font11</font>
							<selectedcolor>listselected-text</selectedcolor>
							<label>$INFO[ListItem.Label]</label>
							<include condition="Skin.HasSetting(text-autoscroll)">scrolltext</include>
						</control>
						<control type="label">
							<left>38</left>
							<top>38</top>
							<width>480</width>
							<height>23</height>
							<font>font11</font>
							<textcolor>disabled-text</textcolor>
							<label>$INFO[ListItem.Property(Addon.Description)]</label>
							<include condition="Skin.HasSetting(text-autoscroll)">scrolltext</include>
						</control>
					</control>
				</control>
				<control type="group">
					<visible>Container.Content(tvshows) | Container.Content(seasons)</visible>
					<control type="label">
						<left>38</left>
						<top>22</top>
						<width>480</width>
						<height>23</height>
						<font>font12</font>
						<label>$INFO[ListItem.Label]</label>
						<include condition="Skin.HasSetting(text-autoscroll)">scrolltext</include>
						<visible>IsEmpty(ListItem.PlotOutline)</visible>
					</control>
					<control type="group">
						<visible>!IsEmpty(ListItem.PlotOutline)</visible>
						<control type="label">
							<left>38</left>
							<top>14</top>
							<width>480</width>
							<height>23</height>
							<font>font11</font>
							<label>$INFO[ListItem.Label]</label>
							<include condition="Skin.HasSetting(text-autoscroll)">scrolltext</include>
						</control>
						<control type="label">
							<left>38</left>
							<top>38</top>
							<width>480</width>
							<height>23</height>
							<font>font11</font>
							<textcolor>disabled-text</textcolor>
							<label>$INFO[ListItem.PlotOutline]</label>
							<include condition="Skin.HasSetting(text-autoscroll)">scrolltext</include>
						</control>
					</control>
				</control>
				<control type="group">
					<visible>Container.Content(movies) | Container.Content(musicvideos) | Container.Content(episodes)</visible>
					<control type="label">
						<left>38</left>
						<top>22</top>
						<width>480</width>
						<height>23</height>
						<font>font12</font>
						<label>$INFO[ListItem.Label]</label>
						<include condition="Skin.HasSetting(text-autoscroll)">scrolltext</include>
						<visible>IsEmpty(ListItem.Duration)</visible>
					</control>
					<control type="group">
						<visible>!IsEmpty(ListItem.Duration)</visible>
						<control type="label">
							<left>38</left>
							<top>14</top>
							<width>480</width>
							<height>23</height>
							<font>font11</font>
							<label>$INFO[ListItem.Label]</label>
							<include condition="Skin.HasSetting(text-autoscroll)">scrolltext</include>
						</control>
						<control type="label">
							<left>38</left>
							<top>38</top>
							<width>480</width>
							<height>23</height>
							<font>font11</font>
							<textcolor>disabled-text</textcolor>
							<label>$INFO[ListItem.Duration] $LOCALIZE[12391]</label>
							<include condition="Skin.HasSetting(text-autoscroll)">scrolltext</include>
						</control>
					</control>
				</control>
			</focusedlayout>
		</control>
		<control type="group">
			<top>42</top>
			<visible>Control.IsVisible(50)</visible>
			<control type="image"><!-- Button focus slider -->
				<left>670</left>
				<top>320</top>
				<width>556</width>
				<height>64</height>
				<texture border="6">button-default-focus.png</texture>
				<aspectratio>stretch</aspectratio>
			</control>
			<animation condition="!Control.HasFocus(50)" effect="fade" start="100" end="60" time="0" reversible="true">Conditional</animation>
			<animation condition="Container(50).Position(0)" effect="slide" start="0,0" end="0,-256" time="0" easing="inout" reversible="true">Conditional</animation>
			<animation condition="Container(50).Position(1)" effect="slide" start="0,0" end="0,-192" time="0" easing="inout" reversible="true">Conditional</animation>
			<animation condition="Container(50).Position(2)" effect="slide" start="0,0" end="0,-128" time="0" easing="inout" reversible="true">Conditional</animation>
			<animation condition="Container(50).Position(3)" effect="slide" start="0,0" end="0,-64" time="0" easing="inout" reversible="true">Conditional</animation>
			<!-- Animation for postion 4 does nothing, so removed-->
			<animation condition="Container(50).Position(5)" effect="slide" start="0,0" end="0,64" time="0" easing="inout" reversible="true">Conditional</animation>
			<animation condition="Container(50).Position(6)" effect="slide" start="0,0" end="0,128" time="0" easing="inout" reversible="true">Conditional</animation>
			<animation condition="Container(50).Position(7)" effect="slide" start="0,0" end="0,192" time="0" easing="inout" reversible="true">Conditional</animation>
			<animation condition="Container(50).Position(8)" effect="slide" start="0,0" end="0,256"	time="0" easing="inout" reversible="true">Conditional</animation>
		</control>
		<control type="group" id="945">
			<visible>Control.IsVisible(50) + !System.ScreenSaverActive + [Container.Content(movies) | Container.Content(tvshows)]  + [[System.IdleTime(60) + StringCompare(Skin.String(listview-idleanim),60)] | [System.IdleTime(90) + StringCompare(Skin.String(listview-idleanim),90)] | [System.IdleTime(120) + StringCompare(Skin.String(listview-idleanim),120)]]</visible>
			<animation effect="fade" start="0" end="100" time="1000">Visible</animation>
			<control type="wraplist" id="950">
				<left>-10</left>
				<top>-10</top>
				<width>10</width>
				<height>10</height>
				<viewtype label="31028">wrap</viewtype>
				<autoscroll>true</autoscroll>
				<scrolltime>4000</scrolltime>
				<orientation>horizontal</orientation>
				<itemlayout height="10" width="10"></itemlayout>
				<focusedlayout height="10" width="10"></focusedlayout>
				<content limit="12">$VAR[ListDynamicContent]</content>
			</control>
			<control type="group" id="951">
				<visible>Control.IsVisible(950)</visible>
				<control type="image">
					<left>-88</left>
					<top>190</top>
					<width>88</width>
					<height>62</height>
					<texture background="true" diffuse="mask-rect.png">$INFO[Container(950).Listitem(2).Art(thumb)]</texture>
					<aspectratio scalediffuse="true" aligny="bottom">keep</aspectratio>
					<animation type="TYPE" condition="!Container(950).OnNext" reversible="false">
						<effect type="slide" start="0,0" end="148,10" time="4000" tween="Quadratic" easing="in"/>
						<effect type="fade" start="20" end="20" time="0"/>
					</animation>
				</control>
				<control type="image">
					<left>60</left>
					<top>200</top>
					<width>88</width>
					<height>62</height>
					<texture background="true" diffuse="mask-rect.png">$INFO[Container(950).Listitem(1).Art(thumb)]</texture>
					<aspectratio scalediffuse="true" aligny="bottom">keep</aspectratio>
					<animation type="TYPE" condition="!Container(950).OnNext" reversible="false">
						<effect type="zoom" start="60,200,88,62" end="180,210,115,81" time="4000" tween="Quadratic" easing="in"/>
						<effect type="fade" start="20" end="45" time="4000"/>
					</animation>
				</control>
				<control type="image">
					<left>180</left>
					<top>210</top>
					<width>115</width>
					<height>81</height>
					<texture background="true" diffuse="mask-rect.png">$INFO[Container(950).Listitem(0).Art(thumb)]</texture>
					<aspectratio scalediffuse="true" aligny="bottom">keep</aspectratio>
					<animation type="TYPE" condition="!Container(950).OnNext" reversible="false">
						<effect type="zoom" start="180,210,115,81" end="250,230,407,287" time="4000" tween="Quadratic" easing="in"/>
						<effect type="fade" start="45" end="100" time="4000"/>
					</animation>
				</control>
				<control type="image">
					<left>250</left>
					<top>230</top>
					<width>407</width>
					<height>287</height>
					<texture background="true" diffuse="mask-rect.png">$INFO[Container(950).Listitem(-1).Art(thumb)]</texture>
					<aspectratio scalediffuse="true" aligny="bottom">keep</aspectratio>
					<animation condition="!Container(950).OnNext" effect="fade" start="100" end="0" time="1800" reversible="false">Conditional</animation>
				</control>
			</control>
		</control>
		<control type="group">
			<visible>Control.IsVisible(50) + !Control.IsVisible(945)</visible>
			<control type="group">
				<animation type="TYPE" condition="Skin.HasSetting(tiltvideolisticon)" reversible="false">
					<effect type="rotatey" start="-25" end="-25" time="0"/>
					<effect type="slide" end="15,0" time="0"/>
					<effect type="zoom" start="100" end="114" center="auto" time="0" tween="back" easing="out"/>
				</animation>
				<control type="group">
					<visible>!Container.Content(movies) + !Container.Content(tvshows) + !Container.Content(seasons) + !Container.Content(episodes) + !Container.Content(musicvideos)</visible>
					<control type="group">
						<control type="image">
							<left>314</left>
							<top>116</top>
							<width>336</width>
							<height>336</height>
							<texture fallback="DefaultVideo.png" background="true" diffuse="mask-rect.png">$VAR[IconPoster]</texture>
							<aspectratio scalediffuse="false" align="right" aligny="top">keep</aspectratio>
						</control>
					</control>
				</control>
				<control type="group">
					<visible>Container.Content(musicvideos)</visible>
					<control type="group">
						<visible>!SubString(ListItem.Icon,DefaultFolder.png,Left)</visible>
						<control type="image">
							<left>314</left>
							<top>116</top>
							<width>336</width>
							<height>336</height>
							<texture background="true" fallback="DefaultMusicVideos.png" diffuse="mask-rect.png">$VAR[IconPoster]</texture>
							<aspectratio scalediffuse="true" align="right" aligny="top">keep</aspectratio>
						</control>
					</control>
					<control type="group">
						<visible>SubString(ListItem.Icon,DefaultFolder.png,Left)</visible>
						<control type="image">
							<left>314</left>
							<top>116</top>
							<width>336</width>
							<height>336</height>
							<texture>DefaultMusicVideos.png</texture>
							<aspectratio align="right" aligny="top">keep</aspectratio>
						</control>
					</control>
				</control>
				<control type="group">
					<visible>Container.Content(movies)</visible>
					<control type="image">
						<left>314</left>
						<top>116</top>
						<width>336</width>
						<height>336</height>
						<texture background="true" fallback="DefaultMovies.png" diffuse="mask-rect.png">$VAR[IconPoster]</texture>
						<aspectratio scalediffuse="true" align="right" aligny="top">keep</aspectratio>
						<visible>!SubString(ListItem.Icon,DefaultFolder,Left)</visible>
					</control>
					<control type="image">
						<left>314</left>
						<top>116</top>
						<width>336</width>
						<height>336</height>
						<texture>DefaultMovies.png</texture>
						<aspectratio align="right" aligny="top">keep</aspectratio>
						<visible>SubString(ListItem.Icon,DefaultFolder.png,Left)</visible>
					</control>
					<control type="image">
						<left>314</left>
						<top>116</top>
						<width>336</width>
						<height>336</height>
						<texture background="true">$INFO[ListItem.Icon]</texture>
						<aspectratio align="right" aligny="top">keep</aspectratio>
						<visible>SubString(ListItem.Icon,DefaultFolderBack.png,Left)</visible>
					</control>
				</control>
				<control type="group">
					<visible>[Container.Content(tvshows) | Container.Content(seasons) | Container.Content(episodes)]</visible>
					<control type="group"><!-- Show Icon For TV SHOW/SEASON/EPISODES -->
						<visible>!SubString(ListItem.Icon,DefaultFolder.png,Left)</visible>
						<control type="image">
							<left>314</left>
							<top>116</top>
							<width>336</width>
							<height>336</height>
							<texture fallback="DefaultTvshows.png" background="true" diffuse="mask-rect.png">$VAR[IconPoster]</texture>
							<aspectratio scalediffuse="true" align="right" aligny="top">keep</aspectratio>
						</control>
					</control>
					<control type="group"><!-- Show TV icon as the Default icon -->
						<visible>SubString(ListItem.Icon,DefaultFolder.png,Left)</visible>
						<control type="image">
							<left>314</left>
							<top>116</top>
							<width>336</width>
							<height>336</height>
							<texture>DefaultTvshows.png</texture>
							<aspectratio align="right" aligny="top">keep</aspectratio>
						</control>
					</control>
				</control>
			</control>
			<control type="group">
				<visible>!IsEmpty(ListItem.Title)</visible>
				<control type="image"><!-- Star Rating -->
					<left>17</left>
					<top>270</top>
					<width>177</width>
					<height>22</height>
					<texture>$VAR[MediaRating]</texture>
					<colordiffuse>StarDiffuse</colordiffuse>
					<aspectratio>keep</aspectratio>
					<visible>!IsEmpty(ListItem.StarRating)</visible>
				</control>
				<control type="label"><!-- Number of unwatched episodes -->
					<left>17</left>
					<top>302</top>
					<width>285</width>
					<height>31</height>
					<font>font11</font>
					<label>$INFO[ListItem.Property(UnWatchedEpisodes)] $LOCALIZE[16101]</label>
					<visible>!IsEmpty(ListItem.Property(UnWatchedEpisodes)) + [Container.Content(tvshows) | Container.Content(seasons)]</visible>
				</control>
				<control type="group"><!-- Duration -->
					<visible>!IsEmpty(listitem.Duration) + !Container.Content(tvshows) + !Container.Content(seasons)</visible>
					<control type="label">
						<left>17</left>
						<top>302</top>
						<width>265</width>
						<height>31</height>
						<font>font18</font>
						<label>$VAR[VideoDuration]</label>
					</control>
				</control>
				<control type="image"><!-- MPAA Rating -->
					<left>17</left>
					<top>343</top>
					<width>212</width>
					<height>62</height>
					<aligny>bottom</aligny>
					<texture>$VAR[VideoRating]</texture>
					<aspectratio>keep</aspectratio>
					<visible>!IsEmpty(ListItem.Mpaa)</visible>
				</control>
				<control type="image"><!-- Logo -->
					<left>17</left>
					<top>412</top>
					<width>184</width>
					<height>50</height>
					<texture>$VAR[ListViewVideoLogo]</texture>
					<aligny>bottom</aligny>
					<aspectratio align="left">keep</aspectratio>
				</control>
				<control type="textbox"><!-- Plot Outline -->
					<left>17</left>
					<top>467</top>
					<width>636</width>
					<height>210</height>
					<font>font10</font>
					<label>$INFO[ListItem.PlotOutline]</label>
					<align>justify</align>
					<aligny>top</aligny>
					<visible>!IsEmpty(ListItem.PlotOutline)</visible>
				</control>
				<control type="textbox"><!-- Plot (Show if no outline available)-->
					<left>17</left>
					<top>467</top>
					<width>636</width>
					<height>210</height>
					<font>font10</font>
					<label>$INFO[ListItem.Plot]</label>
					<align>justify</align>
					<aligny>top</aligny>
					<visible>IsEmpty(ListItem.PlotOutline) + !IsEmpty(ListItem.Plot)</visible>
				</control>
			</control>
		</control>
		<include>SortLetterNotification</include>
		<control type="panel" id="1260">
			<visible>Control.IsVisible(50) + Skin.HasSetting(show-letterbar)</visible>
			<left>1235</left>
			<top>110</top>
			<width>20</width>
			<height>594</height>
			<onleft>50</onleft>
			<onright condition="!StringCompare(Skin.String(show-scrollbar),$LOCALIZE[31877])">1250</onright>
			<onright condition="StringCompare(Skin.String(show-scrollbar),$LOCALIZE[31877])">noop</onright>
			<orientation>vertical</orientation>
			<itemlayout height="22" width="20">
				<control type="label">
					<height>20</height>
					<label>$INFO[ListItem.Label]</label>
					<font>font10</font>
					<textcolor>disabled-text</textcolor>
					<animation effect="fade" start="100" end="20" time="0" condition="!IsEmpty(ListItem.Property(NotAvailable))">Conditional</animation>
				</control>
				<control type="label">
					<height>20</height>
					<label>$INFO[ListItem.Label]</label>
					<font>font10</font>
					<textcolor>listselected-text</textcolor>
					<visible>StringCompare(ListItem.Label,Container.ListItem.SortLetter)</visible>
				</control>
			</itemlayout>
			<focusedlayout height="22" width="20">
				<control type="label">
					<height>20</height>
					<label>$INFO[ListItem.Label]</label>
					<font>font10</font>
					<textcolor>button-text</textcolor>
					<animation effect="zoom" start="100" end="130" center="auto" time="0">focus</animation>
					<animation effect="fade" start="100" end="20" time="0" condition="!IsEmpty(ListItem.Property(NotAvailable))">Conditional</animation>
				</control>
			</focusedlayout>
			<content>plugin://script.skin.helper.service/?action=alphabet&amp;reload=$INFO[Container.NumItems]</content>
		</control>
		<control type="scrollbar" id="1250">
			<left>1246</left>
			<top>110</top>
			<width>16</width>
			<height>576</height>
			<onleft condition="Skin.HasSetting(show-letterbar)">1260</onleft>
			<onleft condition="!Skin.HasSetting(show-letterbar)">50</onleft>
			<animation condition="!Control.HasFocus(1250) + !Container.Scrolling + !StringCompare(Skin.String(show-scrollbar),$LOCALIZE[31875])" effect="fade" start="100" end="0" time="200" reversible="true">Conditional</animation>
			<animation condition="Skin.HasSetting(show-letterbar)" effect="slide" end="10,0" reversible="true">Conditional</animation>
			<visible>Control.IsVisible(50) + !StringCompare(Skin.String(show-scrollbar),$LOCALIZE[31877])</visible>
		</control>
	</include>
	<include name="VideoIconView">
		<control type="panel" id="52">
			<left>20</left>
			<top>100</top>
			<width>1200</width>
			<height>468</height>
			<onleft condition="Skin.HasSetting(lock-screensettings)">noop</onleft>
			<onleft condition="!Skin.HasSetting(lock-screensettings)">9000</onleft>
			<onright>$VAR[ListScrollNav]</onright>
			<onup>52</onup>
			<ondown>52</ondown>
			<viewtype label="31943">icon</viewtype>
			<pagecontrol>1252</pagecontrol>
			<itemlayout height="234" width="300">
				<control type="image">
					<left>66</left>
					<top>5</top>
					<width>168</width>
					<height>168</height>
					<aspectratio>keep</aspectratio>
					<texture colordiffuse="UnFocusedPosters" fallback="DefaultVideo.png" background="true">$INFO[ListItem.Icon]</texture>
					<visible>SubString(ListItem.Icon,Default,Left) | ![Container.Content(movies) | Container.Content(tvshows)]</visible>
				</control>
				<control type="image">
					<left>90</left>
					<top>5</top>
					<width>120</width>
					<height>168</height>
					<aspectratio scalediffuse="false">stretch</aspectratio>
					<texture colordiffuse="UnFocusedPosters" fallback="DefaultVideo.png" background="true" diffuse="mask-rect.png">$INFO[ListItem.Icon]</texture>
					<visible>!SubString(ListItem.Icon,Default,Left) + [Container.Content(movies) | Container.Content(tvshows)]</visible>
				</control>
				<control type="image"><!-- Extras Overlay -->
					<left>92</left>
					<top>8</top>
					<width>16</width>
					<height>16</height>
					<texture>$VAR[ExtrasOverlay]</texture>
					<visible>System.HasAddon(script.videoextras)</visible>
				</control>
				<control type="image"><!-- Watched Overlay -->
					<left>184</left>
					<top>-2</top>
					<width>32</width>
					<height>32</height>
					<texture>$VAR[Overlay]</texture>
				</control>
				<control type="label">
					<left>10</left>
					<top>185</top>
					<width>280</width>
					<height>22</height>
					<font>font11</font>
					<align>center</align>
					<label>$INFO[ListItem.Label]</label>
				</control>
			</itemlayout>
			<focusedlayout height="234" width="300">
				<control type="image">
					<left>66</left>
					<top>5</top>
					<width>168</width>
					<height>168</height>
					<aspectratio scalediffuse="false">keep</aspectratio>
					<animation effect="zoom" start="100" end="124" center="auto" time="600" tween="back" easing="out" reversible="false">focus</animation>
					<texture background="true" diffuse="mask-rect.png">$INFO[ListItem.Icon]</texture>
					<visible>SubString(ListItem.Icon,Default,Left)</visible>
				</control>
				<control type="image">
					<left>66</left>
					<top>5</top>
					<width>168</width>
					<height>168</height>
					<texture fallback="DefaultVideo.png" background="true" diffuse="mask-rect.png">$INFO[ListItem.Icon]</texture>
					<bordertexture border="7">mask-hilite.png</bordertexture>
					<bordersize>7</bordersize>
					<aspectratio scalediffuse="false">keep</aspectratio>
					<animation effect="zoom" start="100" end="124" center="auto" time="600" tween="back" easing="out" reversible="false">focus</animation>
					<visible>!SubString(ListItem.Icon,Default,Left) + ![Container.Content(movies) | Container.Content(tvshows)]</visible>
				</control>
				<control type="image">
					<left>90</left>
					<top>5</top>
					<width>120</width>
					<height>168</height>
					<texture fallback="DefaultVideo.png" background="true" diffuse="mask-rect.png">$INFO[ListItem.Icon]</texture>
					<bordertexture border="7">mask-hilite.png</bordertexture>
					<bordersize>7</bordersize>
					<aspectratio scalediffuse="false">stretch</aspectratio>
					<animation effect="zoom" start="100" end="124" center="auto" time="600" tween="back" easing="out" reversible="false">focus</animation>
					<visible>!SubString(ListItem.Icon,Default,Left) + [Container.Content(movies) | Container.Content(tvshows)]</visible>
				</control>
				<control type="image"><!-- Extras Overlay -->
					<left>90</left>
					<top>0</top>
					<width>16</width>
					<height>16</height>
					<texture>$VAR[ExtrasOverlay]</texture>
					<animation effect="zoom" start="100" end="124" center="auto" time="600" tween="back" easing="out" reversible="false">focus</animation>
					<visible>System.HasAddon(script.videoextras)</visible>
				</control>
				<control type="image"><!-- Watched Overlay -->
					<left>186</left>
					<top>-10</top>
					<width>32</width>
					<height>32</height>
					<texture>$VAR[Overlay]</texture>
					<animation effect="zoom" start="100" end="124" center="auto" time="600" tween="back" easing="out" reversible="false">focus</animation>
				</control>
				<control type="label">
					<left>10</left>
					<top>185</top>
					<width>280</width>
					<height>22</height>
					<font>font11</font>
					<align>center</align>
					<include condition="Skin.HasSetting(text-autoscroll)">scrolltext</include>
					<label>$INFO[ListItem.Label]</label>
					<textoffsetx>0</textoffsetx>
				</control>
			</focusedlayout>
		</control>
		<control type="group"><!-- Show the bottom row of icons as long as another row exists -->
			<visible>[Container.Content(movies) | Container.Content(tvshows)] + Control.IsVisible(52) + Container(52).HasNext + ![Container().OnScrollNext | Container().OnScrollPrevious]</visible>
			<left>20</left>
			<animation effect="fade" delay="0" start="0" end="100" time="200">Visible</animation>
			<control type="image">
				<left>90</left>
				<top>574</top>
				<width>120</width>
				<height>168</height>
				<aspectratio>stretch</aspectratio>
				<texture colordiffuse="UnFocusedPosters" background="true" diffuse="mask-fadetop.png">$VAR[Icon(8)Poster]</texture>
			</control>
			<control type="image">
				<left>390</left>
				<top>574</top>
				<width>120</width>
				<height>168</height>
				<aspectratio>stretch</aspectratio>
				<texture colordiffuse="UnFocusedPosters" background="true" diffuse="mask-fadetop.png">$VAR[Icon(9)Poster]</texture>
			</control>
			<control type="image">
				<left>690</left>
				<top>574</top>
				<width>120</width>
				<height>168</height>
				<aspectratio>stretch</aspectratio>
				<texture colordiffuse="UnFocusedPosters" background="true" diffuse="mask-fadetop.png">$VAR[Icon(10)Poster]</texture>
			</control>
			<control type="image">
				<left>990</left>
				<top>574</top>
				<width>120</width>
				<height>168</height>
				<aspectratio>stretch</aspectratio>
				<texture colordiffuse="UnFocusedPosters" background="true" diffuse="mask-fadetop.png">$VAR[Icon(11)Poster]</texture>
			</control>
		</control>
		<control type="group"><!-- Show the bottom row of icons as long as another row exists -->
			<visible>![Container.Content(movies) | Container.Content(tvshows)] + Control.IsVisible(52) + Container(52).HasNext + ![Container().OnScrollNext | Container().OnScrollPrevious]</visible>
			<animation effect="fade" delay="0" start="0" end="100" time="200">Visible</animation>
			<control type="image">
				<left>86</left>
				<top>574</top>
				<width>168</width>
				<height>168</height>
				<aspectratio scalediffuse="false">keep</aspectratio>
				<texture colordiffuse="UnFocusedPosters" background="true" diffuse="mask-fadetop.png">$VAR[Icon(8)VideoIcon]</texture>
			</control>
			<control type="image">
				<left>386</left>
				<top>574</top>
				<width>168</width>
				<height>168</height>
				<aspectratio scalediffuse="false">keep</aspectratio>
				<texture colordiffuse="UnFocusedPosters" background="true" diffuse="mask-fadetop.png">$VAR[Icon(9)VideoIcon]</texture>
			</control>
			<control type="image">
				<left>686</left>
				<top>574</top>
				<width>168</width>
				<height>168</height>
				<aspectratio scalediffuse="false">keep</aspectratio>
				<texture colordiffuse="UnFocusedPosters" background="true" diffuse="mask-fadetop.png">$VAR[Icon(10)VideoIcon]</texture>
			</control>
			<control type="image">
				<left>986</left>
				<top>574</top>
				<width>168</width>
				<height>168</height>
				<aspectratio scalediffuse="false">keep</aspectratio>
				<texture colordiffuse="UnFocusedPosters" background="true" diffuse="mask-fadetop.png">$VAR[Icon(11)VideoIcon]</texture>
			</control>
		</control>
		<include>SortLetterNotification</include>
		<control type="panel" id="1262">
			<visible>Control.IsVisible(52) + Skin.HasSetting(show-letterbar)</visible>
			<left>1235</left>
			<top>110</top>
			<width>20</width>
			<height>594</height>
			<onleft>52</onleft>
			<onright condition="!StringCompare(Skin.String(show-scrollbar),$LOCALIZE[31877])">1252</onright>
			<onright condition="StringCompare(Skin.String(show-scrollbar),$LOCALIZE[31877])">noop</onright>
			<orientation>vertical</orientation>
			<itemlayout height="22" width="20">
				<control type="label">
					<height>20</height>
					<label>$INFO[ListItem.Label]</label>
					<font>font10</font>
					<textcolor>disabled-text</textcolor>
					<animation effect="fade" start="100" end="20" time="0" condition="!IsEmpty(ListItem.Property(NotAvailable))">Conditional</animation>
				</control>
				<control type="label">
					<height>20</height>
					<label>$INFO[ListItem.Label]</label>
					<font>font10</font>
					<textcolor>listselected-text</textcolor>
					<visible>StringCompare(ListItem.Label,Container.ListItem.SortLetter)</visible>
				</control>
			</itemlayout>
			<focusedlayout height="22" width="20">
				<control type="label">
					<height>20</height>
					<label>$INFO[ListItem.Label]</label>
					<font>font10</font>
					<animation effect="zoom" start="100" end="130" center="auto" time="0">focus</animation>
					<animation effect="fade" start="100" end="20" time="0" condition="!IsEmpty(ListItem.Property(NotAvailable))">Conditional</animation>
				</control>
			</focusedlayout>
			<content>plugin://script.skin.helper.service/?action=alphabet&amp;reload=$INFO[Container.NumItems]</content>
		</control>
		<control type="scrollbar" id="1252">
			<left>1246</left>
			<top>110</top>
			<width>16</width>
			<height>576</height>
			<onleft condition="Skin.HasSetting(show-letterbar)">1262</onleft>
			<onleft condition="!Skin.HasSetting(show-letterbar)">52</onleft>
			<animation condition="!Control.HasFocus(1252) + !Container.Scrolling + !StringCompare(Skin.String(show-scrollbar),$LOCALIZE[31875])" effect="fade" start="100" end="0" time="200" reversible="true">Conditional</animation>
			<animation condition="Skin.HasSetting(show-letterbar)" effect="slide" end="10,0" reversible="true">Conditional</animation>
			<visible>!StringCompare(Skin.String(show-scrollbar),$LOCALIZE[31877]) + Control.IsVisible(52)</visible>
		</control>
	</include>
	<include name="BannerView">
		<control type="group">
			<visible>Control.IsVisible(53)</visible>
			<control type="list" id="53">
				<visible>container.content(tvshows) + !IsEmpty(Container.FolderPath)</visible>
				<viewtype label="31946">banner</viewtype>
				<left>662</left>
				<top>143</top>
				<width>542</width>
				<height>500</height>
				<pagecontrol>1253</pagecontrol>
				<onup>53</onup>
				<ondown>53</ondown>
				<onleft condition="Skin.HasSetting(lock-screensettings)">noop</onleft>
				<onleft condition="!Skin.HasSetting(lock-screensettings)">9000</onleft>
				<onright>$VAR[ListScrollNav]</onright>
				<itemlayout width="542" height="100">
					<control type="image"><!-- Background shadow for unselected IconBanner image -->
						<left>0</left>
						<top>0</top>
						<width>542</width>
						<height>100</height>
						<texture colordiffuse="UnFocusedPosters">background-mask.png</texture>
						<aspectratio>stretch</aspectratio>
					</control>
					<control type="image"><!-- Banner image -->
						<left>0</left>
						<top>0</top>
						<width>542</width>
						<height>100</height>
						<texture colordiffuse="UnFocusedPosters" background="true">$VAR[IconBanner]</texture>
						<aspectratio>keep</aspectratio>
						<visible>!SubString(ListItem.Icon,DefaultFolderBack.png,Left)</visible>
					</control>
					<control type="image"><!-- Go Back image -->
						<left>0</left>
						<top>0</top>
						<width>542</width>
						<height>100</height>
						<texture colordiffuse="UnFocusedPosters" background="true">$INFO[ListItem.Icon]</texture>
						<aspectratio>keep</aspectratio>
						<visible>SubString(ListItem.Icon,DefaultFolderBack.png,Left)</visible>
					</control>
				</itemlayout>
				<focusedlayout width="542" height="100">
					<control type="group">
						<animation condition="true" effect="zoom" start="100" end="119" center="auto" time="0">Conditional</animation>
						<control type="image"><!-- Go Back image -->
							<left>0</left>
							<top>0</top>
							<width>542</width>
							<height>100</height>
							<texture background="true">$INFO[ListItem.Icon]</texture>
							<aspectratio>keep</aspectratio>
							<visible>SubString(ListItem.Icon,DefaultFolderBack.png,Left)</visible>
						</control>
						<control type="image"><!-- Banner image -->
							<left>0</left>
							<top>0</top>
							<width>542</width>
							<height>100</height>
							<texture background="true">$VAR[IconBanner]</texture>
							<bordertexture border="8">mask-hilite.png</bordertexture>
							<bordersize>8</bordersize>
							<aspectratio>keep</aspectratio>
							<visible>!SubString(ListItem.Icon,DefaultFolderBack.png,Left)</visible>
						</control>
					</control>
				</focusedlayout>
			</control>
			<control type="group">
				<animation effect="fade" delay="300" start="0" end="100" time="200">Visible</animation>
				<control type="label"><!-- Go Back -->
					<left>30</left>
					<top>318</top>
					<width>600</width>
					<height>38</height>
					<font>font22</font>
					<align>center</align>
					<label>$LOCALIZE[31688]</label>
					<visible>SubString(ListItem.Icon,DefaultFolderBack.png,Left)</visible>
				</control>
				<control type="group"><!-- Mini Fanart -->
					<visible>!SubString(ListItem.Icon,DefaultFolderBack.png,Left)</visible>
					<control type="image">
						<left>134</left>
						<top>114</top>
						<width>392</width>
						<height>220</height>
						<texture background="true" fallback="DefaultTVShows.png">$INFO[ListItem.Art(fanart)]</texture>
						<aspectratio aligny="top">keep</aspectratio>
						<visible>Skin.HasSetting(background-fanarts)</visible>
					</control>
					<control type="image">
						<left>134</left>
						<top>114</top>
						<width>392</width>
						<height>220</height>
						<texture background="true" fallback="DefaultTVShows.png">$INFO[ListItem.Art(thumb)]</texture>
						<aspectratio aligny="top">keep</aspectratio>
						<visible>!Skin.HasSetting(background-fanarts)</visible>
					</control>
				</control>
				<control type="grouplist">
					<left>30</left>
					<top>344</top>
					<width>600</width>
					<height>600</height>
					<itemgap>2</itemgap>
					<visible>!IsEmpty(ListItem.Icon)</visible>
					<control type="group">
						<width>600</width>
						<height>50</height>
						<visible>!SubString(ListItem.Icon,DefaultFolderBack.png,Left)</visible>
						<control type="image" id="7316"><!-- Show logo -->
							<left>208</left>
							<top>0</top>
							<width>184</width>
							<height>50</height>
							<texture>$VAR[VideoLogo]</texture>
							<aspectratio align="center" aligny="bottom">keep</aspectratio>
						</control>
						<control type="label"><!-- Title -->
							<left>0</left>
							<top>0</top>
							<width>600</width>
							<height>50</height>
							<label>[B]$INFO[ListItem.Label][/B]</label>
							<font>font13</font>
							<align>center</align>
							<wrapmultiline>true</wrapmultiline>
							<include condition="Skin.HasSetting(text-autoscroll)">scrolltext</include>
							<visible>IsEmpty(Control.GetLabel(7316))</visible>
						</control>
					</control>
					<control type="label"><!-- First Aired -->
						<width>600</width>
						<height>26</height>
						<label>[B]$LOCALIZE[20416]:[/B] $INFO[ListItem.Premiered]</label>
						<font>font11</font>
						<align>center</align>
						<visible>!IsEmpty(ListItem.Premiered)</visible>
					</control>
					<control type="label"><!-- Genre -->
						<width>600</width>
						<height>26</height>
						<label>[B]$LOCALIZE[515]:[/B] $INFO[ListItem.Genre]</label>
						<font>font11</font>
						<align>center</align>
						<include condition="Skin.HasSetting(text-autoscroll)">scrolltext</include>
						<visible>!IsEmpty(ListItem.Genre)</visible>
					</control>
					<control type="label"><!-- Rating -->
						<width>600</width>
						<height>26</height>
						<label>[B]$LOCALIZE[563]:[/B] $INFO[ListItem.Rating]</label>
						<font>font11</font>
						<align>center</align>
						<visible>!IsEmpty(ListItem.Rating)</visible>
					</control>
					<control type="label">
						<width>600</width>
						<height>28</height>
						<label>$INFO[ListItem.Property(UnWatchedEpisodes)] $LOCALIZE[16101] $LOCALIZE[20360]</label>
						<font>font11</font>
						<align>center</align>
						<visible>!IsEmpty(ListItem.Property(UnWatchedEpisodes))</visible>
					</control>
					<control type="image">
						<width>600</width>
						<height>4</height>
						<texture>separator.png</texture>
						<visible>!SubString(ListItem.Icon,DefaultFolderBack.png,Left)</visible>
					</control>
					<control type="textbox"><!-- Plot Outline -->
						<width>600</width>
						<height>162</height>
						<label>$INFO[ListItem.PlotOutline]</label>
						<font>font10</font>
						<align>justify</align>
						<visible>!IsEmpty(ListItem.PlotOutline)</visible>
					</control>
					<control type="textbox"><!-- Plot (Show if no outline available)-->
						<width>600</width>
						<height>162</height>
						<label>$INFO[ListItem.Plot]</label>
						<font>font10</font>
						<align>justify</align>
						<visible>IsEmpty(ListItem.PlotOutline) + !IsEmpty(ListItem.Plot)</visible>
					</control>
				</control>
				<control type="group">
					<include>SortLetterNotification</include>
					<control type="panel" id="1263">
						<visible>Control.IsVisible(53) + Skin.HasSetting(show-letterbar)</visible>
						<left>1226</left>
						<top>110</top>
						<width>20</width>
						<height>594</height>
						<onleft>53</onleft>
						<onright condition="!StringCompare(Skin.String(show-scrollbar),$LOCALIZE[31877])">1253</onright>
						<onright condition="StringCompare(Skin.String(show-scrollbar),$LOCALIZE[31877])">noop</onright>
						<orientation>vertical</orientation>
						<itemlayout height="22" width="20">
							<control type="label">
								<height>20</height>
								<label>$INFO[ListItem.Label]</label>
								<font>font10</font>
								<textcolor>disabled-text</textcolor>
								<animation effect="fade" start="100" end="20" time="0" condition="!IsEmpty(ListItem.Property(NotAvailable))">Conditional</animation>
							</control>
							<control type="label">
								<height>20</height>
								<label>$INFO[ListItem.Label]</label>
								<font>font10</font>
								<textcolor>listselected-text</textcolor>
								<visible>StringCompare(ListItem.Label,Container.ListItem.SortLetter)</visible>
							</control>
						</itemlayout>
						<focusedlayout height="22" width="20">
							<control type="label">
								<height>20</height>
								<label>$INFO[ListItem.Label]</label>
								<font>font10</font>
								<textcolor>button-text</textcolor>
								<animation effect="zoom" start="100" end="130" center="auto" time="0">focus</animation>
								<animation effect="fade" start="100" end="20" time="0" condition="!IsEmpty(ListItem.Property(NotAvailable))">Conditional</animation>
							</control>
						</focusedlayout>
						<content>plugin://script.skin.helper.service/?action=alphabet&amp;reload=$INFO[Container.NumItems]</content>
					</control>
					<control type="scrollbar" id="1253">
						<left>1234</left>
						<top>135</top>
						<width>16</width>
						<height>516</height>
						<onleft condition="Skin.HasSetting(show-letterbar)">1263</onleft>
						<onleft condition="!Skin.HasSetting(show-letterbar)">53</onleft>
						<animation condition="!Control.HasFocus(1253) + !Container.Scrolling + !StringCompare(Skin.String(show-scrollbar),$LOCALIZE[31875])" effect="fade" start="100" end="0" time="200" reversible="true">Conditional</animation>
						<animation condition="Skin.HasSetting(show-letterbar)" effect="slide" end="22,0" reversible="true">Conditional</animation>
						<visible>Control.IsVisible(53) + !StringCompare(Skin.String(show-scrollbar),$LOCALIZE[31877])</visible>
					</control>
				</control>
			</control>
		</control>
	</include>
	<include name="VideoWrapView">
		<control type="wraplist" id="54">
			<viewtype label="31942">wrap</viewtype>
			<left>0</left>
			<top>160</top>
			<width>1258</width>
			<height>480</height>
			<onleft>54</onleft>
			<onright>54</onright>
			<onup condition="Skin.HasSetting(lock-screensettings)">noop</onup>
			<onup condition="!Skin.HasSetting(lock-screensettings)">9000</onup>
			<ondown>$VAR[ListScrollNav]</ondown>
			<focusposition>0</focusposition>
			<orientation>horizontal</orientation>
			<preloaditems>4</preloaditems>
			<scrolltime>0</scrolltime>
			<pagecontrol>1254</pagecontrol>
			<itemlayout height="292" width="90" condition="Container.Content(movies) | Container.Content(tvshows) | Container.Content(seasons) | Container.Content(episodes)">
				<control type="image">
					<left>-5</left>
					<top>336</top>
					<height>128</height>
					<width>79</width>
					<texture>case-dvd.png</texture>
					<colordiffuse>UnFocusedCovers</colordiffuse>
					<aspectratio>stretch</aspectratio>
					<visible>!SubString(ListItem.Icon,Default,Left) + Skin.HasSetting(media-case)</visible>
				</control>
				<control type="image">
					<left>-5</left>
					<top>340</top>
					<height>120</height>
					<width>77</width>
					<texture diffuse="mask-rect.png" background="true" fallback="DefaultVideo.png">$VAR[IconPoster]</texture>
					<colordiffuse>UnFocusedCovers</colordiffuse>
					<aspectratio scalediffuse="false">stretch</aspectratio>
				</control>
				<control type="image">
					<left>-17</left>
					<top>314</top>
					<height>32</height>
					<width>32</width>
					<texture>$VAR[Overlay]</texture>
					<colordiffuse>UnFocusedCovers</colordiffuse>
				</control>
				<control type="image">
					<left>57</left>
					<top>322</top>
					<width>16</width>
					<height>16</height>
					<texture>$VAR[ExtrasOverlay]</texture>
					<visible>System.HasAddon(script.videoextras)</visible>
				</control>
			</itemlayout>
			<itemlayout height="292" width="90" condition="!Container.Content(movies) + !Container.Content(tvshows) + !Container.Content(seasons) + !Container.Content(episodes)">
				<control type="image">
					<left>4</left>
					<top>392</top>
					<height>76</height>
					<width>76</width>
					<texture diffuse="mask-rect.png" background="true" fallback="DefaultVideo.png">$VAR[IconPoster]</texture>
					<colordiffuse>UnFocusedCovers</colordiffuse>
					<aspectratio scalediffuse="true">keep</aspectratio>
				</control>
			</itemlayout>
			<focusedlayout height="405" width="276" condition="Container.Content(movies) | Container.Content(tvshows) | Container.Content(seasons) | Container.Content(episodes)">
				<control type="group">
					<visible>!SubString(ListItem.Icon,Default,Left)</visible>
					<control type="image">
						<left>0</left>
						<top>130</top>
						<height>350</height>
						<width>256</width>
						<texture>mask-hilite.png</texture>
						<aspectratio>stretch</aspectratio>
					</control>
					<control type="image">
						<left>26</left>
						<top>144</top>
						<height>321</height>
						<width>207</width>
						<texture>case-dvd.png</texture>
						<aspectratio>stretch</aspectratio>
						<visible>Skin.HasSetting(media-case)</visible>
					</control>
				</control>
				<control type="image">
					<left>26</left>
					<top>148</top>
					<height>312</height>
					<width>203</width>
					<aspectratio scalediffuse="false">stretch</aspectratio>
					<texture diffuse="mask-rect.png" background="true" fallback="DefaultVideo.png">$VAR[IconPoster]</texture>
				</control>
				<control type="image">
					<left>14</left>
					<top>110</top>
					<height>40</height>
					<width>40</width>
					<texture>$VAR[Overlay]</texture>
				</control>
				<control type="image">
					<left>206</left>
					<top>120</top>
					<width>24</width>
					<height>24</height>
					<texture>$VAR[ExtrasOverlay]</texture>
					<visible>System.HasAddon(script.videoextras)</visible>
				</control>
				<control type="image">
					<left>114</left>
					<top>114</top>
					<width>32</width>
					<height>32</height>
					<colordiffuse>DropShadow</colordiffuse>
					<texture>$VAR[ListItemFlags]</texture>
				</control>
				<control type="image">
					<left>112</left>
					<top>112</top>
					<width>32</width>
					<height>32</height>
					<texture>$VAR[ListItemFlags]</texture>
				</control>
			</focusedlayout>
			<focusedlayout height="405" width="276" condition="!Container.Content(movies) + !Container.Content(tvshows) + !Container.Content(seasons) + !Container.Content(episodes)">
				<control type="image">
					<left>22</left>
					<top>224</top>
					<height>244</height>
					<width>244</width>
					<aspectratio scalediffuse="true">keep</aspectratio>
					<texture diffuse="mask-rect.png" background="true" fallback="DefaultVideo.png">$VAR[IconPoster]</texture>
				</control>
			</focusedlayout>
		</control>
		<control type="group">
			<visible>Control.IsVisible(54)</visible>
			<control type="image" id="7216"><!-- Show logo -->
				<left>272</left>
				<top>397</top>
				<width>314</width>
				<height>86</height>
				<texture>$VAR[VideoLogo]</texture>
				<aspectratio align="left" aligny="bottom">keep</aspectratio>
				<animation effect="fade" delay="100" start="0" end="100" time="200">Visible</animation>
			</control>
			<control type="label"><!-- Title -->
				<left>272</left>
				<top>433</top>
				<width>929</width>
				<height>38</height>
				<font>font22</font>
				<include condition="Skin.HasSetting(text-autoscroll)">scrolltext</include>
				<label>$INFO[ListItem.Label]</label>
				<wrapmultiline>true</wrapmultiline>
				<textoffsetx>0</textoffsetx>
				<animation effect="fade" delay="100" start="0" end="100" time="200">Visible</animation>
				<visible>!SubString(ListItem.Icon,DefaultFolderBack.png,Left) + IsEmpty(Control.GetLabel(7216))</visible>
			</control>
			<control type="label"><!-- Go Back -->
				<left>272</left>
				<top>433</top>
				<width>929</width>
				<height>37</height>
				<font>font22</font>
				<include condition="Skin.HasSetting(text-autoscroll)">scrolltext</include>
				<label>$LOCALIZE[31688]</label>
				<textoffsetx>0</textoffsetx>
				<visible>stringcompare(ListItem.Icon,DefaultFolderBack.png)</visible>
			</control>
			<control type="group">
				<visible>!IsEmpty(ListItem.Title)</visible>
				<control type="label"><!-- Duration -->
					<left>26</left>
					<top>245</top>
					<width>204</width>
					<height>31</height>
					<align>center</align>
					<font>font18</font>
					<label>$VAR[VideoDuration]</label>
					<visible>!IsEmpty(ListItem.Duration) + !Container.Content(tvshows) + !Container.Content(seasons)</visible>
				</control>
				<control type="image"><!-- Star Rating -->
					<left>272</left>
					<top>308</top>
					<width>200</width>
					<height>25</height>
					<texture>$VAR[MediaRating]</texture>
					<colordiffuse>StarDiffuse</colordiffuse>
					<aspectratio>keep</aspectratio>
					<visible>!IsEmpty(ListItem.StarRating)</visible>
				</control>
				<control type="image"><!-- MPAA Rating -->
					<left>272</left>
					<top>337</top>
					<width>212</width>
					<height>62</height>
					<aligny>bottom</aligny>
					<texture>$VAR[VideoRating]</texture>
					<aspectratio>keep</aspectratio>
				</control>
			</control>
			<include>SortLetterNotification</include>
			<control type="panel" id="1264">
				<visible>Control.IsVisible(54) + Skin.HasSetting(show-letterbar)</visible>
				<left>68</left>
				<top>634</top>
				<width>1232</width>
				<height>22</height>
				<onup>54</onup>
				<ondown condition="!StringCompare(Skin.String(show-scrollbar),$LOCALIZE[31877])">1254</ondown>
				<ondown condition="StringCompare(Skin.String(show-scrollbar),$LOCALIZE[31877])">noop</ondown>
				<orientation>horizontal</orientation>
				<itemlayout height="22" width="44">
					<control type="label">
						<height>20</height>
						<label>$INFO[ListItem.Label]</label>
						<font>font10</font>
						<textcolor>disabled-text</textcolor>
						<align>center</align>
						<animation effect="fade" start="100" end="20" time="0" condition="!IsEmpty(ListItem.Property(NotAvailable))">Conditional</animation>
					</control>
					<control type="label">
						<height>20</height>
						<label>$INFO[ListItem.Label]</label>
						<font>font10</font>
						<textcolor>listselected-text</textcolor>
						<align>center</align>
						<visible>StringCompare(ListItem.Label,Container.ListItem.SortLetter)</visible>
					</control>
				</itemlayout>
				<focusedlayout height="22" width="44">
					<control type="label">
						<height>20</height>
						<label>$INFO[ListItem.Label]</label>
						<font>font10</font>
						<align>center</align>
						<animation effect="zoom" start="100" end="130" center="auto" time="0">focus</animation>
						<animation effect="fade" start="100" end="20" time="0" condition="!IsEmpty(ListItem.Property(NotAvailable))">Conditional</animation>
					</control>
				</focusedlayout>
				<content>plugin://script.skin.helper.service/?action=alphabet&amp;reload=$INFO[Container.NumItems]</content>
			</control>
			<control type="scrollbar" id="1254">
				<left>18</left>
				<top>656</top>
				<width>1240</width>
				<height>16</height>
				<orientation>horizontal</orientation>
				<onup condition="Skin.HasSetting(show-letterbar)">1264</onup>
				<onup condition="!Skin.HasSetting(show-letterbar)">54</onup>
				<animation condition="!Control.HasFocus(1254) + !Container.Scrolling + !StringCompare(Skin.String(show-scrollbar),$LOCALIZE[31875])" effect="fade" start="100" end="0" time="200" reversible="true">Conditional</animation>
				<animation condition="Skin.HasSetting(show-letterbar)" effect="slide" end="0,10" reversible="true">Conditional</animation>
				<visible>!StringCompare(Skin.String(show-scrollbar),$LOCALIZE[31877]) + Control.IsVisible(54)</visible>
			</control>
		</control>
	</include>
	<include name="VideoCoverflow">
		<control type="wraplist" id="57">
			<viewtype label="31945">wrap</viewtype>
			<left>-130</left>
			<top>187</top>
			<width>1416</width>
			<height>525</height>
			<onleft>57</onleft>
			<onright>57</onright>
			<onup condition="Skin.HasSetting(lock-screensettings)">noop</onup>
			<onup condition="!Skin.HasSetting(lock-screensettings)">9000</onup>
			<ondown>$VAR[ListScrollNav]</ondown>
			<focusposition>2</focusposition>
			<orientation>horizontal</orientation>
			<preloaditems>4</preloaditems>
			<pagecontrol>1257</pagecontrol>
			<itemlayout height="390" width="140"></itemlayout>
			<focusedlayout height="410" width="320"></focusedlayout>
		</control>
		<control type="group">
			<visible>Control.IsVisible(57)</visible>
			<control type="group" id="3011">
				<left>10</left>
				<top>150</top>
				<camera x="640" y="360" />
				<visible>Container(57).OnNext</visible>
				<animation effect="slide" end="-50,0" time="200" reversible="false">Hidden</animation>
				<control type="image">
					<left>18</left>
					<top>0</top>
					<width>286</width>
					<height>400</height>
					<texture fallback="DefaultVideo.png" background="true" diffuse="mask-rect.png">$VAR[Icon(-5)Poster]</texture>
					<colordiffuse>SecondaryCovers</colordiffuse>
					<aspectratio scalediffuse="false">stretch</aspectratio>
					<animation effect="rotatey" center="-40" start="-60" end="-60" time="0" condition="true">Conditional</animation>
					<visible>[IntegerGreaterThan(Container(57).NumItems,10) + !System.GetBool(filelists.showparentdiritems)] | [IntegerGreaterThan(Container(57).NumItems,9) + System.GetBool(filelists.showparentdiritems)]</visible>
				</control>
				<control type="image">
					<left>106</left>
					<top>0</top>
					<width>286</width>
					<height>400</height>
					<texture fallback="DefaultVideo.png" background="true" diffuse="mask-rect.png">$VAR[Icon(-4)Poster]</texture>
					<colordiffuse>SecondaryCovers</colordiffuse>
					<aspectratio scalediffuse="false">stretch</aspectratio>
					<animation effect="rotatey" center="10" start="-60" end="-60" time="0" condition="true">Conditional</animation>
					<visible>[IntegerGreaterThan(Container(57).NumItems,8) + !System.GetBool(filelists.showparentdiritems)] | [IntegerGreaterThan(Container(57).NumItems,7) + System.GetBool(filelists.showparentdiritems)]</visible>
				</control>
				<control type="image">
					<left>194</left>
					<top>0</top>
					<width>286</width>
					<height>400</height>
					<texture fallback="DefaultVideo.png" background="true" diffuse="mask-rect.png">$VAR[Icon(-3)Poster]</texture>
					<colordiffuse>SecondaryCovers</colordiffuse>
					<aspectratio scalediffuse="false">stretch</aspectratio>
					<animation effect="rotatey" center="60" start="-60" end="-60" time="0" condition="true">Conditional</animation>
					<visible>[IntegerGreaterThan(Container(57).NumItems,6) + !System.GetBool(filelists.showparentdiritems)] | [IntegerGreaterThan(Container(57).NumItems,5) + System.GetBool(filelists.showparentdiritems)]</visible>
				</control>
				<control type="image">
					<left>282</left>
					<top>0</top>
					<width>286</width>
					<height>400</height>
					<texture fallback="DefaultVideo.png" background="true" diffuse="mask-rect.png">$VAR[Icon(-2)Poster]</texture>
					<colordiffuse>SecondaryCovers</colordiffuse>
					<aspectratio scalediffuse="false">stretch</aspectratio>
					<animation effect="rotatey" center="110" start="-60" end="-60" time="0" condition="true">Conditional</animation>
					<visible>[IntegerGreaterThan(Container(57).NumItems,4) + !System.GetBool(filelists.showparentdiritems)] | [IntegerGreaterThan(Container(57).NumItems,3) + System.GetBool(filelists.showparentdiritems)]</visible>
				</control>
				<control type="image">
					<left>950</left>
					<top>0</top>
					<width>286</width>
					<height>400</height>
					<texture fallback="DefaultVideo.png" background="true" diffuse="mask-rect.png">$VAR[Icon(3)Poster]</texture>
					<colordiffuse>SecondaryCovers</colordiffuse>
					<aspectratio scalediffuse="false">stretch</aspectratio>
					<animation effect="rotatey" center="1320" start="60" end="60" time="0" condition="true">Conditional</animation>
					<visible>[IntegerGreaterThan(Container(57).NumItems,5) + !System.GetBool(filelists.showparentdiritems)] | [IntegerGreaterThan(Container(57).NumItems,4) + System.GetBool(filelists.showparentdiritems)]</visible>
				</control>
				<control type="image">
					<left>862</left>
					<top>0</top>
					<width>286</width>
					<height>400</height>
					<texture fallback="DefaultVideo.png" background="true" diffuse="mask-rect.png">$VAR[Icon(2)Poster]</texture>
					<colordiffuse>SecondaryCovers</colordiffuse>
					<aspectratio scalediffuse="false">stretch</aspectratio>
					<animation effect="rotatey" center="1270" start="60" end="60" time="0" condition="true">Conditional</animation>
					<visible>[IntegerGreaterThan(Container(57).NumItems,3) + !System.GetBool(filelists.showparentdiritems)] | [IntegerGreaterThan(Container(57).NumItems,2) + System.GetBool(filelists.showparentdiritems)]</visible>
				</control>
				<control type="image">
					<left>774</left>
					<top>0</top>
					<width>286</width>
					<height>400</height>
					<texture fallback="DefaultVideo.png" background="true" diffuse="mask-rect.png">$VAR[Icon(1)Poster]</texture>
					<colordiffuse>SecondaryCovers</colordiffuse>
					<aspectratio scalediffuse="false">stretch</aspectratio>
					<animation effect="rotatey" center="1220" start="60" end="60" time="0" condition="true">Conditional</animation>
					<visible>[IntegerGreaterThan(Container(57).NumItems,1) + !System.GetBool(filelists.showparentdiritems)] | [IntegerGreaterThan(Container(57).NumItems,0) + System.GetBool(filelists.showparentdiritems)]</visible>
				</control>
				<control type="group">
					<visible>Container(57).OnNext</visible>
					<animation effect="slide" end="-60,0" time="200" reversible="false">Hidden</animation>
					<control type="image">
						<left>488</left>
						<top>0</top>
						<width>286</width>
						<height>400</height>
						<texture fallback="DefaultVideo.png" background="true" diffuse="mask-rect.png">$VAR[Icon(-1)Poster]</texture>
						<aspectratio scalediffuse="false">stretch</aspectratio>
						<visible>[IntegerGreaterThan(Container(57).NumItems,2) + !System.GetBool(filelists.showparentdiritems)] | [IntegerGreaterThan(Container(57).NumItems,1) + System.GetBool(filelists.showparentdiritems)]</visible>
						<animation effect="rotatey" center="220" start="0" end="-60" time="200" reversible="false">Hidden</animation>
					</control>
					<control type="image">
						<left>686</left>
						<top>0</top>
						<width>286</width>
						<height>400</height>
						<texture fallback="DefaultVideo.png" background="true" diffuse="mask-rect.png">$VAR[Icon(0)Poster]</texture>
						<colordiffuse>SecondaryCovers</colordiffuse>
						<aspectratio scalediffuse="false">stretch</aspectratio>
						<animation effect="rotatey" center="1170" start="0" end="-60" time="200" reversible="false">Hidden</animation>
						<animation effect="rotatey" center="1170" start="60" end="60" time="200" condition="true">Conditional</animation>
					</control>
				</control>
			</control>
			<control type="group" id="3012">
				<left>10</left>
				<top>150</top>
				<camera x="640" y="360" />
				<visible>Container(57).OnPrevious</visible>
				<animation effect="slide" end="50,0" time="200" reversible="false">Hidden</animation>
				<control type="image">
					<left>18</left>
					<top>0</top>
					<width>286</width>
					<height>400</height>
					<texture fallback="DefaultVideo.png" background="true" diffuse="mask-rect.png">$VAR[Icon(-3)Poster]</texture>
					<colordiffuse>SecondaryCovers</colordiffuse>
					<aspectratio scalediffuse="false">stretch</aspectratio>
					<animation effect="rotatey" center="-40" start="-60" end="-60" time="0" condition="true">Conditional</animation>
					<visible>[IntegerGreaterThan(Container(57).NumItems,6) + !System.GetBool(filelists.showparentdiritems)] | [IntegerGreaterThan(Container(57).NumItems,5) + System.GetBool(filelists.showparentdiritems)]</visible>
				</control>
				<control type="image">
					<left>106</left>
					<top>0</top>
					<width>286</width>
					<height>400</height>
					<texture fallback="DefaultVideo.png" background="true" diffuse="mask-rect.png">$VAR[Icon(-2)Poster]</texture>
					<colordiffuse>SecondaryCovers</colordiffuse>
					<aspectratio scalediffuse="false">stretch</aspectratio>
					<animation effect="rotatey" center="10" start="-60" end="-60" time="0" condition="true">Conditional</animation>
					<visible>[IntegerGreaterThan(Container(57).NumItems,4) + !System.GetBool(filelists.showparentdiritems)] | [IntegerGreaterThan(Container(57).NumItems,3) + System.GetBool(filelists.showparentdiritems)]</visible>
				</control>
				<control type="image">
					<left>194</left>
					<top>0</top>
					<width>286</width>
					<height>400</height>
					<texture fallback="DefaultVideo.png" background="true" diffuse="mask-rect.png">$VAR[Icon(-1)Poster]</texture>
					<colordiffuse>SecondaryCovers</colordiffuse>
					<aspectratio scalediffuse="false">stretch</aspectratio>
					<animation effect="rotatey" center="60" start="-60" end="-60" time="0" condition="true">Conditional</animation>
					<visible>[IntegerGreaterThan(Container(57).NumItems,2) + !System.GetBool(filelists.showparentdiritems)] | [IntegerGreaterThan(Container(57).NumItems,1) + System.GetBool(filelists.showparentdiritems)]</visible>
				</control>
				<control type="image">
					<left>950</left>
					<top>0</top>
					<width>286</width>
					<height>400</height>
					<texture fallback="DefaultVideo.png" background="true" diffuse="mask-rect.png">$VAR[Icon(5)Poster]</texture>
					<colordiffuse>SecondaryCovers</colordiffuse>
					<aspectratio scalediffuse="false">stretch</aspectratio>
					<animation effect="rotatey" center="1320" start="60" end="60" time="0" condition="true">Conditional</animation>
					<visible>[IntegerGreaterThan(Container(57).NumItems,9) + !System.GetBool(filelists.showparentdiritems)] | [IntegerGreaterThan(Container(57).NumItems,8) + System.GetBool(filelists.showparentdiritems)]</visible>
				</control>
				<control type="image">
					<left>862</left>
					<top>0</top>
					<width>286</width>
					<height>400</height>
					<texture fallback="DefaultVideo.png" background="true" diffuse="mask-rect.png">$VAR[Icon(4)Poster]</texture>
					<colordiffuse>SecondaryCovers</colordiffuse>
					<aspectratio scalediffuse="false">stretch</aspectratio>
					<animation effect="rotatey" center="1270" start="60" end="60" time="0" condition="true">Conditional</animation>
					<visible>[IntegerGreaterThan(Container(57).NumItems,7) + !System.GetBool(filelists.showparentdiritems)] | [IntegerGreaterThan(Container(57).NumItems,6) + System.GetBool(filelists.showparentdiritems)]</visible>
				</control>
				<control type="image">
					<left>774</left>
					<top>0</top>
					<width>286</width>
					<height>400</height>
					<texture fallback="DefaultVideo.png" background="true" diffuse="mask-rect.png">$VAR[Icon(3)Poster]</texture>
					<colordiffuse>SecondaryCovers</colordiffuse>
					<aspectratio scalediffuse="false">stretch</aspectratio>
					<animation effect="rotatey" center="1220" start="60" end="60" time="0" condition="true">Conditional</animation>
					<visible>[IntegerGreaterThan(Container(57).NumItems,5) + !System.GetBool(filelists.showparentdiritems)] | [IntegerGreaterThan(Container(57).NumItems,4) + System.GetBool(filelists.showparentdiritems)]</visible>
				</control>
				<control type="image">
					<left>686</left>
					<top>0</top>
					<width>286</width>
					<height>400</height>
					<aspectratio scalediffuse="false">stretch</aspectratio>
					<texture fallback="DefaultVideo.png" background="true" diffuse="mask-rect.png">$VAR[Icon(2)Poster]</texture>
					<colordiffuse>SecondaryCovers</colordiffuse>
					<animation effect="rotatey" center="1170" start="60" end="60" time="0" condition="true">Conditional</animation>
					<visible>[IntegerGreaterThan(Container(57).NumItems,3) + !System.GetBool(filelists.showparentdiritems)] | [IntegerGreaterThan(Container(57).NumItems,2) + System.GetBool(filelists.showparentdiritems)]</visible>
				</control>
				<control type="group">
					<visible>Container(57).OnPrevious</visible>
					<animation effect="slide" end="60,0" time="200" reversible="false">Hidden</animation>
					<control type="image">
						<left>488</left>
						<top>0</top>
						<width>286</width>
						<height>400</height>
						<texture fallback="DefaultVideo.png" background="true" diffuse="mask-rect.png">$VAR[Icon(1)Poster]</texture>
						<aspectratio scalediffuse="false">stretch</aspectratio>
						<visible>[IntegerGreaterThan(Container(57).NumItems,1) + !System.GetBool(filelists.showparentdiritems)] | [IntegerGreaterThan(Container(57).NumItems,0) + System.GetBool(filelists.showparentdiritems)]</visible>
						<animation effect="rotatey" center="500" start="0" end="60" time="200" reversible="false">Hidden</animation>
					</control>
					<control type="image">
						<left>282</left>
						<top>0</top>
						<width>286</width>
						<height>400</height>
						<texture fallback="DefaultVideo.png" background="true" diffuse="mask-rect.png">$VAR[Icon(0)Poster]</texture>
						<colordiffuse>SecondaryCovers</colordiffuse>
						<aspectratio scalediffuse="false">stretch</aspectratio>
						<animation effect="rotatey" center="110" start="0" end="60" time="200" reversible="false">Hidden</animation>
						<animation effect="rotatey" center="110" start="-60" end="-60" time="0" condition="true">Conditional</animation>
					</control>
				</control>
			</control>
			<control type="group" id="3010">
				<left>10</left>
				<top>150</top>
				<camera x="640" y="360" />
				<visible>Control.IsVisible(57) + !Control.IsVisible(3011) + !Control.IsVisible(3012)</visible>
				<control type="image">
					<left>18</left>
					<top>0</top>
					<width>286</width>
					<height>400</height>
					<texture fallback="DefaultVideo.png" background="true" diffuse="mask-rect.png">$VAR[Icon(-4)Poster]</texture>
					<colordiffuse>SecondaryCovers</colordiffuse>
					<aspectratio scalediffuse="false">stretch</aspectratio>
					<animation effect="rotatey" center="-40" start="-60" end="-60" time="0" condition="true">Conditional</animation>
					<visible>[IntegerGreaterThan(Container(57).NumItems,8) + !System.GetBool(filelists.showparentdiritems)] | [IntegerGreaterThan(Container(57).NumItems,7) + System.GetBool(filelists.showparentdiritems)]</visible>
				</control>
				<control type="image">
					<left>106</left>
					<top>0</top>
					<width>286</width>
					<height>400</height>
					<texture fallback="DefaultVideo.png" background="true" diffuse="mask-rect.png">$VAR[Icon(-3)Poster]</texture>
					<colordiffuse>SecondaryCovers</colordiffuse>
					<aspectratio scalediffuse="false">stretch</aspectratio>
					<animation effect="rotatey" center="10" start="-60" end="-60" time="0" condition="true">Conditional</animation>
					<visible>[IntegerGreaterThan(Container(57).NumItems,6) + !System.GetBool(filelists.showparentdiritems)] | [IntegerGreaterThan(Container(57).NumItems,5) + System.GetBool(filelists.showparentdiritems)]</visible>
				</control>
				<control type="image">
					<left>194</left>
					<top>0</top>
					<width>286</width>
					<height>400</height>
					<texture fallback="DefaultVideo.png" background="true" diffuse="mask-rect.png">$VAR[Icon(-2)Poster]</texture>
					<colordiffuse>SecondaryCovers</colordiffuse>
					<aspectratio scalediffuse="false">stretch</aspectratio>
					<animation effect="rotatey" center="60" start="-60" end="-60" time="0" condition="true">Conditional</animation>
					<visible>[IntegerGreaterThan(Container(57).NumItems,4) + !System.GetBool(filelists.showparentdiritems)] | [IntegerGreaterThan(Container(57).NumItems,3) + System.GetBool(filelists.showparentdiritems)]</visible>
				</control>
				<control type="image">
					<left>282</left>
					<top>0</top>
					<width>286</width>
					<height>400</height>
					<texture fallback="DefaultVideo.png" background="true" diffuse="mask-rect.png">$VAR[Icon(-1)Poster]</texture>
					<colordiffuse>SecondaryCovers</colordiffuse>
					<aspectratio scalediffuse="false">stretch</aspectratio>
					<animation effect="rotatey" center="110" start="-60" end="-60" time="0" condition="true">Conditional</animation>
					<visible>[IntegerGreaterThan(Container(57).NumItems,2) + !System.GetBool(filelists.showparentdiritems)] | [IntegerGreaterThan(Container(57).NumItems,1) + System.GetBool(filelists.showparentdiritems)]</visible>
				</control>
				<control type="image">
					<left>950</left>
					<top>0</top>
					<width>286</width>
					<height>400</height>
					<texture fallback="DefaultVideo.png" background="true" diffuse="mask-rect.png">$VAR[Icon(4)Poster]</texture>
					<colordiffuse>SecondaryCovers</colordiffuse>
					<aspectratio scalediffuse="false">stretch</aspectratio>
					<animation effect="rotatey" center="1320" start="60" end="60" time="0" condition="true">Conditional</animation>
					<visible>[IntegerGreaterThan(Container(57).NumItems,7) + !System.GetBool(filelists.showparentdiritems)] | [IntegerGreaterThan(Container(57).NumItems,6) + System.GetBool(filelists.showparentdiritems)]</visible>
				</control>
				<control type="image">
					<left>862</left>
					<top>0</top>
					<width>286</width>
					<height>400</height>
					<texture fallback="DefaultVideo.png" background="true" diffuse="mask-rect.png">$VAR[Icon(3)Poster]</texture>
					<colordiffuse>SecondaryCovers</colordiffuse>
					<aspectratio scalediffuse="false">stretch</aspectratio>
					<animation effect="rotatey" center="1270" start="60" end="60" time="0" condition="true">Conditional</animation>
					<visible>[IntegerGreaterThan(Container(57).NumItems,5) + !System.GetBool(filelists.showparentdiritems)] | [IntegerGreaterThan(Container(57).NumItems,4) + System.GetBool(filelists.showparentdiritems)]</visible>
				</control>
				<control type="image">
					<left>774</left>
					<top>0</top>
					<width>286</width>
					<height>400</height>
					<texture fallback="DefaultVideo.png" background="true" diffuse="mask-rect.png">$VAR[Icon(2)Poster]</texture>
					<colordiffuse>SecondaryCovers</colordiffuse>
					<aspectratio scalediffuse="false">stretch</aspectratio>
					<animation effect="rotatey" center="1220" start="60" end="60" time="0" condition="true">Conditional</animation>
					<visible>[IntegerGreaterThan(Container(57).NumItems,3) + !System.GetBool(filelists.showparentdiritems)] | [IntegerGreaterThan(Container(57).NumItems,2) + System.GetBool(filelists.showparentdiritems)]</visible>
				</control>
				<control type="image">
					<left>686</left>
					<top>0</top>
					<width>286</width>
					<height>400</height>
					<texture fallback="DefaultVideo.png" background="true" diffuse="mask-rect.png">$VAR[Icon(1)Poster]</texture>
					<colordiffuse>SecondaryCovers</colordiffuse>
					<aspectratio scalediffuse="false">stretch</aspectratio>
					<animation effect="rotatey" center="1170" start="60" end="60" time="0" condition="true">Conditional</animation>
					<visible>[IntegerGreaterThan(Container(57).NumItems,1) + !System.GetBool(filelists.showparentdiritems)] | [IntegerGreaterThan(Container(57).NumItems,0) + System.GetBool(filelists.showparentdiritems)]</visible>
				</control>
				<control type="image">
					<left>488</left>
					<top>0</top>
					<width>286</width>
					<height>400</height>
					<texture fallback="DefaultVideo.png" background="true" diffuse="mask-rect.png">$VAR[Icon(0)Poster]</texture>
					<aspectratio scalediffuse="false">stretch</aspectratio>
				</control>
			</control>
		</control>
		<control type="group">
			<visible>Control.IsVisible(57)</visible>
			<include>SortLetterNotification</include>
			<control type="image" id="7018"><!-- Show logo -->
				<left>523</left>
				<top>612</top>
				<width>234</width>
				<height>64</height>
				<texture>$VAR[VideoLogo]</texture>
				<align>center</align>
				<aligny>bottom</aligny>
				<aspectratio>keep</aspectratio>
				<animation effect="fade" delay="100" start="0" end="100" time="200">Visible</animation>
			</control>
			<control type="label"><!-- Title -->
				<left>220</left>
				<top>626</top>
				<width>840</width>
				<height>37</height>
				<font>font22</font>
				<align>center</align>
				<include condition="Skin.HasSetting(text-autoscroll)">scrolltext</include>
				<label>$INFO[ListItem.Label]</label>
				<textoffsetx>0</textoffsetx>
				<visible>!SubString(ListItem.Icon,DefaultFolderBack.png,Left) + IsEmpty(Control.GetLabel(7018))</visible>
			</control>
			<control type="label"><!-- Go Back -->
				<left>220</left>
				<top>626</top>
				<width>840</width>
				<height>37</height>
				<font>font22</font>
				<align>center</align>
				<include condition="Skin.HasSetting(text-autoscroll)">scrolltext</include>
				<label>$LOCALIZE[31688]</label>
				<textoffsetx>0</textoffsetx>
				<visible>SubString(ListItem.Icon,DefaultFolderBack.png,Left)</visible>
			</control>
			<control type="group">
				<visible>!IsEmpty(ListItem.Title)</visible>
				<control type="image"><!-- MPAA Rating -->
					<left>17</left>
					<top>618</top>
					<width>212</width>
					<height>62</height>
					<aligny>bottom</aligny>
					<texture>$VAR[VideoRating]</texture>
					<aspectratio>keep</aspectratio>
				</control>
				<control type="image"><!-- Star Rating -->
					<left>540</left>
					<top>681</top>
					<width>200</width>
					<height>25</height>
					<texture>$VAR[MediaRatingCentered]</texture>
					<align>center</align>
					<colordiffuse>StarDiffuse</colordiffuse>
					<aspectratio>keep</aspectratio>
					<visible>!IsEmpty(ListItem.StarRating)</visible>
				</control>
				<control type="label"><!-- Duration -->
					<left>1000</left>
					<top>634</top>
					<width>260</width>
					<height>31</height>
					<align>right</align>
					<font>font18</font>
					<label>$VAR[VideoDuration]</label>
					<visible>!IsEmpty(ListItem.Duration) + !Container.Content(tvshows) + !Container.Content(seasons)</visible>
				</control>
				<control type="image">
					<left>1230</left>
					<top>672</top>
					<width>32</width>
					<height>32</height>
					<colordiffuse>DropShadow</colordiffuse>
					<texture>$VAR[ListItemFlags]</texture>
				</control>
				<control type="image">
					<left>1228</left>
					<top>670</top>
					<width>32</width>
					<height>32</height>
					<texture>$VAR[ListItemFlags]</texture>
				</control>
			</control>
			<control type="panel" id="1267">
				<visible>Control.IsVisible(57) + Skin.HasSetting(show-letterbar)</visible>
				<left>68</left>
				<top>564</top>
				<width>1232</width>
				<height>22</height>
				<onup>57</onup>
				<ondown condition="!StringCompare(Skin.String(show-scrollbar),$LOCALIZE[31877])">1257</ondown>
				<ondown condition="StringCompare(Skin.String(show-scrollbar),$LOCALIZE[31877])">noop</ondown>
				<orientation>horizontal</orientation>
				<itemlayout height="22" width="44">
					<control type="label">
						<height>20</height>
						<label>$INFO[ListItem.Label]</label>
						<font>font10</font>
						<textcolor>disabled-text</textcolor>
						<align>center</align>
						<animation effect="fade" start="100" end="20" time="0" condition="!IsEmpty(ListItem.Property(NotAvailable))">Conditional</animation>
					</control>
					<control type="label">
						<height>20</height>
						<label>$INFO[ListItem.Label]</label>
						<font>font10</font>
						<textcolor>listselected-text</textcolor>
						<align>center</align>
						<visible>StringCompare(ListItem.Label,Container.ListItem.SortLetter)</visible>
					</control>
				</itemlayout>
				<focusedlayout height="22" width="44">
					<control type="label">
						<height>20</height>
						<label>$INFO[ListItem.Label]</label>
						<font>font10</font>
						<align>center</align>
						<animation effect="zoom" start="100" end="130" center="auto" time="0">focus</animation>
						<animation effect="fade" start="100" end="20" time="0" condition="!IsEmpty(ListItem.Property(NotAvailable))">Conditional</animation>
					</control>
				</focusedlayout>
				<content>plugin://script.skin.helper.service/?action=alphabet&amp;reload=$INFO[Container.NumItems]</content>
			</control>
			<control type="scrollbar" id="1257">
				<left>28</left>
				<top>582</top>
				<width>1220</width>
				<height>16</height>
				<orientation>horizontal</orientation>
				<onup condition="Skin.HasSetting(show-letterbar)">1267</onup>
				<onup condition="!Skin.HasSetting(show-letterbar)">57</onup>
				<animation condition="!Control.HasFocus(1257) + !Container.Scrolling + !StringCompare(Skin.String(show-scrollbar),$LOCALIZE[31875])" effect="fade" start="100" end="0" time="200" reversible="true">Conditional</animation>
				<animation condition="Skin.HasSetting(show-letterbar)" effect="slide" end="0,10" reversible="true">Conditional</animation>
				<visible>!StringCompare(Skin.String(show-scrollbar),$LOCALIZE[31877]) + Control.IsVisible(57)</visible>
			</control>
		</control>
	</include>
	<include name="VideoWallView">
		<control type="panel" id="58">
			<left>535</left>
			<top>120</top>
			<width>660</width>
			<height>561</height>
			<onleft condition="Skin.HasSetting(lock-screensettings)">noop</onleft>
			<onleft condition="!Skin.HasSetting(lock-screensettings)">9000</onleft>
			<onright>$VAR[ListScrollNav]</onright>
			<onup>58</onup>
			<ondown>58</ondown>
			<viewtype label="31944">wall</viewtype>
			<pagecontrol>1258</pagecontrol>
			<preloaditems>4</preloaditems>
			<animation type="TYPE" condition="Skin.HasSetting(tiltvideowallicon)" reversible="false">
				<effect type="rotatey" start="-15" end="-15" time="0"/>
				<effect type="slide" end="70,0" time="0"/>
				<effect type="zoom" start="100" end="120" center="auto" time="0" tween="back" easing="out"/>
			</animation>
			<itemlayout height="187" width="132">
				<control type="group">
					<visible>Container.Content(movies) | Container.Content(tvshows) | Container.Content(episodes)| Container.Content(musicvideos)</visible>
					<control type="image">
						<left>1</left>
						<top>1</top>
						<width>131</width>
						<height>186</height>
						<aspectratio>stretch</aspectratio>
						<texture colordiffuse="UnFocusedPosters" background="true">$VAR[IconPoster]</texture>
						<visible>IsEmpty(ListItem.Art(thumb))</visible>
					</control>
					<control type="image">
						<left>1</left>
						<top>1</top>
						<width>131</width>
						<height>186</height>
						<aspectratio>stretch</aspectratio>
						<texture colordiffuse="UnFocusedPosters" fallback="DefaultVideo.png" diffuse="mask-rect.png" background="true">$VAR[IconPoster]</texture>
						<visible>!IsEmpty(ListItem.Art(thumb))</visible>
					</control>
					<control type="image"><!-- Watched Overlay -->
						<left>104</left>
						<top>-2</top>
						<width>32</width>
						<height>32</height>
						<texture>$VAR[Overlay]</texture>
					</control>
					<control type="image"><!-- Extras Overlay -->
						<left>12</left>
						<top>6</top>
						<width>16</width>
						<height>16</height>
						<texture>$VAR[ExtrasOverlay]</texture>
						<visible>System.HasAddon(script.videoextras)</visible>
					</control>
				</control>
				<control type="group">
					<visible>!Container.Content(movies) + !Container.Content(tvshows) + !Container.Content(episodes) + !Container.Content(musicvideos)</visible>
					<control type="image">
						<left>1</left>
						<top>27</top>
						<width>131</width>
						<height>131</height>
						<aspectratio>keep</aspectratio>
						<texture colordiffuse="UnFocusedPosters" background="true">$VAR[IconPoster]</texture>
						<visible>IsEmpty(ListItem.Art(thumb))</visible>
					</control>
					<control type="image">
						<left>1</left>
						<top>27</top>
						<width>131</width>
						<height>131</height>
						<aspectratio>keep</aspectratio>
						<texture colordiffuse="UnFocusedPosters" fallback="DefaultVideo.png" diffuse="mask-rect.png" background="true">$VAR[IconPoster]</texture>
						<visible>!IsEmpty(ListItem.Art(thumb))</visible>
					</control>
				</control>
			</itemlayout>
			<focusedlayout height="187" width="132">
				<control type="group">
					<visible>Container.Content(movies) | Container.Content(tvshows) | Container.Content(episodes)| Container.Content(musicvideos)</visible>
					<animation effect="zoom" start="90" end="114" center="auto" time="200" tween="back" easing="out" reversible="false">focus</animation>
					<control type="image">
						<left>1</left>
						<top>1</top>
						<width>131</width>
						<height>186</height>
						<aspectratio>stretch</aspectratio>
						<texture background="true">$VAR[IconPoster]</texture>
						<visible>IsEmpty(ListItem.Art(thumb))</visible>
					</control>
					<control type="image">
						<left>1</left>
						<top>1</top>
						<width>131</width>
						<height>186</height>
						<aspectratio scalediffuse="false">stretch</aspectratio>
						<texture fallback="DefaultVideo.png" diffuse="mask-rect.png" background="true">$VAR[IconPoster]</texture>
						<bordertexture border="8">mask-hilite.png</bordertexture>
						<bordersize>8</bordersize>
						<visible>!IsEmpty(ListItem.Art(thumb))</visible>
					</control>
					<control type="image"><!-- Watched Overlay -->
						<left>98</left>
						<top>5</top>
						<width>32</width>
						<height>32</height>
						<texture>$VAR[Overlay]</texture>
					</control>
					<control type="image"><!-- Extras Overlay -->
						<left>5</left>
						<top>12</top>
						<width>16</width>
						<height>16</height>
						<texture>$VAR[ExtrasOverlay]</texture>
						<visible>System.HasAddon(script.videoextras)</visible>
					</control>
				</control>
				<control type="group">
					<visible>!Container.Content(movies) + !Container.Content(tvshows) + !Container.Content(episodes) + !Container.Content(musicvideos)</visible>
					<animation effect="zoom" start="90" end="130" center="auto" time="400" tween="back" easing="out" reversible="false">focus</animation>
					<control type="image">
						<left>1</left>
						<top>27</top>
						<width>131</width>
						<height>131</height>
						<aspectratio>keep</aspectratio>
						<texture background="true">$VAR[IconPoster]</texture>
					</control>
				</control>
			</focusedlayout>
		</control>
		<control type="group">
			<visible>Control.IsVisible(58)</visible>
			<control type="image" id="7116"><!-- Show logo -->
				<left>17</left>
				<top>112</top>
				<width>354</width>
				<height>97</height>
				<texture>$VAR[VideoLogo]</texture>
				<aspectratio align="left" aligny="bottom">keep</aspectratio>
				<animation effect="fade" delay="200" start="0" end="100" time="200">Visible</animation>
			</control>
			<control type="label"><!-- Title -->
				<left>17</left>
				<top>112</top>
				<width>500</width>
				<height>74</height>
				<font>font20</font>
				<include condition="Skin.HasSetting(text-autoscroll)">scrolltext</include>
				<label>$INFO[ListItem.Label]</label>
				<wrapmultiline>true</wrapmultiline>
				<textoffsetx>0</textoffsetx>
				<visible>IsEmpty(Control.GetLabel(7116)) + !SubString(ListItem.Icon,DefaultFolderBack.png,Left)</visible>
			</control>
			<control type="label"><!-- Go Back -->
				<left>17</left>
				<top>300</top>
				<width>500</width>
				<height>38</height>
				<font>font22</font>
				<align>center</align>
				<include condition="Skin.HasSetting(text-autoscroll)">scrolltext</include>
				<label>$LOCALIZE[31688]</label>
				<textoffsetx>0</textoffsetx>
				<visible>SubString(ListItem.Icon,DefaultFolderBack.png,Left)</visible>
			</control>
			<control type="group">
				<visible>!IsEmpty(ListItem.Title)</visible>
				<control type="label"><!-- Genre -->
					<left>17</left>
					<top>212</top>
					<width>500</width>
					<height>37</height>
					<font>font11</font>
					<include condition="Skin.HasSetting(text-autoscroll)">scrolltext</include>
					<label>$INFO[ListItem.Genre]</label>
					<textoffsetx>0</textoffsetx>
					<visible>!IsEmpty(ListItem.Genre)</visible>
				</control>
				<control type="label"><!-- Watched TV episodes -->
					<left>17</left>
					<top>246</top>
					<width>354</width>
					<height>31</height>
					<font>font12</font>
					<label>$LOCALIZE[20360]: $INFO[ListItem.Property(NumEpisodes)]</label>
					<visible>Container.Content(tvshows) + !IsEmpty(ListItem.Property(NumEpisodes))</visible>
				</control>
				<control type="label"><!-- Duration -->
					<left>17</left>
					<top>250</top>
					<width>200</width>
					<height>25</height>
					<font>font12</font>
					<label>$VAR[VideoDuration]</label>
					<visible>!IsEmpty(ListItem.Duration) + !Container.Content(tvshows) + !Container.Content(seasons)</visible>
				</control>
				<control type="image"><!-- MPAA Rating -->
					<left>17</left>
					<top>280</top>
					<width>212</width>
					<height>62</height>
					<aligny>bottom</aligny>
					<texture>$VAR[VideoRating]</texture>
					<aspectratio>keep</aspectratio>
				</control>
				<control type="image">
					<left>242</left>
					<top>292</top>
					<width>32</width>
					<height>32</height>
					<colordiffuse>DropShadow</colordiffuse>
					<texture>$VAR[ListItemFlags]</texture>
				</control>
				<control type="image">
					<left>240</left>
					<top>290</top>
					<width>32</width>
					<height>32</height>
					<texture>$VAR[ListItemFlags]</texture>
				</control>
				<control type="image"><!-- Star Rating -->
					<left>360</left>
					<top>294</top>
					<width>177</width>
					<height>22</height>
					<texture>$VAR[MediaRating]</texture>
					<align>right</align>
					<colordiffuse>StarDiffuse</colordiffuse>
					<aspectratio>keep</aspectratio>
					<visible>!IsEmpty(ListItem.StarRating)</visible>
				</control>
				<control type="textbox"><!-- Plot Outline -->
					<left>17</left>
					<top>350</top>
					<width>490</width>
					<height>316</height>
					<font>font12</font>
					<label>$INFO[ListItem.PlotOutline]</label>
					<visible>!IsEmpty(ListItem.PlotOutline)</visible>
				</control>
				<control type="textbox"><!-- Plot (Show if no outline available)-->
					<left>17</left>
					<top>350</top>
					<width>490</width>
					<height>316</height>
					<font>font12</font>
					<label>$INFO[ListItem.Plot]</label>
					<visible>IsEmpty(ListItem.PlotOutline) + !IsEmpty(ListItem.Plot)</visible>
				</control>
			</control>
			<include>SortLetterNotification</include>
			<control type="panel" id="1268">
				<visible>Control.IsVisible(58) + Skin.HasSetting(show-letterbar)</visible>
				<left>1225</left>
				<top>110</top>
				<width>20</width>
				<height>594</height>
				<onleft>58</onleft>
				<onright condition="!StringCompare(Skin.String(show-scrollbar),$LOCALIZE[31877])">1258</onright>
				<onright condition="StringCompare(Skin.String(show-scrollbar),$LOCALIZE[31877])">noop</onright>
				<orientation>vertical</orientation>
				<itemlayout height="22" width="20">
					<control type="label">
						<height>20</height>
						<label>$INFO[ListItem.Label]</label>
						<font>font10</font>
						<textcolor>disabled-text</textcolor>
						<animation effect="fade" start="100" end="20" time="0" condition="!IsEmpty(ListItem.Property(NotAvailable))">Conditional</animation>
					</control>
					<control type="label">
						<height>20</height>
						<label>$INFO[ListItem.Label]</label>
						<font>font10</font>
						<textcolor>listselected-text</textcolor>
						<visible>StringCompare(ListItem.Label,Container.ListItem.SortLetter)</visible>
					</control>
				</itemlayout>
				<focusedlayout height="22" width="20">
					<control type="label">
						<height>20</height>
						<label>$INFO[ListItem.Label]</label>
						<font>font10</font>
						<animation effect="zoom" start="100" end="130" center="auto" time="0">focus</animation>
						<animation effect="fade" start="100" end="20" time="0" condition="!IsEmpty(ListItem.Property(NotAvailable))">Conditional</animation>
					</control>
				</focusedlayout>
				<content>plugin://script.skin.helper.service/?action=alphabet&amp;reload=$INFO[Container.NumItems]</content>
			</control>
			<control type="scrollbar" id="1258">
				<left>1246</left>
				<top>110</top>
				<width>16</width>
				<height>576</height>
				<onleft condition="Skin.HasSetting(show-letterbar)">1268</onleft>
				<onleft condition="!Skin.HasSetting(show-letterbar)">58</onleft>
				<animation condition="!Control.HasFocus(1258) + !Container.Scrolling + !StringCompare(Skin.String(show-scrollbar),$LOCALIZE[31875])" effect="fade" start="100" end="0" time="200" reversible="true">Conditional</animation>
				<animation condition="Skin.HasSetting(show-letterbar)" effect="slide" end="10,0" reversible="true">Conditional</animation>
				<visible>!StringCompare(Skin.String(show-scrollbar),$LOCALIZE[31877]) + Control.IsVisible(58)</visible>
			</control>
		</control>
	</include>
</includes>