<?xml version="1.0" encoding="UTF-8" standalone="yes"?>
<addon id="plugin.video.LocalNews" name="Local News" version="1.1.7" provider-name="Rozeb Momin">
  <requires>
   <import addon="xbmc.python" version="2.1.0"/>
  </requires>
  <extension point="xbmc.python.pluginsource" library="main.py">
        <provides>video</provides>
  </extension>
  <extension point="xbmc.addon.metadata">
    <summary lang="en">Local News Live</summary>
    <description lang="en">Local News Live</description>
    <platform>all</platform>
    <language>en</language>
    <email>...</email>
  </extension>
</addon>
