﻿<?xml version="1.0" encoding="UTF-8" standalone="yes"?>
<addon id="plugin.video.JaffariCenterATL"
	name="Jaffari Center of Atlanta"
	version="1.0.1"
	provider-name="Rozeb Momin">
  <requires>
    <import addon="xbmc.python" version="2.1.0"/>
    <import addon="script.module.addon.common" version="2.0.0"/>
    <import addon="plugin.video.youtube" version="5.0.0"/>
  </requires>
  <extension point="xbmc.python.pluginsource" library="default.py">
    <provides>video</provides>
  </extension>
  <extension point="xbmc.addon.metadata">
    <summary lang="en">Jaffari Center of Atlanta</summary>
    <description lang="en">Youtube videos from Jaffari Center of Atlanta</description>
    <platform>all</platform>
    <website>http://www.jaffari.com/</website>
  </extension>
</addon>
