<?xml version="1.0" encoding="UTF-8"?>
<window>
	<defaultcontrol always="true">3020</defaultcontrol>
	<controls>
		<include>background</include>
		<!--Header-->
		<control type="label">
			<left>780</left>
			<top>25</top>
			<width>auto</width>
			<height>60</height>
			<aligny>top</aligny>
			<label>$LOCALIZE[19140]</label>
			<align>left</align>
			<font>font18</font>
			<wrapmultiline>true</wrapmultiline>
			<aligny>top</aligny>
		</control>
		<!-- search panel with keyboard -->
		<control type="group">
			<left>30</left>
			<top>45</top>
			<control type="label">
				<left>0</left>
				<top>30</top>
				<width>384</width>
				<height>32</height>
				<label>$LOCALIZE[16017]: </label>
				<font>font12</font>
			</control>
			<!-- edit label -->
			<control type="button" id="3010"><!-- Hide edit button, display fake edit button to stop on system on screen keyboard from displaying -->
				<left>-500</left>
				<top>100</top>
				<width>384</width>
				<height>40</height>
				<texturenofocus border="6">background-keyboard-text.png</texturenofocus>
				<texturefocus border="6">background-keyboard-text.png</texturefocus>
				<font>font12</font>
			</control>
			<control type="image">
				<left>0</left>
				<top>100</top>
				<width>384</width>
				<height>40</height>
				<texture border="6">background-keyboard-text.png</texture>
			</control>
			<control type="label">
				<left>15</left>
				<top>98</top>
				<width>354</width>
				<height>40</height>
				<label>$INFO[Control.GetLabel(3010)]</label>
				<font>font12</font>
				<textcolor>keyboard-focus-text</textcolor>
				<shadowcolor>keyboard-shadow-text</shadowcolor>
			</control>
			<control type="grouplist">
				<orientation>vertical</orientation>
				<left>0</left>
				<top>195</top>
				<onleft>noop</onleft>
				<onback>Close</onback>
				<itemgap>0</itemgap>
				<!-- First Row -->
				<control type="grouplist">
					<width>384</width>
					<height>64</height>
					<onright>2900</onright>
					<onleft>noop</onleft>
					<onback>Close</onback>
					<itemgap>0</itemgap>
					<orientation>horizontal</orientation>
					<control type="button" id="3020">
						<include>keyboard-key-common</include>
						<label>A</label>
						<onright>3021</onright>
						<onup>3010</onup>
						<ondown>3026</ondown>
					</control>
					<control type="button" id="3021">
						<include>keyboard-key-common</include>
						<label>B</label>
						<onleft>3020</onleft>
						<onright>3022</onright>
						<onup>3010</onup>
						<ondown>3027</ondown>
					</control>
					<control type="button" id="3022">
						<include>keyboard-key-common</include>
						<label>C</label>
						<onleft>3021</onleft>
						<onright>3023</onright>
						<onup>3010</onup>
						<ondown>3028</ondown>
					</control>
					<control type="button" id="3023">
						<include>keyboard-key-common</include>
						<label>D</label>
						<onleft>3022</onleft>
						<onright>3024</onright>
						<onup>3010</onup>
						<ondown>3029</ondown>
					</control>
					<control type="button" id="3024">
						<include>keyboard-key-common</include>
						<label>E</label>
						<onleft>3023</onleft>
						<onright>3025</onright>
						<onup>3010</onup>
						<ondown>3030</ondown>
					</control>
					<control type="button" id="3025">
						<include>keyboard-key-common</include>
						<label>F</label>
						<onleft>3024</onleft>
						<onright>2900</onright>
						<onup>3010</onup>
						<ondown>3031</ondown>
					</control>
				</control>
				<!-- Second Row -->
				<control type="grouplist">
					<height>64</height>
					<width>384</width>
					<onleft>noop</onleft>
					<onright>2900</onright>
					<itemgap>0</itemgap>
					<orientation>horizontal</orientation>
					<control type="button" id="3026">
						<include>keyboard-key-common</include>
						<label>G</label>
						<onright>3027</onright>
						<onup>3020</onup>
						<ondown>3032</ondown>
					</control>
					<control type="button" id="3027">
						<include>keyboard-key-common</include>
						<label>H</label>
						<onleft>3026</onleft>
						<onright>3028</onright>
						<onup>3021</onup>
						<ondown>3033</ondown>
					</control>
					<control type="button" id="3028">
						<include>keyboard-key-common</include>
						<label>I</label>
						<onleft>3027</onleft>
						<onright>3029</onright>
						<onup>3022</onup>
						<ondown>3034</ondown>
					</control>
					<control type="button" id="3029">
						<include>keyboard-key-common</include>
						<label>J</label>
						<onleft>3028</onleft>
						<onright>3030</onright>
						<onup>3023</onup>
						<ondown>3035</ondown>
					</control>
					<control type="button" id="3030">
						<include>keyboard-key-common</include>
						<label>K</label>
						<onleft>3029</onleft>
						<onright>3031</onright>
						<onup>3024</onup>
						<ondown>3036</ondown>
					</control>
					<control type="button" id="3031">
						<include>keyboard-key-common</include>
						<label>L</label>
						<onleft>3030</onleft>
						<onright>2900</onright>
						<onup>3025</onup>
						<ondown>3037</ondown>
					</control>
				</control>
				<!-- Third Row -->
				<control type="grouplist">
					<width>384</width>
					<onleft>noop</onleft>
					<onright>2900</onright>
					<itemgap>0</itemgap>
					<height>64</height>
					<orientation>horizontal</orientation>
					<control type="button" id="3032">
						<include>keyboard-key-common</include>
						<label>M</label>
						<onright>3033</onright>
						<onup>3026</onup>
						<ondown>3038</ondown>
					</control>
					<control type="button" id="3033">
						<include>keyboard-key-common</include>
						<label>N</label>
						<onleft>3032</onleft>
						<onright>3034</onright>
						<onup>3027</onup>
						<ondown>3039</ondown>
					</control>
					<control type="button" id="3034">
						<include>keyboard-key-common</include>
						<label>O</label>
						<onleft>3033</onleft>
						<onright>3035</onright>
						<onup>3028</onup>
						<ondown>3040</ondown>
					</control>
					<control type="button" id="3035">
						<include>keyboard-key-common</include>
						<label>P</label>
						<onleft>3034</onleft>
						<onright>3036</onright>
						<onup>3029</onup>
						<ondown>3041</ondown>
					</control>
					<control type="button" id="3036">
						<include>keyboard-key-common</include>
						<label>Q</label>
						<onleft>3035</onleft>
						<onright>3037</onright>
						<onup>3030</onup>
						<ondown>3042</ondown>
					</control>
					<control type="button" id="3037">
						<include>keyboard-key-common</include>
						<label>R</label>
						<onleft>3036</onleft>
						<onright>2900</onright>
						<onup>3031</onup>
						<ondown>3043</ondown>
					</control>
				</control>
				<!-- Forth Row -->
				<control type="grouplist">
					<width>384</width>
					<height>64</height>
					<onleft>noop</onleft>
					<onright>2900</onright>
					<itemgap>0</itemgap>
					<orientation>horizontal</orientation>
					<control type="button" id="3038">
						<include>keyboard-key-common</include>
						<label>S</label>
						<onright>3039</onright>
						<onup>3032</onup>
						<ondown>3044</ondown>
					</control>
					<control type="button" id="3039">
						<include>keyboard-key-common</include>
						<label>T</label>
						<onleft>3038</onleft>
						<onright>3040</onright>
						<onup>3033</onup>
						<ondown>3045</ondown>
					</control>
					<control type="button" id="3040">
						<include>keyboard-key-common</include>
						<label>U</label>
						<onleft>3039</onleft>
						<onright>3041</onright>
						<onup>3034</onup>
						<ondown>3046</ondown>
					</control>
					<control type="button" id="3041">
						<include>keyboard-key-common</include>
						<label>V</label>
						<onleft>3040</onleft>
						<onright>3042</onright>
						<onup>3035</onup>
						<ondown>3047</ondown>
					</control>
					<control type="button" id="3042">
						<include>keyboard-key-common</include>
						<label>W</label>
						<onleft>3041</onleft>
						<onright>3043</onright>
						<onup>3036</onup>
						<ondown>3048</ondown>
					</control>
					<control type="button" id="3043">
						<include>keyboard-key-common</include>
						<label>X</label>
						<onleft>3042</onleft>
						<onright>2900</onright>
						<onup>3037</onup>
						<ondown>3049</ondown>
					</control>
				</control>
				<!-- Fifth Row -->
				<control type="grouplist">
					<width>384</width>
					<height>64</height>
					<onleft>noop</onleft>
					<onright>2900</onright>
					<itemgap>0</itemgap>
					<orientation>horizontal</orientation>
					<control type="button" id="3044">
						<include>keyboard-key-common</include>
						<label>Y</label>
						<onright>3045</onright>
						<onup>3038</onup>
						<ondown>3050</ondown>
					</control>
					<control type="button" id="3045">
						<include>keyboard-key-common</include>
						<label>Z</label>
						<onleft>3044</onleft>
						<onright>3046</onright>
						<onup>3039</onup>
						<ondown>3051</ondown>
					</control>
					<control type="button" id="3046">
						<include>keyboard-key-common</include>
						<label>$NUMBER[0]</label>
						<onleft>3045</onleft>
						<onright>3047</onright>
						<onup>3040</onup>
						<ondown>3052</ondown>
					</control>
					<control type="button" id="3047">
						<include>keyboard-key-common</include>
						<label>$NUMBER[1]</label>
						<onleft>3046</onleft>
						<onright>3048</onright>
						<onup>3041</onup>
						<ondown>3053</ondown>
					</control>
					<control type="button" id="3048">
						<include>keyboard-key-common</include>
						<label>$NUMBER[2]</label>
						<onleft>3047</onleft>
						<onright>3049</onright>
						<onup>3042</onup>
						<ondown>3054</ondown>
					</control>
					<control type="button" id="3049">
						<include>keyboard-key-common</include>
						<label>$NUMBER[3]</label>
						<onleft>3048</onleft>
						<onright>2900</onright>
						<onup>3043</onup>
						<ondown>3055</ondown>
					</control>
				</control>
				<!-- sixth Row -->
				<control type="grouplist">
					<width>384</width>
					<height>64</height>
					<onleft>noop</onleft>
					<onright>2900</onright>
					<itemgap>0</itemgap>
					<orientation>horizontal</orientation>
					<control type="button" id="3050">
						<include>keyboard-key-common</include>
						<label>$NUMBER[4]</label>
						<onright>3051</onright>
						<onup>3044</onup>
						<ondown>3056</ondown>
					</control>
					<control type="button" id="3051">
						<include>keyboard-key-common</include>
						<label>$NUMBER[5]</label>
						<onleft>3050</onleft>
						<onright>3052</onright>
						<onup>3045</onup>
						<ondown>3056</ondown>
					</control>
					<control type="button" id="3052">
						<include>keyboard-key-common</include>
						<label>$NUMBER[6]</label>
						<onleft>3051</onleft>
						<onright>3053</onright>
						<onup>3046</onup>
						<ondown>3057</ondown>
					</control>
					<control type="button" id="3053">
						<include>keyboard-key-common</include>
						<label>$NUMBER[7]</label>
						<onleft>3052</onleft>
						<onright>3054</onright>
						<onup>3047</onup>
						<ondown>3057</ondown>
					</control>
					<control type="button" id="3054">
						<include>keyboard-key-common</include>
						<label>$NUMBER[8]</label>
						<onleft>3053</onleft>
						<onright>3055</onright>
						<onup>3048</onup>
						<ondown>3058</ondown>
					</control>
					<control type="button" id="3055">
						<include>keyboard-key-common</include>
						<label>$NUMBER[9]</label>
						<onleft>3054</onleft>
						<onright>2900</onright>
						<onup>3049</onup>
						<ondown>3058</ondown>
					</control>
				</control>
				<!-- Seventh Row -->
				<control type="grouplist">
					<width>384</width>
					<height>64</height>
					<itemgap>0</itemgap>
					<onleft>noop</onleft>
					<onright>2900</onright>
					<orientation>horizontal</orientation>
					<control type="button" id="3056"><!-- BACKSPACE button -->
						<width>128</width>
						<height>64</height>
						<texturenofocus border="6">key-backspace-nofocus.png</texturenofocus>
						<texturefocus border="6">key-backspace-focus.png</texturefocus>
						<onright>3057</onright>
						<onup>3050</onup>
						<ondown>noop</ondown>
					</control>
					<control type="button" id="3057"><!-- SPACE button -->
						<width>128</width>
						<height>64</height>
						<texturenofocus border="6">key-special-nofocus.png</texturenofocus>
						<texturefocus border="6">key-special-focus.png</texturefocus>
						<label>$LOCALIZE[20182]</label>
						<font>font11</font>
						<textcolor>keyboard-special-unfocus-text</textcolor>
						<focusedcolor>keyboard-special-focus-text</focusedcolor>
						<shadowcolor></shadowcolor>
						<align>center</align>
						<aligny>center</aligny>
						<onleft>3056</onleft>
						<onright>3058</onright>
						<onup>3052</onup>
						<ondown>noop</ondown>
					</control>
					<control type="button" id="3058"><!-- CLEAR button -->
						<width>128</width>
						<height>64</height>
						<texturenofocus border="6">key-special-nofocus.png</texturenofocus>
						<texturefocus border="6">key-special-focus.png</texturefocus>
						<label>$LOCALIZE[192]</label>
						<font>font11</font>
						<textcolor>keyboard-special-unfocus-text</textcolor>
						<focusedcolor>keyboard-special-focus-text</focusedcolor>
						<shadowcolor></shadowcolor>
						<align>center</align>
						<aligny>center</aligny>
						<onleft>3057</onleft>
						<onright>2900</onright>
						<onup>3054</onup>
						<ondown>noop</ondown>
					</control>
				</control>
			</control>
		</control>
		<!-- Movie Results -->
		<control type="group" id="2900">
			<top>50</top>
			<left>460</left>
			<control type="label">
				<left>0</left>
				<top>30</top>
				<height>13</height>
				<width>127</width>
				<label>342</label>
				<font>font13</font>
				<angle>-90</angle>
			</control>
			<control type="image">
				<left>24</left>
				<top>104</top>
				<height>16</height>
				<width>16</width>
				<texture>scroll-left.png</texture>
				<visible>Container(3110).HasPrevious</visible>
			</control>
			<control type="image">
				<left>784</left>
				<top>104</top>
				<height>16</height>
				<width>16</width>
				<texture>scroll-right.png</texture>
				<visible>Container(3110).HasNext</visible>
			</control>
			<control type="panel" id="3110">
				<left>40</left>
				<top>35</top>
				<width>744</width>
				<height>210</height>
				<onleft>3025</onleft>
				<onright>noop</onright>
				<onup>noop</onup>
				<ondown>3111</ondown>
				<pagecontrol>noop</pagecontrol>
				<scrolltime>200</scrolltime>
				<orientation>horizontal</orientation>
				<!-- itemlayout movies -->
				<itemlayout height="210" width="186">
					<control type="group">
						<control type="image">
							<top>8</top>
							<left>46</left>
							<width>100</width>
							<height>147</height>
							<texture fallback="DefaultVideo.png" diffuse="mask-rect.png" background="true">$INFO[ListItem.Art(poster)]</texture>
							<aspectratio scalediffuse="true" aligny="bottom" align="center">stretch</aspectratio>
						</control>
					</control>
				</itemlayout>
				<!-- focussed layout movies -->
				<focusedlayout height="210" width="186">
					<control type="group">
						<control type="image">
							<top>0</top>
							<left>38</left>
							<width>116</width>
							<height>164</height>
							<texture fallback="DefaultVideo.png" diffuse="mask-rect.png" background="true">$INFO[ListItem.Art(poster)]</texture>
							<aspectratio scalediffuse="true" aligny="bottom" align="center">stretch</aspectratio>
							<bordertexture border="8">mask-hilite.png</bordertexture>
							<bordersize>8</bordersize>
						</control>
					</control>
				</focusedlayout>
			</control>
			<!-- Series -->
			<control type="label">
				<left>0</left>
				<top>230</top>
				<height>13</height>
				<width>127</width>
				<label>20343</label>
				<font>font13</font>
				<angle>-90</angle>
			</control>
			<control type="image">
				<left>24</left>
				<top>304</top>
				<height>16</height>
				<width>16</width>
				<texture>scroll-left.png</texture>
				<visible>Container(3111).HasPrevious</visible>
			</control>
			<control type="image">
				<left>784</left>
				<top>304</top>
				<height>16</height>
				<width>16</width>
				<texture>scroll-right.png</texture>
				<visible>Container(3111).HasNext</visible>
			</control>
			<control type="panel" id="3111">
				<left>40</left>
				<top>235</top>
				<width>744</width>
				<height>200</height>
				<onleft>3025</onleft>
				<onright>noop</onright>
				<onup>3110</onup>
				<ondown>3112</ondown>
				<pagecontrol>noop</pagecontrol>
				<scrolltime>200</scrolltime>
				<orientation>horizontal</orientation>
				<!-- itemlayout series -->
				<itemlayout height="210" width="186">
					<control type="group">
						<control type="image">
							<top>8</top>
							<left>46</left>
							<width>100</width>
							<height>147</height>
							<texture fallback="DefaultVideo.png" diffuse="mask-rect.png" background="true">$INFO[ListItem.Art(poster)]</texture>
							<aspectratio scalediffuse="true" aligny="bottom" align="center">stretch</aspectratio>
						</control>
					</control>
				</itemlayout>
				<!-- focussed layout series -->
				<focusedlayout height="210" width="186">
					<control type="group">
						<control type="image">
							<top>0</top>
							<left>38</left>
							<width>116</width>
							<height>164</height>
							<texture fallback="DefaultVideo.png" diffuse="mask-rect.png" background="true">$INFO[ListItem.Art(poster)]</texture>
							<aspectratio scalediffuse="true" aligny="bottom" align="center">stretch</aspectratio>
							<bordertexture border="8">mask-hilite.png</bordertexture>
							<bordersize>8</bordersize>
						</control>
					</control>
				</focusedlayout>
			</control>
			<!-- episodes -->
			<control type="label">
				<left>0</left>
				<top>430</top>
				<height>13</height>
				<width>127</width>
				<label>20360</label>
				<font>font13</font>
				<textcolor>white</textcolor>
				<angle>-90</angle>
			</control>
			<control type="image">
				<left>24</left>
				<top>504</top>
				<height>16</height>
				<width>16</width>
				<texture>scroll-left.png</texture>
				<visible>Container(3112).HasPrevious</visible>
			</control>
			<control type="image">
				<left>784</left>
				<top>504</top>
				<height>16</height>
				<width>16</width>
				<texture>scroll-right.png</texture>
				<visible>Container(3112).HasNext</visible>
			</control>
			<control type="panel" id="3112">
				<left>40</left>
				<top>435</top>
				<width>744</width>
				<height>210</height>
				<onleft>3025</onleft>
				<onright>noop</onright>
				<onup>3111</onup>
				<ondown>noop</ondown>
				<pagecontrol>noop</pagecontrol>
				<scrolltime>200</scrolltime>
				<orientation>horizontal</orientation>
				<itemlayout height="210" width="186">
					<control type="group">
						<control type="image">
							<top>8</top>
							<left>46</left>
							<width>100</width>
							<height>147</height>
							<texture fallback="DefaultVideo.png" diffuse="mask-rect.png" background="true">$INFO[ListItem.Art(poster)]</texture>
							<aspectratio scalediffuse="true" aligny="bottom" align="center">stretch</aspectratio>
						</control>
					</control>
				</itemlayout>
				<focusedlayout height="210" width="180">
					<control type="group">
						<control type="image">
							<top>0</top>
							<left>38</left>
							<width>116</width>
							<height>164</height>
							<texture fallback="DefaultVideo.png" diffuse="mask-rect.png" background="true">$INFO[ListItem.Art(poster)]</texture>
							<aspectratio scalediffuse="true" aligny="bottom" align="center">stretch</aspectratio>
							<bordertexture border="8">mask-hilite.png</bordertexture>
							<bordersize>8</bordersize>
						</control>
					</control>
					<control type="label">
						<top>160</top>
						<left>0</left>
						<width>186</width>
						<height>20</height>
						<align>center</align>
						<font>font10</font>
						<label>$LOCALIZE[20373] $INFO[ListItem.Season] - $LOCALIZE[20359] $INFO[ListItem.Episode]</label>
					</control>
					<control type="label">
						<top>185</top>
						<left>0</left>
						<width>186</width>
						<height>20</height>
						<align>center</align>
						<font>font10</font>
						<label>$INFO[Listitem.Title]</label>
					</control>
				</focusedlayout>
			</control>
		</control>
	</controls>
</window>
