<?xml version="1.0" encoding="UTF-8"?>
<window>
	<defaultcontrol always="true">10</defaultcontrol>
	<coordinates>
		<left>0</left>
		<top>0</top>
	</coordinates>
	<controls>
		<include>fadebackground</include>
		<control type="group">
			<visible>!Window.IsVisible(selectdialog)</visible>
			<control type="image"><!-- Dialog background image -->
				<left>292</left>
				<top>256</top>
				<width>690</width>
				<height>220</height>
				<texture border="8">button-menu-background.png</texture>
			</control>
			<control type="label" id="1"><!-- Dialog heading -->
				<left>310</left>
				<top>268</top>
				<width>655</width>
				<height>25</height>
				<align>center</align>
			</control>
			<control type="image">
				<left>310</left>
				<top>298</top>
				<width>655</width>
				<height>4</height>
				<texture>separator.png</texture>
			</control>
			<control type="textbox" id="9"><!-- Dialog info prompt -->
				<left>310</left>
				<top>302</top>
				<width>655</width>
				<height>96</height>
				<align>center</align>
				<font>font10</font>
				<autoscroll time="2000" delay="8000" repeat="5000">Skin.HasSetting(text-autoscroll) + !System.ScreenSaverActive</autoscroll>
			</control>
			<control type="progress" id="20">
				<left>310</left>
				<top>400</top>
				<width>655</width>
				<height>16</height>
				<info>System.Progressbar</info>
			</control>
			<control type="button" id="10"><!-- Cancel -->
				<left>516</left>
				<top>418</top>
				<width>240</width>
				<height>46</height>
				<label>$LOCALIZE[222]</label>
				<font>font12</font>
				<align>center</align>
			</control>
		</control>
	</controls>
</window>