<?xml version="1.0" encoding="UTF-8"?>
<window>
	<defaultcontrol>999</defaultcontrol>
	<controls>
		<include>background</include>
		<control type="label"><!-- Song Title -->
			<left>663</left>
			<top>37</top>
			<width>566</width>
			<height>72</height>
			<include condition="Skin.HasSetting(text-autoscroll)">scrolltext</include>
			<font>font18</font>
			<label>$INFO[ListItem.Title]</label>
			<wrapmultiline>true</wrapmultiline>
			<aligny>top</aligny>
		</control>
		<control type="image"><!-- CD case -->
			<left>138</left>
			<top>38</top>
			<width>386</width>
			<height>386</height>
			<texture>case-cd.png</texture>
			<aspectratio>keep</aspectratio>
			<visible>Skin.HasSetting(media-case) + [Container.Content(songs) | Container.Content(albums)] + !SubString(ListItem.Icon,Default,Left)</visible>
		</control>
		<control type="image"><!-- Album cover -->
			<left>183</left>
			<top>70</top>
			<width>320</width>
			<height>320</height>
			<texture diffuse="mask-squ.png" fallback="DefaultAudio.png" background="true">$INFO[ListItem.Icon]</texture>
			<aspectratio>stretch</aspectratio>
			<align>center</align>
		</control>
		<control type="image">
			<left>60</left>
			<top>406</top>
			<width>566</width>
			<height>4</height>
			<texture>separator.png</texture>
		</control>
		<control type="label"><!-- Album title -->
			<left>60</left>
			<top>418</top>
			<width>150</width>
			<height>25</height>
			<label>$LOCALIZE[558]:</label>
			<font>font12</font>
			<align>right</align>
		</control>
		<control type="label">
			<left>230</left>
			<top>418</top>
			<width>400</width>
			<height>25</height>
			<label>$INFO[ListItem.Album]</label>
			<font>font12</font>
		</control>
		<control type="label"><!-- Artist title -->
			<left>60</left>
			<top>450</top>
			<width>150</width>
			<height>25</height>
			<label>$LOCALIZE[557]:</label>
			<font>font12</font>
			<align>right</align>
		</control>
		<control type="label">
			<left>230</left>
			<top>450</top>
			<width>400</width>
			<height>25</height>
			<label>$INFO[ListItem.Artist]</label>
			<font>font12</font>
		</control>
		<control type="label"><!-- Genre title -->
			<left>60</left>
			<top>482</top>
			<width>150</width>
			<height>25</height>
			<label>$LOCALIZE[515]:</label>
			<font>font12</font>
			<align>right</align>
		</control>
		<control type="label">
			<left>230</left>
			<top>482</top>
			<width>400</width>
			<height>25</height>
			<label>$INFO[ListItem.Genre]</label>
			<font>font12</font>
		</control>
		<control type="label"><!-- Year title -->
			<left>60</left>
			<top>512</top>
			<width>150</width>
			<height>25</height>
			<label>$LOCALIZE[562]:</label>
			<font>font12</font>
			<align>right</align>
		</control>
		<control type="label">
			<left>230</left>
			<top>512</top>
			<width>400</width>
			<height>25</height>
			<label>$INFO[ListItem.Year]</label>
			<font>font12</font>
		</control>
		<control type="label"><!-- Track number title -->
			<left>60</left>
			<top>544</top>
			<width>150</width>
			<height>25</height>
			<label>$LOCALIZE[554]:</label>
			<font>font12</font>
			<align>right</align>
		</control>
		<control type="label">
			<left>230</left>
			<top>544</top>
			<width>100</width>
			<height>25</height>
			<label>$INFO[ListItem.TrackNumber]</label>
			<font>font12</font>
			<visible>!StringCompare(ListItem.TrackNumber,0)</visible>
		</control>
		<control type="label"><!-- Ratings title -->
			<left>60</left>
			<top>574</top>
			<width>150</width>
			<height>25</height>
			<label>$LOCALIZE[563]:</label>
			<font>font12</font>
			<align>right</align>
		</control>
		<control type="image">
			<left>230</left>
			<top>578</top>
			<width>150</width>
			<height>18</height>
			<texture>$VAR[MediaRating]</texture>
			<aspectratio>keep</aspectratio>
		</control>
		<control type="image">
			<left>60</left>
			<top>608</top>
			<width>566</width>
			<height>4</height>
			<texture>separator.png</texture>
		</control>
		<control type="textbox">
			<left>716</left>
			<top>130</top>
			<width>504</width>
			<height>500</height>
			<label>$INFO[ListItem.Comment]</label>
		</control>
		<control type="grouplist" id="999">
			<left>10</left>
			<top>650</top>
			<width>1260</width>
			<height>50</height>
			<align>center</align>
			<orientation>horizontal</orientation>
			<control type="button" id="12"><!-- Album info button -->
				<width>250</width>
				<height>50</height>
				<label>$LOCALIZE[10523]</label>
				<align>center</align>
			</control>
			<control type="button" id="7"><!-- Set Ratings button -->
				<width>250</width>
				<height>50</height>
				<label>$LOCALIZE[38023]</label>
				<align>center</align>
			</control>
			<control type="button" id="1115"><!-- More options button -->
				<width>250</width>
				<height>50</height>
				<label>$LOCALIZE[31693]</label>
				<align>center</align>
				<onclick>SetProperty(SelectDialogType,musicinfomore,Home)</onclick>
				<onclick>ActivateWindow(1154)</onclick>
			</control>
		</control>
	</controls>
</window>