<?xml version="1.0" encoding="utf-8"?>
<fonts>
	<fontset id="Default" idloc="31575" unicode="true">
		<font>
			<name>font10</name>
			<filename>Ubuntu-R.ttf</filename>
			<size>20</size>
		</font>
		<font>
			<name>font11</name>
			<filename>Ubuntu-R.ttf</filename>
			<size>22</size>
		</font>
		<font>
			<name>font12</name>
			<filename>Ubuntu-R.ttf</filename>
			<size>23</size>
		</font>
		<font>
			<name>font13</name>
			<filename>Ubuntu-R.ttf</filename>
			<size>25</size>
		</font>
		<font>
			<name>font18</name>
			<filename>Ubuntu-R.ttf</filename>
			<size>30</size>
		</font>
		<font>
			<name>font20</name>
			<filename>Ubuntu-R.ttf</filename>
			<size>36</size>
		</font>
		<font>
			<name>font22</name>
			<filename>Ubuntu-R.ttf</filename>
			<size>38</size>
		</font>
		<font>
			<name>font28</name>
			<filename>Ubuntu-R.ttf</filename>
			<size>48</size>
		</font>
		<font>
			<name>Clock</name>
			<filename>Ubuntu-R.ttf</filename>
			<size>70</size>
		</font>		
	</fontset>
	<fontset id="Bold" idloc="31576" unicode="true">
		<font>
			<name>font10</name>
			<filename>Ubuntu-B.ttf</filename>
			<size>20</size>
		</font>
		<font>
			<name>font11</name>
			<filename>Ubuntu-B.ttf</filename>
			<size>22</size>
		</font>
		<font>
			<name>font12</name>
			<filename>Ubuntu-B.ttf</filename>
			<size>23</size>
		</font>
		<font>
			<name>font13</name>
			<filename>Ubuntu-B.ttf</filename>
			<size>25</size>
		</font>
		<font>
			<name>font18</name>
			<filename>Ubuntu-B.ttf</filename>
			<size>30</size>
		</font>
		<font>
			<name>font20</name>
			<filename>Ubuntu-B.ttf</filename>
			<size>36</size>
		</font>
		<font>
			<name>font22</name>
			<filename>Ubuntu-B.ttf</filename>
			<size>38</size>
		</font>
		<font>
			<name>font28</name>
			<filename>Ubuntu-B.ttf</filename>
			<size>48</size>
		</font>
		<font>
			<name>Clock</name>
			<filename>Ubuntu-B.ttf</filename>
			<size>70</size>
		</font>			
	</fontset>
	<fontset id="Kodi Default" idloc="31577" unicode="true">
		<font>
			<name>font10</name>
			<filename>arial.ttf</filename>
			<size>20</size>
		</font>
		<font>
			<name>font11</name>
			<filename>arial.ttf</filename>
			<size>22</size>
		</font>
		<font>
			<name>font12</name>
			<filename>arial.ttf</filename>
			<size>23</size>
		</font>
		<font>
			<name>font13</name>
			<filename>arial.ttf</filename>
			<size>25</size>
		</font>
		<font>
			<name>font18</name>
			<filename>arial.ttf</filename>
			<size>30</size>
		</font>
		<font>
			<name>font20</name>
			<filename>arial.ttf</filename>
			<size>36</size>
		</font>
		<font>
			<name>font22</name>
			<filename>arial.ttf</filename>
			<size>38</size>
		</font>
		<font>
			<name>font28</name>
			<filename>arial.ttf</filename>
			<size>48</size>
		</font>
		<font>
			<name>Clock</name>
			<filename>arial.ttf</filename>
			<size>70</size>
		</font>			
	</fontset>
</fonts>
