<?xml version="1.0" encoding="UTF-8"?>
<window type="dialog" id="1151">
	<defaultcontrol>500</defaultcontrol>
	<coordinates>
		<left>0</left>
		<top>0</top>
	</coordinates>
	<controls>
		<include>fadebackground</include>
		<control type="image"><!-- Dialog background Non Fullscreen video screens-->
			<left>720</left>
			<top>100</top>
			<width>396</width>
			<height>226</height>
			<texture border="9">button-menu-background.png</texture>
			<visible>$EXP[isnotFullscreenVideo]</visible>
		</control>
		<control type="image"><!-- Dialog background Fullscreen video screen-->
			<left>720</left>
			<top>100</top>
			<width>396</width>
			<height>226</height>
			<texture colordiffuse="UnFocusedPosters" border="9">button-menu-background.png</texture>
			<visible>$EXP[isFullscreenVideo]</visible>
		</control>
		<control type="label"><!-- Header -->
			<left>730</left>
			<top>108</top>
			<width>376</width>
			<height>40</height>
			<label>$LOCALIZE[31561]</label>
			<align>center</align>
		</control>
		<control type="button"><!-- Touch mouse close button -->
			<left>1094</left>
			<top>90</top>
			<width>32</width>
			<height>32</height>
			<texturefocus>touch-close.png</texturefocus>
			<texturenofocus>touch-close.png</texturenofocus>
			<onclick>Dialog.Close(1151)</onclick>
			<visible>$EXP[isEnabledTouch]</visible>
		</control>
		<control type="image">
			<left>730</left>
			<top>150</top>
			<width>376</width>
			<height>4</height>
			<texture>separator.png</texture>
		</control>
		<control type="grouplist" id="500">
			<visible>![Window.IsVisible(SliderDialog) | Window.IsVisible(OSDVideoSettings) | Window.IsVisible(OSDAudioSettings) | Window.IsVisible(VideoBookmarks) | Window.IsVisible(PVROSDChannels) | Window.IsVisible(PVROSDGuide)]</visible>
			<animation effect="fade" time="200">VisibleChange</animation>
			<left>730</left>
			<top>162</top>
			<width>376</width>
			<height>150</height>
			<onup>500</onup>
			<ondown>500</ondown>
			<onleft>Dialog.Close(1151)</onleft>
			<onright>Dialog.Close(1151)</onright>
			<control type="radiobutton" id="501">
				<height>50</height>
				<width>376</width>
				<textoffsetx>30</textoffsetx>
				<font>apptv23</font>
				<label>$LOCALIZE[305]</label>
				<radioposx>330</radioposx>
				<onclick>ToggleStereoMode</onclick>
				<selected>Integer.IsGreater(System.StereoscopicMode,0)</selected>
			</control>
			<control type="button" id="502">
				<height>50</height>
				<width>376</width>
				<font>apptv23</font>
				<textoffsetx>30</textoffsetx>
				<label>$LOCALIZE[240]</label>
				<onclick>StereoMode</onclick>
			</control>
			<control type="radiobutton" id="503">
				<height>50</height>
				<width>376</width>
				<textoffsetx>30</textoffsetx>
				<font>apptv23</font>
				<label>$LOCALIZE[31126]</label>
				<radioposx>330</radioposx>
				<onclick>StereoModeToMono</onclick>
				<selected>String.IsEqual(System.StereoscopicMode,7)</selected>
			</control>
		</control>
	</controls>
</window>