<?xml version="1.0" encoding="utf-8"?>
<window>
	<visible>Player.Seeking | Player.DisplayAfterSeek | Player.Paused | Player.Forwarding | Player.Rewinding </visible>
	<animation effect="fade" end="0" time="100">WindowClose</animation>
	<coordinates>
		<left>0</left>
		<top>0</top>
	</coordinates>
	<controls>
		<control type="group">
			<visible>![Window.IsVisible(fullscreeninfo) | Window.IsVisible(sliderdialog) | Window.IsVisible(osdvideosettings) | Window.IsVisible(osdaudiosettings) | Window.IsVisible(osdaudiodspsettings) | Window.IsVisible(videobookmarks) | Window.IsVisible(subtitlesearch) | Window.IsVisible(script-nextup-notification-StillWatchingInfo.xml) | Window.IsVisible(script-nextup-notification-NextUpInfo.xml)]</visible>
			<include>player-mediaicon</include>
		</control>

		<!-- Player action labels -->
		<control type="group">
			<visible>[Window.IsVisible(fullscreenvideo) | Window.IsVisible(visualisation)] + ![Window.IsVisible(sliderdialog) | Window.IsVisible(osdvideosettings) | Window.IsVisible(osdaudiosettings) | Window.IsVisible(osdaudiodspsettings) | Window.IsVisible(subtitlesearch) | Window.IsVisible(videobookmarks)]</visible>
			<control type="image"><!-- Seekbar Dialog background image -->
				<left>426</left>
				<top>116</top>
				<height>88</height>
				<width>428</width>
				<texture border="12">backgroundmsg.png</texture>
				<colordiffuse>mask-background</colordiffuse>
				<visible>Player.Caching | Player.Seeking | Player.Paused | Player.Forwarding | Player.Rewinding | !String.IsEmpty(Player.SeekStepSize)</visible>
			</control>
			<control type="grouplist">
				<left>408</left>
				<top>128</top>
				<width>464</width>
				<height>64</height>
				<align>center</align>
				<aligny>center</aligny>
				<orientation>horizontal</orientation>
				<control type="image" id="750">
					<width>64</width>
					<height>64</height>
					<texture>$VAR[PlayStateImage]</texture>
					<animation effect="rotate" start="360" end="0" center="auto" time="5400" loop="true" condition="String.IsEqual(Control.GetLabel(750),busy.png)">conditional</animation>
				</control>
				<control type="label"><!-- Player state text -->
					<width min="0" max="380">auto</width>
					<height>60</height>
					<label>$VAR[PlayStateTxt]</label>
					<font>apptv38</font>
				</control>
			</control>
		</control>

		<control type="group">
			<visible>[Window.IsVisible(fullscreenvideo)] + ![Window.IsVisible(sliderdialog) | Window.IsVisible(osdvideosettings) | Window.IsVisible(osdaudiosettings) | Window.IsVisible(osdaudiodspsettings) | Window.IsVisible(subtitlesearch) | Window.IsVisible(videobookmarks) | Window.IsVisible(script-nextup-notification-StillWatchingInfo.xml) | Window.IsVisible(script-nextup-notification-NextUpInfo.xml)]</visible>
			<!-- Player info labels -->
			<control type="label">
				<left>228</left>
				<top>688</top>
				<width>230</width>
				<height>20</height>
				<font>apptv20</font>
				<label>[COLOR=disabled-text]($INFO[System.Time])[/COLOR] $INFO[VideoPlayer.Time]</label>
				<align>right</align>
			</control>
			<control type="label">
				<left>1078</left>
				<top>688</top>
				<width>230</width>
				<height>20</height>
				<font>apptv20</font>
				<label>-$INFO[VideoPlayer.TimeRemaining] [COLOR=disabled-text]($INFO[Player.FinishTime])[/COLOR]</label>
			</control>

			<control type="group">
				<visible>!Window.IsVisible(fullscreeninfo)</visible>
				<!-- Progress bar -->
				<control type="progress">
					<left>478</left>
					<top>694</top>
					<width>580</width>
					<height>16</height>
					<info>Player.ProgressCache</info>
					<colordiffuse>CacheBarColor</colordiffuse>
				</control>
				<control type="progress">
					<left>478</left>
					<top>694</top>
					<width>580</width>
					<height>16</height>
					<info>Player.Progress</info>
				</control>
				<control type="slider" id="401"><!-- Seek Slider -->
					<left>478</left>
					<top>694</top>
					<width>580</width>
					<height>16</height>
					<action>seek</action>
				</control>
			</control>
		</control>
	</controls>
</window>