<?xml version="1.0" encoding="UTF-8"?>
<window>
	<defaultcontrol>20</defaultcontrol>
	<controls>
		<include>background</include>
		<control type="label"><!-- Screen heading -->
			<left>946</left>
			<top>50</top>
			<width>310</width>
			<height>32</height>
			<label>$LOCALIZE[10003]</label>
			<font>apptv30</font>
		</control>
		
		<control type="image">
			<left>346</left>
			<top>385</top>
			<width>590</width>
			<height>4</height>
			<texture>separator.png</texture>
			<colordiffuse>ProgressBarColor</colordiffuse>
			<animation effect="rotate" center="auto" end="-90" time="0" condition="true">Conditional</animation>
		</control>
		<control type="image">
			<left>0</left>
			<top>90</top>
			<width>1280</width>
			<height>4</height>
			<texture>separator.png</texture>
			<colordiffuse>ProgressBarColor</colordiffuse>
		</control>
		<control type="image">
			<left>0</left>
			<top>130</top>
			<width>1280</width>
			<height>4</height>
			<texture>separator.png</texture>
			<colordiffuse>ProgressBarColor</colordiffuse>
		</control>
		<control type="image">
			<left>0</left>
			<top>640</top>
			<width>1280</width>
			<height>4</height>
			<texture>separator.png</texture>
			<colordiffuse>ProgressBarColor</colordiffuse>
		</control>
		<control type="image">
			<left>0</left>
			<top>680</top>
			<width>1280</width>
			<height>4</height>
			<texture>separator.png</texture>
			<colordiffuse>ProgressBarColor</colordiffuse>
		</control>

		<control type="list" id="20">
			<left>20</left>
			<top>138</top>
			<width>600</width>
			<height>460</height>
			<onleft>21</onleft>
			<onright>21</onright>
			<onup>20</onup>
			<ondown>20</ondown>
			<itemlayout width="600" height="46">
				<control type="label">
					<left>11</left>
					<top>11</top>
					<width>420</width>
					<height>24</height>
					<font>apptv23</font>
					<selectedcolor>listselected-text</selectedcolor>
					<label>$INFO[ListItem.Label]</label>
					<textoffsetx>6</textoffsetx>
				</control>
				<control type="label">
					<left>411</left>
					<top>11</top>
					<width>178</width>
					<height>24</height>
					<font>apptv23</font>
					<align>right</align>
					<selectedcolor>listselected-text</selectedcolor>
					<label>$INFO[ListItem.Label2]</label>
				</control>
			</itemlayout>
			<focusedlayout width="600" height="46">
				<control type="image">
					<left>0</left>
					<top>0</top>
					<width>600</width>
					<height>46</height>
					<texture border="6">button-default-focus.png</texture>
					<visible>Control.HasFocus(20)</visible>
				</control>
				<control type="label">
					<left>11</left>
					<top>11</top>
					<width>420</width>
					<height>24</height>
					<font>apptv23</font>
					<selectedcolor>listselected-text</selectedcolor>
					<include condition="Skin.HasSetting(text-autoscroll)">scrolltext</include>
					<label>$INFO[ListItem.Label]</label>
					<textoffsetx>6</textoffsetx>
				</control>
				<control type="label">
					<left>411</left>
					<top>11</top>
					<width>178</width>
					<height>24</height>
					<font>apptv23</font>
					<align>right</align>
					<selectedcolor>listselected-text</selectedcolor>
					<label>$INFO[ListItem.Label2]</label>
				</control>
			</focusedlayout>
		</control>
		<control type="list" id="21">
			<left>660</left>
			<top>138</top>
			<width>600</width>
			<height>460</height>
			<onleft>20</onleft>
			<onright>20</onright>
			<onup>21</onup>
			<ondown>21</ondown>
			<itemlayout width="600" height="46">
				<control type="label">
					<left>23</left>
					<top>11</top>
					<width>420</width>
					<height>24</height>
					<font>apptv23</font>
					<selectedcolor>listselected-text</selectedcolor>
					<label>$INFO[ListItem.Label]</label>
					<textoffsetx>6</textoffsetx>
				</control>
				<control type="label">
					<left>411</left>
					<top>11</top>
					<width>178</width>
					<height>24</height>
					<font>apptv23</font>
					<align>right</align>
					<selectedcolor>listselected-text</selectedcolor>
					<label>$INFO[ListItem.Label2]</label>
				</control>
			</itemlayout>
			<focusedlayout width="600" height="46">
				<control type="image">
					<left>0</left>
					<top>0</top>
					<width>600</width>
					<height>46</height>
					<texture border="6">button-default-focus.png</texture>
					<visible>Control.HasFocus(21)</visible>
				</control>
				<control type="label">
					<left>23</left>
					<top>11</top>
					<width>420</width>
					<height>24</height>
					<font>apptv23</font>
					<selectedcolor>listselected-text</selectedcolor>
					<include condition="Skin.HasSetting(text-autoscroll)">scrolltext</include>
					<label>$INFO[ListItem.Label]</label>
					<textoffsetx>6</textoffsetx>
				</control>
				<control type="label">
					<left>411</left>
					<top>11</top>
					<width>178</width>
					<height>24</height>
					<font>apptv23</font>
					<align>right</align>
					<selectedcolor>listselected-text</selectedcolor>
					<label>$INFO[ListItem.Label2]</label>
				</control>
			</focusedlayout>
		</control>

		<control type="fadelabel" id="101"><!-- Current directory left -->
			<left>38</left>
			<top>100</top>
			<width>600</width>
			<height>24</height>
			<font>apptv23</font>
		</control>
		<control type="fadelabel" id="102"><!-- Current directory right -->
			<left>688</left>
			<top>100</top>
			<width>600</width>
			<height>24</height>
			<font>apptv23</font>
		</control>
		<control type="label" id="12"><!-- Number of files left list -->
			<left>38</left>
			<top>650</top>
			<width>600</width>
			<height>24</height>
			<font>apptv23</font>
		</control>
		<control type="label" id="13"><!-- Number of files right list -->
			<left>688</left>
			<top>650</top>
			<width>600</width>
			<height>24</height>
			<font>apptv23</font>
		</control>
	</controls>
</window>