<fonts>
	<fontset id="Default" idloc="31575" unicode="true">
		
		
		<font>
			<name>font10</name>
			<filename>arial.ttf</filename>
			<size>12</size>
		</font>
		<font>
			<name>font12</name>
			<filename>arial.ttf</filename>
			<size>15</size>
		</font>
		<font>
			<name>font13</name>
			<filename>arial.ttf</filename>
			<size>18</size>
		</font>
		<font>
			<name>font14</name>
			<filename>arial.ttf</filename>
			<size>20</size>
		</font>
		<font>
			<name>font16</name>
			<filename>arial.ttf</filename>
			<size>23</size>
		</font>
		<font>
			<name>font30</name>
			<filename>arial.ttf</filename>
			<size>28</size>
		</font>
		<font>
			<name>fontContextMenu</name>
			<filename>arial.ttf</filename>
			<size>16</size>
		</font>
		
		<font>
			<name>font10_title</name>
			<filename>arial.ttf</filename>
			<size>10</size>
			<style>bold</style>
		</font>
		<font>
			<name>font12_title</name>
			<filename>arial.ttf</filename>
			<size>15</size>
			<style>bold</style>
		</font>
		<font>
			<name>font13_title</name>
			<filename>arial.ttf</filename>
			<size>18</size>
			<style>bold</style>
		</font>
		<font>
			<name>font24_title</name>
			<filename>arial.ttf</filename>
			<size>22</size>
			<style>bold</style>
		</font>
		<font>
			<name>font28_title</name>
			<filename>arial.ttf</filename>
			<size>26</size>
			<style>bold</style>
		</font>
		<font>
			<name>font30_title</name>
			<filename>arial.ttf</filename>
			<size>28</size>
			<style>bold</style>
		</font>
		<font>
			<name>font35_title</name>
			<filename>arial.ttf</filename>
			<size>33</size>
			<style>bold</style>
		</font>
		<font>
			<name>font_MainMenu</name>
			<filename>arial.ttf</filename>
			<size>35</size>
			<style>bold</style>
		</font>
		<font>
			<name>WeatherTemp</name>
			<filename>arial.ttf</filename>
			<size>80</size>
			<style>bold</style>
		</font>
		
		<font>
			<name>apptv16</name>
			<filename>Ubuntu-L.ttf</filename>
			<size>16</size>
		</font>
		<font>
			<name>apptv20</name>
			<filename>Ubuntu-L.ttf</filename>
			<size>20</size>
		</font>
		<font>
			<name>apptv22</name>
			<filename>Ubuntu-L.ttf</filename>
			<size>22</size>
		</font>
		<font>
			<name>apptv23</name>
			<filename>Ubuntu-L.ttf</filename>
			<size>23</size>
		</font>
		<font>
			<name>apptv25</name>
			<filename>Ubuntu-L.ttf</filename>
			<size>25</size>
		</font>
		<font>
			<name>apptv30</name>
			<filename>Ubuntu-L.ttf</filename>
			<size>30</size>
		</font>
		<font>
			<name>apptv38</name>
			<filename>Ubuntu-L.ttf</filename>
			<size>38</size>
		</font>
		<font>
			<name>apptv48</name>
			<filename>Ubuntu-L.ttf</filename>
			<size>48</size>
		</font>
		<font>
			<name>Clock</name>
			<filename>Ubuntu-L.ttf</filename>
			<size>70</size>
		</font>
		<font>
			<name>SkiaLight18</name>
			<filename>Skia.ttf</filename>
			<size>18</size>
		</font>
		<font>
			<name>SkiaLight24</name>
			<filename>Skia.ttf</filename>
			<size>24</size>
		</font>
		<font>
			<name>SkiaLightExtended34</name>
			<filename>Skia.ttf</filename>
			<size>34</size>
		</font>
		<font>
			<name>Skia26</name>
			<filename>Skia.ttf</filename>
			<size>26</size>
		</font>
		<font>
			<name>SkiaExtended40</name>
			<filename>Skia.ttf</filename>
			<size>40</size>
		</font>
	</fontset>
	<fontset id="Normal" idloc="738" unicode="true">
		
		
		<font>
			<name>font10</name>
			<filename>arial.ttf</filename>
			<size>12</size>
		</font>
		<font>
			<name>font12</name>
			<filename>arial.ttf</filename>
			<size>15</size>
		</font>
		<font>
			<name>font13</name>
			<filename>arial.ttf</filename>
			<size>18</size>
		</font>
		<font>
			<name>font14</name>
			<filename>arial.ttf</filename>
			<size>20</size>
		</font>
		<font>
			<name>font16</name>
			<filename>arial.ttf</filename>
			<size>23</size>
		</font>
		<font>
			<name>font30</name>
			<filename>arial.ttf</filename>
			<size>28</size>
		</font>
		<font>
			<name>fontContextMenu</name>
			<filename>arial.ttf</filename>
			<size>16</size>
		</font>
		
		<font>
			<name>font10_title</name>
			<filename>arial.ttf</filename>
			<size>10</size>
			<style>bold</style>
		</font>
		<font>
			<name>font12_title</name>
			<filename>arial.ttf</filename>
			<size>15</size>
			<style>bold</style>
		</font>
		<font>
			<name>font13_title</name>
			<filename>arial.ttf</filename>
			<size>18</size>
			<style>bold</style>
		</font>
		<font>
			<name>font24_title</name>
			<filename>arial.ttf</filename>
			<size>22</size>
			<style>bold</style>
		</font>
		<font>
			<name>font28_title</name>
			<filename>arial.ttf</filename>
			<size>26</size>
			<style>bold</style>
		</font>
		<font>
			<name>font30_title</name>
			<filename>arial.ttf</filename>
			<size>28</size>
			<style>bold</style>
		</font>
		<font>
			<name>font35_title</name>
			<filename>arial.ttf</filename>
			<size>33</size>
			<style>bold</style>
		</font>
		<font>
			<name>font_MainMenu</name>
			<filename>arial.ttf</filename>
			<size>35</size>
			<style>bold</style>
		</font>
		<font>
			<name>WeatherTemp</name>
			<filename>arial.ttf</filename>
			<size>80</size>
			<style>bold</style>
		</font>
		
		<font>
			<name>apptv20</name>
			<filename>Ubuntu-R.ttf</filename>
			<size>20</size>
		</font>
		<font>
			<name>apptv22</name>
			<filename>Ubuntu-R.ttf</filename>
			<size>22</size>
		</font>
		<font>
			<name>apptv23</name>
			<filename>Ubuntu-R.ttf</filename>
			<size>23</size>
		</font>
		<font>
			<name>apptv25</name>
			<filename>Ubuntu-R.ttf</filename>
			<size>25</size>
		</font>
		<font>
			<name>apptv30</name>
			<filename>Ubuntu-R.ttf</filename>
			<size>30</size>
		</font>
		<font>
			<name>apptv38</name>
			<filename>Ubuntu-R.ttf</filename>
			<size>38</size>
		</font>
		<font>
			<name>apptv48</name>
			<filename>Ubuntu-R.ttf</filename>
			<size>48</size>
		</font>
		<font>
			<name>Clock</name>
			<filename>Ubuntu-R.ttf</filename>
			<size>70</size>
		</font>
		<font>
			<name>SkiaLight18</name>
			<filename>Skia.ttf</filename>
			<size>18</size>
		</font>
		<font>
			<name>SkiaLight24</name>
			<filename>Skia.ttf</filename>
			<size>24</size>
		</font>
		<font>
			<name>SkiaLightExtended34</name>
			<filename>Skia.ttf</filename>
			<size>34</size>
		</font>
		<font>
			<name>Skia26</name>
			<filename>Skia.ttf</filename>
			<size>26</size>
		</font>
		<font>
			<name>SkiaExtended40</name>
			<filename>Skia.ttf</filename>
			<size>40</size>
		</font>
	</fontset>
	<fontset id="Bold" idloc="31576" unicode="true">
		
		
		<font>
			<name>font10</name>
			<filename>arial.ttf</filename>
			<size>12</size>
		</font>
		<font>
			<name>font12</name>
			<filename>arial.ttf</filename>
			<size>15</size>
		</font>
		<font>
			<name>font13</name>
			<filename>arial.ttf</filename>
			<size>18</size>
		</font>
		<font>
			<name>font14</name>
			<filename>arial.ttf</filename>
			<size>20</size>
		</font>
		<font>
			<name>font16</name>
			<filename>arial.ttf</filename>
			<size>23</size>
		</font>
		<font>
			<name>font30</name>
			<filename>arial.ttf</filename>
			<size>28</size>
		</font>
		<font>
			<name>fontContextMenu</name>
			<filename>arial.ttf</filename>
			<size>16</size>
		</font>
		
		<font>
			<name>font10_title</name>
			<filename>arial.ttf</filename>
			<size>10</size>
			<style>bold</style>
		</font>
		<font>
			<name>font12_title</name>
			<filename>arial.ttf</filename>
			<size>15</size>
			<style>bold</style>
		</font>
		<font>
			<name>font13_title</name>
			<filename>arial.ttf</filename>
			<size>18</size>
			<style>bold</style>
		</font>
		<font>
			<name>font24_title</name>
			<filename>arial.ttf</filename>
			<size>22</size>
			<style>bold</style>
		</font>
		<font>
			<name>font28_title</name>
			<filename>arial.ttf</filename>
			<size>26</size>
			<style>bold</style>
		</font>
		<font>
			<name>font30_title</name>
			<filename>arial.ttf</filename>
			<size>28</size>
			<style>bold</style>
		</font>
		<font>
			<name>font35_title</name>
			<filename>arial.ttf</filename>
			<size>33</size>
			<style>bold</style>
		</font>
		<font>
			<name>font_MainMenu</name>
			<filename>arial.ttf</filename>
			<size>35</size>
			<style>bold</style>
		</font>
		<font>
			<name>WeatherTemp</name>
			<filename>arial.ttf</filename>
			<size>80</size>
			<style>bold</style>
		</font>
		
		<font>
			<name>apptv20</name>
			<filename>Ubuntu-B.ttf</filename>
			<size>20</size>
		</font>
		<font>
			<name>apptv22</name>
			<filename>Ubuntu-B.ttf</filename>
			<size>22</size>
		</font>
		<font>
			<name>apptv23</name>
			<filename>Ubuntu-B.ttf</filename>
			<size>23</size>
		</font>
		<font>
			<name>apptv25</name>
			<filename>Ubuntu-B.ttf</filename>
			<size>25</size>
		</font>
		<font>
			<name>apptv30</name>
			<filename>Ubuntu-B.ttf</filename>
			<size>30</size>
		</font>
		<font>
			<name>apptv38</name>
			<filename>Ubuntu-B.ttf</filename>
			<size>38</size>
		</font>
		<font>
			<name>apptv48</name>
			<filename>Ubuntu-B.ttf</filename>
			<size>48</size>
		</font>
		<font>
			<name>Clock</name>
			<filename>Ubuntu-B.ttf</filename>
			<size>70</size>
		</font>
		<font>
			<name>SkiaLight18</name>
			<filename>Skia.ttf</filename>
			<size>18</size>
		</font>
		<font>
			<name>SkiaLight24</name>
			<filename>Skia.ttf</filename>
			<size>24</size>
		</font>
		<font>
			<name>SkiaLightExtended34</name>
			<filename>Skia.ttf</filename>
			<size>34</size>
		</font>
		<font>
			<name>Skia26</name>
			<filename>Skia.ttf</filename>
			<size>26</size>
		</font>
		<font>
			<name>SkiaExtended40</name>
			<filename>Skia.ttf</filename>
			<size>40</size>
		</font>
	</fontset>
	<fontset id="Kodi Default" idloc="31577" unicode="true">
		
		
		<font>
			<name>font10</name>
			<filename>arial.ttf</filename>
			<size>12</size>
		</font>
		<font>
			<name>font12</name>
			<filename>arial.ttf</filename>
			<size>15</size>
		</font>
		<font>
			<name>font13</name>
			<filename>arial.ttf</filename>
			<size>18</size>
		</font>
		<font>
			<name>font14</name>
			<filename>arial.ttf</filename>
			<size>20</size>
		</font>
		<font>
			<name>font16</name>
			<filename>arial.ttf</filename>
			<size>23</size>
		</font>
		<font>
			<name>font30</name>
			<filename>arial.ttf</filename>
			<size>28</size>
		</font>
		<font>
			<name>fontContextMenu</name>
			<filename>arial.ttf</filename>
			<size>16</size>
		</font>
		
		<font>
			<name>font10_title</name>
			<filename>arial.ttf</filename>
			<size>10</size>
			<style>bold</style>
		</font>
		<font>
			<name>font12_title</name>
			<filename>arial.ttf</filename>
			<size>15</size>
			<style>bold</style>
		</font>
		<font>
			<name>font13_title</name>
			<filename>arial.ttf</filename>
			<size>18</size>
			<style>bold</style>
		</font>
		<font>
			<name>font24_title</name>
			<filename>arial.ttf</filename>
			<size>22</size>
			<style>bold</style>
		</font>
		<font>
			<name>font28_title</name>
			<filename>arial.ttf</filename>
			<size>26</size>
			<style>bold</style>
		</font>
		<font>
			<name>font30_title</name>
			<filename>arial.ttf</filename>
			<size>28</size>
			<style>bold</style>
		</font>
		<font>
			<name>font35_title</name>
			<filename>arial.ttf</filename>
			<size>33</size>
			<style>bold</style>
		</font>
		<font>
			<name>font_MainMenu</name>
			<filename>arial.ttf</filename>
			<size>35</size>
			<style>bold</style>
		</font>
		<font>
			<name>WeatherTemp</name>
			<filename>arial.ttf</filename>
			<size>80</size>
			<style>bold</style>
		</font>
		
		<font>
			<name>apptv20</name>
			<filename>arial.ttf</filename>
			<size>20</size>
			<style>lighten</style>
		</font>
		<font>
			<name>apptv22</name>
			<filename>arial.ttf</filename>
			<size>22</size>
			<style>lighten</style>
		</font>
		<font>
			<name>apptv23</name>
			<filename>arial.ttf</filename>
			<size>23</size>
			<style>lighten</style>
		</font>
		<font>
			<name>apptv25</name>
			<filename>arial.ttf</filename>
			<size>25</size>
			<style>lighten</style>
		</font>
		<font>
			<name>apptv30</name>
			<filename>arial.ttf</filename>
			<size>30</size>
			<style>lighten</style>
		</font>
		<font>
			<name>apptv38</name>
			<filename>arial.ttf</filename>
			<size>38</size>
			<style>lighten</style>
		</font>
		<font>
			<name>apptv48</name>
			<filename>arial.ttf</filename>
			<size>48</size>
			<style>lighten</style>
		</font>
		<font>
			<name>Clock</name>
			<filename>arial.ttf</filename>
			<size>70</size>
			<style>lighten</style>
		</font>
		<font>
			<name>SkiaLight18</name>
			<filename>Skia.ttf</filename>
			<size>18</size>
		</font>
		<font>
			<name>SkiaLight24</name>
			<filename>Skia.ttf</filename>
			<size>24</size>
		</font>
		<font>
			<name>SkiaLightExtended34</name>
			<filename>Skia.ttf</filename>
			<size>34</size>
		</font>
		<font>
			<name>Skia26</name>
			<filename>Skia.ttf</filename>
			<size>26</size>
		</font>
		<font>
			<name>SkiaExtended40</name>
			<filename>Skia.ttf</filename>
			<size>40</size>
		</font>
	</fontset>
</fonts>