<?xml version="1.0" encoding="UTF-8"?>
<window>
	<defaultcontrol always="true">50</defaultcontrol>
	<menucontrol>9000</menucontrol>
	<views>50,52,54,57,58</views>
	<controls>
		<include>background</include>
		<include>fake-overlay</include>
		<control type="grouplist">
			<left>780</left>
			<top>20</top>
			<width>auto</width>
			<height>37</height>
			<align>left</align>
			<aligny>center</aligny>
			<orientation>horizontal</orientation>
			<control type="label"><!-- Video screen heading -->
				<width max="400">auto</width>
				<height>37</height>
				<label>$LOCALIZE[31029]</label>
				<font>apptv30</font>
			</control>
			<control type="label"><!-- Number of files -->
				<top>13</top>
				<width max="80">auto</width>
				<height>38</height>
				<label>$INFO[Container.NumItems,(,)]</label>
			</control>
		</control>

		<control type="group"><!-- Various Views of Addons library -->
			<include file="View-General.xml">ListView</include>
			<include file="View-General.xml">IconView</include>
			<include file="View-General.xml">WrapView</include>
			<include file="View-General.xml">WallView</include>
			<include file="View-General.xml">Coverflow</include>
		</control>

		<control type="group">
			<top>720</top>
			<include>screen-settings</include>
			<include>fadebackground</include>
			<control type="image"><!-- Button background -->
				<left>440</left>
				<top>162</top>
				<width>396</width>
				<height>380</height>
				<texture border="9">button-menu-background.png</texture>
			</control>
			<control type="label"><!-- Dialog heading -->
				<left>450</left>
				<top>176</top>
				<width>372</width>
				<height>34</height>
				<font>apptv23</font>
				<label>$LOCALIZE[31557]</label>
				<align>center</align>
			</control>
			<control type="button"><!-- Touch Close button -->
				<left>814</left>
				<top>152</top>
				<width>32</width>
				<height>32</height>
				<texturefocus>touch-close.png</texturefocus>
				<texturenofocus>touch-close.png</texturenofocus>
				<onclick condition="!String.IsEqual(Window(home).Property(ShowScreenSettings),show)">SetProperty(ShowScreenSettings,show,home)</onclick>
				<onclick condition="String.IsEqual(Window(home).Property(ShowScreenSettings),show)">ClearProperty(ShowScreenSettings,home)</onclick>
				<visible>$EXP[isEnabledTouch]</visible>
			</control>
			<control type="image">
				<left>450</left>
				<top>212</top>
				<width>372</width>
				<height>4</height>
				<texture>separator.png</texture>
			</control>
			<control type="grouplist" id="9000">
				<left>450</left>
				<top>224</top>
				<width>376</width>
				<height>290</height>
				<onright>50</onright>
				<onleft>50</onleft>
				<control type="button" id="2"><!-- View type -->
					<width>376</width>
					<height>46</height>
					<font>apptv22</font>
					<label>$LOCALIZE[100]</label>
					<textoffsetx>10</textoffsetx>
				</control>
				<control type="radiobutton" id="1198"><!-- Tilt icon list view -->
					<width>376</width>
					<height>46</height>
					<label>$LOCALIZE[31886]</label>
					<font>apptv22</font>
					<onclick>Skin.ToggleSetting(tiltmisclisticon)</onclick>
					<selected>Skin.HasSetting(tiltmisclisticon)</selected>
					<textoffsetx>10</textoffsetx>
					<radioposx>330</radioposx>
					<visible>String.EndsWith(Control.GetLabel(2),$LOCALIZE[31941])</visible>
				</control>
				<control type="radiobutton" id="1197"><!-- Tilt icon wall view -->
					<width>376</width>
					<height>46</height>
					<label>$LOCALIZE[31886]</label>
					<font>apptv22</font>
					<onclick>Skin.ToggleSetting(tiltmiscwallicon)</onclick>
					<selected>Skin.HasSetting(tiltmiscwallicon)</selected>
					<textoffsetx>10</textoffsetx>
					<radioposx>330</radioposx>
					<visible>String.EndsWith(Control.GetLabel(2),$LOCALIZE[31944])</visible>
				</control>
				<control type="button" id="3"><!-- Sort by -->
					<width>376</width>
					<height>46</height>
					<font>apptv22</font>
					<label>$LOCALIZE[103]</label>
					<textoffsetx>10</textoffsetx>
				</control>
				<control type="togglebutton" id="4"><!-- Sort direction -->
					<width>376</width>
					<height>46</height>
					<label>$LOCALIZE[21429]: $LOCALIZE[21430]</label>
					<altlabel>$LOCALIZE[21429]: $LOCALIZE[21431]</altlabel>
					<font>apptv22</font>
					<textoffsetx>10</textoffsetx>
				</control>
				<control type="edit" id="19"><!-- Filter -->
					<width>376</width>
					<height>46</height>
					<font>apptv22</font>
					<label>$LOCALIZE[587]</label>
					<disabledcolor>disabled-text</disabledcolor>
					<textwidth>340</textwidth>
					<textoffsetx>10</textoffsetx>
				</control>
				<control type="button" id="1200"><!-- Player controls -->
					<width>376</width>
					<height>46</height>
					<font>apptv22</font>
					<textoffsetx>10</textoffsetx>
					<label>$LOCALIZE[16003] $LOCALIZE[478]</label>
					<onclick>SetFocus(50)</onclick>
					<onclick condition="String.IsEqual(Window(home).Property(ShowScreenSettings),show)">ClearProperty(ShowScreenSettings,home)</onclick>
					<onclick>ActivateWindow(playercontrols)</onclick>
					<enable>Player.HasAudio | Player.HasVideo</enable>
				</control>
			</control>
		</control>

		<include>element-focusvert</include>
		<include>element-focushorz</include>

		<include>touch-controls</include>

	</controls>
</window>