<?xml version="1.0" encoding="UTF-8"?>
<window>
	<defaultcontrol always="true">655</defaultcontrol>
	<visible>[System.HasMediaDVD | Player.HasMedia] + Window.IsActive(playercontrols) + $EXP[isnotFullscreenVideo] + !Window.IsActive(visualisation)</visible>
	<coordinates>
		<left>0</left>
		<top>0</top>
	</coordinates>
	<controls>
		<include>fadebackground</include>
		<control type="image"><!-- Dialog background image -->
			<left>123</left>
			<top>125</top>
			<height>175</height>
			<width>1026</width>
			<texture border="9">button-menu-background.png</texture>
		</control>
		<control type="button"><!-- Touch Close button -->
			<left>1128</left>
			<top>116</top>
			<width>32</width>
			<height>32</height>
			<texturefocus>touch-close.png</texturefocus>
			<texturenofocus>touch-close.png</texturenofocus>
			<onclick>Dialog.Close(playercontrols)</onclick>
			<visible>$EXP[isEnabledTouch]</visible>
		</control>

		<!-- Media Info -->
 		<control type="group"><!-- Video -->
			<visible>Player.HasVideo</visible>
			<control type="videowindow">
				<left>150</left>
				<top>137</top>
				<width>212</width>
				<height>150</height>
				<visible>!Skin.HasSetting(background-playingmedia)</visible>
			</control>
			<control type="image">
				<left>164</left>
				<top>137</top>
				<width>150</width>
				<height>150</height>
				<align>left</align>
				<aligny>bottom</aligny>
				<fadetime>300</fadetime>
				<texture fallback="DefaultAudio.png">$VAR[PlayerVideoCover]</texture>
				<aspectratio>keep</aspectratio>
				<visible>Skin.HasSetting(background-playingmedia)</visible>
			</control>
			<control type="button"><!-- Touch button for Fullscreen -->
				<left>150</left>
				<top>137</top>
				<width>212</width>
				<height>150</height>
				<texturefocus>blank.png</texturefocus>
				<onclick>Dialog.Close(playercontrols)</onclick>
				<onclick>Fullscreen</onclick>
				<visible>$EXP[isEnabledTouch]</visible>
			</control>
			<control type="label"><!-- Now playing -->
				<left>354</left>
				<top>137</top>
				<width>778</width>
				<height>23</height>
				<label>$LOCALIZE[31037]</label>
				<align>center</align>
				<font>apptv23</font>
				<textcolor>listselected-text</textcolor>
			</control>
			<control type="label">
				<left>354</left>
				<top>164</top>
				<width>778</width>
				<height>22</height>
				<label>$INFO[VideoPlayer.Title]</label>
				<font>apptv22</font>
				<align>center</align>
				<visible>!Pvr.IsPlayingTv</visible>
			</control>
			<control type="label">
				<left>354</left>
				<top>164</top>
				<width>778</width>
				<height>22</height>
				<label>$INFO[VideoPlayer.ChannelNumberLabel,, - ]$INFO[VideoPlayer.ChannelName]</label>
				<font>apptv22</font>
				<align>center</align>
				<visible>Pvr.IsPlayingTv</visible>
			</control>
			<control type="label">
				<left>370</left>
				<top>268</top>
				<width>170</width>
				<height>20</height>
				<font>apptv20</font>
				<label>$INFO[VideoPlayer.Time]</label>
				<align>right</align>
			</control>
			<control type="progress"><!-- Cache -->
				<left>550</left>
				<top>270</top>
				<width>380</width>
				<height>16</height>
				<info>Player.ProgressCache</info>
				<colordiffuse>CacheBarColor</colordiffuse>
			</control>
			<control type="progress">
				<left>550</left>
				<top>270</top>
				<width>380</width>
				<height>16</height>
				<info>Player.Progress</info>
			</control>
			<control type="slider" id="690">
				<left>550</left>
				<top>270</top>
				<width>380</width>
				<height>16</height>
				<action>seek</action>
				<onup>650</onup>
			</control>
			<control type="label">
				<left>940</left>
				<top>268</top>
				<width>170</width>
				<height>20</height>
				<font>apptv20</font>
				<label>$INFO[VideoPlayer.TimeRemaining,- ]</label>
			</control>
		</control>

 		<control type="group"><!-- Music -->
			<visible>Player.HasAudio</visible>
			<control type="image">
				<left>164</left>
				<top>137</top>
				<width>150</width>
				<height>150</height>
				<align>left</align>
				<aligny>bottom</aligny>
				<fadetime>300</fadetime>
				<texture fallback="DefaultAudio.png">$VAR[PlayerMusicCover]</texture>
				<aspectratio>keep</aspectratio>
				<visible>!Window.IsActive(visualisation)</visible>
			</control>
			<control type="button"><!-- Touch button for Fullscreen -->
				<left>164</left>
				<top>137</top>
				<width>150</width>
				<height>150</height>
				<texturefocus>blank.png</texturefocus>
				<texturenofocus>blank.png</texturenofocus>
				<onclick>Dialog.Close(playercontrols)</onclick>
				<onclick>Fullscreen</onclick>
				<visible>$EXP[isEnabledTouch]</visible>
			</control>
			<control type="label">
				<left>354</left>
				<top>137</top>
				<width>778</width>
				<height>22</height>
				<label>$INFO[MusicPlayer.Artist]</label>
				<font>apptv22</font>
				<align>center</align>
			</control>
			<control type="label">
				<left>354</left>
				<top>162</top>
				<width>778</width>
				<height>20</height>
				<label>$INFO[MusicPlayer.Album]</label>
				<font>apptv20</font>
				<align>center</align>
			</control>
			<control type="label">
				<left>354</left>
				<top>185</top>
				<width>778</width>
				<height>20</height>
				<label>$INFO[MusicPlayer.Title]</label>
				<font>apptv20</font>
				<align>center</align>
				<visible>!Pvr.IsPlayingRadio</visible>
			</control>
			<control type="label"><!-- Now playing -->
				<left>354</left>
				<top>137</top>
				<width>778</width>
				<height>22</height>
				<label>$LOCALIZE[31037]</label>
				<align>center</align>
				<font>apptv22</font>
				<textcolor>listselected-text</textcolor>
				<visible>Pvr.IsPlayingRadio</visible>
			</control>
			<control type="textbox">
				<left>354</left>
				<top>162</top>
				<height>52</height>
				<width>778</width>
				<font>apptv20</font>
				<align>center</align>
				<aligny>top</aligny>
				<label>$INFO[MusicPlayer.ChannelName][CR]$INFO[MusicPlayer.Title]</label>
				<include condition="Skin.HasSetting(text-autoscroll)">scrolltext</include>
				<visible>Pvr.IsPlayingRadio</visible>
			</control>
			<control type="label">
				<left>310</left>
				<top>268</top>
				<width>200</width>
				<height>20</height>
				<label>$INFO[MusicPlayer.Time]</label>
				<font>apptv20</font>
				<align>right</align>
				<visible>!Pvr.IsPlayingRadio</visible>
			</control>
			<control type="progress">
				<left>520</left>
				<top>270</top>
				<width>440</width>
				<height>16</height>
				<info>Player.Progress</info>
				<visible>!Pvr.IsPlayingRadio</visible>
			</control>
			<control type="slider" id="691">
				<left>520</left>
				<top>270</top>
				<width>440</width>
				<height>16</height>
				<action>seek</action>
				<onup>650</onup>
				<visible>!Pvr.IsPlayingRadio</visible>
			</control>
			<control type="label">
				<left>970</left>
				<top>268</top>
				<width>220</width>
				<height>20</height>
				<label>$INFO[MusicPlayer.TimeRemaining,- ]</label>
				<font>apptv20</font>
			</control>
		</control>
		<!-- End of Media Info-->
		<control type="grouplist" id="630"><!-- Settings group OSD Buttons -->
			<left>552</left>
			<top>204</top>
			<width>192</width>
			<height>32</height>
			<itemgap>2</itemgap>
			<orientation>horizontal</orientation>
			<align>center</align>
			<ondown>650</ondown>
			<visible>Control.HasFocus(652) | ControlGroup(630).HasFocus()</visible>
			<control type="button" id="631"><!-- Subtitles Menu -->
				<width>32</width>
				<height>32</height>
				<texturenofocus>osd-btn-subtitle.png</texturenofocus>
				<texturefocus>osd-btn-subtitle-focus.png</texturefocus>
				<onclick>Dialog.Close(playercontrols)</onclick>
				<onclick>ActivateWindow(subtitlesearch)</onclick>
				<include>focus-zoom</include>
				<visible>Player.HasVideo</visible>
			</control>
			<control type="button" id="632"><!-- 3D Menu -->
				<width>32</width>
				<height>32</height>
				<texturefocus>osd-btn-3D-focus.png</texturefocus>
				<texturenofocus>osd-btn-3D.png</texturenofocus>
				<onclick>Dialog.Close(playercontrols)</onclick>
				<onclick>ActivateWindow(1151)</onclick>
				<onclick>RunScript(script.skin.helper.service,action=setskinsetting,setting=libraryentry-radio-val,header=$LOCALIZE[31561])</onclick>
				<include>focus-zoom</include>
				<visible>VideoPlayer.IsStereoscopic</visible>
			</control>
			<control type="button" id="633"><!-- Popup Vis Preset List -->
				<width>32</width>
				<height>32</height>
				<texturefocus>osd-btn-vis-focus.png</texturefocus>
				<texturenofocus>osd-btn-vis.png</texturenofocus>
				<onclick>ActivateWindow(visualisationpresetlist)</onclick>
				<include>focus-zoom</include>
				<visible>Player.HasAudio + Visualisation.Enabled + Visualisation.HasPresets</visible>
			</control>
			<control type="button" id="634"><!-- Popup Vis Settings -->
				<width>32</width>
				<height>32</height>
				<texturefocus>osd-btn-vissetting-focus.png</texturefocus>
				<texturenofocus>osd-btn-vissetting.png</texturenofocus>
				<onclick>Addon.Default.OpenSettings(xbmc.player.musicviz)</onclick>
				<include>focus-zoom</include>
				<visible>Player.HasAudio + Visualisation.Enabled + Visualisation.HasPresets</visible>
			</control>
			<control type="button" id="635"><!-- Audio Menu -->
				<width>32</width>
				<height>32</height>
				<texturefocus>osd-btn-audio-focus.png</texturefocus>
				<texturenofocus>osd-btn-audio.png</texturenofocus>
				<onclick>ActivateWindow(osdaudiosettings)</onclick>
				<include>focus-zoom</include>
			</control>
			<control type="button" id="636"><!-- Video Menu -->
				<width>32</width>
				<height>32</height>
				<texturefocus>osd-btn-video-focus.png</texturefocus>
				<texturenofocus>osd-btn-video.png</texturenofocus>
				<onclick>ActivateWindow(osdvideosettings)</onclick>
				<include>focus-zoom</include>
				<visible>Player.HasVideo</visible>
			</control>
		</control>
		<control type="grouplist" id="640"><!-- Back group OSD buttons -->
			<left>670</left>
			<top>204</top>
			<width>68</width>
			<height>32</height>
			<itemgap>2</itemgap>
			<orientation>horizontal</orientation>
			<align>center</align>
			<ondown>650</ondown>
			<visible>Control.HasFocus(654) | ControlGroup(640).HasFocus()</visible>
			<control type="button" id="641"><!-- Tempo down -->
				<width>32</width>
				<height>32</height>
				<texturefocus>osd-btn-tempodown-focus.png</texturefocus>
				<texturenofocus>osd-btn-tempodown.png</texturenofocus>
				<onclick>PlayerControl(tempodown)</onclick>
				<include>focus-zoom</include>
				<visible>Player.TempoEnabled</visible>
			</control>
			<control type="button" id="642"><!-- Skip Bwd -->
				<width>32</width>
				<height>32</height>
				<texturefocus>osd-btn-skipback-focus.png</texturefocus>
				<texturenofocus>osd-btn-skipback.png</texturenofocus>
				<onclick>PlayerControl(Previous)</onclick>
				<include>focus-zoom</include>
			</control>
		</control>
		<control type="grouplist" id="650"><!-- Default group OSD buttons -->
			<left>596</left>
			<top>237</top>
			<width>288</width>
			<height>32</height>
			<itemgap>4</itemgap>
			<orientation>horizontal</orientation>
			<align>center</align>
			<ondown condition="Player.HasVideo">690</ondown>
			<ondown condition="Player.HasAudio">691</ondown>
			<control type="button" id="651"><!-- Fullscreen -->
				<width>32</width>
				<height>32</height>
				<texturefocus>osd-btn-zoom-focus.png</texturefocus>
				<texturenofocus>osd-btn-zoom.png</texturenofocus>
				<onclick>Dialog.Close(playercontrols)</onclick>
				<onclick>Fullscreen</onclick>
				<include>focus-zoom</include>
			</control>
			<control type="button" id="652"><!-- Settings -->
				<width>32</width>
				<height>32</height>
				<texturefocus>osd-btn-setting-focus.png</texturefocus>
				<texturenofocus>osd-btn-setting.png</texturenofocus>
				<onclick>SetFocus(630)</onclick>
				<onup>630</onup>
				<include>focus-zoom</include>
			</control>
			<control type="image" id="653"><!-- Dummy -->
				<width>16</width>
				<height>32</height>
				<texture>blank.png</texture>
			</control>
			<control type="button" id="654"><!-- Rewind -->
				<width>32</width>
				<height>32</height>
				<texturefocus>osd-btn-rewind-focus.png</texturefocus>
				<texturenofocus>osd-btn-rewind.png</texturenofocus>
				<onclick>PlayerControl(Rewind)</onclick>
				<onup>SetFocus(640)</onup>
				<include>focus-zoom</include>
			</control>
			<control type="togglebutton" id="655"><!-- Play -->
				<width>32</width>
				<height>32</height>
				<texturefocus>osd-btn-pause-focus.png</texturefocus>
				<texturenofocus>osd-btn-pause.png</texturenofocus>
				<usealttexture>Player.Paused | Player.Forwarding | Player.Rewinding</usealttexture>
				<alttexturefocus>osd-btn-play-focus.png</alttexturefocus>
				<alttexturenofocus>osd-btn-play.png</alttexturenofocus>
				<onclick>PlayerControl(Play)</onclick>
				<include>focus-zoom</include>
			</control>
			<control type="button" id="656"><!-- Stop -->
				<width>32</width>
				<height>32</height>
				<texturefocus>osd-btn-stop-focus.png</texturefocus>
				<texturenofocus>osd-btn-stop.png</texturenofocus>
				<onclick>PlayerControl(Stop)</onclick>
				<include>focus-zoom</include>
			</control>
			<control type="button" id="657"><!-- Fast Forward -->
				<width>32</width>
				<height>32</height>
				<texturefocus>osd-btn-fastfwd-focus.png</texturefocus>
				<texturenofocus>osd-btn-fastfwd.png</texturenofocus>
				<onclick>PlayerControl(Forward)</onclick>
				<onup>SetFocus(660)</onup>
				<include>focus-zoom</include>
			</control>
			<control type="image" id="658"><!-- Dummy -->
				<width>16</width>
				<height>32</height>
				<texture>blank.png</texture>
			</control>
			<control type="button" id="659"><!-- More options -->
				<width>32</width>
				<height>32</height>
				<texturefocus>osd-btn-more-focus.png</texturefocus>
				<texturenofocus>osd-btn-more.png</texturenofocus>
				<onclick>SetFocus(670)</onclick>
				<onup>SetFocus(670)</onup>
				<include>focus-zoom</include>
			</control>
		</control>
		<control type="grouplist" id="660"><!-- Forward group OSD Button -->
			<left>780</left>
			<top>204</top>
			<width>68</width>
			<height>32</height>
			<itemgap>2</itemgap>
			<orientation>horizontal</orientation>
			<align>center</align>
			<ondown>650</ondown>
			<visible>Control.HasFocus(657) | ControlGroup(660).HasFocus()</visible>
			<control type="button" id="661"><!-- Tempo up -->
				<width>32</width>
				<height>32</height>
				<texturefocus>osd-btn-tempoup-focus.png</texturefocus>
				<texturenofocus>osd-btn-tempoup.png</texturenofocus>
				<onclick>PlayerControl(tempoup)</onclick>
				<include>focus-zoom</include>
				<visible>Player.TempoEnabled</visible>
			</control>
			<control type="button" id="662"><!-- Skip Fwd -->
				<width>32</width>
				<height>32</height>
				<texturefocus>osd-btn-skipfwd-focus.png</texturefocus>
				<texturenofocus>osd-btn-skipfwd.png</texturenofocus>
				<onclick>PlayerControl(Next)</onclick>
				<include>focus-zoom</include>
			</control>
		</control>
		<control type="grouplist" id="670"><!-- More group OSD Buttons -->
			<left>734</left>
			<top>204</top>
			<width>272</width>
			<height>32</height>
			<itemgap>2</itemgap>
			<orientation>horizontal</orientation>
			<align>center</align>
			<ondown>650</ondown>
			<visible>Control.HasFocus(659) | ControlGroup(670).HasFocus()</visible>
			<control type="button" id="671"><!-- DVD Menu -->
				<width>32</width>
				<height>32</height>
				<texturefocus>osd-btn-dvdmenu-focus.png</texturefocus>
				<texturenofocus>osd-btn-dvdmenu.png</texturenofocus>
				<onclick>PlayerControl(ShowVideoMenu)</onclick>
				<include>focus-zoom</include>
				<visible>VideoPlayer.HasMenu</visible>
			</control>
			<control type="togglebutton" id="672"><!-- Random -->
				<width>32</width>
				<height>32</height>
				<texturefocus>osd-btn-playthru-focus.png</texturefocus>
				<texturenofocus>osd-btn-playthru.png</texturenofocus>
				<usealttexture>Playlist.IsRandom</usealttexture>
				<alttexturefocus>osd-btn-random-focus.png</alttexturefocus>
				<alttexturenofocus>osd-btn-random.png</alttexturenofocus>
				<onclick>PlayerControl(Random)</onclick>
				<include>focus-zoom</include>
				<visible>Player.HasAudio</visible>
			</control>
			<control type="group" id="673"><!-- Repeat -->
				<width>32</width>
				<height>32</height>
				<include>focus-zoom</include>
				<visible>Player.HasAudio</visible>
				<control type="button" id="674">
					<width>32</width>
					<height>32</height>
					<onleft>672</onleft>
					<onright>675</onright>
					<ondown>650</ondown>
					<texturefocus></texturefocus>
					<texturenofocus></texturenofocus>
					<onclick>PlayerControl(Repeat)</onclick>
				</control>
				<control type="image">
					<width>32</width>
					<height>32</height>
					<texture>$VAR[PlayerControlRepeatImage]</texture>
				</control>
			</control>
			<control type="button" id="675"><!-- Channel Up -->
				<width>32</width>
				<height>32</height>
				<texturefocus>osd-btn-channelup-focus.png</texturefocus>
				<texturenofocus>osd-btn-channelup.png</texturenofocus>
				<onclick>ChannelUp</onclick>
				<include>focus-zoom</include>
				<visible>VideoPlayer.Content(LiveTV)</visible>
			</control>
			<control type="button" id="676"><!-- Channel Down -->
				<width>32</width>
				<height>32</height>
				<texturefocus>osd-btn-channeldown-focus.png</texturefocus>
				<texturenofocus>osd-btn-channeldown.png</texturenofocus>
				<onclick>ChannelDown</onclick>
				<include>focus-zoom</include>
				<visible>VideoPlayer.Content(LiveTV)</visible>
			</control>
			<control type="button" id="677"><!-- Volume Up -->
				<width>32</width>
				<height>32</height>
				<texturefocus>osd-btn-volumeup-focus.png</texturefocus>
				<texturenofocus>osd-btn-volumeup.png</texturenofocus>
				<include>focus-zoom</include>
				<onclick>VolumeUp</onclick>
			</control>
			<control type="button" id="678"><!-- Volume Down -->
				<width>32</width>
				<height>32</height>
				<texturefocus>osd-btn-volumedown-focus.png</texturefocus>
				<texturenofocus>osd-btn-volumedown.png</texturenofocus>
				<include>focus-zoom</include>
				<onclick>VolumeDown</onclick>
			</control>
			<control type="button" id="679"><!-- Eject Disk -->
				<width>32</width>
				<height>32</height>
				<texturefocus>osd-btn-eject-focus.png</texturefocus>
				<texturenofocus>osd-btn-eject.png</texturenofocus>
				<onclick>EjectTray()</onclick>
				<onclick>SetFocus(1115)</onclick>
				<include>focus-zoom</include>
				<visible>System.HasMediadvd</visible>
			</control>
			<control type="togglebutton" id="680"><!-- Record -->
				<width>32</width>
				<height>32</height>
				<texturefocus>osd-btn-rec-focus.png</texturefocus>
				<texturenofocus>osd-btn-rec.png</texturenofocus>
				<usealttexture>Player.CanRecord + Player.Recording</usealttexture>
				<alttexturefocus>osd-btn-rec-recording-focus.png</alttexturefocus>
				<alttexturenofocus>osd-btn-rec-recording.png</alttexturenofocus>
				<onclick>PlayerControl(record)</onclick>
				<include>focus-zoom</include>
				<visible>Player.CanRecord</visible>
			</control>
			<control type="button" id="982"><!-- EPG Menu -->
				<width>32</width>
				<height>32</height>
				<texturefocus>osd-btn-guide-focus.png</texturefocus>
				<texturenofocus>osd-btn-guide.png</texturenofocus>
				<onclick>ActivateWindow(tvguide)</onclick>
				<include>focus-zoom</include>
				<visible>VideoPlayer.HasEpg</visible>
			</control>
			<control type="button" id="983"><!-- RDS Info -->
				<width>32</width>
				<height>32</height>
				<texturefocus>osd-btn-guide-focus.png</texturefocus>
				<texturenofocus>osd-btn-guide.png</texturenofocus>
				<onclick>ActivateWindow(pvrradiordsinfo)</onclick>
				<include>focus-zoom</include>
				<visible>MusicPlayer.Content(LiveTV) + RDS.HasRadiotextPlus</visible>
			</control>
		</control>
	</controls>
</window>