<?xml version="1.0" encoding="UTF-8"?>
<includes>
	<include name="PVRTimelineView">
		<control type="group"><!-- TV guide timeline -->
			<visible>Control.IsVisible(10) + Integer.IsGreater(Container(10).NumItems,0)</visible>
			<control type="label"><!-- Current time -->
				<left>780</left>
				<top>54</top>
				<width>470</width>
				<height>25</height>
				<align>right</align>
				<font>apptv25</font>
				<label>$INFO[System.Time]</label>
			</control>
			<control type="epggrid" id="10"><!-- EPG grid -->
				<viewtype label="19032">list</viewtype>
				<left>30</left>
				<top>100</top>
				<width>1220</width>
				<height>451</height>
				<pagecontrol>60</pagecontrol>
				<scrolltime>350</scrolltime>
				<timeblocks>40</timeblocks>
				<progresstexture border="0,32,4,0">progress-timeline.png</progresstexture>
				<rulerunit>6</rulerunit>
				<onleft>9000</onleft>
				<onright>60</onright>
				<onup>10</onup>
				<ondown>10</ondown>
				<rulerlayout height="35" width="40">
					<control type="image" id="1">
						<left>0</left>
						<top>0</top>
						<width>40</width>
						<height>35</height>
						<texture>blank.png</texture>
					</control>
					<control type="label" id="2">
						<left>10</left>
						<top>0</top>
						<width>34</width>
						<height>29</height>
						<font>apptv22</font>
						<selectedcolor>listselected-text</selectedcolor>
						<label>$INFO[ListItem.Label]</label>
					</control>
					<control type="image">
						<left>0</left>
						<top>28</top>
						<width>1120</width>
						<height>4</height>
						<texture>separator.png</texture>
					</control>
				</rulerlayout>
				<channellayout height="52" width="300">
					<animation effect="fade" start="110" time="200">UnFocus</animation>
					<control type="image" id="1">
						<left>0</left>
						<top>0</top>
						<width>298</width>
						<height>52</height>
						<texture>colours/grey.png</texture>
						<colordiffuse>mask-background</colordiffuse>
					</control>
					<control type="image">
						<left>4</left>
						<top>4</top>
						<width>44</width>
						<height>44</height>
						<aspectratio>keep</aspectratio>
						<texture>$INFO[ListItem.Icon]</texture>
					</control>
					<control type="label">
						<left>4</left>
						<top>4</top>
						<width>44</width>
						<height>44</height>
						<align>center</align>
						<selectedcolor>listselected-text</selectedcolor>
						<label>$INFO[ListItem.ChannelNumber]</label>
						<visible>$EXP[isEmptyIcon]</visible>
					</control>
					<control type="label" id="1">
						<left>52</left>
						<top>0</top>
						<width>238</width>
						<height>52</height>
						<font>apptv22</font>
						<selectedcolor>listselected-text</selectedcolor>
						<label>$INFO[ListItem.ChannelName]</label>
					</control>
				</channellayout>
				<focusedchannellayout height="52" width="300">
					<animation effect="fade" start="110" time="200">OnFocus</animation>
					<control type="image" id="1">
						<left>0</left>
						<top>0</top>
						<width>298</width>
						<height>52</height>
						<texture>colours/blue.png</texture>
						<colordiffuse>mask-background</colordiffuse>
					</control>
					<control type="image">
						<left>4</left>
						<top>4</top>
						<width>44</width>
						<height>44</height>
						<aspectratio>keep</aspectratio>
						<texture>$INFO[ListItem.Icon]</texture>
					</control>
					<control type="label">
						<left>4</left>
						<top>4</top>
						<width>44</width>
						<height>44</height>
						<align>center</align>
						<selectedcolor>listselected-text</selectedcolor>
						<label>$INFO[ListItem.ChannelNumber]</label>
						<visible>$EXP[isEmptyIcon]</visible>
					</control>
					<control type="label" id="1">
						<left>52</left>
						<top>0</top>
						<width>238</width>
						<height>52</height>
						<font>apptv22</font>
						<selectedcolor>listselected-text</selectedcolor>
						<label>$INFO[ListItem.ChannelName]</label>
					</control>
				</focusedchannellayout>
				<itemlayout height="52" width="40">
					<control type="image" id="2">
						<left>0</left>
						<top>0</top>
						<width>40</width>
						<height>52</height>
						<aspectratio>stretch</aspectratio>
						<texture border="3">epg-genres/$INFO[ListItem.Property(GenreType)].png</texture>
					</control>
					<control type="label" id="1">
						<left>20</left>
						<top>0</top>
						<width>10</width>
						<height>48</height>
						<font>apptv22</font>
						<selectedcolor>listselected-text</selectedcolor>
						<wrapmultiline>true</wrapmultiline>
						<label>$INFO[ListItem.Label]</label>
					</control>
					<control type="image">
						<left>2</left>
						<top>18</top>
						<width>16</width>
						<height>16</height>
						<texture>$VAR[PVROverlay]</texture>
					</control>
				</itemlayout>
				<focusedlayout height="52" width="40">
					<control type="image" id="14">
						<left>0</left>
						<top>0</top>
						<width>40</width>
						<height>52</height>
						<texture>colours/blue.png</texture>
						<colordiffuse>mask-background</colordiffuse>
					</control>
					<control type="image" id="2">
						<left>0</left>
						<top>0</top>
						<width>40</width>
						<height>52</height>
						<aspectratio>stretch</aspectratio>
						<texture>colours/blue.png</texture>
						<colordiffuse>mask-background</colordiffuse>
					</control>
					<control type="label" id="1">
						<left>20</left>
						<top>0</top>
						<width>10</width>
						<height>48</height>
						<font>apptv22</font>
						<selectedcolor>listselected-text</selectedcolor>
						<include condition="Skin.HasSetting(text-autoscroll)">scrolltext</include>
						<wrapmultiline>true</wrapmultiline>
						<label>$INFO[ListItem.Label]</label>
					</control>
					<control type="image">
						<left>2</left>
						<top>18</top>
						<width>16</width>
						<height>16</height>
						<texture>$VAR[PVROverlay]</texture>
					</control>
				</focusedlayout>
			</control>
			<control type="scrollbar" id="60">
				<left>1258</left>
				<top>134</top>
				<width>16</width>
				<height>420</height>
				<onleft>10</onleft>
				<animation condition="!Control.HasFocus(60) + !Container.Scrolling + !String.IsEqual(Skin.String(show-scrollbar),$LOCALIZE[31875])" effect="fade" start="100" end="0" time="200" reversible="true">Conditional</animation>
				<visible>$EXP[isEnabledScrollbar]</visible>
			</control>
			<control type="label">
				<left>30</left>
				<top>556</top>
				<width>700</width>
				<height>32</height>
				<label>$INFO[ListItem.Title]$INFO[ListItem.EpisodeName, (,)]</label>
				<font>apptv30</font>
				<wrapmultiline>true</wrapmultiline>
			</control>
			<control type="label"><!-- Start time -->
				<visible>!String.IsEmpty(ListItem.StartTime)</visible>
				<left>850</left>
				<top>564</top>
				<width>400</width>
				<height>24</height>
				<align>right</align>
				<font>apptv22</font>
				<label>$LOCALIZE[19126] $INFO[ListItem.StartTime] • $VAR[VideoDuration]</label>
			</control>
			<control type="image">
				<visible>!String.IsEmpty(ListItem.Title)</visible>
				<left>30</left>
				<top>592</top>
				<width>1220</width>
				<height>4</height>
				<texture>separator.png</texture>
			</control>
			<control type="textbox"><!-- Plot -->
				<left>30</left>
				<top>598</top>
				<width>1220</width>
				<height>78</height>
				<font>apptv22</font>
				<label>$INFO[ListItem.Plot]</label>
				<visible>!String.IsEmpty(ListItem.Plot)</visible>
			</control>
		</control>
	</include>

	<include name="PVRTimerListView">
		<control type="group"><!-- Timers group -->
			<visible>Control.IsVisible(14)</visible>
			<control type="group">
				<left>20</left>
				<top>60</top>
				<control type="label"><!-- Channel heading -->
					<left>15</left>
					<top>20</top>
					<width>280</width>
					<height>25</height>
					<align>left</align>
					<label>$LOCALIZE[19029]</label>
				</control>
				<control type="label"><!-- Title heading -->
					<left>315</left>
					<top>20</top>
					<width>305</width>
					<height>25</height>
					<align>left</align>
					<label>$LOCALIZE[369]</label>
				</control>
				<control type="label"><!-- Schedule time heading -->
					<left>640</left>
					<top>20</top>
					<width>300</width>
					<height>25</height>
					<align>left</align>
					<label>$LOCALIZE[19225]</label>
				</control>
				<control type="label"><!-- Status heading -->
					<left>1110</left>
					<top>20</top>
					<width>150</width>
					<height>25</height>
					<align>center</align>
					<label>$LOCALIZE[126]</label>
				</control>
				<control type="image">
					<left>0</left>
					<top>50</top>
					<width>1240</width>
					<height>4</height>
					<texture>separator.png</texture>
				</control>
			</control>
			<control type="list" id="14">
				<left>20</left>
				<top>120</top>
				<width>1240</width>
				<height>500</height>
				<onleft condition="Skin.HasSetting(lock-screensettings)">noop</onleft>
				<onleft condition="!Skin.HasSetting(lock-screensettings)">9000</onleft>
				<onright condition="String.IsEqual(Skin.String(show-scrollbar),$LOCALIZE[31877])">noop</onright>
				<onright condition="!String.IsEqual(Skin.String(show-scrollbar),$LOCALIZE[31877])">27</onright>
				<onup>14</onup>
				<ondown>14</ondown>
				<viewtype label="536">list</viewtype>
				<pagecontrol>27</pagecontrol>
				<preloaditems>4</preloaditems>
				<itemlayout height="50">
					<control type="image">
						<left>0</left>
						<top>0</top>
						<width>1240</width>
						<height>50</height>
						<texture border="6">button-default.png</texture>
					</control>
					<control type="label">
						<left>15</left>
						<top>0</top>
						<width>280</width>
						<height>50</height>
						<font>apptv23</font>
						<label>$INFO[ListItem.ChannelName]</label>
					</control>
					<control type="label">
						<left>315</left>
						<top>0</top>
						<width>305</width>
						<height>50</height>
						<font>apptv23</font>
						<label>$INFO[ListItem.Label]</label>
					</control>
					<control type="label">
						<left>640</left>
						<top>0</top>
						<width>450</width>
						<height>50</height>
						<font>apptv23</font>
						<label>$INFO[ListItem.Date]</label>
					</control>
					<control type="image">
						<left>1170</left>
						<top>9</top>
						<width>32</width>
						<height>32</height>
						<texture>groupfocused.png</texture>
						<visible>!String.IsEqual(ListItem.Comment,$LOCALIZE[305]) + !String.IsEmpty(ListItem.ChannelName)</visible>
					</control>
					<control type="image">
						<left>1170</left>
						<top>9</top>
						<width>32</width>
						<height>32</height>
						<texture>OverlayUnwatched.png</texture>
						<visible>String.IsEqual(ListItem.Comment,$LOCALIZE[305]) + !String.IsEmpty(ListItem.ChannelName)</visible>
					</control>
				</itemlayout>
				<focusedlayout height="50">
					<control type="image">
						<left>0</left>
						<top>0</top>
						<width>1240</width>
						<height>50</height>
						<texture border="6">button-default-focus.png</texture>
					</control>
					<control type="label">
						<left>15</left>
						<top>0</top>
						<width>280</width>
						<height>50</height>
						<font>apptv23</font>
						<label>$INFO[ListItem.ChannelName]</label>
					</control>
					<control type="label">
						<left>315</left>
						<top>0</top>
						<width>305</width>
						<height>50</height>
						<font>apptv23</font>
						<label>$INFO[ListItem.Label]</label>
					</control>
					<control type="label">
						<left>640</left>
						<top>0</top>
						<width>450</width>
						<height>50</height>
						<font>apptv23</font>
						<label>$INFO[ListItem.Date]</label>
					</control>
					<control type="image">
						<left>1170</left>
						<top>9</top>
						<width>32</width>
						<height>32</height>
						<texture>groupfocused.png</texture>
						<visible>!String.IsEqual(ListItem.Comment,$LOCALIZE[305]) + !String.IsEmpty(ListItem.ChannelName)</visible>
					</control>
					<control type="image">
						<left>1170</left>
						<top>9</top>
						<width>32</width>
						<height>32</height>
						<texture>OverlayUnwatched.png</texture>
						<visible>String.IsEqual(ListItem.Comment,$LOCALIZE[305]) + !String.IsEmpty(ListItem.ChannelName)</visible>
					</control>
				</focusedlayout>
			</control>
			<control type="group">
				<visible>PVR.HasTimer</visible>
				<control type="label">
					<left>20</left>
					<top>640</top>
					<width>1240</width>
					<height>25</height>
					<align>center</align>
					<label>$INFO[PVR.NextTimer]</label>
				</control>
			</control>
			<control type="scrollbar" id="27">
				<left>1244</left>
				<top>120</top>
				<width>18</width>
				<height>500</height>
				<onleft>14</onleft>
				<animation condition="!Control.HasFocus(27) + !Container.Scrolling + !String.IsEqual(Skin.String(show-scrollbar),$LOCALIZE[31875])" effect="fade" start="100" end="0" time="200" reversible="true">Conditional</animation>
				<visible>$EXP[isEnabledScrollbar]</visible>
			</control>
		</control>
	</include>
	<include name="PVRListView">
		<control type="group">
			<visible>Control.IsVisible(50) + Integer.IsGreater(Container(50).NumItems,0)</visible>
			<control type="group">
				<control type="list" id="50">
					<left>674</left>
					<top>118</top>
					<width>560</width>
					<height>560</height>
					<onup>50</onup>
					<ondown>50</ondown>
					<onleft condition="Skin.HasSetting(lock-screensettings)">noop</onleft>
					<onleft condition="!Skin.HasSetting(lock-screensettings)">9000</onleft>
					<onright condition="String.IsEqual(Skin.String(show-scrollbar),$LOCALIZE[31877])">noop</onright>
					<onright condition="!String.IsEqual(Skin.String(show-scrollbar),$LOCALIZE[31877])">27</onright>
					<preloaditems>4</preloaditems>
					<pagecontrol>27</pagecontrol>
					<itemlayout width="560" height="70">
						<control type="image"><!-- Button unfocus -->
							<left>6</left>
							<top>0</top>
							<width>554</width>
							<height>70</height>
							<texture border="6">button-default.png</texture>
							<aspectratio>stretch</aspectratio>
						</control>
						<control type="image">
							<left>10</left>
							<top>10</top>
							<width>50</width>
							<height>50</height>
							<texture>DefaultFolder.png</texture>
							<aspectratio>stretch</aspectratio>
							<visible>ListItem.IsFolder + !ListItem.IsParentFolder</visible>
						</control>
						<control type="image">
							<left>10</left>
							<top>10</top>
							<width>50</width>
							<height>50</height>
							<aspectratio>stretch</aspectratio>
							<texture fallback="DefaultTvshows.png">$INFO[ListItem.Thumb]</texture>
							<visible>String.IsEmpty(Window.Property(IsRadio)) + !ListItem.IsFolder</visible>
						</control>
						<control type="image">
							<left>10</left>
							<top>10</top>
							<width>50</width>
							<height>50</height>
							<aspectratio>stretch</aspectratio>
							<texture fallback="icon-radio.png">$INFO[ListItem.Thumb]</texture>
							<visible>!String.IsEmpty(Window.Property(IsRadio)) + !ListItem.IsFolder</visible>
						</control>
						<control type="label">
							<left>80</left>
							<top>8</top>
							<width>482</width>
							<height>24</height>
							<font>apptv22</font>
							<label>$INFO[ListItem.Label]</label>
						</control>
						<control type="label">
							<left>80</left>
							<top>34</top>
							<width>280</width>
							<height>24</height>
							<font>apptv22</font>
							<textcolor>disabled-text</textcolor>
							<label>$INFO[ListItem.ChannelNumberLabel]</label>
						</control>
						<control type="image">
							<left>-30</left>
							<top>24</top>
							<width>22</width>
							<height>22</height>
							<texture>$VAR[PVROverlay]</texture>
						</control>
					</itemlayout>
					<focusedlayout width="560" height="70">
						<control type="image"><!-- Button focus -->
							<left>6</left>
							<top>0</top>
							<width>554</width>
							<height>70</height>
							<texture border="6">button-default-focus.png</texture>
							<aspectratio>stretch</aspectratio>
						</control>
						<control type="image">
							<left>10</left>
							<top>10</top>
							<width>50</width>
							<height>50</height>
							<texture>DefaultFolder.png</texture>
							<aspectratio>stretch</aspectratio>
							<visible>ListItem.IsFolder + !ListItem.IsParentFolder</visible>
						</control>
						<control type="image">
							<left>10</left>
							<top>10</top>
							<width>50</width>
							<height>50</height>
							<texture fallback="DefaultTvshows.png">$INFO[ListItem.Thumb]</texture>
							<aspectratio>stretch</aspectratio>
							<visible>String.IsEmpty(Window.Property(IsRadio)) + !ListItem.IsFolder</visible>
						</control>
						<control type="image">
							<left>10</left>
							<top>10</top>
							<width>50</width>
							<height>50</height>
							<texture fallback="icon-radio.png">$INFO[ListItem.Thumb]</texture>
							<aspectratio>stretch</aspectratio>
							<visible>!String.IsEmpty(Window.Property(IsRadio)) + !ListItem.IsFolder</visible>
						</control>
						<control type="label">
							<left>80</left>
							<top>8</top>
							<width>482</width>
							<height>24</height>
							<font>apptv22</font>
							<label>$INFO[ListItem.Label]</label>
						</control>
						<control type="label">
							<left>80</left>
							<top>34</top>
							<width>280</width>
							<height>24</height>
							<font>apptv22</font>
							<textcolor>disabled-text</textcolor>
							<label>$INFO[ListItem.ChannelNumberLabel]</label>
						</control>
						<control type="image">
							<left>-30</left>
							<top>24</top>
							<width>22</width>
							<height>22</height>
							<texture>$VAR[PVROverlay]</texture>
						</control>
					</focusedlayout>
				</control>
				<control type="group"><!-- Current Icon/Channel playing -->
					<control type="grouplist">
						<visible>Control.IsVisible(13) | Control.IsVisible(50)</visible>
						<animation effect="fade" start="0" end="100" time="200" delay="100">Visible</animation>
						<left>20</left>
						<top>116</top>
						<width>628</width>
						<height>578</height>
						<itemgap>2</itemgap>
						<control type="group">
							<visible>!Player.HasVideo | [Player.HasVideo + Skin.HasSetting(background-playingmedia)]</visible>
							<left>0</left>
							<width>256</width>
							<height>256</height>
							<control type="image">
								<left>186</left>
								<width>256</width>
								<height>256</height>
								<texture background="true">$VAR[PVRIcon]</texture>
								<aspectratio>keep</aspectratio>
								<aligny>top</aligny>
							</control>
						</control>
						<control type="group">
							<left>0</left>
							<width>512</width>
							<height>256</height>
							<visible>Player.HasVideo + !Skin.HasSetting(background-playingmedia)</visible>
							<control type="videowindow">
								<left>58</left>
								<width>512</width>
								<height>256</height>
							</control>
						</control>
						<control type="label">
							<label>$INFO[ListItem.Title]$INFO[ListItem.EpisodeName, (,)]</label>
							<width>628</width>
							<height>34</height>
							<font>apptv30</font>
							<align>center</align>
							<wrapmultiline>true</wrapmultiline>
						</control>
						<control type="label"><!-- Start time -->
							<visible>!String.IsEmpty(ListItem.Plot) + !String.IsEmpty(ListItem.StartTime) + !String.IsEmpty(ListItem.EndTime)+ !Control.IsVisible(13)</visible>
							<width>628</width>
							<height>30</height>
							<align>center</align>
							<label>$LOCALIZE[31134] $INFO[ListItem.StartTime] - $LOCALIZE[31129] $INFO[ListItem.EndTime]</label>
						</control>
						<control type="image">
							<visible>!String.IsEmpty(ListItem.Title)</visible>
							<width>628</width>
							<height>4</height>
							<texture>separator.png</texture>
						</control>
						<control type="textbox"><!-- Plot -->
							<width>628</width>
							<height>212</height>
							<font>apptv23</font>
							<align>left</align>
							<label>$INFO[ListItem.Plot]</label>
							<visible>!String.IsEmpty(ListItem.Plot)</visible>
						</control>
						<control type="image">
							<visible>!String.IsEmpty(ListItem.Plot)</visible>
							<width>628</width>
							<height>4</height>
							<texture>separator.png</texture>
						</control>
					</control>
				</control>
				<control type="scrollbar" id="27">
					<left>1244</left>
					<top>112</top>
					<width>18</width>
					<height>565</height>
					<onleft>50</onleft>
					<animation condition="!Control.HasFocus(27) + !Container.Scrolling + !String.IsEqual(Skin.String(show-scrollbar),$LOCALIZE[31875])" effect="fade" start="100" end="0" time="200" reversible="true">Conditional</animation>
					<visible>$EXP[isEnabledScrollbar]</visible>
				</control>
			</control>
		</control>
	</include>
	<include name="PVRSearchListView">
		<control type="group"><!-- TV search group -->
			<visible>Control.IsVisible(17)</visible>
			<control type="group">
				<left>80</left>
				<top>90</top>
				<control type="label"><!-- Channel -->
					<left>20</left>
					<top>20</top>
					<width>240</width>
					<height>24</height>
					<label>$LOCALIZE[19148]</label>
					<visible>Control.IsVisible(17)</visible>
				</control>
				<control type="label"><!-- Title -->
					<left>350</left>
					<top>20</top>
					<width>350</width>
					<height>24</height>
					<label>$LOCALIZE[369]</label>
					<visible>Control.IsVisible(17)</visible>
				</control>
				<control type="label"><!-- Time -->
					<left>720</left>
					<top>20</top>
					<width>260</width>
					<height>24</height>
					<align>center</align>
					<label>$LOCALIZE[21820]</label>
					<visible>Control.IsVisible(17)</visible>
				</control>
				<control type="label"><!-- Status header -->
					<left>970</left>
					<top>20</top>
					<width>140</width>
					<height>24</height>
					<align>center</align>
					<label>$LOCALIZE[126]</label>
					<visible>Control.IsVisible(17)</visible>
				</control>
				<control type="image">
					<left>0</left>
					<top>45</top>
					<width>1100</width>
					<height>4</height>
					<texture>separator.png</texture>
					<visible>Control.IsVisible(17)</visible>
				</control>
			</control>
			<control type="list" id="17">
				<left>48</left>
				<top>146</top>
				<width>1160</width>
				<height>506</height>
				<onleft condition="Skin.HasSetting(lock-screensettings)">noop</onleft>
				<onleft condition="!Skin.HasSetting(lock-screensettings)">9000</onleft>
				<onright condition="String.IsEqual(Skin.String(show-scrollbar),$LOCALIZE[31877])">noop</onright>
				<onright condition="!String.IsEqual(Skin.String(show-scrollbar),$LOCALIZE[31877])">27</onright>
				<onup>17</onup>
				<ondown>17</ondown>
				<viewtype label="536">list</viewtype>
				<pagecontrol>27</pagecontrol>
				<preloaditems>4</preloaditems>
				<itemlayout height="46">
					<control type="image">
						<left>0</left>
						<top>0</top>
						<width>1160</width>
						<height>46</height>
						<texture border="6">button-default.png</texture>
					</control>
					<control type="label">
						<left>52</left>
						<top>10</top>
						<width>240</width>
						<height>24</height>
						<font>apptv23</font>
						<label>$INFO[ListItem.ChannelName]</label>
					</control>
					<control type="label">
						<left>382</left>
						<top>10</top>
						<width>350</width>
						<height>24</height>
						<font>apptv23</font>
						<label>$INFO[ListItem.Label]</label>
					</control>
					<control type="label">
						<left>874</left>
						<top>10</top>
						<width>260</width>
						<height>24</height>
						<font>apptv23</font>
						<align>center</align>
						<label>$INFO[ListItem.Date]</label>
					</control>
					<control type="image">
						<left>1056</left>
						<top>7</top>
						<width>32</width>
						<height>32</height>
						<texture>$VAR[PVROverlay]</texture>
					</control>
				</itemlayout>
				<focusedlayout height="46">
					<control type="image">
						<left>0</left>
						<top>0</top>
						<width>1160</width>
						<height>46</height>
						<texture border="6">button-default-focus.png</texture>
					</control>
					<control type="label">
						<left>52</left>
						<top>10</top>
						<width>240</width>
						<height>24</height>
						<font>apptv23</font>
						<label>$INFO[ListItem.ChannelName]</label>
					</control>
					<control type="label">
						<left>382</left>
						<top>10</top>
						<width>350</width>
						<height>24</height>
						<font>apptv23</font>
						<label>$INFO[ListItem.Label]</label>
					</control>
					<control type="label">
						<left>874</left>
						<top>10</top>
						<width>260</width>
						<height>24</height>
						<font>apptv23</font>
						<align>center</align>
						<label>$INFO[ListItem.Date]</label>
					</control>
					<control type="image">
						<left>1056</left>
						<top>7</top>
						<width>32</width>
						<height>32</height>
						<texture>$VAR[PVROverlay]</texture>
					</control>
				</focusedlayout>
			</control>
			<control type="scrollbar" id="27">
				<left>1244</left>
				<top>146</top>
				<width>18</width>
				<height>506</height>
				<onleft>17</onleft>
				<animation condition="!Control.HasFocus(27) + !Container.Scrolling + !String.IsEqual(Skin.String(show-scrollbar),$LOCALIZE[31875])" effect="fade" start="100" end="0" time="200" reversible="true">Conditional</animation>
				<visible>$EXP[isEnabledScrollbar]</visible>
			</control>
		</control>
	</include>
</includes>