<?xml version="1.0" encoding="UTF-8"?>
<includes>
	<include name="AlbumListView">
		<control type="fixedlist" id="50">
			<viewtype label="31941">list</viewtype>
			<left>664</left>
			<top>100</top>
			<width>560</width>
			<height>576</height>
			<focusposition>2</focusposition>
			<movement>4</movement>
			<onleft condition="Skin.HasSetting(lock-screensettings)">noop</onleft>
			<onleft condition="!Skin.HasSetting(lock-screensettings)">9000</onleft>
			<onright>$VAR[ListScrollNav]</onright>
			<onup>50</onup>
			<ondown>50</ondown>
			<preloaditems>4</preloaditems>
			<pagecontrol>1250</pagecontrol>
			<itemlayout width="560" height="64">
				<control type="image">
					<left>0</left>
					<top>0</top>
					<width>554</width>
					<height>64</height>
					<texture border="6">button-default.png</texture>
					<aspectratio>stretch</aspectratio>
				</control>
				<control type="label">
					<left>38</left>
					<top>20</top>
					<width>480</width>
					<height>23</height>
					<font>apptv22</font>
					<label>$INFO[ListItem.Label]</label>
					<visible>String.IsEmpty(ListItem.Label2)</visible>
				</control>
				<control type="group">
					<visible>!String.IsEmpty(ListItem.Label2)</visible>
					<control type="label">
						<left>38</left>
						<top>7</top>
						<width>480</width>
						<height>23</height>
						<font>apptv22</font>
						<label>$INFO[ListItem.Label]</label>
					</control>
					<control type="label">
						<left>38</left>
						<top>30</top>
						<width>480</width>
						<height>23</height>
						<font>apptv20</font>
						<textcolor>disabled-text</textcolor>
						<label>$INFO[ListItem.Label2]</label>
					</control>
				</control>
			</itemlayout>
			<focusedlayout width="560" height="64">
				<control type="image"><!-- Button focus -->
					<left>0</left>
					<top>0</top>
					<width>554</width>
					<height>64</height>
					<texture border="6">button-default-focus.png</texture>
					<aspectratio>stretch</aspectratio>
				</control>
				<control type="label">
					<left>38</left>
					<top>20</top>
					<width>480</width>
					<height>23</height>
					<font>apptv22</font>
					<label>$INFO[ListItem.Label]</label>
					<visible>String.IsEmpty(ListItem.Label2)</visible>
				</control>
				<control type="group">
					<visible>!String.IsEmpty(ListItem.Label2)</visible>
					<control type="label">
						<left>38</left>
						<top>7</top>
						<width>480</width>
						<height>23</height>
						<font>apptv22</font>
						<label>$INFO[ListItem.Label]</label>
					</control>
					<control type="label">
						<left>38</left>
						<top>30</top>
						<width>480</width>
						<height>23</height>
						<font>apptv20</font>
						<textcolor>disabled-text</textcolor>
						<label>$INFO[ListItem.Label2]</label>
					</control>
				</control>
			</focusedlayout>
		</control>
		<control type="group">
			<visible>Control.IsVisible(50)</visible>
			<control type="group">
				<animation type="TYPE" condition="Skin.HasSetting(tiltmusiclisticon)" reversible="false">
					<effect type="rotatey" start="-15" end="-15" time="0"/>
					<effect type="slide" end="15,0" time="0"/>
					<effect type="zoom" start="100" end="112" center="auto" time="0" tween="back" easing="out"/>
				</animation>
				<control type="group">
					<visible>Container.Content(albums) | Container.Content(songs)</visible>
					<control type="image">
						<left>144</left>
						<top>98</top>
						<width>418</width>
						<height>380</height>
						<texture background="true" fallback="DefaultAudio.png">$VAR[IconCover]</texture>
						<aspectratio>keep</aspectratio>
						<bordertexture border="30,22,14,22">case-cd.png</bordertexture>
						<bordersize>30,22,14,22</bordersize>
						<visible>Skin.HasSetting(media-case) + $EXP[isnotDefaultIcon]</visible>
					</control>
					<control type="image">
						<left>185</left>
						<top>130</top>
						<width>360</width>
						<height>360</height>
						<texture background="true" diffuse="mask-squ.png" fallback="DefaultAudio.png">$VAR[IconCover]</texture>
						<aspectratio>stretch</aspectratio>
						<visible>!Skin.HasSetting(media-case) | $EXP[isDefaultIcon]</visible>
					</control>
				</control>
				<control type="image">
					<left>185</left>
					<top>130</top>
					<width>360</width>
					<height>360</height>
					<texture background="true" diffuse="mask-squ.png" fallback="DefaultAudio.png">$VAR[IconCover]</texture>
					<aspectratio>stretch</aspectratio>
					<visible>!Container.Content(albums) + !Container.Content(songs)</visible>
				</control>
			</control>
			<control type="group">
				<visible>[Container.Content(songs) | Container.Content(albums)] + $EXP[isnotDefaultIcon]</visible>
				<control type="image">
					<left>20</left>
					<top>512</top>
					<width>624</width>
					<height>4</height>
					<texture>separator.png</texture>
				</control>
				<control type="label"><!-- Artist heading -->
					<left>20</left>
					<top>525</top>
					<width>130</width>
					<height>25</height>
					<label>$LOCALIZE[31230]</label>
					<font>apptv22</font>
					<align>right</align>
				</control>
				<control type="label"><!-- Artist -->
					<left>160</left>
					<top>525</top>
					<width>484</width>
					<height>25</height>
					<label>$INFO[ListItem.Artist]</label>
					<include condition="Skin.HasSetting(text-autoscroll)">scrolltext</include>
					<font>apptv20</font>
				</control>
				<control type="label"><!-- Genre heading -->
					<left>20</left>
					<top>550</top>
					<width>130</width>
					<height>25</height>
					<label>$LOCALIZE[31231]</label>
					<font>apptv22</font>
					<align>right</align>
				</control>
				<control type="label"><!-- Genre -->
					<left>160</left>
					<top>550</top>
					<width>484</width>
					<height>25</height>
					<label>$INFO[ListItem.Genre]</label>
					<include condition="Skin.HasSetting(text-autoscroll)">scrolltext</include>
					<font>apptv20</font>
				</control>
				<control type="label"><!-- Year heading -->
					<left>20</left>
					<top>575</top>
					<width>130</width>
					<height>25</height>
					<label>$LOCALIZE[31232]</label>
					<font>apptv22</font>
					<align>right</align>
				</control>
				<control type="label"><!-- Year -->
					<left>160</left>
					<top>575</top>
					<width>484</width>
					<height>25</height>
					<label>$INFO[ListItem.Year]</label>
					<font>apptv20</font>
				</control>
				<control type="label"><!-- Rating heading -->
					<left>20</left>
					<top>600</top>
					<width>130</width>
					<height>25</height>
					<label>$LOCALIZE[563]:</label>
					<font>apptv22</font>
					<align>right</align>
				</control>
				<control type="image"><!-- Rating -->
					<left>160</left>
					<top>603</top>
					<width>110</width>
					<height>22</height>
					<texture>$VAR[MediaRating]</texture>
					<aspectratio>keep</aspectratio>
				</control>
				<control type="image">
					<left>20</left>
					<top>634</top>
					<width>624</width>
					<height>4</height>
					<texture>separator.png</texture>
				</control>
			</control>

			<control type="group">
				<include>sortletternotification</include>
				<control type="group" id="1230">
					<visible>Control.IsVisible(50) + Skin.HasSetting(show-letterbar) + [Container.Content(artists) | Container.Content(albums)]</visible>
					<control type="button" id="1240"><!-- Search -->
						<left>1231</left>
						<top>88</top>
						<width>20</width>
						<height>20</height>
						<onleft>50</onleft>
						<onright>1250</onright>
						<ondown>1260</ondown>
						<texturefocus>touch-search.png</texturefocus>
						<texturenofocus>touch-search.png</texturenofocus>
						<onclick>RunScript(script.skin.helper.service,action=musicsearch)</onclick>
						<animation effect="zoom" start="100" end="130" center="auto" time="0">focus</animation>
						<animation effect="fade" start="100" end="50" time="0" condition="!Control.HasFocus(1240)">Conditional</animation>
					</control>
					<control type="panel" id="1260">
						<left>1230</left>
						<top>110</top>
						<width>20</width>
						<height>594</height>
						<onleft>50</onleft>
						<onright condition="!String.IsEqual(Skin.String(show-scrollbar),$LOCALIZE[31877])">1250</onright>
						<onright condition="String.IsEqual(Skin.String(show-scrollbar),$LOCALIZE[31877])">noop</onright>
						<onup>1240</onup>
						<ondown>noop</ondown>
						<orientation>vertical</orientation>
						<itemlayout height="22" width="20">
							<control type="label">
								<height>20</height>
								<label>$INFO[ListItem.Label]</label>
								<font>apptv20</font>
								<textcolor>disabled-text</textcolor>
								<align>center</align>
								<animation effect="fade" start="100" end="20" time="0" condition="!String.IsEmpty(ListItem.Property(NotAvailable))">Conditional</animation>
							</control>
							<control type="label">
								<height>20</height>
								<label>$INFO[ListItem.Label]</label>
								<font>apptv20</font>
								<textcolor>listselected-text</textcolor>
								<align>center</align>
								<visible>String.IsEqual(ListItem.Label,Container.ListItem.SortLetter)</visible>
							</control>
						</itemlayout>
						<focusedlayout height="22" width="20">
							<control type="label">
								<height>20</height>
								<label>$INFO[ListItem.Label]</label>
								<font>apptv20</font>
								<align>center</align>
								<animation effect="zoom" start="100" end="130" center="auto" time="0">focus</animation>
								<animation effect="fade" start="100" end="20" time="0" condition="!String.IsEmpty(ListItem.Property(NotAvailable))">Conditional</animation>
							</control>
						</focusedlayout>
						<content>plugin://script.skin.helper.service/?action=alphabet&amp;reload=$INFO[Container.NumItems]</content>
					</control>
				</control>
				<control type="scrollbar" id="1250">
					<left>1242</left>
					<top>110</top>
					<width>16</width>
					<height>576</height>
					<onleft condition="Skin.HasSetting(show-letterbar) + [Container.Content(artists) | Container.Content(albums)]">1260</onleft>
					<onleft condition="!Skin.HasSetting(show-letterbar) | ![Container.Content(artists) | Container.Content(albums)]">50</onleft>
					<animation condition="!Control.HasFocus(1250) + !Container.Scrolling + !String.IsEqual(Skin.String(show-scrollbar),$LOCALIZE[31875])" effect="fade" start="100" end="0" time="200" reversible="true">Conditional</animation>
					<animation condition="Skin.HasSetting(show-letterbar) + [Container.Content(artists) | Container.Content(albums)]" effect="slide" end="14,0" reversible="true">Conditional</animation>
					<visible>$EXP[isEnabledScrollbar] + Control.IsVisible(50)</visible>
				</control>
			</control>
		</control>
	</include>
	<include name="AlbumIconView">
		<control type="panel" id="52">
			<left>20</left>
			<top>130</top>
			<width>1200</width>
			<height>440</height>
			<onleft condition="Skin.HasSetting(lock-screensettings)">noop</onleft>
			<onleft condition="!Skin.HasSetting(lock-screensettings)">9000</onleft>
			<onright condition="String.IsEqual(Skin.String(show-scrollbar),$LOCALIZE[31877])">noop</onright>
			<onright condition="!String.IsEqual(Skin.String(show-scrollbar),$LOCALIZE[31877])">1262</onright>
			<onup>52</onup>
			<ondown>52</ondown>
			<viewtype label="31943">icon</viewtype>
			<pagecontrol>1252</pagecontrol>
			<itemlayout height="220" width="240">
				<control type="image">
					<left>40</left>
					<top>7</top>
					<width>160</width>
					<height>160</height>
					<texture colordiffuse="UnFocusedPosters" fallback="DefaultAudio.png" diffuse="mask-squ.png" background="true">$VAR[IconCover]</texture>
					<aspectratio>keep</aspectratio>
				</control>
				<control type="image">
					<left>132</left>
					<top>90</top>
					<width>49</width>
					<height>35</height>
					<texture>$INFO[ListItem.Overlay]</texture>
				</control>
			</itemlayout>
			<focusedlayout height="220" width="240">
				<control type="image">
					<left>40</left>
					<top>7</top>
					<width>160</width>
					<height>160</height>
					<texture fallback="DefaultAudio.png" diffuse="mask-squ.png" background="true">$VAR[IconCover]</texture>
					<aspectratio>keep</aspectratio>
					<animation effect="zoom" start="100" end="110" center="auto" time="300" tween="back" easing="out" reversible="false">focus</animation>
					<visible>$EXP[isDefaultIcon]</visible>
				</control>
				<control type="image">
					<left>33</left>
					<top>0</top>
					<width>174</width>
					<height>174</height>
					<texture fallback="DefaultAudio.png" background="true" diffuse="mask-squ.png">$VAR[IconCover]</texture>
					<bordertexture border="7">mask-hilitesqu.png</bordertexture>
					<bordersize>7</bordersize>
					<aspectratio scalediffuse="false">keep</aspectratio>
					<animation effect="zoom" start="100" end="110" center="auto" time="300" tween="back" easing="out" reversible="false">focus</animation>
					<visible>$EXP[isnotDefaultIcon]</visible>
				</control>
				<control type="image">
					<left>141</left>
					<top>93</top>
					<width>49</width>
					<height>35</height>
					<texture>$INFO[ListItem.Overlay]</texture>
				</control>
				<control type="textbox">
					<left>0</left>
					<top>174</top>
					<width>240</width>
					<height>46</height>
					<font>apptv20</font>
					<label>$INFO[ListItem.Label]</label>
					<align>center</align>
					<autoscroll time="2000" delay="3000" repeat="6000">Skin.HasSetting(text-autoscroll) + !System.ScreenSaverActive</autoscroll>
				</control>
			</focusedlayout>
		</control>
		<control type="group"><!-- Show the bottom row of icons as long as another row exists -->
			<visible>Control.IsVisible(52) + Container(52).HasNext + ![Container().OnScrollNext | Container().OnScrollPrevious]</visible>
			<animation effect="fade" delay="100" start="0" end="100" time="200">Visible</animation>
			<control type="image">
				<left>60</left>
				<top>574</top>
				<width>160</width>
				<height>160</height>
				<aspectratio>keep</aspectratio>
				<texture colordiffuse="UnFocusedPosters" background="true" diffuse="mask-fadetopsqu.png">$VAR[Icon(10)Thumb]</texture>
			</control>
			<control type="image">
				<left>300</left>
				<top>574</top>
				<width>160</width>
				<height>160</height>
				<aspectratio>keep</aspectratio>
				<texture colordiffuse="UnFocusedPosters" background="true" diffuse="mask-fadetopsqu.png">$VAR[Icon(11)Thumb]</texture>
			</control>
			<control type="image">
				<left>540</left>
				<top>574</top>
				<width>160</width>
				<height>160</height>
				<aspectratio>keep</aspectratio>
				<texture colordiffuse="UnFocusedPosters" background="true" diffuse="mask-fadetopsqu.png">$VAR[Icon(12)Thumb]</texture>
			</control>
			<control type="image">
				<left>780</left>
				<top>574</top>
				<width>160</width>
				<height>160</height>
				<aspectratio>keep</aspectratio>
				<texture colordiffuse="UnFocusedPosters" background="true" diffuse="mask-fadetopsqu.png">$VAR[Icon(13)Thumb]</texture>
			</control>
			<control type="image">
				<left>1020</left>
				<top>574</top>
				<width>160</width>
				<height>160</height>
				<aspectratio>keep</aspectratio>
				<texture colordiffuse="UnFocusedPosters" background="true" diffuse="mask-fadetopsqu.png">$VAR[Icon(14)Thumb]</texture>
			</control>
		</control>
		<control type="button"><!-- Onfocus, move to next row of icon panel -->
			<left>0</left>
			<top>574</top>
			<width>1220</width>
			<height>160</height>
			<texturefocus>blank.png</texturefocus>
			<texturenofocus>blank.png</texturenofocus>
			<onfocus>Control.Message(52,moveup)</onfocus>
		</control>
		<include>sortletternotification</include>
		<control type="group" id="1232">
			<visible>Control.IsVisible(52) + Skin.HasSetting(show-letterbar) + [Container.Content(artists) | Container.Content(albums)]</visible>
			<control type="button" id="1242"><!-- Search -->
				<left>1221</left>
				<top>88</top>
				<width>20</width>
				<height>20</height>
				<onleft>52</onleft>
				<onright>1252</onright>
				<ondown>1262</ondown>
				<texturefocus>touch-search.png</texturefocus>
				<texturenofocus>touch-search.png</texturenofocus>
				<onclick>RunScript(script.skin.helper.service,action=musicsearch)</onclick>
				<animation effect="zoom" start="100" end="130" center="auto" time="0">focus</animation>
				<animation effect="fade" start="100" end="50" time="0" condition="!Control.HasFocus(1240)">Conditional</animation>
			</control>
			<control type="panel" id="1262">
				<left>1220</left>
				<top>110</top>
				<width>20</width>
				<height>594</height>
				<onleft>52</onleft>
				<onright condition="!String.IsEqual(Skin.String(show-scrollbar),$LOCALIZE[31877])">1252</onright>
				<onright condition="String.IsEqual(Skin.String(show-scrollbar),$LOCALIZE[31877])">noop</onright>
				<onup>1242</onup>
				<ondown>noop</ondown>
				<orientation>vertical</orientation>
				<itemlayout height="22" width="20">
					<control type="label">
						<height>20</height>
						<label>$INFO[ListItem.Label]</label>
						<font>apptv20</font>
						<textcolor>disabled-text</textcolor>
						<align>center</align>
						<animation effect="fade" start="100" end="20" time="0" condition="!String.IsEmpty(ListItem.Property(NotAvailable))">Conditional</animation>
					</control>
					<control type="label">
						<height>20</height>
						<label>$INFO[ListItem.Label]</label>
						<font>apptv20</font>
						<textcolor>listselected-text</textcolor>
						<align>center</align>
						<visible>String.IsEqual(ListItem.Label,Container.ListItem.SortLetter)</visible>
					</control>
				</itemlayout>
				<focusedlayout height="22" width="20">
					<control type="label">
						<height>20</height>
						<label>$INFO[ListItem.Label]</label>
						<font>apptv20</font>
						<align>center</align>
						<animation effect="zoom" start="100" end="130" center="auto" time="0">focus</animation>
						<animation effect="fade" start="100" end="20" time="0" condition="!String.IsEmpty(ListItem.Property(NotAvailable))">Conditional</animation>
					</control>
				</focusedlayout>
				<content>plugin://script.skin.helper.service/?action=alphabet&amp;reload=$INFO[Container.NumItems]</content>
			</control>
		</control>
		<control type="scrollbar" id="1252">
			<left>1246</left>
			<top>130</top>
			<width>16</width>
			<height>530</height>
			<onleft condition="Skin.HasSetting(show-letterbar) + [Container.Content(artists) | Container.Content(albums)]">1262</onleft>
			<onleft condition="!Skin.HasSetting(show-letterbar) | ![Container.Content(artists) | Container.Content(albums)]">52</onleft>
			<animation condition="!Control.HasFocus(1252) + !Container.Scrolling + !String.IsEqual(Skin.String(show-scrollbar),$LOCALIZE[31875])" effect="fade" start="100" end="0" time="200" reversible="true">Conditional</animation>
			<visible>$EXP[isEnabledScrollbar] + Control.IsVisible(52)</visible>
		</control>
	</include>
	<include name="AlbumWrapView">
		<control type="wraplist" id="54">
			<viewtype label="31942">wrap</viewtype>
			<left>14</left>
			<top>296</top>
			<width>1240</width>
			<height>366</height>
			<onleft>54</onleft>
			<onright>54</onright>
			<onup condition="Skin.HasSetting(lock-screensettings)">noop</onup>
			<onup condition="!Skin.HasSetting(lock-screensettings)">9000</onup>
			<ondown>$VAR[ListScrollNav]</ondown>
			<focusposition>0</focusposition>
			<orientation>horizontal</orientation>
			<preloaditems>4</preloaditems>
			<scrolltime>0</scrolltime>
			<pagecontrol>1254</pagecontrol>
			<itemlayout height="155" width="155">
				<control type="group">
					<visible>Container.Content(albums) | Container.Content(songs)</visible>
					<control type="image">
						<left>-50</left>
						<top>150</top>
						<height>155</height>
						<width>155</width>
						<colordiffuse>UnFocusedCovers</colordiffuse>
						<texture background="true" fallback="DefaultAudio.png">$VAR[IconCover]</texture>
						<aspectratio>stretch</aspectratio>
						<bordertexture border="20,18,10,18">case-cd.png</bordertexture>
						<bordersize>20,18,10,18</bordersize>
						<visible>Skin.HasSetting(media-case) + $EXP[isnotDefaultIcon] + $EXP[isnotEmptyIcon]</visible>
					</control>
					<control type="image">
						<left>-32</left>
						<top>160</top>
						<height>128</height>
						<width>128</width>
						<colordiffuse>UnFocusedCovers</colordiffuse>
						<texture background="true" diffuse="mask-squ.png" fallback="DefaultAudio.png">$VAR[IconCover]</texture>
						<aspectratio>stretch</aspectratio>
						<visible>!Skin.HasSetting(media-case) | $EXP[isDefaultIcon] | $EXP[isEmptyIcon]</visible>
					</control>
				</control>
				<control type="image">
					<left>-32</left>
					<top>160</top>
					<height>128</height>
					<width>128</width>
					<colordiffuse>UnFocusedCovers</colordiffuse>
					<texture background="true" diffuse="mask-squ.png" fallback="DefaultAudio.png">$VAR[IconCover]</texture>
					<aspectratio>stretch</aspectratio>
					<visible>!Container.Content(albums) + !Container.Content(songs)</visible>
				</control>
			</itemlayout>
			<focusedlayout height="366" width="366">
				<control type="group">
					<visible>Container.Content(albums) | Container.Content(songs)</visible>
					<control type="image">
						<left>6</left>
						<top>0</top>
						<height>305</height>
						<width>305</width>
						<texture background="true" fallback="DefaultAudio.png">$VAR[IconCover]</texture>
						<aspectratio>stretch</aspectratio>
						<bordertexture border="28,22,14,22">case-cd.png</bordertexture>
						<bordersize>28,22,14,22</bordersize>
						<visible>Skin.HasSetting(media-case) + $EXP[isnotDefaultIcon] + $EXP[isnotEmptyIcon] + Control.HasFocus(54)</visible>
					</control>
					<control type="image">
						<left>14</left>
						<top>2</top>
						<height>288</height>
						<width>288</width>
						<texture background="true" diffuse="mask-squ.png" fallback="DefaultAudio.png">$VAR[IconCover]</texture>
						<aspectratio>stretch</aspectratio>
						<visible>[!Skin.HasSetting(media-case) | $EXP[isDefaultIcon] | $EXP[isEmptyIcon]] + Control.HasFocus(54)</visible>
					</control>
					<control type="image">
						<left>6</left>
						<top>0</top>
						<height>305</height>
						<width>305</width>
						<texture background="true" fallback="DefaultAudio.png">$VAR[IconCover]</texture>
						<colordiffuse>UnFocusedCovers</colordiffuse>
						<aspectratio>stretch</aspectratio>
						<bordertexture border="28,22,14,22">case-cd.png</bordertexture>
						<bordersize>28,22,14,22</bordersize>
						<visible>Skin.HasSetting(media-case) + $EXP[isnotDefaultIcon] + $EXP[isnotEmptyIcon] + !Control.HasFocus(54)</visible>
					</control>
					<control type="image">
						<left>14</left>
						<top>2</top>
						<height>288</height>
						<width>288</width>
						<texture background="true" diffuse="mask-squ.png" fallback="DefaultAudio.png">$VAR[IconCover]</texture>
						<colordiffuse>UnFocusedCovers</colordiffuse>
						<aspectratio>stretch</aspectratio>
						<visible>[!Skin.HasSetting(media-case) | $EXP[isDefaultIcon] | $EXP[isEmptyIcon]] + !Control.HasFocus(54)</visible>
					</control>
				</control>
				<control type="image">
					<left>14</left>
					<top>2</top>
					<height>288</height>
					<width>288</width>
					<texture background="true" diffuse="mask-squ.png" fallback="DefaultAudio.png">$VAR[IconCover]</texture>
					<aspectratio>stretch</aspectratio>
					<visible>!Container.Content(albums) + !Container.Content(songs)</visible>
				</control>
			</focusedlayout>
		</control>
		<control type="group">
			<visible>Control.IsVisible(54)</visible>
			<control type="group" id="1234">
				<visible>Skin.HasSetting(show-letterbar) + [Container.Content(artists) | Container.Content(albums)]</visible>
				<control type="button" id="1244"><!-- Search -->
					<left>36</left>
					<top>596</top>
					<width>20</width>
					<height>20</height>
					<onup>54</onup>
					<ondown>1254</ondown>
					<onright>1264</onright>
					<texturefocus>touch-search.png</texturefocus>
					<texturenofocus>touch-search.png</texturenofocus>
					<onclick>RunScript(script.skin.helper.service,action=musicsearch)</onclick>
					<animation effect="zoom" start="100" end="130" center="auto" time="0">focus</animation>
					<animation effect="fade" start="100" end="50" time="0" condition="!Control.HasFocus(1244)">Conditional</animation>
				</control>
				<control type="panel" id="1264">
					<left>68</left>
					<top>594</top>
					<width>1232</width>
					<height>22</height>
					<onup>57</onup>
					<ondown condition="!String.IsEqual(Skin.String(show-scrollbar),$LOCALIZE[31877])">1254</ondown>
					<ondown condition="String.IsEqual(Skin.String(show-scrollbar),$LOCALIZE[31877])">noop</ondown>
					<onleft>1244</onleft>
					<onright>noop</onright>
					<orientation>horizontal</orientation>
					<itemlayout height="22" width="44">
						<control type="label">
							<height>20</height>
							<label>$INFO[ListItem.Label]</label>
							<font>apptv20</font>
							<textcolor>disabled-text</textcolor>
							<align>center</align>
							<animation effect="fade" start="100" end="20" time="0" condition="!String.IsEmpty(ListItem.Property(NotAvailable))">Conditional</animation>
						</control>
						<control type="label">
							<height>20</height>
							<label>$INFO[ListItem.Label]</label>
							<font>apptv20</font>
							<textcolor>listselected-text</textcolor>
							<align>center</align>
							<visible>String.IsEqual(ListItem.Label,Container.ListItem.SortLetter)</visible>
						</control>
					</itemlayout>
					<focusedlayout height="22" width="44">
						<control type="label">
							<height>20</height>
							<label>$INFO[ListItem.Label]</label>
							<font>apptv20</font>
							<align>center</align>
							<animation effect="zoom" start="100" end="130" center="auto" time="0">focus</animation>
							<animation effect="fade" start="100" end="20" time="0" condition="!String.IsEmpty(ListItem.Property(NotAvailable))">Conditional</animation>
						</control>
					</focusedlayout>
					<content>plugin://script.skin.helper.service/?action=alphabet&amp;reload=$INFO[Container.NumItems]</content>
				</control>
			</control>
			<control type="scrollbar" id="1254">
				<left>28</left>
				<top>612</top>
				<width>1220</width>
				<height>16</height>
				<orientation>horizontal</orientation>
				<onup condition="Skin.HasSetting(show-letterbar) + [Container.Content(artists) | Container.Content(albums)]">1264</onup>
				<onup condition="!Skin.HasSetting(show-letterbar) | ![Container.Content(artists) | Container.Content(albums)]">54</onup>
				<animation condition="!Control.HasFocus(1254) + !Container.Scrolling + !String.IsEqual(Skin.String(show-scrollbar),$LOCALIZE[31875])" effect="fade" start="100" end="0" time="200" reversible="true">Conditional</animation>
				<animation condition="Skin.HasSetting(show-letterbar) + [Container.Content(artists) | Container.Content(albums)]" effect="slide" end="0,10" reversible="true">Conditional</animation>
				<visible>$EXP[isEnabledScrollbar] + Control.IsVisible(54)</visible>
			</control>
			<control type="label"><!-- Go Back -->
				<left>26</left>
				<top>637</top>
				<width>1221</width>
				<height>37</height>
				<font>apptv30</font>
				<align>center</align>
				<include condition="Skin.HasSetting(text-autoscroll)">scrolltext</include>
				<label>$LOCALIZE[31688]</label>
				<visible>ListItem.IsParentFolder</visible>
			</control>
			<control type="label">
				<left>26</left>
				<top>637</top>
				<width>1221</width>
				<height>37</height>
				<font>apptv30</font>
				<align>center</align>
				<include condition="Skin.HasSetting(text-autoscroll)">scrolltext</include>
				<label>$INFO[ListItem.Label]</label>
				<visible>!ListItem.IsParentFolder</visible>
			</control>
			<control type="image"><!-- Star Rating -->
				<left>26</left>
				<top>650</top>
				<width>110</width>
				<height>22</height>
				<texture>$VAR[MediaRating]</texture>
				<aspectratio>keep</aspectratio>
			</control>
			<control type="label"><!-- Genre -->
				<left>212</left>
				<top>681</top>
				<width>849</width>
				<height>37</height>
				<font>apptv25</font>
				<align>center</align>
				<include condition="Skin.HasSetting(text-autoscroll)">scrolltext</include>
				<label>$INFO[ListItem.Genre]</label>
				<visible>!Container.Content(genres)</visible>
			</control>
		</control>
	</include>
	<include name="AlbumCoverflow">
		<control type="wraplist" id="57">
			<viewtype label="31945">wrap</viewtype>
			<left>40</left>
			<top>274</top>
			<width>1200</width>
			<height>288</height>
			<onleft>57</onleft>
			<onright>57</onright>
			<onup condition="Skin.HasSetting(lock-screensettings)">noop</onup>
			<onup condition="!Skin.HasSetting(lock-screensettings)">9000</onup>
			<ondown>$VAR[ListScrollNav]</ondown>
			<focusposition>2</focusposition>
			<orientation>horizontal</orientation>
			<preloaditems>4</preloaditems>
			<pagecontrol>1257</pagecontrol>
			<itemlayout height="288" width="104"></itemlayout>
			<focusedlayout height="288" width="368"></focusedlayout>
		</control>
		<control type="group" id="3011">
			<left>30</left>
			<top>274</top>
			<camera x="640" y="418"/>
			<visible>Control.IsVisible(57) + Container.OnNext</visible>
			<animation effect="slide" end="-60,0" time="200" reversible="false">Hidden</animation>
			<control type="image">
				<left>0</left>
				<top>16</top>
				<width>288</width>
				<height>288</height>
				<texture background="true" fallback="DefaultAudio.png" diffuse="mask-rect.png">$VAR[Icon(-5)Cover]</texture>
				<colordiffuse>SecondaryCovers</colordiffuse>
				<animation effect="rotatey" center="-40" start="-60" end="-60" time="0" condition="true">Conditional</animation>
				<visible>[Integer.IsGreater(Container(57).NumItems,10) + $EXP[isnotEnabledParentDirectory]] | [Integer.IsGreater(Container(57).NumItems,9) + $EXP[isEnabledParentDirectory]]</visible>
			</control>
			<control type="image">
				<left>88</left>
				<top>16</top>
				<width>288</width>
				<height>288</height>
				<texture background="true" fallback="DefaultAudio.png" diffuse="mask-rect.png">$VAR[Icon(-4)Cover]</texture>
				<colordiffuse>SecondaryCovers</colordiffuse>
				<animation effect="rotatey" center="10" start="-60" end="-60" time="0" condition="true">Conditional</animation>
				<visible>[Integer.IsGreater(Container(57).NumItems,8) + $EXP[isnotEnabledParentDirectory]] | [Integer.IsGreater(Container(57).NumItems,7) + $EXP[isEnabledParentDirectory]]</visible>
			</control>
			<control type="image">
				<left>176</left>
				<top>16</top>
				<width>288</width>
				<height>288</height>
				<texture background="true" fallback="DefaultAudio.png" diffuse="mask-rect.png">$VAR[Icon(-3)Cover]</texture>
				<colordiffuse>SecondaryCovers</colordiffuse>
				<animation effect="rotatey" center="60" start="-60" end="-60" time="0" condition="true">Conditional</animation>
				<visible>[Integer.IsGreater(Container(57).NumItems,6) + $EXP[isnotEnabledParentDirectory]] | [Integer.IsGreater(Container(57).NumItems,5) + $EXP[isEnabledParentDirectory]]</visible>
			</control>
			<control type="image">
				<left>264</left>
				<top>16</top>
				<width>288</width>
				<height>288</height>
				<texture background="true" fallback="DefaultAudio.png" diffuse="mask-rect.png">$VAR[Icon(-2)Cover]</texture>
				<colordiffuse>SecondaryCovers</colordiffuse>
				<animation effect="rotatey" center="110" start="-60" end="-60" time="0" condition="true">Conditional</animation>
				<visible>[Integer.IsGreater(Container(57).NumItems,4) + $EXP[isnotEnabledParentDirectory]] | [Integer.IsGreater(Container(57).NumItems,3) + $EXP[isEnabledParentDirectory]]</visible>
			</control>
			<control type="image">
				<left>942</left>
				<top>16</top>
				<width>288</width>
				<height>288</height>
				<texture background="true" fallback="DefaultAudio.png" diffuse="mask-rect.png">$VAR[Icon(3)Cover]</texture>
				<colordiffuse>SecondaryCovers</colordiffuse>
				<animation effect="rotatey" center="1320" start="60" end="60" time="0" condition="true">Conditional</animation>
				<visible>[Integer.IsGreater(Container(57).NumItems,5) + $EXP[isnotEnabledParentDirectory]] | [Integer.IsGreater(Container(57).NumItems,4) + $EXP[isEnabledParentDirectory]]</visible>
			</control>
			<control type="image">
				<left>854</left>
				<top>16</top>
				<width>288</width>
				<height>288</height>
				<texture background="true" fallback="DefaultAudio.png" diffuse="mask-rect.png">$VAR[Icon(2)Cover]</texture>
				<colordiffuse>SecondaryCovers</colordiffuse>
				<animation effect="rotatey" center="1270" start="60" end="60" time="0" condition="true">Conditional</animation>
				<visible>[Integer.IsGreater(Container(57).NumItems,3) + $EXP[isnotEnabledParentDirectory]] | [Integer.IsGreater(Container(57).NumItems,2) + $EXP[isEnabledParentDirectory]]</visible>
			</control>
			<control type="image">
				<left>766</left>
				<top>16</top>
				<width>288</width>
				<height>288</height>
				<texture background="true" fallback="DefaultAudio.png" diffuse="mask-rect.png">$VAR[Icon(1)Cover]</texture>
				<colordiffuse>SecondaryCovers</colordiffuse>
				<animation effect="rotatey" center="1220" start="60" end="60" time="0" condition="true">Conditional</animation>
				<visible>[Integer.IsGreater(Container(57).NumItems,1) + $EXP[isnotEnabledParentDirectory]] | [Integer.IsGreater(Container(57).NumItems,0) + $EXP[isEnabledParentDirectory]]</visible>
			</control>
			<control type="group">
				<visible>Control.IsVisible(57) + Container.OnNext</visible>
				<animation effect="slide" end="-60,0" time="200" reversible="false">Hidden</animation>
				<control type="image">
					<left>468</left>
					<top>0</top>
					<width>288</width>
					<height>288</height>
					<texture background="true" fallback="DefaultAudio.png" diffuse="mask-rect.png">$VAR[Icon(-1)Cover]</texture>
					<animation condition="!Control.HasFocus(57)" effect="fade" start="100" end="60" time="0" reversible="true">Conditional</animation>
					<animation effect="rotatey" center="220" start="0" end="-60" time="200" reversible="false">Hidden</animation>
					<visible>[Integer.IsGreater(Container(57).NumItems,2) + $EXP[isnotEnabledParentDirectory]] | [Integer.IsGreater(Container(57).NumItems,1) + $EXP[isEnabledParentDirectory]]</visible>
				</control>
				<control type="image">
					<left>678</left>
					<top>16</top>
					<width>288</width>
					<height>288</height>
					<texture background="true" fallback="DefaultAudio.png" diffuse="mask-rect.png">$VAR[Icon(0)Cover]</texture>
					<colordiffuse>SecondaryCovers</colordiffuse>
					<animation effect="rotatey" center="1170" start="0" end="-60" time="200" reversible="false">Hidden</animation>
					<animation effect="rotatey" center="1170" start="60" end="60" time="200" condition="true">Conditional</animation>
				</control>
			</control>
		</control>
		<control type="group" id="3012">
			<left>30</left>
			<top>274</top>
			<camera x="640" y="418"/>
			<visible>Control.IsVisible(57) + Container.OnPrevious</visible>
			<animation effect="slide" end="60,0" time="200" reversible="false">Hidden</animation>
			<control type="image">
				<left>0</left>
				<top>16</top>
				<width>288</width>
				<height>288</height>
				<texture background="true" fallback="DefaultAudio.png" diffuse="mask-rect.png">$VAR[Icon(-3)Cover]</texture>
				<colordiffuse>SecondaryCovers</colordiffuse>
				<animation effect="rotatey" center="-40" start="-60" end="-60" time="0" condition="true">Conditional</animation>
				<visible>[Integer.IsGreater(Container(57).NumItems,6) + $EXP[isnotEnabledParentDirectory]] | [Integer.IsGreater(Container(57).NumItems,5) + $EXP[isEnabledParentDirectory]]</visible>
			</control>
			<control type="image">
				<left>88</left>
				<top>16</top>
				<width>288</width>
				<height>288</height>
				<texture background="true" fallback="DefaultAudio.png" diffuse="mask-rect.png">$VAR[Icon(-2)Cover]</texture>
				<colordiffuse>SecondaryCovers</colordiffuse>
				<animation effect="rotatey" center="10" start="-60" end="-60" time="0" condition="true">Conditional</animation>
				<visible>[Integer.IsGreater(Container(57).NumItems,4) + $EXP[isnotEnabledParentDirectory]] | [Integer.IsGreater(Container(57).NumItems,3) + $EXP[isEnabledParentDirectory]]</visible>
			</control>
			<control type="image">
				<left>176</left>
				<top>16</top>
				<width>288</width>
				<height>288</height>
				<texture background="true" fallback="DefaultAudio.png" diffuse="mask-rect.png">$VAR[Icon(-1)Cover]</texture>
				<colordiffuse>SecondaryCovers</colordiffuse>
				<animation effect="rotatey" center="60" start="-60" end="-60" time="0" condition="true">Conditional</animation>
				<visible>[Integer.IsGreater(Container(57).NumItems,2) + $EXP[isnotEnabledParentDirectory]] | [Integer.IsGreater(Container(57).NumItems,1) + $EXP[isEnabledParentDirectory]]</visible>
			</control>
			<control type="image">
				<left>942</left>
				<top>16</top>
				<width>288</width>
				<height>288</height>
				<texture background="true" fallback="DefaultAudio.png" diffuse="mask-rect.png">$VAR[Icon(5)Cover]</texture>
				<colordiffuse>SecondaryCovers</colordiffuse>
				<animation effect="rotatey" center="1320" start="60" end="60" time="0" condition="true">Conditional</animation>
				<visible>[Integer.IsGreater(Container(57).NumItems,9) + $EXP[isnotEnabledParentDirectory]] | [Integer.IsGreater(Container(57).NumItems,8) + $EXP[isEnabledParentDirectory]]</visible>
			</control>
			<control type="image">
				<left>854</left>
				<top>16</top>
				<width>288</width>
				<height>288</height>
				<texture background="true" fallback="DefaultAudio.png" diffuse="mask-rect.png">$VAR[Icon(4)Cover]</texture>
				<colordiffuse>SecondaryCovers</colordiffuse>
				<animation effect="rotatey" center="1270" start="60" end="60" time="0" condition="true">Conditional</animation>
				<visible>[Integer.IsGreater(Container(57).NumItems,7) + $EXP[isnotEnabledParentDirectory]] | [Integer.IsGreater(Container(57).NumItems,6) + $EXP[isEnabledParentDirectory]]</visible>
			</control>
			<control type="image">
				<left>766</left>
				<top>16</top>
				<width>288</width>
				<height>288</height>
				<texture background="true" fallback="DefaultAudio.png" diffuse="mask-rect.png">$VAR[Icon(3)Cover]</texture>
				<colordiffuse>SecondaryCovers</colordiffuse>
				<animation effect="rotatey" center="1220" start="60" end="60" time="0" condition="true">Conditional</animation>
				<visible>[Integer.IsGreater(Container(57).NumItems,5) + $EXP[isnotEnabledParentDirectory]] | [Integer.IsGreater(Container(57).NumItems,4) + $EXP[isEnabledParentDirectory]]</visible>
			</control>
			<control type="image">
				<left>678</left>
				<top>16</top>
				<width>288</width>
				<height>288</height>
				<texture background="true" fallback="DefaultAudio.png" diffuse="mask-rect.png">$VAR[Icon(2)Cover]</texture>
				<colordiffuse>SecondaryCovers</colordiffuse>
				<animation effect="rotatey" center="1170" start="60" end="60" time="0" condition="true">Conditional</animation>
				<visible>[Integer.IsGreater(Container(57).NumItems,3) + $EXP[isnotEnabledParentDirectory]] | [Integer.IsGreater(Container(57).NumItems,2) + $EXP[isEnabledParentDirectory]]</visible>
			</control>
			<control type="group">
				<visible>Control.IsVisible(57) + Container.OnPrevious</visible>
				<animation effect="slide" end="60,0" time="200" reversible="false">Hidden</animation>
				<control type="image">
					<left>466</left>
					<top>0</top>
					<width>288</width>
					<height>288</height>
					<texture background="true" fallback="DefaultAudio.png" diffuse="mask-rect.png">$VAR[Icon(1)Cover]</texture>
					<animation condition="!Control.HasFocus(57)" effect="fade" start="100" end="60" time="0" reversible="true">Conditional</animation>
					<animation effect="rotatey" center="640" start="0" end="60" time="200" reversible="false">Hidden</animation>
					<visible>[Integer.IsGreater(Container(57).NumItems,1) + $EXP[isnotEnabledParentDirectory]] | [Integer.IsGreater(Container(57).NumItems,0) + $EXP[isEnabledParentDirectory]]</visible>
				</control>
				<control type="image">
					<left>264</left>
					<top>16</top>
					<width>288</width>
					<height>288</height>
					<texture background="true" fallback="DefaultAudio.png" diffuse="mask-rect.png">$VAR[Icon(0)Cover]</texture>
					<colordiffuse>SecondaryCovers</colordiffuse>
					<animation effect="rotatey" center="110" start="0" end="60" time="200" reversible="false">Hidden</animation>
					<animation effect="rotatey" center="110" start="-60" end="-60" time="0" condition="true">Conditional</animation>
				</control>
			</control>
		</control>
		<control type="group" id="3010">
			<left>30</left>
			<top>274</top>
			<camera x="640" y="418"/>
			<visible>Control.IsVisible(57) + !Control.IsVisible(3011)  + !Control.IsVisible(3012)</visible>
			<control type="image">
				<left>0</left>
				<top>16</top>
				<width>288</width>
				<height>288</height>
				<texture background="true" fallback="DefaultAudio.png" diffuse="mask-rect.png">$VAR[Icon(-4)Cover]</texture>
				<colordiffuse>SecondaryCovers</colordiffuse>
				<animation effect="rotatey" center="-40" start="-60" end="-60" time="0" condition="true">Conditional</animation>
				<visible>[Integer.IsGreater(Container(57).NumItems,8) + $EXP[isnotEnabledParentDirectory]] | [Integer.IsGreater(Container(57).NumItems,7) + $EXP[isEnabledParentDirectory]]</visible>
			</control>
			<control type="image">
				<left>88</left>
				<top>16</top>
				<width>288</width>
				<height>288</height>
				<texture background="true" fallback="DefaultAudio.png" diffuse="mask-rect.png">$VAR[Icon(-3)Cover]</texture>
				<colordiffuse>SecondaryCovers</colordiffuse>
				<animation effect="rotatey" center="10" start="-60" end="-60" time="0" condition="true">Conditional</animation>
				<visible>[Integer.IsGreater(Container(57).NumItems,6) + $EXP[isnotEnabledParentDirectory]] | [Integer.IsGreater(Container(57).NumItems,5) + $EXP[isEnabledParentDirectory]]</visible>
			</control>
			<control type="image">
				<left>176</left>
				<top>16</top>
				<width>288</width>
				<height>288</height>
				<texture background="true" fallback="DefaultAudio.png" diffuse="mask-rect.png">$VAR[Icon(-2)Cover]</texture>
				<colordiffuse>SecondaryCovers</colordiffuse>
				<animation effect="rotatey" center="60" start="-60" end="-60" time="0" condition="true">Conditional</animation>
				<visible>[Integer.IsGreater(Container(57).NumItems,4) + $EXP[isnotEnabledParentDirectory]] | [Integer.IsGreater(Container(57).NumItems,3) + $EXP[isEnabledParentDirectory]]</visible>
			</control>
			<control type="image">
				<left>264</left>
				<top>16</top>
				<width>288</width>
				<height>288</height>
				<texture background="true" fallback="DefaultAudio.png" diffuse="mask-rect.png">$VAR[Icon(-1)Cover]</texture>
				<colordiffuse>SecondaryCovers</colordiffuse>
				<animation effect="rotatey" center="110" start="-60" end="-60" time="0" condition="true">Conditional</animation>
				<visible>[Integer.IsGreater(Container(57).NumItems,2) + $EXP[isnotEnabledParentDirectory]] | [Integer.IsGreater(Container(57).NumItems,1) + $EXP[isEnabledParentDirectory]]</visible>
			</control>
			<control type="image">
				<left>932</left>
				<top>16</top>
				<width>288</width>
				<height>288</height>
				<texture background="true" fallback="DefaultAudio.png" diffuse="mask-rect.png">$VAR[Icon(4)Cover]</texture>
				<colordiffuse>SecondaryCovers</colordiffuse>
				<animation effect="rotatey" center="1280" start="60" end="60" time="0" condition="true">Conditional</animation>
				<visible>[Integer.IsGreater(Container(57).NumItems,7) + $EXP[isnotEnabledParentDirectory]] | [Integer.IsGreater(Container(57).NumItems,6) + $EXP[isEnabledParentDirectory]]</visible>
			</control>
			<control type="image">
				<left>844</left>
				<top>16</top>
				<width>288</width>
				<height>288</height>
				<texture background="true" fallback="DefaultAudio.png" diffuse="mask-rect.png">$VAR[Icon(3)Cover]</texture>
				<colordiffuse>SecondaryCovers</colordiffuse>
				<animation effect="rotatey" center="1230" start="60" end="60" time="0" condition="true">Conditional</animation>
				<visible>[Integer.IsGreater(Container(57).NumItems,5) + $EXP[isnotEnabledParentDirectory]] | [Integer.IsGreater(Container(57).NumItems,4) + $EXP[isEnabledParentDirectory]]</visible>
			</control>
			<control type="image">
				<left>756</left>
				<top>16</top>
				<width>288</width>
				<height>288</height>
				<texture background="true" fallback="DefaultAudio.png" diffuse="mask-rect.png">$VAR[Icon(2)Cover]</texture>
				<colordiffuse>SecondaryCovers</colordiffuse>
				<animation effect="rotatey" center="1180" start="60" end="60" time="0" condition="true">Conditional</animation>
				<visible>[Integer.IsGreater(Container(57).NumItems,3) + $EXP[isnotEnabledParentDirectory]] | [Integer.IsGreater(Container(57).NumItems,2) + $EXP[isEnabledParentDirectory]]</visible>
			</control>
			<control type="image">
				<left>668</left>
				<top>16</top>
				<width>288</width>
				<height>288</height>
				<texture background="true" fallback="DefaultAudio.png" diffuse="mask-rect.png">$VAR[Icon(1)Cover]</texture>
				<colordiffuse>SecondaryCovers</colordiffuse>
				<animation effect="rotatey" center="1130" start="60" end="60" time="0" condition="true">Conditional</animation>
				<visible>[Integer.IsGreater(Container(57).NumItems,1) + $EXP[isnotEnabledParentDirectory]] | [Integer.IsGreater(Container(57).NumItems,0) + $EXP[isEnabledParentDirectory]]</visible>
			</control>
			<control type="image">
				<left>466</left>
				<top>0</top>
				<width>288</width>
				<height>288</height>
				<aspectratio>stretch</aspectratio>
				<texture background="true" fallback="DefaultAudio.png" diffuse="mask-rect.png">$VAR[Icon(0)Cover]</texture>
				<animation condition="!Control.HasFocus(57)" effect="fade" start="100" end="60" time="0" reversible="true">Conditional</animation>
			</control>
		</control>
		<control type="group">
			<visible>Control.IsVisible(57)</visible>
			<control type="group" id="1237">
				<visible>Skin.HasSetting(show-letterbar) + [Container.Content(artists) | Container.Content(albums)]</visible>
				<control type="button" id="1247"><!-- Search -->
					<left>36</left>
					<top>576</top>
					<width>20</width>
					<height>20</height>
					<onup>57</onup>
					<ondown>1257</ondown>
					<onright>1267</onright>
					<texturefocus>touch-search.png</texturefocus>
					<texturenofocus>touch-search.png</texturenofocus>
					<onclick>RunScript(script.skin.helper.service,action=musicsearch)</onclick>
					<animation effect="zoom" start="100" end="130" center="auto" time="0">focus</animation>
					<animation effect="fade" start="100" end="50" time="0" condition="!Control.HasFocus(1247)">Conditional</animation>
				</control>
				<control type="panel" id="1267">
					<left>68</left>
					<top>574</top>
					<width>1232</width>
					<height>22</height>
					<onup>57</onup>
					<ondown condition="!String.IsEqual(Skin.String(show-scrollbar),$LOCALIZE[31877])">1257</ondown>
					<ondown condition="String.IsEqual(Skin.String(show-scrollbar),$LOCALIZE[31877])">noop</ondown>
					<onleft>1247</onleft>
					<onright>noop</onright>
					<orientation>horizontal</orientation>
					<itemlayout height="22" width="44">
						<control type="label">
							<height>20</height>
							<label>$INFO[ListItem.Label]</label>
							<font>apptv20</font>
							<textcolor>disabled-text</textcolor>
							<align>center</align>
							<animation effect="fade" start="100" end="20" time="0" condition="!String.IsEmpty(ListItem.Property(NotAvailable))">Conditional</animation>
						</control>
						<control type="label">
							<height>20</height>
							<label>$INFO[ListItem.Label]</label>
							<font>apptv20</font>
							<textcolor>listselected-text</textcolor>
							<align>center</align>
							<visible>String.IsEqual(ListItem.Label,Container.ListItem.SortLetter)</visible>
						</control>
					</itemlayout>
					<focusedlayout height="22" width="44">
						<control type="label">
							<height>20</height>
							<label>$INFO[ListItem.Label]</label>
							<font>apptv20</font>
							<align>center</align>
							<animation effect="zoom" start="100" end="130" center="auto" time="0">focus</animation>
							<animation effect="fade" start="100" end="20" time="0" condition="!String.IsEmpty(ListItem.Property(NotAvailable))">Conditional</animation>
						</control>
					</focusedlayout>
					<content>plugin://script.skin.helper.service/?action=alphabet&amp;reload=$INFO[Container.NumItems]</content>
				</control>
			</control>
			<control type="scrollbar" id="1257">
				<left>28</left>
				<top>592</top>
				<width>1220</width>
				<height>16</height>
				<orientation>horizontal</orientation>
				<onup condition="Skin.HasSetting(show-letterbar) + [Container.Content(artists) | Container.Content(albums)]">1267</onup>
				<onup condition="!Skin.HasSetting(show-letterbar) | ![Container.Content(artists) | Container.Content(albums)]">57</onup>
				<animation condition="!Control.HasFocus(1257) + !Container.Scrolling + !String.IsEqual(Skin.String(show-scrollbar),$LOCALIZE[31875])" effect="fade" start="100" end="0" time="200" reversible="true">Conditional</animation>
				<animation condition="Skin.HasSetting(show-letterbar) + [Container.Content(artists) | Container.Content(albums)]" effect="slide" end="0,10" reversible="true">Conditional</animation>
				<visible>$EXP[isEnabledScrollbar] + Control.IsVisible(57)</visible>
			</control>
			<control type="label"><!-- Go Back -->
				<left>26</left>
				<top>618</top>
				<width>1221</width>
				<height>38</height>
				<font>apptv38</font>
				<align>center</align>
				<include condition="Skin.HasSetting(text-autoscroll)">scrolltext</include>
				<label>$LOCALIZE[31688]</label>
				<visible>ListItem.IsParentFolder</visible>
			</control>
			<control type="group">
				<visible>!ListItem.IsParentFolder</visible>
				<control type="label"><!-- Artist & Album name-->
					<left>26</left>
					<top>618</top>
					<width>1221</width>
					<height>37</height>
					<font>apptv30</font>
					<align>center</align>
					<include condition="Skin.HasSetting(text-autoscroll)">scrolltext</include>
					<label>$INFO[ListItem.Artist,, - ]$INFO[ListItem.Label]</label>
					<visible>ListItem.IsFolder + !Container.Content(artists)</visible>
				</control>
				<control type="group">
					<visible>ListItem.IsFolder + Container.Content(artists)</visible>
					<control type="image"><!-- Music logo if available -->
						<left>544</left>
						<top>610</top>
						<width>192</width>
						<height>75</height>
						<texture>$INFO[Window(home).Property(SkinHelper.Music.ClearLogo)]</texture>
						<aspectratio align="left" aligny="bottom">keep</aspectratio>
					</control>
					<control type="label"><!-- Artist name-->
						<left>26</left>
						<top>618</top>
						<width>1221</width>
						<height>37</height>
						<font>apptv30</font>
						<align>center</align>
						<include condition="Skin.HasSetting(text-autoscroll)">scrolltext</include>
						<label>$INFO[ListItem.Label]</label>
						<visible>String.IsEmpty(Window(home).Property(SkinHelper.Music.ClearLogo))</visible>
					</control>
				</control>
				<control type="label"><!-- Track name-->
					<left>26</left>
					<top>618</top>
					<width>1221</width>
					<height>37</height>
					<font>apptv30</font>
					<align>center</align>
					<include condition="Skin.HasSetting(text-autoscroll)">scrolltext</include>
					<label>$INFO[ListItem.Label]</label>
					<visible>!ListItem.IsFolder + !Container.Content(artists)</visible>
				</control>
				<control type="label"><!-- Genre -->
					<left>194</left>
					<top>685</top>
					<width>885</width>
					<height>25</height>
					<font>apptv25</font>
					<align>center</align>
					<include condition="Skin.HasSetting(text-autoscroll)">scrolltext</include>
					<label>$INFO[ListItem.Genre]</label>
					<visible>!Container.Content(genres)</visible>
				</control>
				<control type="image"><!-- Star Rating -->
					<left>18</left>
					<top>630</top>
					<width>110</width>
					<height>22</height>
					<texture>$VAR[MediaRating]</texture>
					<aspectratio>keep</aspectratio>
				</control>
			</control>
		</control>
	</include>
	<include name="AudioWallView">
		<control type="panel" id="58">
			<left>510</left>
			<top>128</top>
			<width>708</width>
			<height>531</height>
			<onleft condition="Skin.HasSetting(lock-screensettings)">noop</onleft>
			<onleft condition="!Skin.HasSetting(lock-screensettings)">9000</onleft>
			<onright>$VAR[ListScrollNav]</onright>
			<onup>58</onup>
			<ondown>58</ondown>
			<viewtype label="31944">wall</viewtype>
			<pagecontrol>1258</pagecontrol>
			<preloaditems>4</preloaditems>
			<animation type="TYPE" condition="Skin.HasSetting(tiltmusicwallicon)" reversible="false">
				<effect type="rotatey" start="-15" end="-15" time="0"/>
				<effect type="slide" end="55,0" time="0"/>
				<effect type="zoom" start="100" end="115" center="auto" time="0" tween="back" easing="out"/>
			</animation>
			<itemlayout height="177" width="177">
					<control type="image">
						<left>1</left>
						<top>1</top>
						<width>176</width>
						<height>176</height>
						<aspectratio>stretch</aspectratio>
						<colordiffuse>UnFocusedCovers</colordiffuse>
						<texture diffuse="mask-squ.png" fallback="DefaultAudio.png" background="true">$VAR[IconCover]</texture>
						<visible>!Container.Content(addons) + !Container.Content(musicvideos)</visible>
					</control>
					<control type="image">
						<left>1</left>
						<top>1</top>
						<width>176</width>
						<height>176</height>
						<aspectratio>stretch</aspectratio>
						<colordiffuse>UnFocusedCovers</colordiffuse>
						<texture diffuse="mask-squ.png" fallback="DefaultAddonMusic.png" background="true">$VAR[IconCover]</texture>
						<visible>Container.Content(addons)</visible>
					</control>
					<control type="image">
						<left>1</left>
						<top>1</top>
						<width>176</width>
						<height>176</height>
						<aspectratio>stretch</aspectratio>
						<colordiffuse>UnFocusedCovers</colordiffuse>
						<texture diffuse="mask-squ.png" fallback="DefaultMusicVideos.png" background="true">$VAR[IconCover]</texture>
						<visible>Container.Content(musicvideos)</visible>
					</control>
			</itemlayout>
			<focusedlayout height="177" width="177">
				<control type="image">
					<left>1</left>
					<top>1</top>
					<width>176</width>
					<height>176</height>
					<texture background="true" diffuse="mask-squ.png">$VAR[IconCover]</texture>
					<aspectratio>stretch</aspectratio>
					<animation effect="zoom" start="100" end="112" center="auto" time="300" tween="back" easing="out" reversible="false">focus</animation>
					<visible>$EXP[isDefaultIcon]</visible>
				</control>
				<control type="group">
					<visible>$EXP[isnotDefaultIcon]</visible>
					<control type="image">
						<left>1</left>
						<top>1</top>
						<width>176</width>
						<height>176</height>
						<texture fallback="DefaultAudio.png" background="true" diffuse="mask-squ.png">$VAR[IconCover]</texture>
						<aspectratio>stretch</aspectratio>
						<bordertexture border="8">mask-hilite.png</bordertexture>
						<bordersize>8</bordersize>
						<animation effect="zoom" start="100" end="112" center="auto" time="300" tween="back" easing="out" reversible="false">focus</animation>
						<visible>!Container.Content(addons) + !Container.Content(musicvideos)</visible>
					</control>
					<control type="image">
						<left>1</left>
						<top>1</top>
						<width>176</width>
						<height>176</height>
						<texture fallback="DefaultAddonMusic.png" background="true" diffuse="mask-squ.png">$VAR[IconCover]</texture>
						<aspectratio>stretch</aspectratio>
						<bordertexture border="8">mask-hilite.png</bordertexture>
						<bordersize>8</bordersize>
						<animation effect="zoom" start="100" end="112" center="auto" time="300" tween="back" easing="out" reversible="false">focus</animation>
						<visible>Container.Content(addons)</visible>
					</control>
					<control type="image">
						<left>1</left>
						<top>1</top>
						<width>176</width>
						<height>176</height>
						<texture fallback="DefaultMusicVideos.png" background="true" diffuse="mask-squ.png">$VAR[IconCover]</texture>
						<aspectratio>stretch</aspectratio>
						<bordertexture border="8">mask-hilite.png</bordertexture>
						<bordersize>8</bordersize>
						<animation effect="zoom" start="100" end="112" center="auto" time="300" tween="back" easing="out" reversible="false">focus</animation>
						<visible>Container.Content(musicvideos)</visible>
					</control>
				</control>
			</focusedlayout>
		</control>
		<control type="group">
			<visible>Control.IsVisible(58)</visible>
			<control type="label"><!-- Go Back -->
				<left>20</left>
				<top>110</top>
				<width>490</width>
				<height>37</height>
				<font>apptv30</font>
				<include condition="Skin.HasSetting(text-autoscroll)">scrolltext</include>
				<label>$LOCALIZE[31688]</label>
				<visible>ListItem.IsParentFolder</visible>
			</control>
			<control type="grouplist">
				<left>20</left>
				<top>110</top>
				<width>490</width>
				<height>576</height>
				<visible>!ListItem.IsParentFolder</visible>
				<control type="label"><!-- Album name-->
					<width>470</width>
					<height>46</height>
					<font>apptv23</font>
					<include condition="Skin.HasSetting(text-autoscroll)">scrolltext</include>
					<label>$INFO[ListItem.Album]</label>
					<wrapmultiline>true</wrapmultiline>
					<visible>Container.Content(albums)</visible>
				</control>
				<control type="label"><!-- Artist name-->
					<width>470</width>
					<height>44</height>
					<font>apptv22</font>
					<include condition="Skin.HasSetting(text-autoscroll)">scrolltext</include>
					<label>$INFO[ListItem.Artist]</label>
					<wrapmultiline>true</wrapmultiline>
					<visible>!String.IsEmpty(ListItem.Artist)</visible>
				</control>
				<control type="label"><!-- Track name/Listitem label-->
					<width>470</width>
					<height>44</height>
					<font>apptv22</font>
					<include condition="Skin.HasSetting(text-autoscroll)">scrolltext</include>
					<label>$INFO[ListItem.Label]</label>
					<wrapmultiline>true</wrapmultiline>
					<visible>!Container.Content(albums) + !Container.Content(artists)</visible>
				</control>
				<control type="label"><!-- Genre -->
					<width>470</width>
					<height>44</height>
					<font>apptv20</font>
					<include condition="Skin.HasSetting(text-autoscroll)">scrolltext</include>
					<label>$INFO[ListItem.Genre]</label>
					<visible>!Container.Content(genres)</visible>
				</control>
				<control type="group">
					<width>177</width>
					<height>44</height>
					<control type="image"><!-- Star Rating -->
						<left>0</left>
						<top>11</top>
						<width>110</width>
						<height>22</height>
						<texture>$VAR[MediaRating]</texture>
						<aspectratio>keep</aspectratio>
					</control>
				</control>
				<control type="textbox"><!-- Album description -->
					<width>470</width>
					<height>354</height>
					<font>apptv22</font>
					<label>$INFO[ListItem.Property(Album_Description)]</label>
					<align>justify</align>
					<autoscroll time="2000" delay="3000" repeat="6000">Skin.HasSetting(text-autoscroll) + !System.ScreenSaverActive</autoscroll>
					<visible>Container.Content(albums)</visible>
				</control>
				<control type="textbox"><!-- Artist description -->
					<width>470</width>
					<height>354</height>
					<font>apptv22</font>
					<label>$INFO[ListItem.Property(Artist_Description)]</label>
					<align>justify</align>
					<autoscroll time="2000" delay="3000" repeat="6000">Skin.HasSetting(text-autoscroll) + !System.ScreenSaverActive</autoscroll>
					<visible>Container.Content(artists)</visible>
				</control>
			</control>
			<control type="group" id="1238">
				<visible>Control.IsVisible(58) + Skin.HasSetting(show-letterbar) + [Container.Content(artists) | Container.Content(albums)]</visible>
				<control type="button" id="1248"><!-- Search -->
					<left>1231</left>
					<top>88</top>
					<width>20</width>
					<height>20</height>
					<onleft>58</onleft>
					<onright>1258</onright>
					<ondown>1268</ondown>
					<texturefocus>touch-search.png</texturefocus>
					<texturenofocus>touch-search.png</texturenofocus>
					<onclick>RunScript(script.skin.helper.service,action=musicsearch)</onclick>
					<animation effect="zoom" start="100" end="130" center="auto" time="0">focus</animation>
					<animation effect="fade" start="100" end="50" time="0" condition="!Control.HasFocus(1248)">Conditional</animation>
				</control>
				<control type="panel" id="1268">
					<left>1230</left>
					<top>110</top>
					<width>20</width>
					<height>594</height>
					<onleft>58</onleft>
					<onright condition="!String.IsEqual(Skin.String(show-scrollbar),$LOCALIZE[31877])">1258</onright>
					<onright condition="String.IsEqual(Skin.String(show-scrollbar),$LOCALIZE[31877])">noop</onright>
					<onup>1248</onup>
					<ondown>noop</ondown>
					<orientation>vertical</orientation>
					<itemlayout height="22" width="20">
						<control type="label">
							<height>20</height>
							<label>$INFO[ListItem.Label]</label>
							<font>apptv20</font>
							<textcolor>disabled-text</textcolor>
							<align>center</align>
							<animation effect="fade" start="100" end="20" time="0" condition="!String.IsEmpty(ListItem.Property(NotAvailable))">Conditional</animation>
						</control>
						<control type="label">
							<height>20</height>
							<label>$INFO[ListItem.Label]</label>
							<font>apptv20</font>
							<textcolor>listselected-text</textcolor>
							<align>center</align>
							<visible>String.IsEqual(ListItem.Label,Container.ListItem.SortLetter)</visible>
						</control>
					</itemlayout>
					<focusedlayout height="22" width="20">
						<control type="label">
							<height>20</height>
							<label>$INFO[ListItem.Label]</label>
							<font>apptv20</font>
							<align>center</align>
							<animation effect="zoom" start="100" end="130" center="auto" time="0">focus</animation>
							<animation effect="fade" start="100" end="20" time="0" condition="!String.IsEmpty(ListItem.Property(NotAvailable))">Conditional</animation>
						</control>
					</focusedlayout>
					<content>plugin://script.skin.helper.service/?action=alphabet&amp;reload=$INFO[Container.NumItems]</content>
				</control>
			</control>
			<control type="scrollbar" id="1258">
				<left>1242</left>
				<top>124</top>
				<width>16</width>
				<height>540</height>
				<onleft condition="Skin.HasSetting(show-letterbar) + [Container.Content(artists) | Container.Content(albums)]">1268</onleft>
				<onleft condition="!Skin.HasSetting(show-letterbar) | ![Container.Content(artists) | Container.Content(albums)]">58</onleft>
				<animation condition="!Control.HasFocus(1258) + !Container.Scrolling + !String.IsEqual(Skin.String(show-scrollbar),$LOCALIZE[31875])" effect="fade" start="100" end="0" time="200" reversible="true">Conditional</animation>
				<animation condition="Skin.HasSetting(show-letterbar) + [Container.Content(artists) | Container.Content(albums)]" effect="slide" end="14,0" reversible="true">Conditional</animation>
				<visible>$EXP[isEnabledScrollbar] + Control.IsVisible(58)</visible>
			</control>
		</control>
	</include>
</includes>
