<?xml version="1.0" encoding="UTF-8"?>
<window>
	<defaultcontrol always="true">50</defaultcontrol>
	<allowoverlay>yes</allowoverlay>
	<include>screen-fade</include>
	<views>50,54,57,58</views>
	<onload>ClearProperty(ShowScreenSettings,Home)</onload>
	<onunload>ClearProperty(ShowScreenSettings,Home)</onunload>
	<controls>
		<include>background</include>
		<include>Fake-Overlay</include>
		<control type="grouplist">
			<left>780</left>
			<top>20</top>
			<width>auto</width>
			<height>72</height>
			<align>left</align>
			<aligny>center</aligny>
			<orientation>horizontal</orientation>
			<control type="label"><!-- Music screen heading -->
				<width max="400">auto</width>
				<height>62</height>
				<label>$VAR[MusicHeadings]</label>
				<font>font18</font>
				<wrapmultiline>true</wrapmultiline>
				<aligny>top</aligny>
			</control>
			<control type="label"><!-- Number of files -->
				<top>13</top>
				<width max="80">auto</width>
				<height>38</height>
				<label>$INFO[Container.NumItems,(,)]</label>
			</control>
		</control>

		<include file="View-Music.xml">AlbumListView</include>
		<include file="View-Music.xml">AlbumWrapView</include>
		<include file="View-Music.xml">AudioWallView</include>
		<include file="View-Music.xml">AlbumCoverflow</include>

		<control type="group"><!-- Screen-settings Menu -->
			<left>0</left>
			<top>720</top>
			<include>screen-settings</include>
			<include>fadebackground</include>
			<control type="image"><!-- Button background -->
				<left>460</left>
				<top>40</top>
				<width>396</width>
				<height>650</height>
				<texture border="8">button-menu-background.png</texture>
			</control>
			<control type="label"><!-- Dialog heading -->
				<left>472</left>
				<top>56</top>
				<width>372</width>
				<height>34</height>
				<font>font12</font>
				<label>$LOCALIZE[31557]</label>
				<align>center</align>
			</control>
			<control type="button"><!-- Touch Close button -->
				<left>834</left>
				<top>32</top>
				<width>32</width>
				<height>32</height>
				<texturefocus>touch-close.png</texturefocus>
				<texturenofocus>touch-close.png</texturenofocus>
				<onclick condition="!StringCompare(Window(Home).Property(ShowScreenSettings),show)">SetProperty(ShowScreenSettings,show,Home)</onclick>
				<onclick condition="StringCompare(Window(Home).Property(ShowScreenSettings),show)">ClearProperty(ShowScreenSettings,Home)</onclick>
				<visible>system.getbool(input.enablemouse)</visible>
			</control>
			<control type="image">
				<left>472</left>
				<top>92</top>
				<width>372</width>
				<height>4</height>
				<texture>separator.png</texture>
			</control>
			<control type="grouplist" id="9000">
				<left>472</left>
				<top>100</top>
				<width>372</width>
				<height>576</height>
				<onright>50</onright>
				<onleft>50</onleft>
				<control type="button" id="2"><!-- View type -->
					<width>372</width>
					<height>48</height>
					<font>font11</font>
					<label>$LOCALIZE[100]</label>
					<textoffsetx>10</textoffsetx>
				</control>
				<control type="radiobutton" id="1198"><!-- Tilt icon list view -->
					<width>372</width>
					<height>48</height>
					<label>$LOCALIZE[31886]</label>
					<font>font11</font>
					<onclick>Skin.ToggleSetting(tiltmusiclisticon)</onclick>
					<selected>Skin.HasSetting(tiltmusiclisticon)</selected>
					<radioposx>330</radioposx>
					<textoffsetx>10</textoffsetx>
					<visible>SubString(Control.GetLabel(2),$LOCALIZE[31941],Right)</visible>
				</control>
				<control type="radiobutton" id="1197"><!-- Tilt icon wall view -->
					<width>372</width>
					<height>48</height>
					<label>$LOCALIZE[31886]</label>
					<font>font11</font>
					<onclick>Skin.ToggleSetting(tiltmusicwallicon)</onclick>
					<selected>Skin.HasSetting(tiltmusicwallicon)</selected>
					<radioposx>330</radioposx>
					<textoffsetx>10</textoffsetx>
					<visible>SubString(Control.GetLabel(2),$LOCALIZE[31944],Right)</visible>
				</control>
				<control type="button" id="3"><!-- Sort by -->
					<width>372</width>
					<height>48</height>
					<font>font11</font>
					<label>$LOCALIZE[103]</label>
					<textoffsetx>10</textoffsetx>
				</control>
				<control type="togglebutton" id="4"><!-- Sort direction -->
					<width>372</width>
					<height>48</height>
					<font>font11</font>
					<label>$LOCALIZE[21429]: $LOCALIZE[21430]</label>
					<altlabel>$LOCALIZE[21429]: $LOCALIZE[21431]</altlabel>
					<textoffsetx>10</textoffsetx>
				</control>
				<control type="radiobutton" id="5"><!-- Library -->
					<width>372</width>
					<height>48</height>
					<font>font11</font>
					<label>$LOCALIZE[29800]</label>
					<selected>Window.IsVisible(musiclibrary)</selected>
					<textoffsetx>10</textoffsetx>
					<radioposx>330</radioposx>
				</control>
				<control type="button" id="8"><!-- Search -->
					<width>372</width>
					<height>48</height>
					<font>font11</font>
					<label>$LOCALIZE[137]</label>
					<textoffsetx>10</textoffsetx>
				</control>
				<control type="edit" id="19"><!-- Filter -->
					<width>372</width>
					<height>48</height>
					<font>font11</font>
					<label>$LOCALIZE[587]</label>
					<textwidth>340</textwidth>
					<textoffsetx>10</textoffsetx>
					<visible>!Container.CanFilterAdvanced</visible>
				</control>
				<control type="radiobutton" id="98"><!-- Advanced filter -->
					<width>372</width>
					<height>48</height>
					<label>$LOCALIZE[587]</label>
					<font>font11</font>
					<selected>Container.Filtered</selected>
					<onclick>Filter</onclick>
					<textoffsetx>10</textoffsetx>
					<radioposx>330</radioposx>
					<visible>Container.CanFilterAdvanced</visible>
				</control>
				<control type="button" id="17"><!-- CDDB -->
					<width>372</width>
					<height>48</height>
					<font>font11</font>
					<label>$LOCALIZE[31226]</label>
					<textoffsetx>10</textoffsetx>
				</control>
				<control type="button" id="16"><!-- Party mode -->
					<width>372</width>
					<height>48</height>
					<font>font11</font>
					<label>$LOCALIZE[589]</label>
					<textoffsetx>10</textoffsetx>
				</control>
				<control type="button" id="1199"><!-- Goto playlist -->
					<width>372</width>
					<height>48</height>
					<font>font11</font>
					<label>$LOCALIZE[13350]</label>
					<onclick>$VAR[PlayList]</onclick>
					<textoffsetx>10</textoffsetx>
					<visible>Player.HasMedia</visible>
					<visible>!VideoPlayer.Content(LiveTV)</visible>
					<visible>!Window.IsVisible(musicplaylist) + !Window.IsVisible(videoplaylist)</visible>
				</control>
				<control type="togglebutton" id="20"><!-- Update library -->
					<width>372</width>
					<height>48</height>
					<font>font11</font>
					<label>$LOCALIZE[653]</label>
					<altlabel>$LOCALIZE[13353]</altlabel>
					<usealttexture>library.isscanningmusic</usealttexture>
					<textoffsetx>10</textoffsetx>
				</control>
				<control type="button" id="1200"><!-- Player controls -->
					<width>372</width>
					<height>48</height>
					<font>font11</font>
					<label>$LOCALIZE[16003] $LOCALIZE[478]</label>
					<onclick>ActivateWindow(playercontrols)</onclick>
					<onclick>SetFocus(50)</onclick>
					<textoffsetx>10</textoffsetx>
					<visible>Player.HasAudio | Player.HasVideo</visible>
				</control>
				<control type="button" id="22"><!-- Now playing -->
					<width>376</width>
					<height>48</height>
					<font>font11</font>
					<label>$LOCALIZE[13350]</label>
					<onclick>ActivateWindow(musicplaylist)</onclick>
					<textoffsetx>10</textoffsetx>
					<visible>Player.HasAudio</visible>
				</control>
			</control>
		</control>

		<include>group-focusvert</include>
		<include>group-focushorz</include>

		<include>touch-controls</include>

	</controls>
</window>