<?xml version="1.0" encoding="UTF-8"?>
<addon id="skin.desitv" version="1.2.9" name="DesiTV"	provider-name="RozebMomin">
	<requires>
		<import addon="xbmc.gui" version="5.9.0"/>
		<import addon="resource.uisounds.apptv" version="1.0.0"/>
		<import addon="script.xbmc.debug.log" version="14.1.0"/>
		<import addon="script.favourites" version="6.0.2"/>
		<import addon="script.globalsearch" version="5.0.0"/>
		<import addon="service.library.data.provider" version="0.1.1"/>
	</requires>
	<extension point="xbmc.gui.skin" effectslowdown="1" debugging="false">
		<res width="1280" height="720" aspect="16:9" default="true" folder="720p"/>
	</extension>
	<extension point="xbmc.addon.metadata">
		<summary lang="en">...</summary>
		<summary lang="en_US">...</summary>
		<description lang="en">...</description>
		<disclaimer lang="en">...</disclaimer>
		<platform>all</platform>
		<license>Licensed under the Apache License, Version 2.0</license>
		<forum>...</forum>
		<website></website>
		<email></email>
		<source>...</source>
	</extension>
</addon>
