﻿<?xml version="1.0" encoding="UTF-8" standalone="yes"?>
<addon id="repository.rozeb" name="Rozeb's Kodi Addons" version="1.0.3" provider-name="Rozeb [webmaster@askmaulana.com]">
	<extension point="xbmc.addon.repository" name="Rozeb's Kodi Addon Repository">
		<info compressed="false">http://github.com/RozebMomin/KodiAddons/raw/master/addons.xml</info>
		<checksum>http://github.com/RozebMomin/KodiAddons/raw/master/addons.xml.md5</checksum>
		<datadir zip="true">http://github.com/RozebMomin/KodiAddons/raw/master/repo</datadir>
	</extension>
	<extension point="xbmc.addon.metadata">
		<summary>Install Rozeb's Addons</summary>
		<description>Download and install addons by Rozeb</description>
		<platform>all</platform>
	</extension>
</addon>