<?xml version="1.0" encoding="utf-8"?>
<includes>
	<include name="IconHomeMenu">
		<control type="image"><!-- Background image for main icon area -->
			<include>fullscreenimage</include>
			<texture>background-iconhome.png</texture>
		</control>
		<control type="group">
			<visible>[Container(9000).Row(0) | Container(9000).Row(1)] + !Container(9000).HasPrevious()</visible>
			<animation effect="fade" start="0" end="100" time="200">Visible</animation>
			<control type="group"><!-- Build up home menu shelf image -->
				<visible>![Window.IsActive(videolibrary) | Window.IsActive(musiclibrary) | Window.IsActive(musicfiles)]</visible>
				<control type="image">
					<left>0</left>
					<top>0</top>
					<width>1280</width>
					<height>192</height>
					<texture>background-iconshelfbackdrop.png</texture>
				</control>
				<control type="image">
					<left>0</left>
					<top>192</top>
					<width>1280</width>
					<height>122</height>
					<texture>background-iconshelf.png</texture>
				</control>
				<control type="image">
					<left>0</left>
					<top>0</top>
					<width>1280</width>
					<height>314</height>
					<texture>menu-mask.png</texture>
				</control>
			</control>

			<include condition="!Skin.HasSetting(home-time)" file="Includes_Shelf.xml">homeshelf-time</include><!-- Show time on home screen -->
			<include condition="Skin.HasSetting(media-overlay)" file="Includes_Shelf.xml">shelf-nowplaying</include><!-- Now Playing -->

			<control type="group" id="9800"><!-- Shelf icons-->
				<control type="group" id="9801"><!-- Navigateable icons -->
					<control type="group" id="9155"><!-- Movie icons -->
						<visible>StringCompare(Container(9000).ListItem.Label2,$LOCALIZE[31026])</visible>
						<control type="group">
							<visible>StringCompare(Skin.String(shelf-movieimages),$LOCALIZE[31953]) | !IntegerGreaterThan(Container(9160).NumItems,0)</visible>
							<control type="image">
								<left>542</left>
								<top>38</top>
								<width>196</width>
								<height>196</height>
								<texture>DefaultVideo.png</texture>
							</control>
							<control type="image">
								<left>542</left>
								<top>234</top>
								<width>196</width>
								<height>196</height>
								<texture flipy="true" diffuse="mask-fade.png">DefaultVideo.png</texture>
							</control>
						</control>
						<control type="group">
							<visible>!StringCompare(Skin.String(shelf-movieimages),$LOCALIZE[31953])</visible>
							<include file="Includes_Shelf.xml">movie-shelficons</include>
						</control>
					</control>
					<control type="group" id="9205"><!-- TV Shows icons -->
						<visible>StringCompare(Container(9000).ListItem.Label2,$LOCALIZE[20343])</visible>
						<control type="group">
							<visible>StringCompare(Skin.String(shelf-tvshowimages),$LOCALIZE[31953]) | !IntegerGreaterThan(Container(9210).NumItems,0)</visible>
							<control type="image">
								<left>542</left>
								<top>38</top>
								<width>196</width>
								<height>196</height>
								<texture>DefaultTvshows.png</texture>
							</control>
							<control type="image">
								<left>542</left>
								<top>234</top>
								<width>196</width>
								<height>196</height>
								<texture flipy="true" diffuse="mask-fade.png">DefaultTvshows.png</texture>
							</control>
						</control>
						<control type="group">
							<visible>![StringCompare(Skin.String(shelf-tvshowimages),$LOCALIZE[31953])]</visible>
							<include file="Includes_Shelf.xml">tvshow-shelficons</include>
						</control>
					</control>
					<control type="group" id="9255"><!-- Music icons -->
						<visible>StringCompare(Container(9000).ListItem.Label2,$LOCALIZE[2])</visible>
						<control type="group">
							<visible>StringCompare(Skin.String(shelf-musicimages),$LOCALIZE[31953]) | !IntegerGreaterThan(Container(9260).NumItems,0)</visible>
							<control type="image">
								<left>542</left>
								<top>38</top>
								<width>196</width>
								<height>196</height>
								<texture>DefaultAudio.png</texture>
							</control>
							<control type="image">
								<left>542</left>
								<top>234</top>
								<width>196</width>
								<height>196</height>
								<texture flipy="true" diffuse="mask-fade.png">DefaultAudio.png</texture>
							</control>
						</control>
						<control type="group">
							<visible>!StringCompare(Skin.String(shelf-musicimages),$LOCALIZE[31953])</visible>
							<include file="Includes_Shelf.xml">music-shelficons</include>
						</control>
					</control>
				</control>
				<control type="group" id="9802"><!-- Weather icons -->
					<visible>StringCompare(Container(9000).ListItem.Label2,$LOCALIZE[8])</visible>
					<control type="group">
						<visible>!Weather.IsFetched</visible>
						<control type="image">
							<left>552</left>
							<top>58</top>
							<width>176</width>
							<height>176</height>
							<texture>icon-weather.png</texture>
						</control>
						<control type="image">
							<left>552</left>
							<top>234</top>
							<width>176</width>
							<height>176</height>
							<texture flipy="true" diffuse="mask-fade.png">icon-weather.png</texture>
						</control>
					</control>
					<control type="group">
						<visible>Weather.IsFetched</visible>
						<include condition="!IsEmpty(Weather.plugin) + [Skin.HasSetting(home-weather) | Skin.HasSetting(home-currentweather)]" file="Includes_Shelf.xml">ShelfWeather</include>
					</control>
				</control>
				<control type="group" id="9803"><!-- Default Shelf image -->
					<visible>StringCompare(Container(9000).ListItem.Label2,$LOCALIZE[571])</visible>
					<control type="group">
						<control type="image">
							<left>464</left>
							<top>58</top>
							<width>352</width>
							<height>176</height>
							<aspectratio>keep</aspectratio>
							<texture background="true">skin-logo-big.png</texture>
						</control>
						<control type="image">
							<left>464</left>
							<top>234</top>
							<width>352</width>
							<height>176</height>
							<aspectratio scalediffuse="true">keep</aspectratio>
							<texture flipy="true" diffuse="mask-fade.png">skin-logo-big.png</texture>
						</control>
					</control>
				</control>
			</control>
		</control>

		<control type="button" id="9005"><!-- Play bump sound if user tries to leave menu by undefined direction -->
			<left>-30</left>
			<top>-30</top>
			<width>1</width>
			<height>1</height>
			<onfocus>SetFocus(9000)</onfocus>
			<onfocus>ActivateWindow(1157)</onfocus>
		</control>
		<control type="button" id="9050"><!-- Play bump sound if user tries to leave Movie shelf by undefined direction -->
			<left>-40</left>
			<top>-40</top>
			<width>1</width>
			<height>1</height>
			<onfocus>SetFocus(9160)</onfocus>
			<onfocus>ActivateWindow(1157)</onfocus>
		</control>
		<control type="button" id="9052"><!-- Play bump sound if user tries to leave TV shelf by undefined direction -->
			<left>-50</left>
			<top>-50</top>
			<width>1</width>
			<height>1</height>
			<onfocus>SetFocus(9210)</onfocus>
			<onfocus>ActivateWindow(1157)</onfocus>
		</control>
		<control type="button" id="9054"><!-- Play bump sound if user tries to leave Music shelf by undefined direction -->
			<left>-60</left>
			<top>-60</top>
			<width>1</width>
			<height>1</height>
			<onfocus>SetFocus(9260)</onfocus>
			<onfocus>ActivateWindow(1157)</onfocus>
		</control>
		<control type="button" id="9056"><!-- Play bump sound if user tries to leave Addons shelf by undefined direction -->
			<left>-70</left>
			<top>-70</top>
			<width>1</width>
			<height>1</height>
			<onfocus>SetFocus(9360)</onfocus>
			<onfocus>ActivateWindow(1157)</onfocus>
		</control>

		<control type="panel" id="9000"><!-- Home menu icon panel -->
			<animation condition="![Container(9000).Row(0) | Container(9000).Row(1)] | Container(9000).HasPrevious()" effect="slide" start="0,0" end="0,-310" time="100">Conditonal</animation>
			<width>1260</width>
			<height>640</height>
			<top>340</top>
			<left>10</left>
			<onleft>9005</onleft>
			<onright>9005</onright>
			<onup condition="![Control.IsVisible(9802) | Control.IsVisible(9803)]">9800</onup>
			<onup condition="Control.IsVisible(9803) | Control.IsVisible(9803)">9005</onup>
			<ondown>9005</ondown>
			<itemlayout height="160" width="252">
				<control type="image"><!-- Icon image -->
					<left>26</left>
					<top>10</top>
					<width>200</width>
					<height>120</height>
					<aspectratio>keep</aspectratio>
					<texture diffuse="homeiconmask.png">$INFO[ListItem.thumb]</texture>
				</control>
				<control type="label">
                    <left>0</left>
                    <top>138</top>
                    <width>250</width>
                    <height>22</height>
                    <textcolor>disabled-text</textcolor>
                    <align>center</align>
                    <label>$INFO[ListItem.label]</label>
                    <font>font11</font>
                </control>
			</itemlayout>
			<focusedlayout height="160" width="252">
				<control type="image"><!-- Focused icon image -->
					<left>6</left>
					<top>0</top>
					<width>240</width>
					<height>144</height>
					<aspectratio>keep</aspectratio>
					<texture diffuse="homeiconmask.png">$INFO[ListItem.thumb]</texture>
					<bordertexture border="10">homeiconhilite.png</bordertexture>
					<bordersize>10</bordersize>
				</control>
				<control type="label"><!-- Focused icons label -->
					<left>0</left>
					<top>138</top>
					<width>250</width>
					<height>22</height>
					<align>center</align>
					<label>$INFO[ListItem.label]</label>
					<font>font11</font>
				</control>
			</focusedlayout>
			<content>
				<item><!-- Videos -->
					<visible>!Skin.HasSetting(home-video)</visible>
					<thumb>special://skin/extras/homeicons/video.png</thumb>
					<label>$LOCALIZE[3]</label>
					<label2>$LOCALIZE[571]</label2>
					<onclick>ActivateWindow(Videolibrary,root,return)</onclick>
				</item>
				<item><!-- Movies -->
					<visible>!Skin.HasSetting(home-movie)</visible>
					<thumb>special://skin/extras/homeicons/movie.png</thumb>
					<label>$LOCALIZE[31026]</label>
					<label2>$LOCALIZE[31026]</label2>
					<onclick>$VAR[MovieLibEntry]</onclick>
				</item>
				<item><!-- TV Shows -->
					<visible>!Skin.HasSetting(home-tvshows)</visible>
					<thumb>special://skin/extras/homeicons/tv.png</thumb>
					<label>$LOCALIZE[20343]</label>
					<label2>$LOCALIZE[20343]</label2>
					<onclick>$VAR[TVLibEntry]</onclick>
				</item>
				<item><!-- Music -->
					<visible>!Skin.HasSetting(home-music)</visible>
					<thumb>special://skin/extras/homeicons/music.png</thumb>
					<label>$LOCALIZE[2]</label>
					<label2>$LOCALIZE[2]</label2>
					<onclick>$VAR[MusicLibEntry]</onclick>
				</item>
				<item><!-- Weather -->
					<visible>!IsEmpty(Weather.plugin) + [Skin.HasSetting(home-weather) | Skin.HasSetting(home-currentweather)]</visible>
					<thumb>special://skin/extras/homeicons/weather.png</thumb>
					<label>$LOCALIZE[8]</label>
					<label2>$LOCALIZE[8]</label2>
					<onclick>ActivateWindow(Weather,,return)</onclick>
				</item>
				<item><!-- Music Videos -->
					<visible>Skin.HasSetting(home-musicvideo)</visible>
					<thumb>special://skin/extras/homeicons/musicvideo.png</thumb>
					<label>$LOCALIZE[31028]</label>
					<label2>$LOCALIZE[571]</label2>
					<onclick>$VAR[MusicVideoLibEntry]</onclick>
				</item>
				<item><!-- Live TV -->
					<visible>System.GetBool(pvrmanager.enabled) + Pvr.HasTVChannels</visible>
					<thumb>special://skin/extras/homeicons/livetv.png</thumb>
					<label>$LOCALIZE[19020]</label>
					<label2>$LOCALIZE[571]</label2>
					<onclick>$VAR[TVEntry]</onclick>
				</item>
				<item><!-- Live Radio -->
					<visible>System.GetBool(pvrmanager.enabled) + Pvr.HasRadioChannels</visible>
					<thumb>special://skin/extras/homeicons/radio.png</thumb>
					<label>$LOCALIZE[19021]</label>
					<label2>$LOCALIZE[571]</label2>
					<onclick>$VAR[RadioEntry]</onclick>
				</item>
				<item><!-- Pictures -->
					<visible>Skin.HasSetting(home-photos)</visible>
					<thumb>special://skin/extras/homeicons/pics.png</thumb>
					<label>$LOCALIZE[1]</label>
					<label2>$LOCALIZE[571]</label2>
					<onclick>ActivateWindow(MyPictures,,return)</onclick>
				</item>
				<item><!-- Favourites -->
					<visible>Skin.HasSetting(home-favorites)</visible>
					<thumb>special://skin/extras/homeicons/favs.png</thumb>
					<label>$LOCALIZE[31652]</label>
					<label2>$LOCALIZE[571]</label2>
					<onclick>ActivateWindow(Favourites)</onclick>
				</item>
				<item><!-- Music -->
					<thumb>special://skin/extras/homeicons/music.png</thumb>
					<label>$LOCALIZE[2]</label>
					<label2>$LOCALIZE[2]</label2>
					<onclick>$VAR[MusicLibEntry]</onclick>
				</item>
				<item><!-- Videos -->
					<thumb>special://skin/extras/homeicons/Vids.png</thumb>
					<label>$LOCALIZE[3]</label>
					<label2>$LOCALIZE[571]</label2>
					<onclick>ActivateWindow(Videolibrary,root,return)</onclick>
				</item>
				<item><!-- Pictures -->
					<thumb>special://skin/extras/homeicons/pics.png</thumb>
					<label>$LOCALIZE[1]</label>
					<label2>$LOCALIZE[571]</label2>
					<onclick>ActivateWindow(MyPictures,,return)</onclick>
				</item>
				<item><!-- Local News -->
					<thumb>special://skin/extras/homeicons/LocalNews.png</thumb>
					<label>Local News</label>
					<label2>$LOCALIZE[571]</label2>
					<onclick>RunAddon(plugin.video.LocalNews)</onclick>
				</item>
				<item>
					<thumb>$INFO[Skin.String(CustomMovies.1.Icon)]</thumb>
					<label>$INFO[Skin.String(CustomMovies.1.Label)]</label>
					<label2>$LOCALIZE[571]</label2>
					<onclick>$INFO[Skin.String(CustomMovies.1.Path)]</onclick>
					<visible>!IsEmpty(Skin.String(CustomMovies.1.Path))</visible>
				</item>
				<item>
					<thumb>$INFO[Skin.String(CustomMovies.2.Icon)]</thumb>
					<label>$INFO[Skin.String(CustomMovies.2.Label)]</label>
					<label2>$LOCALIZE[571]</label2>
					<onclick>$INFO[Skin.String(CustomMovies.2.Path)]</onclick>
					<visible>!IsEmpty(Skin.String(CustomMovies.2.Path))</visible>
				</item>
				<item>
					<thumb>special://skin/extras/homeicons/Movies.png</thumb>
					<label>Movies!</label>
					<label2>$LOCALIZE[571]</label2>
					<onclick>ActivateWindow(10025,&quot;plugin://plugin.video.exodus/?action=movieNavigator&quot;,return)</onclick>
				</item>
				<item>
					<thumb>$INFO[Skin.String(CustomMovies.4.Icon)]</thumb>
					<label>$INFO[Skin.String(CustomMovies.4.Label)]</label>
					<label2>$LOCALIZE[571]</label2>
					<onclick>$INFO[Skin.String(CustomMovies.4.Path)]</onclick>
					<visible>!IsEmpty(Skin.String(CustomMovies.4.Path))</visible>
				</item>
				<item>
					<thumb>$INFO[Skin.String(CustomMovies.5.Icon)]</thumb>
					<label>$INFO[Skin.String(CustomMovies.5.Label)]</label>
					<label2>$LOCALIZE[571]</label2>
					<onclick>$INFO[Skin.String(CustomMovies.5.Path)]</onclick>
					<visible>!IsEmpty(Skin.String(CustomMovies.5.Path))</visible>
				</item>
				<item>
					<thumb>$INFO[Skin.String(CustomMovies.6.Icon)]</thumb>
					<label>$INFO[Skin.String(CustomMovies.6.Label)]</label>
					<label2>$LOCALIZE[571]</label2>
					<onclick>$INFO[Skin.String(CustomMovies.6.Path)]</onclick>
					<visible>!IsEmpty(Skin.String(CustomMovies.6.Path))</visible>
				</item>
				<item>
					<thumb>$INFO[Skin.String(CustomMovies.7.Icon)]</thumb>
					<label>$INFO[Skin.String(CustomMovies.7.Label)]</label>
					<label2>$LOCALIZE[571]</label2>
					<onclick>$INFO[Skin.String(CustomMovies.7.Path)]</onclick>
					<visible>!IsEmpty(Skin.String(CustomMovies.7.Path))</visible>
				</item>
				<item>
					<thumb>$INFO[Skin.String(CustomMovies.8.Icon)]</thumb>
					<label>$INFO[Skin.String(CustomMovies.8.Label)]</label>
					<label2>$LOCALIZE[571]</label2>
					<onclick>$INFO[Skin.String(CustomMovies.8.Path)]</onclick>
					<visible>!IsEmpty(Skin.String(CustomMovies.8.Path))</visible>
				</item>
				<item>
					<thumb>$INFO[Skin.String(CustomTVShow.1.Icon)]</thumb>
					<label>$INFO[Skin.String(CustomTVShow.1.Label)]</label>
					<label2>$LOCALIZE[571]</label2>
					<onclick>$INFO[Skin.String(CustomTVShow.1.Path)]</onclick>
					<visible>!IsEmpty(Skin.String(CustomTVShow.1.Path))</visible>
				</item>
				<item>
					<thumb>$INFO[Skin.String(CustomTVShow.2.Icon)]</thumb>
					<label>$INFO[Skin.String(CustomTVShow.2.Label)]</label>
					<label2>$LOCALIZE[571]</label2>
					<onclick>$INFO[Skin.String(CustomTVShow.2.Path)]</onclick>
					<visible>!IsEmpty(Skin.String(CustomTVShow.2.Path))</visible>
				</item>
				<item>
					<thumb>$INFO[Skin.String(CustomTVShow.3.Icon)]</thumb>
					<label>$INFO[Skin.String(CustomTVShow.3.Label)]</label>
					<label2>$LOCALIZE[571]</label2>
					<onclick>$INFO[Skin.String(CustomTVShow.3.Path)]</onclick>
					<visible>!IsEmpty(Skin.String(CustomTVShow.3.Path))</visible>
				</item>
				<item>
					<thumb>$INFO[Skin.String(CustomTVShow.4.Icon)]</thumb>
					<label>$INFO[Skin.String(CustomTVShow.4.Label)]</label>
					<label2>$LOCALIZE[571]</label2>
					<onclick>$INFO[Skin.String(CustomTVShow.4.Path)]</onclick>
					<visible>!IsEmpty(Skin.String(CustomTVShow.4.Path))</visible>
				</item>
				<item>
					<thumb>$INFO[Skin.String(CustomTVShow.5.Icon)]</thumb>
					<label>$INFO[Skin.String(CustomTVShow.5.Label)]</label>
					<label2>$LOCALIZE[571]</label2>
					<onclick>$INFO[Skin.String(CustomTVShow.5.Path)]</onclick>
					<visible>!IsEmpty(Skin.String(CustomTVShow.5.Path))</visible>
				</item>
				<item>
					<thumb>$INFO[Skin.String(CustomTVShow.6.Icon)]</thumb>
					<label>$INFO[Skin.String(CustomTVShow.6.Label)]</label>
					<label2>$LOCALIZE[571]</label2>
					<onclick>$INFO[Skin.String(CustomTVShow.6.Path)]</onclick>
					<visible>!IsEmpty(Skin.String(CustomTVShow.6.Path))</visible>
				</item>
				<item>
					<thumb>$INFO[Skin.String(CustomTVShow.7.Icon)]</thumb>
					<label>$INFO[Skin.String(CustomTVShow.7.Label)]</label>
					<label2>$LOCALIZE[571]</label2>
					<onclick>$INFO[Skin.String(CustomTVShow.7.Path)]</onclick>
					<visible>!IsEmpty(Skin.String(CustomTVShow.7.Path))</visible>
				</item>
				<item>
					<thumb>$INFO[Skin.String(CustomTVShow.8.Icon)]</thumb>
					<label>$INFO[Skin.String(CustomTVShow.8.Label)]</label>
					<label2>$LOCALIZE[571]</label2>
					<onclick>$INFO[Skin.String(CustomTVShow.8.Path)]</onclick>
					<visible>!IsEmpty(Skin.String(CustomTVShow.8.Path))</visible>
				</item>
				<item>
					<thumb>$INFO[Skin.String(CustomMusic.1.Icon)]</thumb>
					<label>$INFO[Skin.String(CustomMusic.1.Label)]</label>
					<label2>$LOCALIZE[571]</label2>
					<onclick>$INFO[Skin.String(CustomMusic.1.Path)]</onclick>
					<visible>!IsEmpty(Skin.String(CustomMusic.1.Path))</visible>
				</item>
				<item>
					<thumb>$INFO[Skin.String(CustomMusic.2.Icon)]</thumb>
					<label>$INFO[Skin.String(CustomMusic.2.Label)]</label>
					<label2>$LOCALIZE[571]</label2>
					<onclick>$INFO[Skin.String(CustomMusic.2.Path)]</onclick>
					<visible>!IsEmpty(Skin.String(CustomMusic.2.Path))</visible>
				</item>
				<item>
					<thumb>$INFO[Skin.String(CustomMusic.3.Icon)]</thumb>
					<label>$INFO[Skin.String(CustomMusic.3.Label)]</label>
					<label2>$LOCALIZE[571]</label2>
					<onclick>$INFO[Skin.String(CustomMusic.3.Path)]</onclick>
					<visible>!IsEmpty(Skin.String(CustomMusic.3.Path))</visible>
				</item>
				<item>
					<thumb>$INFO[Skin.String(CustomMusic.4.Icon)]</thumb>
					<label>$INFO[Skin.String(CustomMusic.4.Label)]</label>
					<label2>$LOCALIZE[571]</label2>
					<onclick>$INFO[Skin.String(CustomMusic.4.Path)]</onclick>
					<visible>!IsEmpty(Skin.String(CustomMusic.4.Path))</visible>
				</item>
				<item>
					<thumb>$INFO[Skin.String(CustomMusic.5.Icon)]</thumb>
					<label>$INFO[Skin.String(CustomMusic.5.Label)]</label>
					<label2>$LOCALIZE[571]</label2>
					<onclick>$INFO[Skin.String(CustomMusic.5.Path)]</onclick>
					<visible>!IsEmpty(Skin.String(CustomMusic.5.Path))</visible>
				</item>
				<item>
					<thumb>$INFO[Skin.String(CustomMusic.6.Icon)]</thumb>
					<label>$INFO[Skin.String(CustomMusic.6.Label)]</label>
					<label2>$LOCALIZE[571]</label2>
					<onclick>$INFO[Skin.String(CustomMusic.6.Path)]</onclick>
					<visible>!IsEmpty(Skin.String(CustomMusic.6.Path))</visible>
				</item>
				<item>
					<thumb>$INFO[Skin.String(CustomMusic.7.Icon)]</thumb>
					<label>$INFO[Skin.String(CustomMusic.7.Label)]</label>
					<label2>$LOCALIZE[571]</label2>
					<onclick>$INFO[Skin.String(CustomMusic.7.Path)]</onclick>
					<visible>!IsEmpty(Skin.String(CustomMusic.7.Path))</visible>
				</item>
				<item>
					<thumb>$INFO[Skin.String(CustomMusic.8.Icon)]</thumb>
					<label>$INFO[Skin.String(CustomMusic.8.Label)]</label>
					<label2>$LOCALIZE[571]</label2>
					<onclick>$INFO[Skin.String(CustomMusic.8.Path)]</onclick>
					<visible>!IsEmpty(Skin.String(CustomMusic.8.Path))</visible>
				</item>
				<item>
					<thumb>$INFO[Skin.String(CustomAddon.1.Icon)]</thumb>
					<label>$INFO[Skin.String(CustomAddon.1.Label)]</label>
					<label2>$LOCALIZE[571]</label2>
					<onclick>$INFO[Skin.String(CustomAddon.1.Path)]</onclick>
					<visible>!IsEmpty(Skin.String(CustomAddon.1.Path))</visible>
				</item>
				<item>
					<thumb>$INFO[Skin.String(CustomAddon.2.Icon)]</thumb>
					<label>$INFO[Skin.String(CustomAddon.2.Label)]</label>
					<label2>$LOCALIZE[571]</label2>
					<onclick>$INFO[Skin.String(CustomAddon.2.Path)]</onclick>
					<visible>!IsEmpty(Skin.String(CustomAddon.2.Path))</visible>
				</item>
				<item>
					<thumb>$INFO[Skin.String(CustomAddon.3.Icon)]</thumb>
					<label>$INFO[Skin.String(CustomAddon.3.Label)]</label>
					<label2>$LOCALIZE[571]</label2>
					<onclick>$INFO[Skin.String(CustomAddon.3.Path)]</onclick>
					<visible>!IsEmpty(Skin.String(CustomAddon.3.Path))</visible>
				</item>
				<item>
					<thumb>$INFO[Skin.String(CustomAddon.4.Icon)]</thumb>
					<label>$INFO[Skin.String(CustomAddon.4.Label)]</label>
					<label2>$LOCALIZE[571]</label2>
					<onclick>$INFO[Skin.String(CustomAddon.4.Path)]</onclick>
					<visible>!IsEmpty(Skin.String(CustomAddon.4.Path))</visible>
				</item>
				<item>
					<thumb>$INFO[Skin.String(CustomAddon.5.Icon)]</thumb>
					<label>$INFO[Skin.String(CustomAddon.5.Label)]</label>
					<label2>$LOCALIZE[571]</label2>
					<onclick>$INFO[Skin.String(CustomAddon.5.Path)]</onclick>
					<visible>!IsEmpty(Skin.String(CustomAddon.5.Path))</visible>
				</item>
				<item>
					<thumb>$INFO[Skin.String(CustomAddon.6.Icon)]</thumb>
					<label>$INFO[Skin.String(CustomAddon.6.Label)]</label>
					<label2>$LOCALIZE[571]</label2>
					<onclick>$INFO[Skin.String(CustomAddon.6.Path)]</onclick>
					<visible>!IsEmpty(Skin.String(CustomAddon.6.Path))</visible>
				</item>
				<item>
					<thumb>$INFO[Skin.String(CustomAddon.7.Icon)]</thumb>
					<label>$INFO[Skin.String(CustomAddon.7.Label)]</label>
					<label2>$LOCALIZE[571]</label2>
					<onclick>$INFO[Skin.String(CustomAddon.7.Path)]</onclick>
					<visible>!IsEmpty(Skin.String(CustomAddon.7.Path))</visible>
				</item>
				<item>
					<thumb>$INFO[Skin.String(CustomAddon.8.Icon)]</thumb>
					<label>$INFO[Skin.String(CustomAddon.8.Label)]</label>
					<label2>$LOCALIZE[571]</label2>
					<onclick>$INFO[Skin.String(CustomAddon.8.Path)]</onclick>
					<visible>!IsEmpty(Skin.String(CustomAddon.8.Path))</visible>
				</item>
				<item><!-- Custom TV 1 -->
					<thumb>$INFO[Skin.String(CustomTV.1.Icon)]</thumb>
					<label>$INFO[Skin.String(CustomTV.1.Label)]</label>
					<label2>$LOCALIZE[571]</label2>
					<onclick>$INFO[Skin.String(CustomTV.1.Path)]</onclick>
					<visible>!IsEmpty(Skin.String(CustomTV.1.Path))</visible>
				</item>
				<item><!-- Custom TV 2 -->
					<thumb>$INFO[Skin.String(CustomTV.2.Icon)]</thumb>
					<label>$INFO[Skin.String(CustomTV.2.Label)]</label>
					<label2>$LOCALIZE[571]</label2>
					<onclick>$INFO[Skin.String(CustomTV.2.Path)]</onclick>
					<visible>!IsEmpty(Skin.String(CustomTV.2.Path))</visible>
				</item>
				<item><!-- Custom TV 3 -->
					<thumb>$INFO[Skin.String(CustomTV.3.Icon)]</thumb>
					<label>$INFO[Skin.String(CustomTV.3.Label)]</label>
					<label2>$LOCALIZE[571]</label2>
					<onclick>$INFO[Skin.String(CustomTV.3.Path)]</onclick>
					<visible>!IsEmpty(Skin.String(CustomTV.3.Path))</visible>
				</item>
				<item><!-- Custom TV 4 -->
					<thumb>$INFO[Skin.String(CustomTV.4.Icon)]</thumb>
					<label>$INFO[Skin.String(CustomTV.4.Label)]</label>
					<label2>$LOCALIZE[571]</label2>
					<onclick>$INFO[Skin.String(CustomTV.4.Path)]</onclick>
					<visible>!IsEmpty(Skin.String(CustomTV.4.Path))</visible>
				</item>
				<item><!-- Custom TV 5 -->
					<thumb>$INFO[Skin.String(CustomTV.5.Icon)]</thumb>
					<label>$INFO[Skin.String(CustomTV.5.Label)]</label>
					<label2>$LOCALIZE[571]</label2>
					<onclick>$INFO[Skin.String(CustomTV.5.Path)]</onclick>
					<visible>!IsEmpty(Skin.String(CustomTV.5.Path))</visible>
				</item>
				<item><!-- Custom TV 6 -->
					<thumb>$INFO[Skin.String(CustomTV.6.Icon)]</thumb>
					<label>$INFO[Skin.String(CustomTV.6.Label)]</label>
					<label2>$LOCALIZE[571]</label2>
					<onclick>$INFO[Skin.String(CustomTV.6.Path)]</onclick>
					<visible>!IsEmpty(Skin.String(CustomTV.6.Path))</visible>
				</item>
				<item><!-- Custom TV 7 -->
					<thumb>$INFO[Skin.String(CustomTV.7.Icon)]</thumb>
					<label>$INFO[Skin.String(CustomTV.7.Label)]</label>
					<label2>$LOCALIZE[571]</label2>
					<onclick>$INFO[Skin.String(CustomTV.7.Path)]</onclick>
					<visible>!IsEmpty(Skin.String(CustomTV.7.Path))</visible>
				</item>
				<item><!-- Custom TV 8 -->
					<thumb>$INFO[Skin.String(CustomTV.8.Icon)]</thumb>
					<label>$INFO[Skin.String(CustomTV.8.Label)]</label>
					<label2>$LOCALIZE[571]</label2>
					<onclick>$INFO[Skin.String(CustomTV.8.Path)]</onclick>
					<visible>!IsEmpty(Skin.String(CustomTV.8.Path))</visible>
				</item>
				<item><!-- Custom Radio 1 -->
					<thumb>$INFO[Skin.String(CustomRadio.1.Icon)]</thumb>
					<label>$INFO[Skin.String(CustomRadio.1.Label)]</label>
					<label2>$LOCALIZE[571]</label2>
					<onclick>$INFO[Skin.String(CustomRadio.1.Path)]</onclick>
					<visible>!IsEmpty(Skin.String(CustomRadio.1.Path))</visible>
				</item>
				<item><!-- Custom Radio 2 -->
					<thumb>$INFO[Skin.String(CustomRadio.2.Icon)]</thumb>
					<label>$INFO[Skin.String(CustomRadio.2.Label)]</label>
					<label2>$LOCALIZE[571]</label2>
					<onclick>$INFO[Skin.String(CustomRadio.2.Path)]</onclick>
					<visible>!IsEmpty(Skin.String(CustomRadio.2.Path))</visible>
				</item>
				<item><!-- Custom Radio 3 -->
					<thumb>$INFO[Skin.String(CustomRadio.3.Icon)]</thumb>
					<label>$INFO[Skin.String(CustomRadio.3.Label)]</label>
					<label2>$LOCALIZE[571]</label2>
					<onclick>$INFO[Skin.String(CustomRadio.3.Path)]</onclick>
					<visible>!IsEmpty(Skin.String(CustomRadio.3.Path))</visible>
				</item>
				<item><!-- Custom Radio 4 -->
					<thumb>$INFO[Skin.String(CustomRadio.4.Icon)]</thumb>
					<label>$INFO[Skin.String(CustomRadio.4.Label)]</label>
					<label2>$LOCALIZE[571]</label2>
					<onclick>$INFO[Skin.String(CustomRadio.4.Path)]</onclick>
					<visible>!IsEmpty(Skin.String(CustomRadio.4.Path))</visible>
				</item>
				<item><!-- Custom Radio 5 -->
					<thumb>$INFO[Skin.String(CustomRadio.5.Icon)]</thumb>
					<label>$INFO[Skin.String(CustomRadio.5.Label)]</label>
					<label2>$LOCALIZE[571]</label2>
					<onclick>$INFO[Skin.String(CustomRadio.5.Path)]</onclick>
					<visible>!IsEmpty(Skin.String(CustomRadio.5.Path))</visible>
				</item>
				<item><!-- Custom Radio 6 -->
					<thumb>$INFO[Skin.String(CustomRadio.6.Icon)]</thumb>
					<label>$INFO[Skin.String(CustomRadio.6.Label)]</label>
					<label2>$LOCALIZE[571]</label2>
					<onclick>$INFO[Skin.String(CustomRadio.6.Path)]</onclick>
					<visible>!IsEmpty(Skin.String(CustomRadio.6.Path))</visible>
				</item>
				<item><!-- Custom Radio 7 -->
					<thumb>$INFO[Skin.String(CustomRadio.7.Icon)]</thumb>
					<label>$INFO[Skin.String(CustomRadio.7.Label)]</label>
					<label2>$LOCALIZE[571]</label2>
					<onclick>$INFO[Skin.String(CustomRadio.7.Path)]</onclick>
					<visible>!IsEmpty(Skin.String(CustomRadio.7.Path))</visible>
				</item>
				<item><!-- Custom Radio 8 -->
					<thumb>$INFO[Skin.String(CustomRadio.8.Icon)]</thumb>
					<label>$INFO[Skin.String(CustomRadio.8.Label)]</label>
					<label2>$LOCALIZE[571]</label2>
					<onclick>$INFO[Skin.String(CustomRadio.8.Path)]</onclick>
					<visible>!IsEmpty(Skin.String(CustomRadio.8.Path))</visible>
				</item>
				<item><!-- Search -->
					<visible>Skin.HasSetting(home-search)</visible>
					<thumb>special://skin/extras/homeicons/search.png</thumb>
					<label>$LOCALIZE[137]</label>
					<label2>$LOCALIZE[571]</label2>
					<onclick>RunScript(script.globalsearch)</onclick>
				</item>
				<item><!-- Profiles -->
					<visible>Skin.HasSetting(home-profile)</visible>
					<thumb>special://skin/extras/homeicons/users.png</thumb>
					<label>$LOCALIZE[20092]</label>
					<label2>$LOCALIZE[571]</label2>
					<onclick>System.LogOff</onclick>
				</item>
				<item><!-- Zem TV LIVE -->
					<thumb>special://skin/extras/homeicons/LiveTVHI.png</thumb>
					<label>LIVE TV</label>
					<label2>$LOCALIZE[571]</label2>
					<onclick>RunAddon(plugin.video.ZemTV-shani)</onclick>
				</item>
				<item><!-- HD Indian Movies -->
					<thumb>special://skin/extras/homeicons/HDMovies.png</thumb>
					<label>HD Indian Movies</label>
					<label2>$LOCALIZE[571]</label2>
					<onclick>RunAddon(plugin.video.einthusan)</onclick>
				</item>
				<item><!-- TV9 Gujarati -->
					<thumb>special://skin/extras/homeicons/TV9Gujarat.png</thumb>
					<label>TV9 Gujarati</label>
					<label2>$LOCALIZE[571]</label2>
					<onclick>RunAddon(plugin.video.TV9Gujarat)</onclick>
				</item>
				<item><!-- Bangla TV -->
					<thumb>special://skin/extras/homeicons/BanglaTV.png</thumb>
					<label>Bangla TV</label>
					<label2>$LOCALIZE[571]</label2>
					<onclick>RunAddon(plugin.video.BanglaTVLive)</onclick>
				</item>
				<item><!-- Cartoon Network -->
					<thumb>special://skin/extras/homeicons/CartoonNetwork.png</thumb>
					<label>Cartoon Network</label>
					<label2>$LOCALIZE[571]</label2>
					<onclick>RunAddon(plugin.video.CartoonNetwork)</onclick>
				</item>
				<item><!-- ESPN LIVE -->
					<thumb>special://skin/extras/homeicons/espnlive.png</thumb>
					<label>ESPN Live</label>
					<label2>$LOCALIZE[571]</label2>
					<onclick>RunAddon(plugin.video.ESPNLive)</onclick>
				</item>
				<item><!-- EnglishTV EXODUS -->
					<thumb>special://skin/extras/homeicons/movie.png</thumb>
					<label>English TV</label>
					<label2>$LOCALIZE[571]</label2>
					<onclick>RunAddon(plugin.video.exodus)</onclick>
				</item>
				<item><!-- Ahlulbayt TV -->
					<thumb>special://skin/extras/homeicons/AhlulbaytTV.png</thumb>
					<label>Ahlulbayt TV</label>
					<label2>$LOCALIZE[571]</label2>
					<onclick>RunAddon(plugin.video.AhlulbaytTV.en)</onclick>
				</item>
				<item><!-- Karbala TV -->
					<thumb>special://skin/extras/homeicons/KarbalaLive.png</thumb>
					<label>Karbala TV</label>
					<label2>$LOCALIZE[571]</label2>
					<onclick>RunAddon(plugin.video.KarbalaTVLive)</onclick>
				</item>
				<item><!-- Makkah TV -->
					<thumb>special://skin/extras/homeicons/MakkahLive.png</thumb>
					<label>Makkah TV</label>
					<label2>$LOCALIZE[571]</label2>
					<onclick>RunAddon(plugin.video.MakkahTVLive)</onclick>
				</item>
				<item><!-- Velayat TV -->
					<thumb>special://skin/extras/homeicons/VelayatTV.png</thumb>
					<label>Velayat TV</label>
					<label2>$LOCALIZE[571]</label2>
					<onclick>RunAddon(plugin.video.VelayatTV)</onclick>
				</item>
				<item><!-- WIN Islamic Channel -->
					<thumb>special://skin/extras/homeicons/WINChannel.png</thumb>
					<label>WIN Channel</label>
					<label2>$LOCALIZE[571]</label2>
					<onclick>RunAddon(plugin.video.WorldIslamicNetwork)</onclick>
				</item>
				<item><!-- Jaffari Center of Atlanta Channel -->
					<thumb>special://skin/extras/homeicons/JaffariCenter.png</thumb>
					<label>Jaffari Center</label>
					<label2>$LOCALIZE[571]</label2>
					<onclick>RunAddon(plugin.video.JaffariCenterATL)</onclick>
				</item>
				<item><!-- Addons menu -->
					<visible>!Skin.HasSetting(home-programs)</visible>
					<thumb>special://skin/extras/homeicons/addons.png</thumb>
					<label>$LOCALIZE[24001]</label>
					<label2>$LOCALIZE[571]</label2>
					<onclick>ActivateWindow(1155,,return)</onclick>
				</item>
				<item><!-- Package Manager -->
					<thumb>special://skin/extras/homeicons/packagemanager.png</thumb>
					<label>Package Manager</label>
					<label2>$LOCALIZE[571]</label2>
					<onclick>ActivateWindow(addonbrowser,addons://repository.DesiTVMC/xbmc.addon.video,return)</onclick>
				</item>
				<item><!-- System menu -->
					<thumb>special://skin/extras/homeicons/setting.png</thumb>
					<label>$LOCALIZE[13000]</label>
					<label2>$LOCALIZE[571]</label2>
					<onclick>ActivateWindow(Settings,,return)</onclick>
				</item>
				<item><!-- Network Tools -->
					<thumb>special://skin/extras/homeicons/NetworkManager.png</thumb>
					<label>Network Tools</label>
					<label2>$LOCALIZE[571]</label2>
					<onclick>RunAddon(service.openelec.settings)</onclick>
				</item>
				<item><!-- Updater -->
					<thumb>special://skin/extras/homeicons/UpdateIcon.png</thumb>
					<label>Update</label>
					<label2>$LOCALIZE[571]</label2>
					<onclick>UpdateAddonRepos</onclick>
				</item>
				<item><!-- Quit -->
					<visible>!Skin.HasSetting(home-shutdown)</visible>
					<thumb>special://skin/extras/homeicons/quit.png</thumb>
					<label>$LOCALIZE[13009]</label>
					<label2>$LOCALIZE[571]</label2>
					<onclick>$VAR[QuitAction]</onclick>
				</item>
			</content>
		</control>
		<control type="group">
			<visible>[Container(9000).Row(0) | Container(9000).Row(1)] + !Container(9000).HasPrevious()</visible>
			<control type="image"><!-- Hide third row of icons if still in the first two rows of panel -->
				<left>0</left>
				<top>662</top>
				<width>1280</width>
				<height>58</height>
				<texture>background-iconhome.png</texture>
			</control>
			<control type="button"><!-- Onfocus, move to next row of icon panel -->
				<left>0</left>
				<top>662</top>
				<width>1280</width>
				<height>58</height>
				<texturefocus>blank.png</texturefocus>
				<onfocus>Control.Message(9000,moveup)</onfocus>
			</control>

		</control>
		<!-- RSS info -->
		<control type="group" id="9940">
			<include condition="System.GetBool(lookandfeel.enablerssfeeds)">page-info</include>
		</control>
	</include>
</includes>
