<?xml version="1.0" encoding="UTF-8" standalone="yes"?>
<addon id="plugin.video.LiveIslamicRoza" name="Live Islamic Roza" version="1.0.3" provider-name="Rozeb Momin">
  <requires>
   <import addon="xbmc.python" version="2.1.0"/>
  </requires>
  <extension point="xbmc.python.pluginsource" library="main.py">
        <provides>video</provides>
  </extension>
  <extension point="xbmc.addon.metadata">
    <summary lang="en">Live Islamic Roza</summary>
    <description lang="en">Watch Islamic Shrines from around the world Live!</description>
    <platform>all</platform>
    <language>en</language>
    <email>...</email>
  </extension>
</addon>
