<?xml version="1.0" encoding="UTF-8" standalone="yes"?>
<addon id="plugin.video.JaffariCenterATL" name="JaffariCenterATL" version="1.0.1" provider-name="Rozeb Momin">
  <requires>
   <import addon="xbmc.python" version="2.1.0"/>
  </requires>
  <extension point="xbmc.python.pluginsource" library="default.py">
        <provides>video</provides>
  </extension>
  <extension point="xbmc.addon.metadata">
    <summary lang="en">Live stream from Jaffari Center of Atlanta</summary>
    <description lang="en">Live stream from Jaffari Center of Atlanta</description>
    <platform>all</platform>
    <language>en</language>
    <email>...</email>
  </extension>
</addon>
