<?xml version="1.0" encoding="UTF-8"?>
<window>
	<defaultcontrol always="true">450</defaultcontrol>
	<allowoverlay>no</allowoverlay>
	<coordinates>
		<left>0</left>
		<top>0</top>
	</coordinates>
	<include>screen-fade</include>
	<controls>
		<include>fadebackground</include>
		<control type="image" id="1"><!-- Background image -->
			<left>44</left>
			<top>119</top>
			<width>1168</width>
			<height>530</height>
			<texture border="8">button-menu-background.png</texture>
		</control>
		<control type="label" id="411"><!-- Heading label -->
			<left>86</left>
			<top>130</top>
			<width>1080</width>
			<height>30</height>
			<label>$LOCALIZE[1023]</label>
			<align>center</align>
		</control>
		<control type="image">
			<left>86</left>
			<top>167</top>
			<width>1080</width>
			<height>4</height>
			<texture>separator.png</texture>
		</control>
		<control type="list" id="450">
			<left>123</left>
			<top>180</top>
			<width>675</width>
			<height>405</height>
			<onleft condition="StringCompare(Skin.String(show-scrollbar),$LOCALIZE[31877])">noop</onleft>
			<onleft condition="!StringCompare(Skin.String(show-scrollbar),$LOCALIZE[31877])">23</onleft>
			<onright>460</onright>
			<onup>450</onup>
			<ondown>450</ondown>
			<pagecontrol>23</pagecontrol>
			<itemlayout height="45">
				<control type="label">
					<left>23</left>
					<top>0</top>
					<width>630</width>
					<height>45</height>
					<font>font12</font>
					<selectedcolor>listselected-text</selectedcolor>
					<label>$INFO[ListItem.Label]</label>
				</control>
			</itemlayout>
			<focusedlayout height="45">
				<control type="image">
					<left>0</left>
					<top>0</top>
					<width>675</width>
					<height>45</height>
					<texture border="8">button-default-focus.png</texture>
					<animation effect="fade" start="100" end="60" condition="ControlGroup(460).HasFocus() | Control.HasFocus(23)">Conditional</animation>
				</control>
				<control type="label">
					<left>23</left>
					<top>0</top>
					<width>630</width>
					<height>45</height>
					<font>font12</font>
					<selectedcolor>listselected-text</selectedcolor>
					<label>$INFO[ListItem.Label]</label>
				</control>
			</focusedlayout>
		</control>
		<control type="image">
			<left>870</left>
			<top>329</top>
			<width>256</width>
			<height>256</height>
			<aspectratio>keep</aspectratio>
			<texture>$INFO[ListItem.Icon]</texture>
		</control>
		<control type="group" id="460">
			<left>848</left>
			<top>180</top>
			<control type="button" id="413"><!-- OK button -->
				<left>0</left>
				<top>0</top>
				<width>318</width>
				<height>45</height>
				<align>center</align>
				<label>$LOCALIZE[186]</label>
				<font>font12</font>
				<onleft>450</onleft>
				<ondown>414</ondown>
			</control>
			<control type="button" id="414"><!-- Cancel button -->
				<left>0</left>
				<top>46</top>
				<width>318</width>
				<height>45</height>
				<align>center</align>
				<label>$LOCALIZE[222]</label>
				<font>font12</font>
				<onleft>450</onleft>
				<onup>413</onup>
				<ondown>415</ondown>
			</control>
			<control type="button" id="415"><!-- Create folder button -->
				<left>0</left>
				<top>92</top>
				<width>318</width>
				<height>45</height>
				<align>center</align>
				<label>$LOCALIZE[119]</label>
				<font>font12</font>
				<onleft>450</onleft>
				<onup>414</onup>
			</control>
		</control>
		<control type="label"><!-- Number of items -->
			<left>86</left>
			<top>597</top>
			<width>212</width>
			<height>30</height>
			<font>font12</font>
			<label>$INFO[Container(450).NumItems] $LOCALIZE[127]</label>
		</control>
		<control type="label" id="412"><!-- Path label -->
			<left>306</left>
			<top>597</top>
			<width>870</width>
			<height>30</height>
			<align>right</align>
			<font>font12</font>
			<haspath>true</haspath>
		</control>
		<control type="scrollbar" id="23">
			<left>85</left>
			<top>174</top>
			<width>18</width>
			<height>417</height>
			<onright>450</onright>
			<animation condition="!Control.HasFocus(23) + !Container.Scrolling + !StringCompare(Skin.String(show-scrollbar),$LOCALIZE[31875])" effect="fade" start="100" end="0" time="200" reversible="true">Conditional</animation>
			<visible>Control.IsVisible(450) + !StringCompare(Skin.String(show-scrollbar),$LOCALIZE[31877])</visible>
		</control>
	</controls>
</window>