<?xml version="1.0" encoding="UTF-8"?>
<window type="dialog" id="1153">
	<onload>ClearProperty(ShowAction,settings)</onload>
	<onload>ClearProperty(ShowCommands,settings)</onload>
	<defaultcontrol always="true">4999</defaultcontrol>
	<coordinates>
		<left>0</left>
		<top>0</top>
	</coordinates>
	<controls>
		<control type="group">
			<visible>!Window.IsVisible(selectdialog) + !Window.IsVisible(filebrowser)</visible>
			<include>fadebackground</include>
		</control>
		<control type="group">
			<left>137</left>
			<top>180</top>
			<control type="image"><!-- Dialog background -->
				<left>0</left>
				<top>0</top>
				<width>1004</width>
				<height>366</height>
				<texture border="9">button-menu-background.png</texture>
			</control>
			<control type="label"><!-- Dialog heading -->
				<left>25</left>
				<top>12</top>
				<width>954</width>
				<height>30</height>
				<align>center</align>
				<label>$LOCALIZE[31926]</label>
				<font>apptv25</font>
				<include condition="Skin.HasSetting(text-autoscroll)">scrolltext</include>
			</control>
			<control type="image">
				<left>25</left>
				<top>48</top>
				<width>954</width>
				<height>4</height>
				<texture>separator.png</texture>
			</control>
			<control type="button" id="4999"><!-- Assign custom home shortcut from context menu to favourite button -->
				<left>25</left>
				<top>-250</top>
				<width>954</width>
				<height>48</height>
				<label></label>
				<font>apptv22</font>
				<onfocus condition="!String.IsEmpty(Window(home).Property(ItemPath))">Skin.SetString($INFO[Window(settings).Property(ListCustomBase),,.Path],$INFO[Window(home).Property(ItemPath)])</onfocus>
				<onfocus condition="!String.IsEmpty(Window(home).Property(ItemPath))">Skin.SetString($INFO[Window(settings).Property(ListCustomBase),,.Label],$INFO[Window(home).Property(ItemName)])</onfocus>
				<onfocus condition="!String.IsEmpty(Window(home).Property(ItemPath))">Skin.SetString($INFO[Window(settings).Property(ListCustomBase),,.Icon],$INFO[Window(home).Property(ItemIcon)])</onfocus>
				<onfocus condition="!String.IsEmpty(Window(home).Property(ItemPath))">ClearProperty(ItemPath,home)</onfocus>
				<onfocus>SetFocus(5000)</onfocus>
			</control>
			<control type="grouplist" id="5000">
				<left>25</left>
				<top>54</top>
				<width>954</width>
				<height>240</height>
				<itemgap>0</itemgap>
				<onright>noop</onright>
				<onleft>noop</onleft>
				<onup>noop</onup>
				<ondown>999</ondown>
				<control type="button" id="5001"><!-- Menuitem Default type -->
					<width>954</width>
					<height>48</height>
					<label>$LOCALIZE[31927]</label>
					<label2>$LOCALIZE[571]</label2>
					<onclick>noop</onclick>
					<font>apptv22</font>
					<visible>!String.IsEmpty(Window(settings).Property(ListToggle))</visible>
				</control>
				<control type="button" id="5002"><!-- Menuitem Custom type -->
					<width>954</width>
					<height>48</height>
					<label>$LOCALIZE[31927]</label>
					<label2>$VAR[HomeItemType]</label2>
					<onclick>SetProperty(ShowAction,true,settings)</onclick>
					<onclick>SetFocus(6000)</onclick>
					<font>apptv22</font>
					<visible>!String.IsEmpty(Window(settings).Property(ListCustomBase))</visible>
				</control>
				<control type="group" id="5003"><!-- Show/Hide menu item -->
					<left>0</left>
					<top>0</top>
					<width>954</width>
					<height>48</height>
					<visible>String.IsEmpty(Window(settings).Property(ListCustomBase))</visible>
					<control type="togglebutton" id="5004">
						<width>954</width>
						<height>48</height>
						<label>$LOCALIZE[24021]</label>
						<altlabel>$LOCALIZE[24022]</altlabel>
						<onup>5002</onup>
						<ondown>5005</ondown>
						<font>apptv22</font>
						<align>right</align>
						<include content="use-alttexture">
							<param name="altcondition" value="Window(settings).Property(ListActive)"/>
						</include>
						<onclick>Skin.ToggleSetting($INFO[Window(settings).Property(ListToggle)])</onclick>
					</control>
					<control type="label">
						<width>954</width>
						<height>48</height>
						<label>- [I]$LOCALIZE[31938][/I]</label>
						<font>apptv22</font>
						<textoffsetx>18</textoffsetx>
					</control>
				</control>
				<control type="button" id="5005"><!-- Assign favourite action to custom menu item -->
					<width>954</width>
					<height>48</height>
					<label>- [I]$LOCALIZE[31938][/I]</label>
					<label2>$VAR[CustomSkinAction]</label2>
					<font>apptv22</font>
					<onclick condition="!System.HasAddon(script.favourites)">InstallAddon(script.favourites)</onclick>
					<onclick condition="String.IsEmpty(Window(home).Property(ItemPath)) + System.HasAddon(script.favourites)">RunScript(script.favourites,changetitle=true&amp;property=$INFO[Window(settings).Property(ListCustomBase)])</onclick>
					<onclick condition="!String.IsEmpty(Window(home).Property(ItemPath))">Skin.SetString($INFO[Window(settings).Property(ListCustomBase),,.Path],$INFO[Window(home).Property(ItemPath)])</onclick>
					<onclick condition="!String.IsEmpty(Window(home).Property(ItemPath))">Skin.SetString($INFO[Window(settings).Property(ListCustomBase),,.Label],$INFO[Window(home).Property(ItemName)])</onclick>
					<onclick condition="!String.IsEmpty(Window(home).Property(ItemPath))">Skin.SetString($INFO[Window(settings).Property(ListCustomBase),,.Icon],$INFO[Window(home).Property(ItemIcon)])</onclick>
					<onclick condition="!String.IsEmpty(Window(home).Property(ItemPath))">ClearProperty(ItemPath,home)</onclick>
					<visible>!String.IsEmpty(Window(settings).Property(ListCustomBase)) + [String.Contains(Window(settings).Property(CurrentType),$LOCALIZE[31652]) | String.IsEmpty(Window(settings).Property(CurrentType))]</visible>
				</control>
				<control type="group" id="5006"><!-- List/Play playlist -->
					<left>0</left>
					<top>0</top>
					<width>954</width>
					<height>48</height>
					<visible>!String.IsEmpty(Window(settings).Property(ListCustomBase)) + [String.Contains(Window(settings).Property(CurrentType),$LOCALIZE[31660]) | String.Contains(Window(settings).Property(CurrentType),$LOCALIZE[31661])]</visible>
					<control type="button" id="5007">
						<width>954</width>
						<height>48</height>
						<label>$VAR[CustomPlaylistAction]</label>
						<onup>5005</onup>
						<ondown>5008</ondown>
						<font>apptv22</font>
						<align>right</align>
						<onclick>Skin.ToggleSetting($INFO[Window(settings).Property(ListCustomBase),,.Show])</onclick>
						<onclick>SetProperty(CurrentPAction,$INFO[Control.GetLabel(5007)],settings)</onclick>
						<onclick>Skin.Reset($INFO[Window(settings).Property(ListCustomBase),,.List])</onclick>
						<onclick>Skin.Reset($INFO[Window(settings).Property(ListCustomBase),,.Path])</onclick>
						<onclick>Skin.Reset($INFO[Window(settings).Property(ListCustomBase),,.Icon])</onclick>
						<onclick>Skin.Reset($INFO[Window(settings).Property(ListCustomBase),,.Label])</onclick>
					</control>
					<control type="label">
						<width>954</width>
						<height>48</height>
						<label>- [I]$LOCALIZE[31938][/I]</label>
						<font>apptv22</font>
						<textoffsetx>18</textoffsetx>
					</control>
				</control>
				<control type="button" id="5008"><!-- Assign Kodi playlist action to custom menu item -->
					<width>954</width>
					<height>48</height>
					<label>- [I]$LOCALIZE[559][/I]</label>
					<label2>$VAR[CustomSkinPlaylist]</label2>
					<font>apptv22</font>
					<onclick>SetProperty(SelectDialogType,selectkodiplaylist,home)</onclick>
					<onclick>ActivateWindow(1154)</onclick>
					<onclick>Skin.SetString($INFO[Window(settings).Property(ListCustomBase),,.Label],$LOCALIZE[31660])</onclick>
					<onclick condition="!Skin.HasSetting(homemenu-icon)">Skin.SetString($INFO[Window(settings).Property(ListCustomBase),,.Icon],DefaultPlaylist.png)</onclick>
					<onclick condition="Skin.HasSetting(homemenu-icon)">Skin.SetString($INFO[Window(settings).Property(ListCustomBase),,.Icon],special://skin/extras/homeicons/filemanager.png)</onclick>
					<visible>!String.IsEmpty(Window(settings).Property(ListCustomBase)) + String.Contains(Window(settings).Property(CurrentType),$LOCALIZE[31660])</visible>
				</control> 
				<control type="button" id="5009"><!-- Assign Skin playlist action to custom menu item -->
					<width>954</width>
					<height>48</height>
					<label>- [I]$LOCALIZE[559][/I]</label>
					<label2>$VAR[CustomSkinPlaylist]</label2>
					<font>apptv22</font>
					<onclick>SetProperty(SelectDialogType,selectskinplaylist,home)</onclick>
					<onclick>ActivateWindow(1154)</onclick>
					<onclick>Skin.SetString($INFO[Window(settings).Property(ListCustomBase),,.Label],$LOCALIZE[31661])</onclick>
					<onclick condition="!Skin.HasSetting(homemenu-icon)">Skin.SetString($INFO[Window(settings).Property(ListCustomBase),,.Icon],DefaultPlaylist.png)</onclick>
					<onclick condition="Skin.HasSetting(homemenu-icon)">Skin.SetString($INFO[Window(settings).Property(ListCustomBase),,.Icon],special://skin/extras/homeicons/filemanager.png)</onclick>
					<visible>!String.IsEmpty(Window(settings).Property(ListCustomBase)) + String.Contains(Window(settings).Property(CurrentType),$LOCALIZE[31661])</visible>
				</control>
				<control type="button" id="5010"><!-- Assign Command action to custom menu item -->
					<width>954</width>
					<height>48</height>
					<label>- [I]$LOCALIZE[31938][/I]</label>
					<label2>$VAR[CustomSkinAction]</label2>
					<onclick>SetProperty(ShowCommands,true,settings)</onclick>
					<onclick>SetFocus(6010)</onclick>
					<font>apptv22</font>
					<visible>!String.IsEmpty(Window(settings).Property(ListCustomBase)) + String.Contains(Window(settings).Property(CurrentType),$LOCALIZE[31653])</visible>
				</control>
				<control type="group" id="5011"><!-- Change Icon of custom menu item -->
					<left>0</left>
					<top>0</top>
					<width>954</width>
					<height>48</height>
					<visible>!String.IsEmpty(Window(settings).Property(ListCustomBase))</visible>
					<control type="button" id="5012"><!-- Change Icon of custom menu item -->
						<width>954</width>
						<height>48</height>
						<label>- [I]$LOCALIZE[31953][/I]</label>
						<font>apptv22</font>
						<onup>5010</onup>
						<ondown>5014</ondown>
						<onclick>Skin.SetImage($INFO[Window(settings).Property(ListCustomBase),,.Icon])</onclick>
					</control>
					<control type="label">
						<left>100</left>
						<width>854</width>
						<height>48</height>
						<label>$VAR[CustomSkinIcon]</label>
						<font>apptv22</font>
						<align>right</align>
						<haspath>true</haspath>
						<textoffsetx>18</textoffsetx>
					</control>
				</control>
				<control type="group" id="5013"><!-- Change Icon of icon menu default items -->
					<left>0</left>
					<top>0</top>
					<width>954</width>
					<height>48</height>
					<visible>Skin.HasSetting(homemenu-icon) + !String.IsEmpty(Window(settings).Property(ListToggle))</visible>
					<control type="button" id="5014"><!-- Change Icon of icon menu default item -->
						<width>954</width>
						<height>48</height>
						<label>- [I]$LOCALIZE[31953][/I]</label>
						<font>apptv22</font>
						<onup>5012</onup>
						<ondown>5015</ondown>
						<onclick>Skin.SetImage($INFO[Window(settings).Property(ListToggle),,-icon])</onclick>
					</control>
					<control type="label">
						<left>100</left>
						<width>854</width>
						<height>48</height>
						<label>$VAR[CustomDefaultIcon]</label>
						<font>apptv22</font>
						<align>right</align>
						<haspath>true</haspath>
						<textoffsetx>18</textoffsetx>
					</control>
				</control>
				<control type="button" id="5015"><!-- Change Label of custom menu item -->
					<width>954</width>
					<height>48</height>
					<label>- [I]$LOCALIZE[21899][/I]</label>
					<label2>$VAR[CustomSkinLabel]</label2>
					<font>apptv22</font>
					<onclick>Skin.SetString($INFO[Window(settings).Property(ListCustomBase),,.Label])</onclick>
					<enable>!String.IsEmpty(Window(settings).Property(ListCustomBase))</enable>
				</control>
			</control>
		</control>
		<control type="group" id="999">
			<top>486</top>
			<left>264</left>
			<control type="button" id="900"><!-- OK button -->
				<left>60</left>
				<top>0</top>
				<width>256</width>
				<height>46</height>
				<align>center</align>
				<label>$LOCALIZE[186]</label>
				<font>apptv22</font>
				<onright>901</onright>
				<onup>5000</onup>
				<onclick>Dialog.Close(1153)</onclick>
			</control>
			<control type="button" id="901"><!-- Clear button -->
				<left>436</left>
				<top>0</top>
				<width>256</width>
				<height>46</height>
				<align>center</align>
				<label>$LOCALIZE[192]</label>
				<font>apptv22</font>
				<onleft>900</onleft>
				<onup>5000</onup>
				<onclick>Skin.Reset($INFO[Window(settings).Property(ListCustomBase),,.Type])</onclick>
				<onclick>Skin.Reset($INFO[Window(settings).Property(ListCustomBase),,.List])</onclick>
				<onclick>Skin.Reset($INFO[Window(settings).Property(ListCustomBase),,.Path])</onclick>
				<onclick>Skin.Reset($INFO[Window(settings).Property(ListCustomBase),,.Icon])</onclick>
				<onclick>Skin.Reset($INFO[Window(settings).Property(ListCustomBase),,.Label])</onclick>
				<onclick>Skin.Reset($INFO[Window(settings).Property(ListCustomBase),,.Show])</onclick>
				<onclick>Dialog.Close(1153)</onclick>
			</control>
		</control>
		<control type="button" id="6005"> <!-- Reset focus to main window -->
			<left>-10</left>
			<top>-20</top>
			<width>1</width>
			<height>1</height>
			<onfocus>ClearProperty(ShowAction,settings)</onfocus>
			<onfocus>SetFocus(5000)</onfocus>
		</control>
		<control type="button" id="6015"> <!-- Reset focus to main window -->
			<left>-10</left>
			<top>-40</top>
			<width>1</width>
			<height>1</height>
			<onfocus>ClearProperty(ShowCommands,settings)</onfocus>
			<onfocus>SetFocus(5000)</onfocus>
		</control>
		<control type="group" id="6000">
			<left>0</left>
			<top>720</top>
			<animation effect="slide" time="0" start="0,0" end="0,-720">Visible</animation>
			<visible allowhiddenfocus="true">!String.IsEmpty(Window(settings).Property(ShowAction))</visible>
			<control type="image"><!-- Dialog background -->
				<left>796</left>
				<top>228</top>
				<width>374</width>
				<height>252</height>
				<texture border="8">button-menu-background.png</texture>
			</control>
			<control type="label"><!-- Dialog heading -->
				<left>808</left>
				<top>236</top>
				<width>350</width>
				<height>34</height>
				<font>apptv25</font>
				<label>$LOCALIZE[31928]</label>
				<align>center</align>
			</control>
			<control type="image">
				<left>808</left>
				<top>274</top>
				<width>350</width>
				<height>4</height>
				<texture>separator.png</texture>
			</control>
			<control type="list" id="6001"><!-- Custom menuitem type -->
				<left>808</left>
				<top>282</top>
				<width>350</width>
				<height>184</height>
				<onup>noop</onup>
				<ondown>noop</ondown>
				<onleft>6005</onleft>
				<onright>6005</onright>
				<viewtype label="31028">list</viewtype>
				<itemlayout height="46" width="350">
					<control type="label">
						<left>10</left>
						<top>2</top>
						<width>330</width>
						<height>34</height>
						<label>$INFO[ListItem.Label]</label>
						<align>center</align>
						<font>apptv22</font>
					</control>
				</itemlayout>
				<focusedlayout height="46" width="350">
					<control type="image">
						<left>0</left>
						<top>0</top>
						<width>350</width>
						<height>46</height>
						<align>left</align>
						<texture border="6">button-default-focus.png</texture>
					</control>
					<control type="label">
						<left>10</left>
						<top>2</top>
						<width>330</width>
						<height>34</height>
						<label>$INFO[ListItem.Label]</label>
						<align>center</align>
						<font>apptv22</font>
					</control>
				</focusedlayout>
				<content>
					<item><!-- Custom menuitem type - Favourite -->
						<label>$LOCALIZE[31652]</label>
						<onclick>SetProperty(CurrentType,$LOCALIZE[31652],settings)</onclick>
						<onclick>Skin.SetString($INFO[Window(settings).Property(ListCustomBase),,.Type],$LOCALIZE[31652])</onclick>
						<onclick>ClearProperty(ShowAction,settings)</onclick>
						<onclick>Skin.Reset($INFO[Window(settings).Property(ListCustomBase),,.List])</onclick>
						<onclick>Skin.Reset($INFO[Window(settings).Property(ListCustomBase),,.Path])</onclick>
						<onclick>Skin.Reset($INFO[Window(settings).Property(ListCustomBase),,.Icon])</onclick>
						<onclick>Skin.Reset($INFO[Window(settings).Property(ListCustomBase),,.Label])</onclick>
						<onclick>SetFocus(5000)</onclick>
					</item>
					<item><!-- Custom menuitem type - Kodi Playlist -->
						<label>$LOCALIZE[31660]</label>
						<onclick>SetProperty(CurrentType,$LOCALIZE[31660],settings)</onclick>
						<onclick>Skin.SetString($INFO[Window(settings).Property(ListCustomBase),,.Type],$LOCALIZE[31660])</onclick>
						<onclick>ClearProperty(ShowAction,settings)</onclick>
						<onclick>Skin.Reset($INFO[Window(settings).Property(ListCustomBase),,.List])</onclick>
						<onclick>Skin.Reset($INFO[Window(settings).Property(ListCustomBase),,.Path])</onclick>
						<onclick>Skin.Reset($INFO[Window(settings).Property(ListCustomBase),,.Icon])</onclick>
						<onclick>Skin.Reset($INFO[Window(settings).Property(ListCustomBase),,.Label])</onclick>
						<onclick>SetFocus(5000)</onclick>
					</item>
					<item><!-- Custom menuitem type - Skin Playlist -->
						<label>$LOCALIZE[31661]</label>
						<onclick>SetProperty(CurrentType,$LOCALIZE[31661],settings)</onclick>
						<onclick>Skin.SetString($INFO[Window(settings).Property(ListCustomBase),,.Type],$LOCALIZE[31661])</onclick>
						<onclick>ClearProperty(ShowAction,settings)</onclick>
						<onclick>Skin.Reset($INFO[Window(settings).Property(ListCustomBase),,.List])</onclick>
						<onclick>Skin.Reset($INFO[Window(settings).Property(ListCustomBase),,.Path])</onclick>
						<onclick>Skin.Reset($INFO[Window(settings).Property(ListCustomBase),,.Icon])</onclick>
						<onclick>Skin.Reset($INFO[Window(settings).Property(ListCustomBase),,.Label])</onclick>
						<onclick>SetFocus(5000)</onclick>
					</item>
					<item><!-- Custom menuitem type - Command -->
						<label>$LOCALIZE[31653]</label>
						<onclick>SetProperty(CurrentType,$LOCALIZE[31653],settings)</onclick>
						<onclick>Skin.SetString($INFO[Window(settings).Property(ListCustomBase),,.Type],$LOCALIZE[31653])</onclick>
						<onclick>ClearProperty(ShowAction,settings)</onclick>
						<onclick>Skin.Reset($INFO[Window(settings).Property(ListCustomBase),,.List])</onclick>
						<onclick>Skin.Reset($INFO[Window(settings).Property(ListCustomBase),,.Path])</onclick>
						<onclick>Skin.Reset($INFO[Window(settings).Property(ListCustomBase),,.Icon])</onclick>
						<onclick>Skin.Reset($INFO[Window(settings).Property(ListCustomBase),,.Label])</onclick>
						<onclick>SetFocus(5000)</onclick>
					</item>
				</content>
			</control>
		</control>
		<control type="group" id="6010">
			<left>0</left>
			<top>720</top>
			<animation effect="slide" time="0" start="0,0" end="0,-720">Visible</animation>
			<visible allowhiddenfocus="true">!String.IsEmpty(Window(settings).Property(ShowCommands))</visible>
			<control type="image"><!-- Dialog background -->
				<left>796</left>
				<top>276</top>
				<width>374</width>
				<height>252</height>
				<texture border="8">button-menu-background.png</texture>
			</control>
			<control type="label"><!-- Dialog heading -->
				<left>808</left>
				<top>286</top>
				<width>350</width>
				<height>34</height>
				<font>apptv25</font>
				<label>$LOCALIZE[31929]$INFO[Container(6011).NumItems,(,)]</label>
				<align>center</align>
			</control>
			<control type="image">
				<left>808</left>
				<top>322</top>
				<width>350</width>
				<height>4</height>
				<texture>separator.png</texture>
			</control>
			<control type="list" id="6011"><!-- Custom action type - Commands -->
				<left>808</left>
				<top>330</top>
				<width>350</width>
				<height>184</height>
				<onup>noop</onup>
				<ondown>noop</ondown>
				<onleft>6015</onleft>
				<onright>6015</onright>
				<viewtype label="31028">list</viewtype>
				<itemlayout height="46" width="350">
					<control type="label">
						<left>10</left>
						<top>2</top>
						<width>330</width>
						<height>34</height>
						<label>$INFO[ListItem.Label]</label>
						<align>center</align>
						<font>apptv22</font>
					</control>
				</itemlayout>
				<focusedlayout height="46" width="350">
					<control type="image">
						<left>0</left>
						<top>0</top>
						<width>350</width>
						<height>46</height>
						<align>left</align>
						<texture border="6">button-default-focus.png</texture>
					</control>
					<control type="label">
						<left>10</left>
						<top>2</top>
						<width>330</width>
						<height>34</height>
						<label>$INFO[ListItem.Label]</label>
						<align>center</align>
						<font>apptv22</font>
					</control>
				</focusedlayout>
				<content>
					<item><!-- Custom command - Update library (video) -->
						<label>$LOCALIZE[653] ($LOCALIZE[36912])</label>
						<onclick>Skin.SetString($INFO[Window(settings).Property(ListCustomBase),,.Path],UpdateLibrary(video))</onclick>
						<onclick>Skin.SetString($INFO[Window(settings).Property(ListCustomBase),,.Label],$LOCALIZE[653] ($LOCALIZE[36912]))</onclick>
						<onclick condition="!Skin.HasSetting(homemenu-icon)">Skin.SetString($INFO[Window(settings).Property(ListCustomBase),,.Icon],icon-cmd.png)</onclick>
						<onclick condition="Skin.HasSetting(homemenu-icon)">Skin.SetString($INFO[Window(settings).Property(ListCustomBase),,.Icon],special://skin/extras/homeicons/command.png)</onclick>
						<onclick>ClearProperty(ShowCommands,settings)</onclick>
						<onclick>SetFocus(5000)</onclick>
					</item>
					<item><!-- Custom command - Update library (music) -->
						<label>$LOCALIZE[653] ($LOCALIZE[36914])</label>
						<onclick>Skin.SetString($INFO[Window(settings).Property(ListCustomBase),,.Path],UpdateLibrary(music))</onclick>
						<onclick>Skin.SetString($INFO[Window(settings).Property(ListCustomBase),,.Label],$LOCALIZE[653] ($LOCALIZE[36914]))</onclick>
						<onclick condition="!Skin.HasSetting(homemenu-icon)">Skin.SetString($INFO[Window(settings).Property(ListCustomBase),,.Icon],icon-cmd.png)</onclick>
						<onclick condition="Skin.HasSetting(homemenu-icon)">Skin.SetString($INFO[Window(settings).Property(ListCustomBase),,.Icon],special://skin/extras/homeicons/command.png)</onclick>
						<onclick>ClearProperty(ShowCommands,settings)</onclick>
						<onclick>SetFocus(5000)</onclick>
					</item>
					<item><!-- Custom command - Clean library (video) -->
						<label>$LOCALIZE[31936] ($LOCALIZE[36912])</label>
						<onclick>Skin.SetString($INFO[Window(settings).Property(ListCustomBase),,.Path],CleanLibrary(video))</onclick>
						<onclick>Skin.SetString($INFO[Window(settings).Property(ListCustomBase),,.Label],$LOCALIZE[31936] ($LOCALIZE[36912]))</onclick>
						<onclick condition="!Skin.HasSetting(homemenu-icon)">Skin.SetString($INFO[Window(settings).Property(ListCustomBase),,.Icon],icon-cmd.png)</onclick>
						<onclick condition="Skin.HasSetting(homemenu-icon)">Skin.SetString($INFO[Window(settings).Property(ListCustomBase),,.Icon],special://skin/extras/homeicons/command.png)</onclick>
						<onclick>ClearProperty(ShowCommands,settings)</onclick>
						<onclick>SetFocus(5000)</onclick>
					</item>
					<item><!-- Custom command - Clean library (music) -->
						<label>$LOCALIZE[31936] ($LOCALIZE[36914])</label>
						<onclick>Skin.SetString($INFO[Window(settings).Property(ListCustomBase),,.Path],CleanLibrary(music))</onclick>
						<onclick>Skin.SetString($INFO[Window(settings).Property(ListCustomBase),,.Label],$LOCALIZE[31936] ($LOCALIZE[36914]))</onclick>
						<onclick condition="!Skin.HasSetting(homemenu-icon)">Skin.SetString($INFO[Window(settings).Property(ListCustomBase),,.Icon],icon-cmd.png)</onclick>
						<onclick condition="Skin.HasSetting(homemenu-icon)">Skin.SetString($INFO[Window(settings).Property(ListCustomBase),,.Icon],special://skin/extras/homeicons/command.png)</onclick>
						<onclick>ClearProperty(ShowCommands,settings)</onclick>
						<onclick>SetFocus(5000)</onclick>
					</item>
					<item><!-- Custom command - Fullscreen -->
						<label>$LOCALIZE[31937]</label>
						<onclick>Skin.SetString($INFO[Window(settings).Property(ListCustomBase),,.Path],FullScreen)</onclick>
						<onclick>Skin.SetString($INFO[Window(settings).Property(ListCustomBase),,.Label],$LOCALIZE[31937])</onclick>
						<onclick condition="!Skin.HasSetting(homemenu-icon)">Skin.SetString($INFO[Window(settings).Property(ListCustomBase),,.Icon],icon-cmd.png)</onclick>
						<onclick condition="Skin.HasSetting(homemenu-icon)">Skin.SetString($INFO[Window(settings).Property(ListCustomBase),,.Icon],special://skin/extras/homeicons/command.png)</onclick>
						<onclick>ClearProperty(ShowCommands,settings)</onclick>
						<onclick>SetFocus(5000)</onclick>
					</item>
					<item><!-- Custom command - Mute -->
						<label>$LOCALIZE[31662]</label>
						<onclick>Skin.SetString($INFO[Window(settings).Property(ListCustomBase),,.Path],Mute)</onclick>
						<onclick>Skin.SetString($INFO[Window(settings).Property(ListCustomBase),,.Label],$LOCALIZE[31662])</onclick>
						<onclick condition="!Skin.HasSetting(homemenu-icon)">Skin.SetString($INFO[Window(settings).Property(ListCustomBase),,.Icon],icon-cmd.png)</onclick>
						<onclick condition="Skin.HasSetting(homemenu-icon)">Skin.SetString($INFO[Window(settings).Property(ListCustomBase),,.Icon],special://skin/extras/homeicons/command.png)</onclick>
						<onclick>ClearProperty(ShowCommands,settings)</onclick>
						<onclick>SetFocus(5000)</onclick>
					</item>
					<item><!-- Custom command - RipCD -->
						<label>$LOCALIZE[31663]</label>
						<onclick>Skin.SetString($INFO[Window(settings).Property(ListCustomBase),,.Path],RipCD)</onclick>
						<onclick>Skin.SetString($INFO[Window(settings).Property(ListCustomBase),,.Label],$LOCALIZE[31663])</onclick>
						<onclick condition="!Skin.HasSetting(homemenu-icon)">Skin.SetString($INFO[Window(settings).Property(ListCustomBase),,.Icon],icon-cmd.png)</onclick>
						<onclick condition="Skin.HasSetting(homemenu-icon)">Skin.SetString($INFO[Window(settings).Property(ListCustomBase),,.Icon],special://skin/extras/homeicons/command.png)</onclick>
						<onclick>ClearProperty(ShowCommands,settings)</onclick>
						<onclick>SetFocus(5000)</onclick>
					</item>
					<item><!-- Custom command - Eject Disc -->
						<label>$LOCALIZE[31664]</label>
						<onclick>Skin.SetString($INFO[Window(settings).Property(ListCustomBase),,.Path],EjectTray())</onclick>
						<onclick>Skin.SetString($INFO[Window(settings).Property(ListCustomBase),,.Label],$LOCALIZE[31664])</onclick>
						<onclick condition="!Skin.HasSetting(homemenu-icon)">Skin.SetString($INFO[Window(settings).Property(ListCustomBase),,.Icon],icon-cmd.png)</onclick>
						<onclick condition="Skin.HasSetting(homemenu-icon)">Skin.SetString($INFO[Window(settings).Property(ListCustomBase),,.Icon],special://skin/extras/homeicons/command.png)</onclick>
						<onclick>ClearProperty(ShowCommands,settings)</onclick>
						<onclick>SetFocus(5000)</onclick>
					</item>
					<item><!-- Custom command - Play Disc -->
						<label>$LOCALIZE[341]</label>
						<onclick>Skin.SetString($INFO[Window(settings).Property(ListCustomBase),,.Path],PlayDVD)</onclick>
						<onclick>Skin.SetString($INFO[Window(settings).Property(ListCustomBase),,.Label],$LOCALIZE[341])</onclick>
						<onclick condition="!Skin.HasSetting(homemenu-icon)">Skin.SetString($INFO[Window(settings).Property(ListCustomBase),,.Icon],icon-cmd.png)</onclick>
						<onclick condition="Skin.HasSetting(homemenu-icon)">Skin.SetString($INFO[Window(settings).Property(ListCustomBase),,.Icon],special://skin/extras/homeicons/command.png)</onclick>
						<onclick>ClearProperty(ShowCommands,settings)</onclick>
						<onclick>SetFocus(5000)</onclick>
					</item>
					<item><!-- Custom command - Show OSD -->
						<label>$LOCALIZE[478]</label>
						<onclick>Skin.SetString($INFO[Window(settings).Property(ListCustomBase),,.Path],ActivateWindow(PlayerControls))</onclick>
						<onclick>Skin.SetString($INFO[Window(settings).Property(ListCustomBase),,.Label],$LOCALIZE[478])</onclick>
						<onclick condition="!Skin.HasSetting(homemenu-icon)">Skin.SetString($INFO[Window(settings).Property(ListCustomBase),,.Icon],icon-cmd.png)</onclick>
						<onclick condition="Skin.HasSetting(homemenu-icon)">Skin.SetString($INFO[Window(settings).Property(ListCustomBase),,.Icon],special://skin/extras/homeicons/command.png)</onclick>
						<onclick>ClearProperty(ShowCommands,settings)</onclick>
						<onclick>SetFocus(5000)</onclick>
					</item>
				</content>
			</control>
		</control>
	</controls>
</window>