<?xml version="1.0" encoding="UTF-8"?>
<window id="1155">
	<defaultcontrol>999</defaultcontrol>
	<controls>
		<include>background</include>
		<include>fake-overlay</include>

		<control type="label"><!-- Settings Label -->
			<left>780</left>
			<top>20</top>
			<width>310</width>
			<height>30</height>
			<label>$LOCALIZE[24001]</label>
			<font>apptv30</font>
		</control>
		<control type="list" id="999">
			<viewtype label="31941">list</viewtype>
			<left>678</left>
			<top>116</top>
			<width>560</width>
			<height>550</height>
			<onup>999</onup>
			<ondown>999</ondown>
			<preloaditems>4</preloaditems>
			<pagecontrol>23</pagecontrol>
			<itemlayout width="560" height="56">
				<control type="image">
					<left>0</left>
					<top>0</top>
					<width>560</width>
					<height>56</height>
					<texture border="6">button-default.png</texture>
					<aspectratio>stretch</aspectratio>
				</control>
				<control type="label">
					<left>53</left>
					<top>5</top>
					<width>532</width>
					<height>26</height>
					<font>apptv23</font>
					<textoffsety>4</textoffsety>
					<aligny>top</aligny>
					<label>$INFO[ListItem.Label]</label>
				</control>
			</itemlayout>
			<focusedlayout width="560" height="56">
				<control type="image">
					<left>0</left>
					<top>0</top>
					<width>560</width>
					<height>56</height>
					<texture border="6">button-default-focus.png</texture>
					<aspectratio>stretch</aspectratio>
				</control>
				<control type="label">
					<left>53</left>
					<top>5</top>
					<width>532</width>
					<height>26</height>
					<font>apptv23</font>
					<textoffsety>4</textoffsety>
					<aligny>top</aligny>
					<label>$INFO[ListItem.Label]</label>
				</control>
			</focusedlayout>
			<content>
				<item><!-- Return to Home -->
					<icon>DefaultFolderBack.png</icon>
					<label>..</label>
					<onclick>ReplaceWindow(home)</onclick>
					<visible>$EXP[isEnabledParentDirectory]</visible>
				</item>
				<item><!-- Video Addons -->
					<icon>DefaultAddon.png</icon>
					<label>$LOCALIZE[1037]</label>
					<onclick>ActivateWindow(videos,Addons)</onclick>
				</item>
				<item><!-- Music Addons -->
					<icon>DefaultAddon.png</icon>
					<label>$LOCALIZE[1038]</label>
					<onclick>ActivateWindow(music,addons://sources/audio/)</onclick>
				</item>
				<item><!-- Picture Addons -->
					<icon>DefaultAddon.png</icon>
					<label>$LOCALIZE[1039]</label>
					<onclick>ActivateWindow(pictures,Addons)</onclick>
				</item>
				<item><!-- Program Addons -->
					<icon>DefaultAddon.png</icon>
					<label>$LOCALIZE[1043]</label>
					<onclick>ActivateWindow(programs,Addons)</onclick>
				</item>
				<item><!-- Get More Addons -->
					<icon>DefaultAddon.png</icon>
					<label>$LOCALIZE[21452]</label>
					<onclick>ActivateWindow(addonbrowser,,return)</onclick>
				</item>
			</content>
		</control>
		<control type="group">
			<control type="group">
				<control type="image"><!-- list item icon -->
					<left>122</left>
					<top>150</top>
					<width>384</width>
					<height>384</height>
					<texture background="true" fallback="DefaultAddon.png" diffuse="mask-squ.png">$INFO[Container(999).Listitem.ActualIcon]</texture>
					<aspectratio scalediffuse="false">keep</aspectratio>
				</control>
			</control>
		</control>
	</controls>
</window>
