<?xml version="1.0" encoding="UTF-8"?>
<window>
	<defaultcontrol always="true">999</defaultcontrol>
	<controls>
		<include>background</include>
		<control type="group">
			<visible>$EXP[isSong]</visible>
			<control type="group"><!-- Song info -->
				<control type="label"><!-- Track number and name -->
					<left>340</left>
					<top>12</top>
					<width>920</width>
					<height>62</height>
					<font>apptv30</font>
					<wrapmultiline>true</wrapmultiline>
					<aligny>center</aligny>
					<include condition="Skin.HasSetting(text-autoscroll)">scrolltext</include>
					<label>$INFO[ListItem.TrackNumber,, - ]$INFO[ListItem.Title]</label>
					<textoffsetx>0</textoffsetx>
				</control>
				<control type="label"><!-- Artist -->
					<left>340</left>
					<top>82</top>
					<width>920</width>
					<height>22</height>
					<font>apptv22</font>
					<textcolor>disabled-text</textcolor>
					<shadowcolor>shadow-text</shadowcolor>
					<include condition="Skin.HasSetting(text-autoscroll)">scrolltext</include>
					<label>$INFO[ListItem.Artist]$INFO[ListItem.Album, : ,]</label>
					<textoffsetx>0</textoffsetx>
					<visible>!String.IsEmpty(ListItem.Artist)</visible>
				</control>
				<control type="image">
					<left>340</left>
					<top>108</top>
					<width>900</width>
					<height>4</height>
					<texture>separator.png</texture>
				</control>
				<control type="textbox">
					<left>340</left>
					<top>112</top>
					<width>900</width>
					<height>118</height>
					<label fallback="161">$INFO[ListItem.Comment]</label>
					<font>apptv20</font>
					<align>justify</align>
					<pagecontrol>1323</pagecontrol>
				</control>
				<control type="image">
					<left>340</left>
					<top>232</top>
					<width>900</width>
					<height>4</height>
					<texture>separator.png</texture>
				</control>
				<control type="image"><!-- Album cover -->
					<left>42</left>
					<top>80</top>
					<width>256</width>
					<height>256</height>
					<texture diffuse="mask-squ.png" fallback="DefaultAudio.png" background="true">$INFO[ListItem.Icon]</texture>
					<aspectratio>stretch</aspectratio>
					<align>center</align>
					<visible>!Skin.HasSetting(media-case) | $EXP[isDefaultIcon]</visible>
				</control>
				<control type="image">
					<left>21</left>
					<top>58</top>
					<width>308</width>
					<height>300</height>
					<texture diffuse="mask-squ.png" background="true">$INFO[ListItem.Icon]</texture>
					<aspectratio>keep</aspectratio>
					<bordertexture border="30,22,14,22">case-cd.png</bordertexture>
					<bordersize>30,22,14,22</bordersize>
					<visible>Skin.HasSetting(media-case) + $EXP[isnotDefaultIcon]</visible>
				</control>
				<control type="label"><!-- Details heading -->
					<left>340</left>
					<top>240</top>
					<width>320</width>
					<height>22</height>
					<label>$LOCALIZE[31135]</label>
					<font>apptv22</font>
					<textcolor>disabled-text</textcolor>
					<shadowcolor>shadow-text</shadowcolor>
				</control>
				<control type="label"><!-- Genres -->
					<left>340</left>
					<top>266</top>
					<width>600</width>
					<height>20</height>
					<font>apptv20</font>
					<include condition="Skin.HasSetting(text-autoscroll)">scrolltext</include>
					<label>$LOCALIZE[135] : $INFO[ListItem.Genre]</label>
					<textoffsetx>0</textoffsetx>
					<visible>!String.IsEmpty(ListItem.Genre)</visible>
				</control>
				<control type="label"><!-- Playcount heading-->
					<left>970</left>
					<top>240</top>
					<width>290</width>
					<height>22</height>
					<label>$LOCALIZE[567]</label>
					<font>apptv22</font>
					<textcolor>disabled-text</textcolor>
					<shadowcolor>shadow-text</shadowcolor>
					<visible>!String.IsEmpty(ListItem.PlayCount)</visible>
				</control>
				<control type="label">
					<left>970</left>
					<top>266</top>
					<width>290</width>
					<height>20</height>
					<include condition="Skin.HasSetting(text-autoscroll)">scrolltext</include>
					<label>$INFO[ListItem.PlayCount]</label>
					<font>apptv20</font>
					<visible>!String.IsEmpty(ListItem.PlayCount)</visible>
				</control>
				<control type="label"><!-- Duration -->
					<left>340</left>
					<top>318</top>
					<width>320</width>
					<height>20</height>
					<font>apptv20</font>
					<label>$LOCALIZE[31133] $INFO[ListItem.Duration]</label>
					<visible>!String.IsEmpty(ListItem.Duration)</visible>
				</control>
				<control type="label"><!-- Release date -->
					<left>340</left>
					<top>344</top>
					<width>600</width>
					<height>20</height>
					<font>apptv20</font>
					<include condition="Skin.HasSetting(text-autoscroll)">scrolltext</include>
					<label>$LOCALIZE[172] : $INFO[ListItem.Year]</label>
					<textoffsetx>0</textoffsetx>
					<visible>!String.IsEmpty(ListItem.Year)</visible>
				</control>
				<control type="image"><!-- Star Rating Dropshadow-->
					<left>341</left>
					<top>371</top>
					<width>90</width>
					<height>18</height>
					<texture>$VAR[MediaRating]</texture>
					<colordiffuse>DropShadow</colordiffuse>
					<aspectratio>keep</aspectratio>
				</control>
				<control type="image"><!-- Star Rating -->
					<left>340</left>
					<top>370</top>
					<width>90</width>
					<height>18</height>
					<texture>$VAR[MediaRating]</texture>
					<aspectratio>keep</aspectratio>
				</control>
			</control>
		</control>
		<control type="label"><!-- Artist Name -->
			<left>340</left>
			<top>12</top>
			<width>920</width>
			<height>62</height>
			<font>apptv30</font>
			<wrapmultiline>true</wrapmultiline>
			<aligny>center</aligny>
			<include condition="Skin.HasSetting(text-autoscroll)">scrolltext</include>
			<label>$INFO[ListItem.Artist]</label>
			<textoffsetx>0</textoffsetx>
			<visible>$EXP[isArtist]</visible>
		</control>
		<control type="image"><!-- Artist Image -->
			<left>42</left>
			<top>80</top>
			<width>256</width>
			<height>256</height>
			<texture diffuse="mask-squ.png" fallback="DefaultUser.png" background="true">$INFO[ListItem.Icon]</texture>
			<aspectratio>stretch</aspectratio>
			<align>center</align>
			<visible>$EXP[isArtist]</visible>
		</control>
		<control type="group"><!-- Artist info -->
			<visible>$EXP[isArtist]</visible>
			<control type="label"><!-- Artist born/died -->
				<left>340</left>
				<top>82</top>
				<width>920</width>
				<height>22</height>
				<font>apptv22</font>
				<textcolor>disabled-text</textcolor>
				<shadowcolor>shadow-text</shadowcolor>
				<include condition="Skin.HasSetting(text-autoscroll)">scrolltext</include>
				<label>$INFO[ListItem.Property(Artist_Born)]$INFO[ListItem.Property(Artist_Died), - ,]</label>
				<textoffsetx>0</textoffsetx>
				<visible>!String.IsEmpty(ListItem.Property(Artist_Born))</visible>
			</control>
			<control type="label"><!-- Artist formed/disbanded -->
				<left>340</left>
				<top>82</top>
				<width>920</width>
				<height>22</height>
				<font>apptv22</font>
				<textcolor>disabled-text</textcolor>
				<shadowcolor>shadow-text</shadowcolor>
				<include condition="Skin.HasSetting(text-autoscroll)">scrolltext</include>
				<label>$INFO[ListItem.Property(Artist_Formed)]$INFO[ListItem.Property(Artist_Disbanded), - ,]</label>
				<textoffsetx>0</textoffsetx>
				<visible>!String.IsEmpty(ListItem.Property(Artist_Formed))</visible>
			</control>
			<control type="image">
				<left>340</left>
				<top>108</top>
				<width>900</width>
				<height>4</height>
				<texture>separator.png</texture>
			</control>
			<control type="textbox"><!-- Artist description -->>
				<left>340</left>
				<top>112</top>
				<width>900</width>
				<height>116</height>
				<label fallback="161">$INFO[ListItem.Property(Artist_Description)]</label>
				<font>apptv20</font>
				<align>justify</align>
				<pagecontrol>1423</pagecontrol>
			</control>
			<control type="image">
				<left>340</left>
				<top>232</top>
				<width>900</width>
				<height>4</height>
				<texture>separator.png</texture>
			</control>
			<control type="label"><!-- Details heading -->
				<left>340</left>
				<top>240</top>
				<width>320</width>
				<height>22</height>
				<label>$LOCALIZE[31135]</label>
				<font>apptv22</font>
				<textcolor>disabled-text</textcolor>
				<shadowcolor>shadow-text</shadowcolor>
			</control>
			<control type="label"><!-- Genres -->
				<left>340</left>
				<top>266</top>
				<width>600</width>
				<height>20</height>
				<font>apptv20</font>
				<include condition="Skin.HasSetting(text-autoscroll)">scrolltext</include>
				<label>$LOCALIZE[135] : $INFO[ListItem.Genre]</label>
				<textoffsetx>0</textoffsetx>
				<visible>!String.IsEmpty(ListItem.Genre)</visible>
			</control>
			<control type="label"><!-- Moods -->
				<left>340</left>
				<top>292</top>
				<width>600</width>
				<height>20</height>
				<font>apptv20</font>
				<include condition="Skin.HasSetting(text-autoscroll)">scrolltext</include>
				<label>$LOCALIZE[175] : $INFO[ListItem.Property(Album_Mood)]</label>
				<textoffsetx>0</textoffsetx>
				<visible>!String.IsEmpty(ListItem.Property(Album_Mood))</visible>
			</control>
			<control type="label"><!-- Styles -->
				<left>340</left>
				<top>318</top>
				<width>600</width>
				<height>20</height>
				<font>apptv20</font>
				<include condition="Skin.HasSetting(text-autoscroll)">scrolltext</include>
				<label>$LOCALIZE[176] : $INFO[ListItem.Property(Album_Style)]</label>
				<textoffsetx>0</textoffsetx>
				<visible>!String.IsEmpty(ListItem.Property(Album_Style))</visible>
			</control>
			<control type="label"><!-- Active -->
				<left>340</left>
				<top>344</top>
				<width>600</width>
				<height>20</height>
				<font>apptv20</font>
				<include condition="Skin.HasSetting(text-autoscroll)">scrolltext</include>
				<label>$LOCALIZE[21898] : $INFO[ListItem.Property(Artist_YearsActive)]</label>
				<textoffsetx>0</textoffsetx>
				<visible>!String.IsEmpty(ListItem.Property(Artist_YearsActive))</visible>
			</control>
		</control>

		<control type="label"><!-- Album Name -->
			<left>340</left>
			<top>12</top>
			<width>920</width>
			<height>62</height>
			<font>apptv30</font>
			<wrapmultiline>true</wrapmultiline>
			<label>$INFO[ListItem.Album][COLOR=disabled-text]$INFO[ListItem.Artist, - ,][/COLOR]</label>
			<visible>$EXP[isAlbum]</visible>
		</control>
		<control type="image"><!-- Album cover -->
			<left>42</left>
			<top>80</top>
			<width>256</width>
			<height>256</height>
			<texture diffuse="mask-squ.png" fallback="DefaultAudio.png" background="true">$INFO[ListItem.Icon]</texture>
			<aspectratio>stretch</aspectratio>
			<align>center</align>
			<visible>[!Skin.HasSetting(media-case) | $EXP[isDefaultIcon]] + $EXP[isAlbum]</visible>
		</control>
		<control type="image">
			<left>21</left>
			<top>58</top>
			<width>308</width>
			<height>300</height>
			<texture diffuse="mask-squ.png" background="true">$INFO[ListItem.Icon]</texture>
			<aspectratio>keep</aspectratio>
			<bordertexture border="30,22,14,22">case-cd.png</bordertexture>
			<bordersize>30,22,14,22</bordersize>
			<visible>Skin.HasSetting(media-case) + $EXP[isnotDefaultIcon] + $EXP[isAlbum]</visible>
		</control>
		<control type="group"><!-- Album info -->
			<visible>$EXP[isAlbum]</visible>
			<control type="label"><!-- Record Label value -->
				<left>340</left>
				<top>82</top>
				<width>920</width>
				<height>22</height>
				<font>apptv22</font>
				<textcolor>disabled-text</textcolor>
				<shadowcolor>shadow-text</shadowcolor>
				<include condition="Skin.HasSetting(text-autoscroll)">scrolltext</include>
				<label>$INFO[ListItem.Property(Album_Label)]</label>
				<textoffsetx>0</textoffsetx>
				<visible>!String.IsEmpty(ListItem.Property(Album_Label))</visible>
			</control>
			<control type="image">
				<left>340</left>
				<top>108</top>
				<width>900</width>
				<height>4</height>
				<texture>separator.png</texture>
			</control>
			<control type="textbox"><!-- Album description -->
				<left>340</left>
				<top>112</top>
				<width>900</width>
				<height>116</height>
				<label fallback="161">$INFO[ListItem.Property(Album_Description)]</label>
				<font>apptv20</font>
				<align>justify</align>
				<pagecontrol>1523</pagecontrol>
			</control>
			<control type="image">
				<left>340</left>
				<top>232</top>
				<width>900</width>
				<height>4</height>
				<texture>separator.png</texture>
			</control>
			<control type="label"><!-- Details heading -->
				<left>340</left>
				<top>240</top>
				<width>320</width>
				<height>22</height>
				<label>$LOCALIZE[31135]</label>
				<font>apptv22</font>
				<textcolor>disabled-text</textcolor>
				<shadowcolor>shadow-text</shadowcolor>
			</control>
			<control type="label"><!-- Genres -->
				<left>340</left>
				<top>266</top>
				<width>600</width>
				<height>20</height>
				<font>apptv20</font>
				<include condition="Skin.HasSetting(text-autoscroll)">scrolltext</include>
				<label>$LOCALIZE[135] : $INFO[ListItem.Genre]</label>
				<textoffsetx>0</textoffsetx>
				<visible>!String.IsEmpty(ListItem.Genre)</visible>
			</control>
			<control type="label"><!-- Moods -->
				<left>340</left>
				<top>292</top>
				<width>600</width>
				<height>20</height>
				<font>apptv20</font>
				<include condition="Skin.HasSetting(text-autoscroll)">scrolltext</include>
				<label>$LOCALIZE[175] : $INFO[ListItem.Property(Album_Mood)]</label>
				<textoffsetx>0</textoffsetx>
				<visible>!String.IsEmpty(ListItem.Property(Album_Mood))</visible>
			</control>
			<control type="label"><!-- Style -->
				<left>340</left>
				<top>318</top>
				<width>600</width>
				<height>20</height>
				<font>apptv20</font>
				<include condition="Skin.HasSetting(text-autoscroll)">scrolltext</include>
				<label>$LOCALIZE[176] : $INFO[ListItem.Property(Album_Style)]</label>
				<textoffsetx>0</textoffsetx>
				<visible>!String.IsEmpty(ListItem.Property(Album_Style))</visible>
			</control>
			<control type="label"><!-- Release date -->
				<left>340</left>
				<top>344</top>
				<width>600</width>
				<height>20</height>
				<font>apptv20</font>
				<include condition="Skin.HasSetting(text-autoscroll)">scrolltext</include>
				<label>$LOCALIZE[172] : $INFO[ListItem.Year]</label>
				<textoffsetx>0</textoffsetx>
				<visible>!String.IsEmpty(ListItem.Year)</visible>
			</control>
			<control type="image"><!-- Star Rating Dropshadow-->
				<left>341</left>
				<top>371</top>
				<width>90</width>
				<height>18</height>
				<texture>$VAR[MediaRating]</texture>
				<colordiffuse>DropShadow</colordiffuse>
				<aspectratio>keep</aspectratio>
			</control>
			<control type="image"><!-- Star Rating -->
				<left>340</left>
				<top>370</top>
				<width>90</width>
				<height>18</height>
				<texture>$VAR[MediaRating]</texture>
				<aspectratio>keep</aspectratio>
			</control>
		</control>
		<control type="grouplist" id="999"><!-- Option buttons -->
			<left>360</left>
			<top>400</top>
			<width>880</width>
			<height>96</height>
			<orientation>horizontal</orientation>
			<itemgap>15</itemgap>
			<align>center</align>
			<onleft>noop</onleft>
			<onright>noop</onright>
			<onup condition="$EXP[isSong]">1323</onup>
			<onup condition="$EXP[isArtist]">1423</onup>
			<onup condition="$EXP[isAlbum]">1523</onup>
			<ondown condition="$EXP[isAlbum] | $EXP[isArtist]">50</ondown>
			<ondown condition="$EXP[isSong]">950</ondown>
			<control type="button" id="1114"><!-- Play button -->
				<include>videoinfo-options-common</include>
				<label>$LOCALIZE[208]</label>
				<texturefocus>button-info-play-focus.png</texturefocus>
				<texturenofocus>button-info-play.png</texturenofocus>
				<onclick>PlayMedia($ESCINFO[ListItem.FileNameAndPath])</onclick>
			</control>
			<control type="button" id="12"><!-- Album info button -->
				<include>videoinfo-options-common</include>
				<label>$LOCALIZE[558]</label>
				<texturefocus>button-info-disc-focus.png</texturefocus>
				<texturenofocus>button-info-disc.png</texturenofocus>
				<visible>$EXP[isSong]</visible>
			</control>
			<control type="button" id="6"><!-- Refresh button -->
				<include>videoinfo-options-common</include>
				<label>$LOCALIZE[184]</label>
				<texturefocus>button-info-refresh-focus.png</texturefocus>
				<texturenofocus>button-info-refresh.png</texturenofocus>
			</control>
			<control type="button" id="1117"><!-- Set Ratings button -->
				<include>videoinfo-options-common</include>
				<label>$LOCALIZE[563]</label>
				<texturefocus>button-info-plot-focus.png</texturefocus>
				<texturenofocus>button-info-plot.png</texturenofocus>
				<onclick>SendClick(musicinformation,7)</onclick>
			</control>
			<control type="button" id="1115"><!-- More options button -->
				<include>videoinfo-options-common</include>
				<label>$LOCALIZE[31693]</label>
				<texturefocus>button-info-more-focus.png</texturefocus>
				<texturenofocus>button-info-more.png</texturenofocus>
				<onclick>SetProperty(SelectDialogType,musicinfomore,home)</onclick>
				<onclick>ActivateWindow(1154)</onclick>
			</control>
		</control>

		<control type="group"><!-- Discography / Track list -->
			<visible>$EXP[isAlbum] | $EXP[isArtist]</visible>
			<control type="label">
				<left>20</left>
				<top>488</top>
				<height>20</height>
				<width>300</width>
				<label>$LOCALIZE[21888]</label>
				<font>apptv20</font>
				<align>right</align>
				<visible>$EXP[isArtist]</visible>
			</control>
			<control type="label">
				<left>20</left>
				<top>488</top>
				<height>20</height>
				<width>300</width>
				<label>$LOCALIZE[182]</label>
				<font>apptv20</font>
				<align>right</align>
				<visible>$EXP[isAlbum]</visible>
			</control>
			<control type="image">
				<left>340</left>
				<top>504</top>
				<width>900</width>
				<height>4</height>
				<texture>separator.png</texture>
			</control>
			<control type="list" id="50"><!-- Discography -->
				<visible>$EXP[isArtist]</visible>
				<left>10</left>
				<top>508</top>
				<width>1260</width>
				<height>208</height>
				<onleft>noop</onleft>
				<onright>noop</onright>
				<onup>999</onup>
				<viewtype label="31028">list</viewtype>
				<orientation>horizontal</orientation>
				<itemlayout height="208" width="210">
					<control type="image">
						<left>30</left>
						<top>8</top>
						<width>150</width>
						<height>150</height>
						<aspectratio scalediffuse="true">stretch</aspectratio>
						<texture diffuse="mask-squ.png" background="true">$INFO[ListItem.Icon]</texture>
						<animation condition="$EXP[isEmptyDBID]" effect="fade" start="100" end="60">Conditional</animation>
					</control>
				</itemlayout>
				<focusedlayout height="208" width="210">
					<control type="image">
						<left>30</left>
						<top>8</top>
						<width>150</width>
						<height>150</height>
						<texture diffuse="mask-squ.png" background="true">$INFO[ListItem.Icon]</texture>
						<aspectratio scalediffuse="true">stretch</aspectratio>
						<animation condition="$EXP[isEmptyDBID]" effect="fade" start="100" end="60">Conditional</animation>
						<animation effect="zoom" start="100" end="104" center="auto" time="200" tween="back" easing="out" reversible="false">focus</animation>
					</control>
					<control type="textbox">
						<left>0</left>
						<top>160</top>
						<width>210</width>
						<height>48</height>
						<label>$INFO[ListItem.Label] [COLOR=disabled-text]$INFO[ListItem.Label2,(,)][/COLOR]</label>
						<font>apptv20</font>
						<align>center</align>
						<animation effect="fade" time="100" delay="200">Focus</animation>
						<animation condition="$EXP[isEmptyDBID]" effect="fade" start="100" end="50">Conditional</animation>
						<visible>Control.HasFocus(50)</visible>
					</control>
				</focusedlayout>
			</control>
			<control type="group"><!-- Markers for control area items -->
				<visible>Control.HasFocus(50)</visible>
				<control type="image">
					<left>20</left>
					<top>582</top>
					<height>16</height>
					<width>16</width>
					<texture>scroll-left.png</texture>
					<visible>$EXP[isArtist] + Container(50).HasPrevious</visible>
				</control>
				<control type="image">
					<left>1244</left>
					<top>582</top>
					<height>16</height>
					<width>16</width>
					<texture>scroll-right.png</texture>
					<visible>$EXP[isArtist] + Container(50).HasNext</visible>
				</control>
			</control>
			<control type="panel" id="50"><!-- Track listing -->
				<visible>$EXP[isAlbum]</visible>
				<left>20</left>
				<top>520</top>
				<width>1240</width>
				<height>180</height>
				<onleft>noop</onleft>
				<onright>noop</onright>
				<onup>999</onup>
				<viewtype label="">list</viewtype>
				<scrolltime>200</scrolltime>
				<orientation>vertical</orientation>
				<itemlayout width="620" height="45">
					<control type="image">
						<left>0</left>
						<top>0</top>
						<width>620</width>
						<height>45</height>
						<texture border="6">button-default.png</texture>
					</control>
					<control type="image">
						<left>8</left>
						<top>7</top>
						<width>32</width>
						<height>32</height>
						<texture>DefaultCDDA.png</texture>
					</control>
					<control type="label">
						<left>46</left>
						<top>0</top>
						<width>550</width>
						<height>45</height>
						<font>apptv20</font>
						<align>left</align>
						<aligny>center</aligny>
						<selectedcolor>white</selectedcolor>
						<label>$INFO[ListItem.TrackNumber]. $INFO[ListItem.Label]</label>
					</control>
					<control type="label">
						<left>510</left>
						<top>0</top>
						<width>100</width>
						<height>45</height>
						<font>apptv20</font>
						<align>right</align>
						<aligny>center</aligny>
						<label>$INFO[ListItem.Duration]</label>
					</control>
				</itemlayout>
				<focusedlayout width="620" height="45">
					<control type="image">
						<left>0</left>
						<top>0</top>
						<width>620</width>
						<height>45</height>
						<visible>!Control.HasFocus(50)</visible>
						<texture border="6">button-default.png</texture>
					</control>
					<control type="image">
						<left>0</left>
						<top>0</top>
						<width>620</width>
						<height>45</height>
						<visible>Control.HasFocus(50)</visible>
						<texture border="6">button-default-focus.png</texture>
					</control>
					<control type="image">
						<left>8</left>
						<top>7</top>
						<width>32</width>
						<height>32</height>
						<texture>DefaultCDDA.png</texture>
					</control>
					<control type="label">
						<left>46</left>
						<top>0</top>
						<width>550</width>
						<height>45</height>
						<font>apptv20</font>
						<align>left</align>
						<aligny>center</aligny>
						<label>$INFO[ListItem.TrackNumber]. $INFO[ListItem.Label]</label>
					</control>
					<control type="label">
						<left>510</left>
						<top>0</top>
						<width>100</width>
						<height>45</height>
						<font>apptv20</font>
						<align>right</align>
						<aligny>center</aligny>
						<label>$INFO[ListItem.Duration]</label>
					</control>
				</focusedlayout>
			</control>
			<control type="group"><!-- Markers for control area items -->
				<visible>$EXP[isAlbum]</visible>
				<control type="image">
					<left>632</left>
					<top>506</top>
					<height>16</height>
					<width>16</width>
					<texture>scroll-up.png</texture>
					<visible>Container(50).HasPrevious</visible>
				</control>
				<control type="image">
					<left>632</left>
					<top>700</top>
					<height>16</height>
					<width>16</width>
					<texture>scroll-down.png</texture>
					<visible>Container(50).HasNext</visible>
				</control>
			</control>
		</control>

		<control type="group"><!-- Recommended songs list -->
			<visible>$EXP[isSong]</visible>
			<control type="label">
				<left>20</left>
				<top>488</top>
				<height>20</height>
				<width>300</width>
				<label>$LOCALIZE[31691]</label>
				<font>apptv20</font>
				<align>right</align>
			</control>
			<control type="image">
				<left>340</left>
				<top>504</top>
				<width>900</width>
				<height>4</height>
				<texture>separator.png</texture>
			</control>
			<control type="list" id="950"><!-- User might enjoy -->
				<left>10</left>
				<top>508</top>
				<width>1260</width>
				<height>208</height>
				<onleft>noop</onleft>
				<onright>noop</onright>
				<onup>999</onup>
				<viewtype label="31028">list</viewtype>
				<orientation>horizontal</orientation>
				<itemlayout height="208" width="210">
					<control type="image">
						<left>30</left>
						<top>8</top>
						<width>150</width>
						<height>150</height>
						<aspectratio scalediffuse="true">stretch</aspectratio>
						<texture diffuse="mask-squ.png" fallback="DefaultMusicSongs.png" background="true">$INFO[ListItem.Art(thumb)]</texture>
					</control>
				</itemlayout>
				<focusedlayout height="208" width="210">
					<control type="image">
						<left>30</left>
						<top>8</top>
						<width>150</width>
						<height>150</height>
						<aspectratio scalediffuse="true">stretch</aspectratio>
						<texture diffuse="mask-squ.png" fallback="DefaultMusicSongs.png" background="true">$INFO[ListItem.Art(thumb)]</texture>
						<animation effect="zoom" start="100" end="104" center="auto" time="200" tween="back" easing="out" reversible="false">focus</animation>
					</control>
					<control type="textbox">
						<left>0</left>
						<top>160</top>
						<width>210</width>
						<height>48</height>
						<label>$INFO[ListItem.Label]</label>
						<font>apptv20</font>
						<align>center</align>
						<animation effect="fade" time="100" delay="300">Focus</animation>
						<visible>Control.HasFocus(950)</visible>
					</control>
				</focusedlayout>
				<content limit="12">plugin://script.skin.helper.widgets/?action=recommended&amp;mediatype=songs&amp;reload=$INFO[Window(Home).Property(widgetreload-music)]</content>
			</control>
			<control type="group"><!-- Markers for control area items -->
				<visible>Control.HasFocus(950)</visible>
				<control type="image">
					<left>20</left>
					<top>582</top>
					<height>16</height>
					<width>16</width>
					<texture>scroll-left.png</texture>
					<visible>Container(950).HasPrevious</visible>
				</control>
				<control type="image">
					<left>1244</left>
					<top>582</top>
					<height>16</height>
					<width>16</width>
					<texture>scroll-right.png</texture>
					<visible>Container(950).HasNext</visible>
				</control>
			</control>
		</control>
		<control type="scrollbar" id="1323">
			<left>1250</left>
			<top>112</top>
			<width>16</width>
			<height>118</height>
			<onleft>999</onleft>
			<ondown>999</ondown>
			<animation condition="!Control.HasFocus(1323) + !Container.Scrolling + !String.IsEqual(Skin.String(show-scrollbar),$LOCALIZE[31875])" effect="fade" start="100" end="0" time="200" reversible="true">Conditional</animation>
			<visible>$EXP[isEnabledScrollbar]</visible>
		</control>
		<control type="scrollbar" id="1423">
			<left>1250</left>
			<top>112</top>
			<width>16</width>
			<height>118</height>
			<onleft>999</onleft>
			<ondown>999</ondown>
			<animation condition="!Control.HasFocus(1423) + !Container.Scrolling + !String.IsEqual(Skin.String(show-scrollbar),$LOCALIZE[31875])" effect="fade" start="100" end="0" time="200" reversible="true">Conditional</animation>
			<visible>$EXP[isEnabledScrollbar]</visible>
		</control>
		<control type="scrollbar" id="1523">
			<left>1250</left>
			<top>112</top>
			<width>16</width>
			<height>118</height>
			<onleft>999</onleft>
			<ondown>999</ondown>
			<animation condition="!Control.HasFocus(1523) + !Container.Scrolling + !String.IsEqual(Skin.String(show-scrollbar),$LOCALIZE[31875])" effect="fade" start="100" end="0" time="200" reversible="true">Conditional</animation>
			<visible>$EXP[isEnabledScrollbar]</visible>
		</control>
	</controls>
</window>