<?xml version="1.0" encoding="UTF-8"?>
<window>
	<defaultcontrol always="true">9000</defaultcontrol>
	<onunload>ClearProperty(showinfo,addoninformation)</onunload>
	<controls>
		<include>background</include>
		<control type="group">
			<visible>!Window.isVisible(addonsettings) + !Window.IsActive(textviewer)</visible>
			<control type="image">
				<left>60</left>
				<top>105</top>
				<width>256</width>
				<height>256</height>
				<aspectratio>keep</aspectratio>
				<texture fallback="DefaultAddon.png" diffuse="mask-squ.png">$INFO[ListItem.Icon]</texture>
			</control>
			<control type="label">
				<left>380</left>
				<top>36</top>
				<width>860</width>
				<height>30</height>
				<font>apptv30</font>
				<label>$INFO[ListItem.AddonName]</label>
				<include condition="Skin.HasSetting(text-autoscroll)">scrolltext</include>
			</control>
			<control type="image">
				<left>380</left>
				<top>108</top>
				<width>860</width>
				<height>4</height>
				<texture>separator.png</texture>
			</control>
			<control type="textbox"><!-- Addon description -->
				<left>380</left>
				<top>112</top>
				<width>860</width>
				<height>116</height>
				<label>$INFO[ListItem.AddonDescription]</label>
				<font>apptv20</font>
				<align>justify</align>
				<pagecontrol>1123</pagecontrol>
				<visible>!String.IsEmpty(ListItem.AddonDescription)</visible>
			</control>
			<control type="textbox"><!-- Addon summary (Show if no description available)-->
				<left>380</left>
				<top>112</top>
				<width>860</width>
				<height>116</height>
				<label fallback="161">$INFO[ListItem.AddonSummary]</label>
				<font>apptv20</font>
				<align>justify</align>
				<pagecontrol>1123</pagecontrol>
				<visible>String.IsEmpty(ListItem.AddonDescription)</visible>
			</control>
			<control type="scrollbar" id="1123"><!-- Addon description scrollbar -->
				<left>1246</left>
				<top>110</top>
				<width>16</width>
				<height>122</height>
				<onup>1123</onup>
				<onright>1123</onright>
				<onleft>9000</onleft>
				<ondown>9000</ondown>
				<animation condition="!Control.HasFocus(1223) + !Container.Scrolling + !String.IsEqual(Skin.String(show-scrollbar),$LOCALIZE[31875])" effect="fade" start="100" end="0" time="200" reversible="true">Conditional</animation>
				<visible>$EXP[isEnabledScrollbar]</visible>
			</control>
			<control type="image">
				<left>380</left>
				<top>232</top>
				<width>860</width>
				<height>4</height>
				<texture>separator.png</texture>
			</control>
			<control type="group">
				<left>380</left>
				<top>240</top>
				<control type="label"><!-- Addon type heading -->
					<left>0</left>
					<top>0</top>
					<width>159</width>
					<height>22</height>
					<label>$LOCALIZE[146]</label>
					<font>apptv22</font>
					</control>
				<control type="label">
					<left>168</left>
					<top>2</top>
					<width>300</width>
					<height>20</height>
					<label>$INFO[ListItem.AddonType]</label>
					<font>apptv20</font>
					<include condition="Skin.HasSetting(text-autoscroll)">scrolltext</include>
				</control>
				<control type="label"><!-- Version heading -->
					<left>472</left>
					<top>0</top>
					<width>159</width>
					<height>22</height>
					<label>$LOCALIZE[24051]</label>
					<font>apptv22</font>
					</control>
				<control type="label">
					<left>635</left>
					<top>2</top>
					<width>200</width>
					<height>20</height>
					<label>$INFO[ListItem.AddonVersion]</label>
					<font>apptv20</font>
					<include condition="Skin.HasSetting(text-autoscroll)">scrolltext</include>
				</control>
				<control type="label"><!-- Author heading -->
					<left>0</left>
					<top>26</top>
					<width>159</width>
					<height>22</height>
					<label>$LOCALIZE[21863]:</label>
					<font>apptv22</font>
					</control>
				<control type="label">
					<left>168</left>
					<top>28</top>
					<width>600</width>
					<height>20</height>
					<label>$INFO[ListItem.AddonCreator]</label>
					<font>apptv20</font>
					<include condition="Skin.HasSetting(text-autoscroll)">scrolltext</include>
				</control>
				<control type="group">
					<visible>IsEmpty(Window.Property(showinfo)) + !String.IsEmpty(ListItem.AddonDisclaimer)</visible>
					<control type="label"><!-- Disclaimer heading -->
						<left>0</left>
						<top>52</top>
						<width>160</width>
						<height>22</height>
						<label>$LOCALIZE[24052]</label>
						<font>apptv22</font>
					</control>
					<control type="textbox">
						<left>168</left>
						<top>54</top>
						<width>750</width>
						<height>94</height>
						<font>apptv20</font>
						<label>$INFO[ListItem.AddonDisclaimer]</label>
						<autoscroll time="2000" delay="3000" repeat="5000">Skin.HasSetting(text-autoscroll) + !System.ScreenSaverActive</autoscroll>
					</control>
				</control>
				<control type="group">
					<visible>String.Contains(Window.Property(showinfo),news)</visible>
					<control type="label"><!-- Addon news heading -->
						<left>0</left>
						<top>52</top>
						<width>160</width>
						<height>22</height>
						<label>$LOCALIZE[29916]</label>
						<font>apptv22</font>
					</control>
					<control type="textbox">
						<left>168</left>
						<top>54</top>
						<width>750</width>
						<height>94</height>
						<font>apptv20</font>
						<label>$INFO[ListItem.AddonNews]</label>
						<autoscroll time="2000" delay="3000" repeat="5000">Skin.HasSetting(text-autoscroll) + !System.ScreenSaverActive</autoscroll>
					</control>
				</control>
			</control>
			<control type="button" id="8995"><!-- Play bump sound if user tries to leave menu by undefined direction -->
				<left>-30</left>
				<top>-30</top>
				<width>1</width>
				<height>1</height>
				<onfocus>SetFocus(9000)</onfocus>
				<onfocus>ActivateWindow(1157)</onfocus>
			</control>
			<control type="grouplist" id="9000"><!-- Option buttons -->
				<left>360</left>
				<top>400</top>
				<width>880</width>
				<height>96</height>
				<orientation>horizontal</orientation>
				<itemgap>15</itemgap>
				<align>center</align>
				<onleft>noop</onleft>
				<onright>noop</onright>
				<onup>1123</onup>
				<ondown condition="Integer.IsGreater(Container(50).NumItems,0)">50</ondown>
				<ondown condition="Integer.IsLessOrEqual(Container(50).NumItems,0)">950</ondown>
				<control type="button" id="6"><!-- Install/uninstall addon button -->
					<include>videoinfo-options-common</include>
					<label>$LOCALIZE[24022]</label>
					<texturefocus>button-info-install-focus.png</texturefocus>
					<texturenofocus>button-info-install.png</texturenofocus>
					<visible>Control.IsEnabled(6)</visible>
				</control>
				<control type="button" id="7"><!-- Disable/enable addon button -->
					<include>videoinfo-options-common</include>
					<label>$LOCALIZE[24021]</label>
					<texturefocus>button-info-switch-focus.png</texturefocus>
					<texturenofocus>button-info-switch.png</texturenofocus>
					<visible>Control.IsEnabled(7)</visible>
				</control>
				<control type="togglebutton" id="800"><!-- news/info toggle -->
					<include>videoinfo-options-common</include>
					<label>$LOCALIZE[29916]</label>
					<altlabel>$LOCALIZE[29915]</altlabel>
					<texturefocus>button-info-plot-focus.png</texturefocus>
					<texturenofocus>button-info-plot.png</texturenofocus>
					<alttexturefocus>button-info-plot-focus.png</alttexturefocus>
					<alttexturenofocus>button-info-plot.png</alttexturenofocus>
					<usealttexture>StringCompare(Window.Property(showinfo),news)</usealttexture>
					<onclick condition="!StringCompare(Window.Property(showinfo),news)">SetProperty(showinfo,news)</onclick>
					<onclick condition="StringCompare(Window.Property(showinfo),news)">ClearProperty(showinfo)</onclick>
					<visible>!String.IsEmpty(ListItem.AddonNews)</visible>
				</control>
				<control type="button" id="8"><!-- Update addon button -->
					<include>videoinfo-options-common</include>
					<label>$LOCALIZE[24069]</label>
					<texturefocus>button-info-install-focus.png</texturefocus>
					<texturenofocus>button-info-install.png</texturenofocus>
					<visible>Control.IsEnabled(8)</visible>
				</control>
				<control type="button" id="9"><!-- Config button -->
					<include>videoinfo-options-common</include>
					<label>$LOCALIZE[24020]</label>
					<texturefocus>button-info-settings-focus.png</texturefocus>
					<texturenofocus>button-info-settings.png</texturenofocus>
					<visible>Control.IsEnabled(9)</visible>
				</control>
				<control type="button" id="13"><!-- Enable/disable auto updates -->
					<include>videoinfo-options-common</include>
					<label>$LOCALIZE[21340]</label>
					<texturefocus>button-info-install-focus.png</texturefocus>
					<texturenofocus>button-info-install.png</texturenofocus>
					<visible>Control.IsEnabled(13)</visible>
				</control>
				<control type="button" id="12"><!-- Launch Addon Button -->
					<include>videoinfo-options-common</include>
					<label>$LOCALIZE[518]</label>
					<texturefocus>button-info-play-focus.png</texturefocus>
					<texturenofocus>button-info-play.png</texturenofocus>
					<visible>Control.IsEnabled(12)</visible>
				</control>
			</control>
			<control type="label"><!-- Screenshots heading -->
				<left>20</left>
				<top>488</top>
				<height>20</height>
				<width>300</width>
				<label>$LOCALIZE[20008]</label>
				<font>apptv22</font>
				<align>right</align>
				<visible>Integer.IsGreater(Container(50).NumItems,0)</visible>
			</control>
			<control type="label"><!-- Updated addons heading -->
				<left>20</left>
				<top>488</top>
				<height>20</height>
				<width>300</width>
				<label>$LOCALIZE[31690]</label>
				<font>apptv22</font>
				<align>right</align>
				<visible>Integer.IsLessOrEqual(Container(50).NumItems,0)</visible>
			</control>
			<control type="image">
				<left>340</left>
				<top>504</top>
				<width>900</width>
				<height>4</height>
				<texture>separator.png</texture>
			</control>
			<control type="list" id="50"><!-- Screenshots -->
				<left>56</left>
				<top>544</top>
				<width>1168</width>
				<height>140</height>
				<onleft>noop</onleft>
				<onright>noop</onright>
				<onup>9000</onup>
				<viewtype label="31028">list</viewtype>
				<orientation>horizontal</orientation>
				<itemlayout height="140" width="292">
					<control type="image">
						<left>21</left>
						<top>10</top>
						<width>250</width>
						<height>140</height>
						<aspectratio>keep</aspectratio>
						<texture colordiffuse="UnFocusedPosters" background="true">$INFO[ListItem.Icon]</texture>
					</control>
				</itemlayout>
				<focusedlayout height="140" width="292">
					<control type="image">
						<left>21</left>
						<top>10</top>
						<width>250</width>
						<height>140</height>
						<aspectratio>keep</aspectratio>
						<texture background="true">$INFO[ListItem.Icon]</texture>
						<animation effect="zoom" start="100" end="116" center="auto" time="200" tween="back" easing="out" reversible="false">focus</animation>
					</control>
				</focusedlayout>
			</control>
			<control type="group"><!-- Markers for control area items -->
				<visible>Control.IsVisible(50)</visible>
				<control type="image">
					<left>20</left>
					<top>614</top>
					<height>16</height>
					<width>16</width>
					<texture>scroll-left.png</texture>
					<visible>Container(50).HasPrevious</visible>
				</control>
				<control type="image">
					<left>1244</left>
					<top>614</top>
					<height>16</height>
					<width>16</width>
					<texture>scroll-right.png</texture>
					<visible>Container(50).HasNext</visible>
				</control>
			</control>
			<control type="list" id="950"><!-- Recently Updated Addons -->
				<visible>Integer.IsLessOrEqual(Container(50).NumItems,0)</visible>
				<left>10</left>
				<top>508</top>
				<width>1260</width>
				<height>208</height>
				<onleft>noop</onleft>
				<onright>noop</onright>
				<onup>9000</onup>
				<viewtype label="31028">list</viewtype>
				<orientation>horizontal</orientation>
				<itemlayout height="208" width="210">
					<control type="image">
						<left>35</left>
						<top>12</top>
						<width>140</width>
						<height>140</height>
						<aspectratio>keep</aspectratio>
						<texture colordiffuse="UnFocusedPosters" background="true">$INFO[ListItem.Icon]</texture>
					</control>
				</itemlayout>
				<focusedlayout height="208" width="210">
					<control type="image">
						<left>35</left>
						<top>12</top>
						<width>140</width>
						<height>140</height>
						<aspectratio>keep</aspectratio>
						<texture background="true">$INFO[ListItem.Icon]</texture>
						<animation effect="zoom" start="100" end="104" center="auto" time="200" tween="back" easing="out" reversible="false">focus</animation>
					</control>
					<control type="textbox">
						<left>0</left>
						<top>160</top>
						<width>210</width>
						<height>48</height>
						<label>$INFO[ListItem.Label] [COLOR=disabled-text]$INFO[ListItem.Label2,(,)][/COLOR]</label>
						<font>apptv20</font>
						<align>center</align>
						<animation effect="fade" time="100" delay="200">Focus</animation>
						<visible>Control.HasFocus(950)</visible>
					</control>
				</focusedlayout>
				<content limit="20">addons://recently_updated/</content>
			</control>
			<control type="group"><!-- Markers for control area items -->
				<visible>Control.IsVisible(950)</visible>
				<control type="image">
					<left>20</left>
					<top>580</top>
					<height>16</height>
					<width>16</width>
					<texture>scroll-left.png</texture>
					<visible>Container(950).HasPrevious</visible>
				</control>
				<control type="image">
					<left>1244</left>
					<top>580</top>
					<height>16</height>
					<width>16</width>
					<texture>scroll-right.png</texture>
					<visible>Container(950).HasNext</visible>
				</control>
			</control>
		</control>
	</controls>
</window>
