<?xml version="1.0" encoding="UTF-8"?>
<window>
	<defaultcontrol>9000</defaultcontrol>
	<controls>
		<include>background</include>
		<control type="group">
			<control type="label"><!-- Screen Title -->
				<left>946</left>
				<top>25</top>
				<width>300</width>
				<height>72</height>
				<align>left</align>
				<aligny>center</aligny>
				<label>$LOCALIZE[15020]</label>
				<font>apptv30</font>
			</control>
			<control type="list" id="9000">
				<left>15</left>
				<top>80</top>
				<width>1250</width>
				<height>45</height>
				<scrolltime>200</scrolltime>
				<orientation>horizontal</orientation>
				<ondown>200</ondown>
				<onup>22</onup>
				<itemlayout width="250" height="45">
					<control type="image">
						<left>0</left>
						<top>0</top>
						<width>250</width>
						<height>45</height>
						<texture border="6">button-default.png</texture>
					</control>
					<control type="label">
						<left>5</left>
						<top>0</top>
						<width>240</width>
						<height>45</height>
						<font>apptv23</font>
						<aligny>center</aligny>
						<align>center</align>
						<label>$INFO[ListItem.Label]</label>
					</control>
				</itemlayout>
				<focusedlayout width="250" height="45">
					<control type="image">
						<left>0</left>
						<top>0</top>
						<width>250</width>
						<height>45</height>
						<texture border="6">button-default-focus.png</texture>
						<animation condition="Control.HasFocus(20) | Control.HasFocus(60) | Control.HasFocus(21) | Control.HasFocus(61) | ControlGroup(300).HasFocus" effect="fade" start="100" end="60">Conditional</animation>
					</control>
					<control type="label">
						<left>5</left>
						<top>0</top>
						<width>240</width>
						<height>45</height>
						<font>apptv23</font>
						<aligny>center</aligny>
						<align>center</align>
						<label>$INFO[ListItem.Label]</label>
					</control>
				</focusedlayout>
			</control>
			<control type="image">
				<left>10</left>
				<top>130</top>
				<width>1260</width>
				<height>4</height>
				<texture>separator.png</texture>
			</control>
			<control type="label">
				<left>15</left>
				<top>135</top>
				<width>620</width>
				<height>25</height>
				<align>center</align>
				<aligny>center</aligny>
				<label>$LOCALIZE[15050]</label>
				<font>apptv23</font>
			</control>
			<control type="group" id="200">
				<control type="list" id="20">
					<left>10</left>
					<top>165</top>
					<width>610</width>
					<height>450</height>
					<onup>9000</onup>
					<ondown>22</ondown>
					<onleft>21</onleft>
					<onright>60</onright>
					<pagecontrol>60</pagecontrol>
					<scrolltime>200</scrolltime>
					<itemlayout width="610" height="110">
						<control type="image">
							<left>0</left>
							<top>0</top>
							<width>610</width>
							<height>110</height>
							<texture border="6">button-default.png</texture>
						</control>
						<control type="image">
							<left>5</left>
							<top>20</top>
							<width>70</width>
							<height>70</height>
							<texture fallback="DefaultAddon.png">$INFO[ListItem.Icon]</texture>
							<aspectratio>keep</aspectratio>
						</control>
						<control type="textbox"><!-- Addon name and Name -->
							<left>85</left>
							<top>5</top>
							<width>515</width>
							<height>50</height>
							<font>apptv20</font>
							<aligny>center</aligny>
							<label>$INFO[ListItem.ListItem.Label2]: $INFO[ListItem.Label]</label>
						</control>
						<control type="textbox">
							<left>85</left>
							<top>55</top>
							<width>515</width>
							<height>50</height>
							<font>apptv20</font>
							<aligny>center</aligny>
							<label>$INFO[ListItem.Property(Description)]</label>
						</control>
					</itemlayout>
					<focusedlayout width="610" height="110">
						<control type="image">
							<left>0</left>
							<top>0</top>
							<width>610</width>
							<height>110</height>
							<texture border="6">button-default-focus.png</texture>
							<visible>Control.HasFocus(20)</visible>
						</control>
						<control type="image">
							<left>5</left>
							<top>20</top>
							<width>70</width>
							<height>70</height>
							<texture fallback="DefaultAddon.png">$INFO[ListItem.Icon]</texture>
							<aspectratio>keep</aspectratio>
						</control>
						<control type="textbox"><!-- Addon name and Name -->
							<left>85</left>
							<top>5</top>
							<width>515</width>
							<height>50</height>
							<font>apptv20</font>
							<aligny>center</aligny>
							<label>$INFO[ListItem.ListItem.Label2]: $INFO[ListItem.Label]</label>
						</control>
						<control type="textbox">
							<left>85</left>
							<top>55</top>
							<width>515</width>
							<height>50</height>
							<font>apptv20</font>
							<aligny>center</aligny>
							<label>$INFO[ListItem.Property(Description)]</label>
						</control>
					</focusedlayout>
				</control>
				<control type="scrollbar" id="60">
					<left>620</left>
					<top>165</top>
					<width>20</width>
					<height>450</height>
					<onleft>20</onleft>
					<onright>21</onright>
					<ondown>60</ondown>
					<onup>60</onup>
					<animation condition="!Control.HasFocus(1250) + !Container.Scrolling + !String.IsEqual(Skin.String(show-scrollbar),$LOCALIZE[31875])" effect="fade" start="100" end="0" time="200" reversible="true">Conditional</animation>
					<visible>$EXP[isEnabledScrollbar]</visible>
					<orientation>vertical</orientation>
				</control>
				<control type="label">
					<left>660</left>
					<top>135</top>
					<width>620</width>
					<height>25</height>
					<align>center</align>
					<aligny>center</aligny>
					<label>$LOCALIZE[15051]</label>
					<font>apptv23</font>
				</control>
				<control type="list" id="21">
					<left>650</left>
					<top>165</top>
					<width>610</width>
					<height>440</height>
					<onup>9000</onup>
					<ondown>22</ondown>
					<onleft>20</onleft>
					<onright>61</onright>
					<pagecontrol>61</pagecontrol>
					<scrolltime>200</scrolltime>
					<itemlayout width="610" height="110">
						<control type="image">
							<left>0</left>
							<top>0</top>
							<width>610</width>
							<height>110</height>
							<texture border="6">button-default.png</texture>
						</control>
						<control type="image">
							<left>5</left>
							<top>20</top>
							<width>70</width>
							<height>70</height>
							<texture fallback="DefaultAddon.png">$INFO[ListItem.Icon]</texture>
							<aspectratio>keep</aspectratio>
						</control>
						<control type="textbox"><!-- Addon name and Name -->
							<left>85</left>
							<top>5</top>
							<width>515</width>
							<height>50</height>
							<font>apptv20</font>
							<aligny>center</aligny>
							<label>$INFO[ListItem.ListItem.Label2]: $INFO[ListItem.Label]</label>
						</control>
						<control type="textbox">
							<left>85</left>
							<top>55</top>
							<width>515</width>
							<height>50</height>
							<font>apptv20</font>
							<aligny>center</aligny>
							<label>$INFO[ListItem.Property(Description)]</label>
						</control>
					</itemlayout>
					<focusedlayout width="610" height="110">
						<control type="image">
							<left>0</left>
							<top>0</top>
							<width>610</width>
							<height>110</height>
							<texture border="6">button-default-focus.png</texture>
							<visible>Control.HasFocus(21)</visible>
						</control>
						<control type="image">
							<left>5</left>
							<top>20</top>
							<width>70</width>
							<height>70</height>
							<texture fallback="DefaultAddon.png">$INFO[ListItem.Icon]</texture>
							<aspectratio>keep</aspectratio>
						</control>
						<control type="textbox"><!-- Addon Name and Name -->
							<left>85</left>
							<top>5</top>
							<width>515</width>
							<height>50</height>
							<font>apptv20</font>
							<aligny>center</aligny>
							<label>$INFO[ListItem.Label2]: $INFO[ListItem.Label]</label>
						</control>
						<control type="textbox">
							<left>85</left>
							<top>55</top>
							<width>515</width>
							<height>50</height>
							<font>apptv20</font>
							<aligny>center</aligny>
							<label>$INFO[ListItem.Property(Description)]</label>
						</control>
					</focusedlayout>
				</control>
				<control type="scrollbar" id="61">
					<left>1260</left>
					<top>165</top>
					<width>20</width>
					<height>450</height>
					<onleft>21</onleft>
					<onright>20</onright>
					<ondown>61</ondown>
					<onup>61</onup>
					<animation condition="!Control.HasFocus(1250) + !Container.Scrolling + !String.IsEqual(Skin.String(show-scrollbar),$LOCALIZE[31875])" effect="fade" start="100" end="0" time="200" reversible="true">Conditional</animation>
					<visible>$EXP[isEnabledScrollbar]</visible>
					<orientation>vertical</orientation>
				</control>
			</control>
			<control type="image">
				<left>10</left>
				<top>620</top>
				<width>1260</width>
				<height>4</height>
				<texture>separator.png</texture>
			</control>
			<control type="textbox"><!-- current mode description label -->
				<left>40</left>
				<top>624</top>
				<width>1200</width>
				<height>40</height>
				<font>apptv20</font>
				<align>center</align>
				<aligny>center</aligny>
				<label>$INFO[Container(9000).ListItem.Label2]</label>
			</control>
			<control type="group" id="300">
				<control type="radiobutton" id="22"><!-- Add -->
					<left>40</left>
					<top>670</top>
					<width>400</width>
					<height>45</height>
					<font>apptv22</font>
					<align>left</align>
					<aligny>center</aligny>
					<label>$LOCALIZE[15064]</label>
					<onleft>24</onleft>
					<onright>23</onright>
					<onup>200</onup>
					<ondown>9000</ondown>
				</control>
				<control type="button" id="23"><!-- Apply -->
					<left>440</left>
					<top>670</top>
					<width>400</width>
					<height>45</height>
					<font>apptv22</font>
					<align>center</align>
					<aligny>center</aligny>
					<label>$LOCALIZE[14070]</label>
					<onleft>22</onleft>
					<onright>24</onright>
					<onup>200</onup>
					<ondown>9000</ondown>
				</control>
				<control type="button" id="24"><!-- Clear -->
					<left>840</left>
					<top>670</top>
					<width>400</width>
					<height>45</height>
					<font>apptv22</font>
					<align>center</align>
					<aligny>center</aligny>
					<label>$LOCALIZE[15066]</label>
					<onleft>23</onleft>
					<onright>22</onright>
					<onup>200</onup>
					<ondown>9000</ondown>
				</control>
			</control>
		</control>
	</controls>
</window>
