<?xml version="1.0" encoding="utf-8"?>
<window>
	<coordinates>
		<left>338</left>
		<top>2</top>
	</coordinates>
	<controls>
		<visible>String.IsEmpty(Window(home).Property(script.cinemavision.running))</visible>
		<control type="group">
			<animation easing="inout" effect="slide" end="0,0" start="0,-150" time="200" tween="sine">WindowOpen</animation>
			<animation easing="inout" effect="slide" end="0,-150" start="0,0" time="200" tween="sine">WindowClose</animation>
			<control type="image"><!-- Dialog background image -->
				<left>0</left>
				<top>0</top>
				<width>604</width>
				<height>94</height>
				<texture border="9">button-menu-background.png</texture>
			</control>
			<control type="image" id="400">
				<left>14</left>
				<top>15</top>
				<width>64</width>
				<height>64</height>
				<texture>DefaultIconInfo.png</texture>
				<aspectratio>keep</aspectratio>
			</control>
			<control type="label" id="401"><!-- Caption -->
				<left>80</left>
				<top>10</top>
				<width>512</width>
				<height>22</height>
				<font>apptv22</font>
				<align>center</align>
				<include condition="Skin.HasSetting(text-autoscroll)">scrolltext</include>
			</control>
			<control type="label" id="402"><!-- Description -->
				<left>80</left>
				<top>38</top>
				<width>512</width>
				<height>40</height>
				<font>apptv20</font>
				<align>center</align>
				<wrapmultiline>true</wrapmultiline>
				<include condition="Skin.HasSetting(text-autoscroll)">scrolltext</include>
			</control>
		</control>
	</controls>
</window>