<?xml version="1.0" encoding="UTF-8"?>
<includes>
	<include name="MovieRecent">
	<content target="video" limit="12">videodb://recentlyaddedmovies/</content>
	</include>

	<include name="MovieRecommended">
	<content target="video" limit="12">plugin://script.skin.helper.widgets/?action=recommended&amp;mediatype=movies&amp;reload=$INFO[Window(Home).Property(widgetreload-movies)]</content>
	</include>

	<include name="EpisodeRecent">
	<content target="video" limit="12">videodb://recentlyaddedepisodes/</content>
	</include>

	<include name="EpisodeRecommended">
	<content target="video" limit="12">plugin://script.skin.helper.widgets/?action=next&amp;mediatype=episodes&amp;reload=$INFO[Window(Home).Property(widgetreload-episodes)]</content>
	</include>

	<include name="AiringToday">
	<content target="video" limit="12">plugin://script.skin.helper.widgets/?action=nextaired&amp;mediatype=episodes&amp;reload=$INFO[Window(Home).Property(widgetreload2)]</content>
	</include>

	<include name="AlbumRecent">
	<content target="music" limit="12">musicdb://recentlyaddedalbums/</content>
	</include>

	<include name="AlbumRecommended">
	<content target="music" limit="12">plugin://script.skin.helper.widgets/?action=recommended&amp;mediatype=albums&amp;reload=$INFO[Window(Home).Property(widgetreload-music)]</content>
	</include>

	<include name="PVRChannels">
	<content target="pvr" limit="12">plugin://script.skin.helper.widgets/?action=channels&amp;mediatype=pvr&amp;reload=$INFO[Window(Home).Property(widgetreload2)]</content>
	</include>

	<include name="LatestRecordings">
	<content target="pvr" limit="12">plugin://script.skin.helper.widgets/?action=recordings&amp;mediatype=pvr&amp;reload=$INFO[Window(Home).Property(widgetreload2)]</content>
	</include>

	<include name="AddonFavourites">
	<content>
		<item>
			<label>$INFO[Skin.String(CustomAddon.1.Label)]</label>
			<onclick>$INFO[Skin.String(CustomAddon.1.Path)]</onclick>
			<thumb>$INFO[Skin.String(CustomAddon.1.Icon)]</thumb>
			<property name="ItemType">$LOCALIZE[31652]</property>
			<visible>!String.IsEmpty(Skin.String(CustomAddon.1.Path))</visible>
		</item>
		<item>
			<label>$INFO[Skin.String(CustomAddon.2.Label)]</label>
			<onclick>$INFO[Skin.String(CustomAddon.2.Path)]</onclick>
			<thumb>$INFO[Skin.String(CustomAddon.2.Icon)]</thumb>
			<property name="ItemType">$LOCALIZE[31652]</property>
			<visible>!String.IsEmpty(Skin.String(CustomAddon.2.Path))</visible>
		</item>
		<item>
			<label>$INFO[Skin.String(CustomAddon.3.Label)]</label>
			<onclick>$INFO[Skin.String(CustomAddon.3.Path)]</onclick>
			<thumb>$INFO[Skin.String(CustomAddon.3.Icon)]</thumb>
			<property name="ItemType">$LOCALIZE[31652]</property>
			<visible>!String.IsEmpty(Skin.String(CustomAddon.3.Path))</visible>
		</item>
		<item>
			<label>$INFO[Skin.String(CustomAddon.4.Label)]</label>
			<onclick>$INFO[Skin.String(CustomAddon.4.Path)]</onclick>
			<thumb>$INFO[Skin.String(CustomAddon.4.Icon)]</thumb>
			<property name="ItemType">$LOCALIZE[31652]</property>
			<visible>!String.IsEmpty(Skin.String(CustomAddon.4.Path))</visible>
		</item>
		<item>
			<label>$INFO[Skin.String(CustomAddon.5.Label)]</label>
			<onclick>$INFO[Skin.String(CustomAddon.5.Path)]</onclick>
			<thumb>$INFO[Skin.String(CustomAddon.5.Icon)]</thumb>
			<property name="ItemType">$LOCALIZE[31652]</property>
			<visible>!String.IsEmpty(Skin.String(CustomAddon.5.Path))</visible>
		</item>
	</content>
	</include>

	<include name="movie-shelficons">
		<animation effect="slide" end="210,0" condition="![Control.HasFocus(9160) + Container(9160).Position(5)] + Skin.HasSetting(media-overlay) + [Player.HasVideo | [Player.HasAudio + String.IsEmpty(Window(videos).Property(PlayingBackgroundMedia))]]">Conditional</animation>
		<control type="group">
			<control type="label"><!-- Movie shelf icons label -->
				<left>35</left>
				<top>12</top>
				<height>22</height>
				<width>400</width>
				<label>$VAR[ShelfType]</label>
				<font>apptv22</font>
				<visible>Integer.IsGreater(Container(9160).NumItems,0)</visible>
			</control>
			<control type="group">
				<visible>![Skin.HasSetting(media-overlay) + [[Player.HasVideo + !VideoPlayer.Content(livetv)] | Player.HasAudio + String.IsEmpty(Window(videos).Property(PlayingBackgroundMedia))]]</visible>
				<control type="image">
					<left>0</left>
					<top>58</top>
					<width>130</width>
					<height>178</height>
					<aspectratio scalediffuse="false">stretch</aspectratio>
					<texture colordiffuse="UnFocusedPosters" fallback="DefaultVideo.png" diffuse="mask-rect.png" background="true">$VAR[MovieShelfIcon0]</texture>
					<camera x="65" y="159"/>
					<animation effect="rotatey" center="0" end="-60" time="600" condition="true">Conditional</animation>
					<visible>Container(9160).HasPrevious</visible>
				</control>
				<control type="image">
					<left>1190</left>
					<top>58</top>
					<width>130</width>
					<height>178</height>
					<aspectratio scalediffuse="false">stretch</aspectratio>
					<texture colordiffuse="UnFocusedPosters" fallback="DefaultVideo.png" diffuse="mask-rect.png" background="true">$VAR[MovieShelfIcon7]</texture>
					<camera x="1215" y="159"/>
					<animation effect="rotatey" center="1280" end="60" time="600" condition="true">Conditional</animation>
					<visible>Container(9160).HasNext</visible>
				</control>
			</control>
			<control type="list" id="9160">
				<left>10</left>
				<top>46</top>
				<width>1260</width>
				<height>270</height>
				<onleft>9050</onleft>
				<onright>9050</onright>
				<onup>9050</onup>
				<ondown>9000</ondown>
				<viewtype label="31028">list</viewtype>
				<orientation>horizontal</orientation>
				<itemlayout height="270" width="210">
					<control type="image">
						<left>25</left>
						<top>0</top>
						<width>160</width>
						<height>214</height>
						<aspectratio scalediffuse="false">stretch</aspectratio>
						<texture diffuse="mask-rect.png" fallback="DefaultVideo.png" background="true">$INFO[ListItem.Art(thumb)]</texture>
					</control>
					<control type="image">
						<left>25</left>
						<top>215</top>
						<width>160</width>
						<height>214</height>
						<aspectratio scalediffuse="false">stretch</aspectratio>
						<texture flipy="true" diffuse="mask-fade.png" fallback="DefaultVideo.png" background="true">$INFO[ListItem.Art(thumb)]</texture>
					</control>
				</itemlayout>
				<focusedlayout height="270" width="210">
					<control type="image">
						<left>25</left>
						<top>0</top>
						<width>160</width>
						<height>214</height>
						<aspectratio scalediffuse="false">stretch</aspectratio>
						<texture fallback="DefaultVideo.png" diffuse="mask-rect.png" background="true">$INFO[ListItem.Art(thumb)]</texture>
						<animation effect="zoom" start="100" end="104" center="auto" time="200" tween="back" easing="out" reversible="false">focus</animation>
					</control>
					<control type="image">
						<left>25</left>
						<top>215</top>
						<width>160</width>
						<height>214</height>
						<aspectratio scalediffuse="false">stretch</aspectratio>
						<texture fallback="DefaultVideo.png" flipy="true" diffuse="mask-fade.png" background="true">$INFO[ListItem.Art(thumb)]</texture>
						<animation effect="zoom" start="100" end="104" center="125,104" time="200" tween="back" easing="out" reversible="false">focus</animation>
					</control>
					<control type="textbox">
						<left>0</left>
						<top>218</top>
						<height>48</height>
						<width>210</width>
						<font>apptv20</font>
						<align>center</align>
						<aligny>top</aligny>
						<label>$INFO[ListItem.Label]</label>
						<include condition="Skin.HasSetting(text-autoscroll)">scrolltext</include>
						<animation effect="fade" time="100" delay="100">Focus</animation>
						<visible>Control.HasFocus(9160)</visible>
					</control>
				</focusedlayout>
					<include condition="String.IsEqual(Skin.String(shelf-movieimages),$LOCALIZE[31954])">MovieRecent</include>
					<include condition="String.IsEqual(Skin.String(shelf-movieimages),$LOCALIZE[31955])">MovieRecommended</include>
			</control>
		</control>
	</include>
	<include name="tvshow-shelfbanner">
		<control type="image">
			<left>10</left>
			<top>28</top>
			<width>232</width>
			<height>130</height>
			<aligny>bottom</aligny>
			<aspectratio>stretch</aspectratio>
			<texture background="true">$INFO[ListItem.Art(thumb)]</texture>
			<animation effect="zoom" start="100" end="104" center="auto" time="200" tween="back" easing="out" reversible="false">focus</animation>
		</control>
		<control type="image">
			<left>10</left>
			<top>156</top>
			<width>232</width>
			<height>42</height>
			<aligny>bottom</aligny>
			<aspectratio>stretch</aspectratio>
			<texture diffuse="mask-squ.png" background="true">$INFO[ListItem.Art(tvshow.banner)]</texture>
			<animation effect="zoom" start="100" end="104" center="125,104" time="200" tween="back" easing="out" reversible="false">focus</animation>
		</control>
		<control type="image">
			<left>10</left>
			<top>200</top>
			<width>232</width>
			<height>42</height>
			<aspectratio>stretch</aspectratio>
			<texture flipy="true" diffuse="mask-fade.png" background="true">$INFO[ListItem.Art(tvshow.banner)]</texture>
			<animation effect="zoom" start="100" end="104" center="125,104" time="200" tween="back" easing="out" reversible="false">focus</animation>
		</control>
	</include>
	<include name="tvshow-shelfposter">
		<control type="image">
			<left>46</left>
			<top>0</top>
			<width>160</width>
			<height>214</height>
			<aspectratio scalediffuse="false">stretch</aspectratio>
			<texture diffuse="mask-rect.png" fallback="DefaultTvshows.png" background="true">$INFO[ListItem.Art(tvshow.poster)]</texture>
			<animation effect="zoom" start="100" end="104" center="auto" time="200" tween="back" easing="out" reversible="false">focus</animation>
		</control>
		<control type="image">
			<left>46</left>
			<top>215</top>
			<width>160</width>
			<height>214</height>
			<aspectratio scalediffuse="false">stretch</aspectratio>
			<texture flipy="true" diffuse="mask-fade.png" fallback="DefaultTvshows.png" background="true">$INFO[ListItem.Art(tvshow.poster)]</texture>
			<animation effect="zoom" start="100" end="104" center="125,104" time="200" tween="back" easing="out" reversible="false">focus</animation>
		</control>
	</include>
	<include name="tvshow-shelficons">
		<animation effect="slide" end="252,0" condition="![Control.HasFocus(9210) + Container(9210).Position(4)] + Skin.HasSetting(media-overlay) + [Player.HasVideo | [Player.HasAudio + String.IsEmpty(Window(videos).Property(PlayingBackgroundMedia))]]">Conditional</animation>
		<control type="group">
			<control type="label"><!-- TV Episodes shelf icons label -->
				<left>55</left>
				<top>12</top>
				<height>22</height>
				<width>400</width>
				<label>$VAR[ShelfType]</label>
				<font>apptv22</font>
				<visible>Integer.IsGreater(Container(9210).NumItems,0)</visible>
			</control>
			<control type="group">
				<visible>String.IsEqual(Skin.String(shelf-tvshowimgtyp),$LOCALIZE[31949])</visible><!-- Banners -->
				<visible>![Skin.HasSetting(media-overlay) + [[Player.HasVideo + !VideoPlayer.Content(livetv)] | Player.HasAudio + String.IsEmpty(Window(videos).Property(PlayingBackgroundMedia))]]</visible>
				<camera x="640" y="180"/>
				<control type="image">
					<left>0</left>
					<top>72</top>
					<width>232</width>
					<height>130</height>
					<aligny>bottom</aligny>
					<aspectratio scalediffuse="false">stretch</aspectratio>
					<texture colordiffuse="UnFocusedPosters" diffuse="mask-rect.png" background="true">$VAR[TVShowShelfArt0]</texture>
					<animation effect="rotatey" center="0" end="-60" time="300" condition="true">Conditional</animation>
				</control>
				<control type="image">
					<left>0</left>
					<top>202</top>
					<width>232</width>
					<height>42</height>
					<aligny>bottom</aligny>
					<aspectratio scalediffuse="false">stretch</aspectratio>
					<texture colordiffuse="UnFocusedPosters" diffuse="mask-rect.png" background="true">$VAR[TVShowShelfIcon0]</texture>
					<animation effect="rotatey" center="0" end="-60" time="300" condition="true">Conditional</animation>
				</control>
				<control type="image">
					<left>1048</left>
					<top>72</top>
					<width>232</width>
					<height>130</height>
					<aligny>bottom</aligny>
					<aspectratio scalediffuse="false">stretch</aspectratio>
					<texture colordiffuse="UnFocusedPosters" diffuse="mask-rect.png" background="true">$VAR[TVShowShelfArt6]</texture>
					<animation effect="rotatey" center="1280" end="60" time="300" condition="true">Conditional</animation>
				</control>
				<control type="image">
					<left>1048</left>
					<top>202</top>
					<width>232</width>
					<height>42</height>
					<aligny>bottom</aligny>
					<aspectratio scalediffuse="false">stretch</aspectratio>
					<texture colordiffuse="UnFocusedPosters" diffuse="mask-rect.png" background="true">$VAR[TVShowShelfIcon6]</texture>
					<animation effect="rotatey" center="1280" end="60" time="300" condition="true">Conditional</animation>
				</control>
			</control>
			<control type="group">
				<visible>[String.IsEmpty(Skin.String(shelf-tvshowimgtyp)) | String.IsEqual(Skin.String(shelf-tvshowimgtyp),$LOCALIZE[31950])]</visible><!-- Posters -->
				<visible>![Skin.HasSetting(media-overlay) + [[Player.HasVideo + !VideoPlayer.Content(livetv)] | Player.HasAudio + String.IsEmpty(Window(videos).Property(PlayingBackgroundMedia))]]</visible>
				<camera x="640" y="159"/>
				<control type="image">
					<left>-30</left>
					<top>54</top>
					<width>178</width>
					<height>178</height>
					<aspectratio scalediffuse="false">keep</aspectratio>
					<texture colordiffuse="UnFocusedPosters" diffuse="mask-rect.png" background="true">$VAR[TVShowShelfIcon0]</texture>
					<animation effect="rotatey" center="0" end="-60" time="300" condition="true">Conditional</animation>
				</control>
				<control type="image">
					<left>1134</left>
					<top>54</top>
					<width>178</width>
					<height>178</height>
					<aspectratio scalediffuse="false">keep</aspectratio>
					<texture colordiffuse="UnFocusedPosters" diffuse="mask-rect.png" background="true">$VAR[TVShowShelfIcon6]</texture>
					<animation effect="rotatey" center="1280" end="60" time="300" condition="true">Conditional</animation>
				</control>
			</control>
			<control type="list" id="9210">
				<left>10</left>
				<top>46</top>
				<width>1260</width>
				<height>270</height>
				<onleft>9052</onleft>
				<onright>9052</onright>
				<onup>9052</onup>
				<ondown>9000</ondown>
				<viewtype label="31028">list</viewtype>
				<orientation>horizontal</orientation>
				<itemlayout height="270" width="252">
					<include condition="String.IsEmpty(Skin.String(shelf-tvshowimgtyp)) | String.IsEqual(Skin.String(shelf-tvshowimgtyp),$LOCALIZE[31950])">tvshow-shelfposter</include>
					<include condition="String.IsEqual(Skin.String(shelf-tvshowimgtyp),$LOCALIZE[31949])">tvshow-shelfbanner</include>
				</itemlayout>
				<focusedlayout height="270" width="252">
					<include condition="String.IsEmpty(Skin.String(shelf-tvshowimgtyp)) | String.IsEqual(Skin.String(shelf-tvshowimgtyp),$LOCALIZE[31950])">tvshow-shelfposter</include>
					<include condition="String.IsEqual(Skin.String(shelf-tvshowimgtyp),$LOCALIZE[31949])">tvshow-shelfbanner</include>
					<control type="group">
						<animation effect="fade" time="100" delay="100">Focus</animation>
						<visible>Control.HasFocus(9210)</visible>
						<control type="label">
							<left>0</left>
							<top>218</top>
							<height>22</height>
							<width>252</width>
							<label>$INFO[ListItem.Title]</label>
							<align>center</align>
							<selectedcolor>button-text</selectedcolor>
							<include condition="Skin.HasSetting(text-autoscroll)">scrolltext</include>
							<font>apptv20</font>
						</control>
						<control type="label">
							<left>0</left>
							<top>242</top>
							<height>22</height>
							<width>252</width>
							<label>$LOCALIZE[20373] $INFO[ListItem.Season] $LOCALIZE[20359] $INFO[ListItem.Episode]</label>
							<align>center</align>
							<selectedcolor>button-text</selectedcolor>
							<include condition="Skin.HasSetting(text-autoscroll)">scrolltext</include>
							<font>apptv20</font>
							<visible>!String.IsEmpty(ListItem.Season) + !ListItem.Property(IsSpecial)</visible>
						</control>
						<control type="label">
							<left>0</left>
							<top>242</top>
							<height>22</height>
							<width>252</width>
							<label>$LOCALIZE[20381] $LOCALIZE[20359] $INFO[ListItem.Episode]</label>
							<align>center</align>
							<selectedcolor>button-text</selectedcolor>
							<include condition="Skin.HasSetting(text-autoscroll)">scrolltext</include>
							<font>apptv20</font>
							<visible>ListItem.Property(IsSpecial)</visible>
						</control>
						<control type="label">
							<left>0</left>
							<top>242</top>
							<height>22</height>
							<width>252</width>
							<label>$LOCALIZE[20381] $INFO[ListItem.Episode]</label>
							<align>center</align>
							<selectedcolor>button-text</selectedcolor>
							<include condition="Skin.HasSetting(text-autoscroll)">scrolltext</include>
							<font>apptv20</font>
							<visible>String.IsEmpty(ListItem.Season)</visible>
						</control>
					</control>
				</focusedlayout>
				<include condition="String.IsEqual(Skin.String(shelf-tvshowimages),$LOCALIZE[31954])">EpisodeRecent</include>
				<include condition="String.IsEqual(Skin.String(shelf-tvshowimages),$LOCALIZE[31955])">EpisodeRecommended</include>
			</control>
		</control>
	</include>

	<include name="music-shelficons">
		<animation effect="slide" end="244,0" condition="![Control.HasFocus(9260) + Container(9260).Position(4)] + Skin.HasSetting(media-overlay) + [Player.HasVideo | [Player.HasAudio + String.IsEmpty(Window(videos).Property(PlayingBackgroundMedia))]]">Conditional</animation>
		<control type="group">
			<control type="label"><!-- Album shelf icon label-->
				<left>30</left>
				<top>10</top>
				<height>20</height>
				<width>400</width>
				<label>$VAR[ShelfType]</label>
				<font>apptv22</font>
				<visible>Integer.IsGreater(Container(9260).NumItems,0)</visible>
			</control>
			<control type="group">
				<visible>![[Skin.HasSetting(media-overlay) + [Player.HasVideo + !VideoPlayer.Content(livetv)] | Player.HasAudio + String.IsEmpty(Window(videos).Property(PlayingBackgroundMedia))]]</visible>
				<control type="image">
					<left>0</left>
					<top>65</top>
					<width>164</width>
					<height>164</height>
					<aspectratio scalediffuse="false">stretch</aspectratio>
					<texture colordiffuse="UnFocusedPosters" fallback="DefaultAudio.png" diffuse="mask-squ.png" background="true">$VAR[MusicShelfIcon0]</texture>
					<camera x="65" y="159"/>
					<animation effect="rotatey" center="0" end="-60" time="300" condition="true">Conditional</animation>
					<visible>Container(9260).HasPrevious</visible>
				</control>
				<control type="image">
					<left>1136</left>
					<top>65</top>
					<width>164</width>
					<height>164</height>
					<aspectratio scalediffuse="false">stretch</aspectratio>
					<texture colordiffuse="UnFocusedPosters" fallback="DefaultAudio.png" diffuse="mask-squ.png" background="true">$VAR[MusicShelfIcon6]</texture>
					<camera x="1212" y="159"/>
					<animation effect="rotatey" center="1276" end="60" time="300" condition="true">Conditional</animation>
					<visible>Container(9260).HasNext</visible>
				</control>
			</control>
			<control type="list" id="9260">
				<left>10</left>
				<top>40</top>
				<width>1260</width>
				<height>270</height>
				<onleft>9054</onleft>
				<onright>9054</onright>
				<onup>9054</onup>
				<ondown>9000</ondown>
				<viewtype label="31028">list</viewtype>
				<orientation>horizontal</orientation>
				<itemlayout height="270" width="252">
					<control type="image">
						<left>21</left>
						<top>5</top>
						<width>210</width>
						<height>210</height>
						<aspectratio scalediffuse="false">stretch</aspectratio>
						<aligny>top</aligny>
						<texture diffuse="mask-squ.png" fallback="DefaultAudio.png" background="true">$INFO[ListItem.Art(thumb)]</texture>
					</control>
					<control type="image">
						<left>21</left>
						<top>216</top>
						<width>210</width>
						<height>210</height>
						<aspectratio scalediffuse="false">stretch</aspectratio>
						<aligny>top</aligny>
						<texture fallback="DefaultAudio.png" flipy="true" diffuse="mask-fadesqu.png" background="true">$INFO[ListItem.Art(thumb)]</texture>
					</control>
				</itemlayout>
				<focusedlayout height="270" width="252">
					<control type="image">
						<left>21</left>
						<top>5</top>
						<width>210</width>
						<height>210</height>
						<aspectratio scalediffuse="false">stretch</aspectratio>
						<aligny>top</aligny>
						<texture diffuse="mask-squ.png" fallback="DefaultAudio.png" background="true">$INFO[ListItem.Art(thumb)]</texture>
						<animation effect="zoom" start="100" end="104" center="auto" time="200" tween="back" easing="out" reversible="false">focus</animation>
					</control>
					<control type="image">
						<left>21</left>
						<top>216</top>
						<width>210</width>
						<height>210</height>
						<aspectratio scalediffuse="false">stretch</aspectratio>
						<aligny>top</aligny>
						<texture fallback="DefaultAudio.png" flipy="true" diffuse="mask-fadesqu.png" background="true">$INFO[ListItem.Art(thumb)]</texture>
						<animation effect="zoom" start="100" end="104" center="125,104" time="200" tween="back" easing="out" reversible="false">focus</animation>
					</control>
					<control type="textbox">
						<left>0</left>
						<top>218</top>
						<height>48</height>
						<width>252</width>
						<font>apptv20</font>
						<align>center</align>
						<aligny>top</aligny>
						<label>$INFO[ListItem.Label]</label>
						<include condition="Skin.HasSetting(text-autoscroll)">scrolltext</include>
						<animation effect="fade" time="100" delay="100">Focus</animation>
						<visible>Control.HasFocus(9260)</visible>
					</control>
				</focusedlayout>
				<include condition="String.IsEqual(Skin.String(shelf-musicimages),$LOCALIZE[31954])">AlbumRecent</include>
				<include condition="String.IsEqual(Skin.String(shelf-musicimages),$LOCALIZE[31955])">AlbumRecommended</include>
			</control>
		</control>
	</include>

	<include name="addons-shelficons">
		<animation effect="slide" end="244,0" condition="![Control.HasFocus(9360) + Container(9360).Position(4)] + Skin.HasSetting(media-overlay) + [Player.HasVideo | [Player.HasAudio + String.IsEmpty(Window(videos).Property(PlayingBackgroundMedia))]]">Conditional</animation>
		<control type="group">
			<control type="label"><!-- Addon shelf icon label-->
				<left>55</left>
				<top>10</top>
				<height>20</height>
				<width>400</width>
				<label>$INFO[Container(9360).ListItem.Property(ItemType)]</label>
				<font>apptv22</font>
			</control>
			<control type="list" id="9360">
				<left>10</left>
				<top>40</top>
				<width>1260</width>
				<height>270</height>
				<onleft>9056</onleft>
				<onright>9056</onright>
				<onup>9056</onup>
				<ondown>9000</ondown>
				<viewtype label="31028">list</viewtype>
				<orientation>horizontal</orientation>
				<itemlayout height="270" width="252">
					<control type="image">
						<left>21</left>
						<top>5</top>
						<width>210</width>
						<height>210</height>
						<aspectratio scalediffuse="false">stretch</aspectratio>
						<aligny>top</aligny>
						<texture diffuse="mask-squ.png" fallback="DefaultAddon.png" background="true">$INFO[ListItem.Thumb]</texture>
					</control>
					<control type="image">
						<left>21</left>
						<top>216</top>
						<width>210</width>
						<height>210</height>
						<aspectratio scalediffuse="false">stretch</aspectratio>
						<aligny>top</aligny>
						<texture fallback="DefaultAddon.png" flipy="true" diffuse="mask-fade.png" background="true">$INFO[ListItem.Thumb]</texture>
					</control>
				</itemlayout>
				<focusedlayout height="270" width="252">
					<control type="image">
						<left>21</left>
						<top>5</top>
						<width>210</width>
						<height>210</height>
						<aspectratio scalediffuse="false">stretch</aspectratio>
						<aligny>top</aligny>
						<texture diffuse="mask-squ.png" fallback="DefaultAddon.png" background="true">$INFO[ListItem.Thumb]</texture>
						<animation effect="zoom" start="100" end="104" center="auto" time="200" tween="back" easing="out" reversible="false">focus</animation>
					</control>
					<control type="image">
						<left>21</left>
						<top>216</top>
						<width>210</width>
						<height>210</height>
						<aspectratio scalediffuse="false">stretch</aspectratio>
						<aligny>top</aligny>
						<texture fallback="DefaultAddon.png" flipy="true" diffuse="mask-fade.png" background="true">$INFO[ListItem.Thumb]</texture>
						<animation effect="zoom" start="100" end="104" center="125,104" time="200" tween="back" easing="out" reversible="false">focus</animation>
					</control>
					<control type="textbox">
						<left>0</left>
						<top>218</top>
						<height>48</height>
						<width>252</width>
						<font>apptv20</font>
						<align>center</align>
						<aligny>top</aligny>
						<label>$INFO[ListItem.Label]</label>
						<include condition="Skin.HasSetting(text-autoscroll)">scrolltext</include>
						<animation effect="fade" time="100" delay="100">Focus</animation>
						<visible>Control.HasFocus(9360)</visible>
					</control>
				</focusedlayout>
				<include condition="String.IsEqual(Skin.String(shelf-addonimages),$LOCALIZE[31652])">AddonFavourites</include>
			</control>
		</control>
	</include>

	<include name="broadcast-shelficons">
		<animation effect="slide" end="252,0" condition="![Control.HasFocus(9510) + Container(9510).Position(4)] + Skin.HasSetting(media-overlay) + [Player.HasVideo | [Player.HasAudio + String.IsEmpty(Window(videos).Property(PlayingBackgroundMedia))]]">Conditional</animation>
		<control type="group">
			<control type="label"><!-- Broadcast shelf icons label -->
				<left>55</left>
				<top>12</top>
				<height>22</height>
				<width>400</width>
				<label>$VAR[ShelfType]</label>
				<font>apptv22</font>
				<visible>Integer.IsGreater(Container(9510).NumItems,0)</visible>
			</control>
			<control type="group">
				<camera x="640" y="159"/>
				<control type="image">
					<left>-30</left>
					<top>54</top>
					<width>178</width>
					<height>178</height>
					<aspectratio scalediffuse="false">keep</aspectratio>
					<texture colordiffuse="UnFocusedPosters" diffuse="mask-rect.png" background="true">$VAR[BroadcastShelfIcon0]</texture>
					<animation effect="rotatey" center="0" end="-60" time="300" condition="true">Conditional</animation>
				</control>
				<control type="image">
					<left>1134</left>
					<top>54</top>
					<width>178</width>
					<height>178</height>
					<aspectratio scalediffuse="false">keep</aspectratio>
					<texture colordiffuse="UnFocusedPosters" diffuse="mask-rect.png" background="true">$VAR[BroadcastShelfIcon6]</texture>
					<animation effect="rotatey" center="1280" end="60" time="300" condition="true">Conditional</animation>
				</control>
			</control>
			<control type="list" id="9510">
				<left>10</left>
				<top>46</top>
				<width>1260</width>
				<height>270</height>
				<onleft>9058</onleft>
				<onright>9058</onright>
				<onup>9058</onup>
				<ondown>9000</ondown>
				<viewtype label="31028">list</viewtype>
				<orientation>horizontal</orientation>
				<itemlayout height="270" width="252">
					<control type="image">
						<left>21</left>
						<top>5</top>
						<width>210</width>
						<height>210</height>
						<aspectratio scalediffuse="false">keep</aspectratio>
						<aligny>bottom</aligny>
						<texture diffuse="mask-rect.png" fallback="icon-broadcast.png" background="true">$INFO[ListItem.Icon]</texture>
					</control>
					<control type="image">
						<left>21</left>
						<top>215</top>
						<width>210</width>
						<height>210</height>
						<aspectratio scalediffuse="false">keep</aspectratio>
						<aligny>top</aligny>
						<texture flipy="true" diffuse="mask-fade.png" fallback="icon-broadcast.png" background="true">$INFO[ListItem.Icon]</texture>
					</control>
				</itemlayout>
				<focusedlayout height="270" width="252">
					<control type="image">
						<left>21</left>
						<top>5</top>
						<width>210</width>
						<height>210</height>
						<aspectratio scalediffuse="false">keep</aspectratio>
						<aligny>bottom</aligny>
						<texture diffuse="mask-rect.png" fallback="icon-broadcast.png" background="true">$INFO[ListItem.Icon]</texture>
						<animation effect="zoom" start="100" end="104" center="auto" time="200" tween="back" easing="out" reversible="false">focus</animation>
					</control>
					<control type="image">
						<left>21</left>
						<top>215</top>
						<width>210</width>
						<height>210</height>
						<aspectratio scalediffuse="false">keep</aspectratio>
						<aligny>top</aligny>
						<texture flipy="true" diffuse="mask-fade.png" fallback="icon-broadcast.png" background="true">$INFO[ListItem.Icon]</texture>
						<animation effect="zoom" start="100" end="104" center="125,104" time="200" tween="back" easing="out" reversible="false">focus</animation>
					</control>
					<control type="group">
						<animation effect="fade" time="100" delay="100">Focus</animation>
						<visible>Control.HasFocus(9510)</visible>
						<control type="label">
							<left>0</left>
							<top>218</top>
							<height>22</height>
							<width>252</width>
							<label>$INFO[ListItem.Title]</label>
							<align>center</align>
							<selectedcolor>button-text</selectedcolor>
							<include condition="Skin.HasSetting(text-autoscroll)">scrolltext</include>
							<font>apptv20</font>
						</control>
						<control type="label">
							<left>0</left>
							<top>242</top>
							<height>22</height>
							<width>252</width>
							<label>$LOCALIZE[20373] $INFO[ListItem.Season] $LOCALIZE[20359] $INFO[ListItem.Episode]</label>
							<align>center</align>
							<selectedcolor>button-text</selectedcolor>
							<include condition="Skin.HasSetting(text-autoscroll)">scrolltext</include>
							<font>apptv20</font>
							<visible>!String.IsEmpty(ListItem.Season)</visible>
						</control>
						<control type="label">
							<left>0</left>
							<top>242</top>
							<height>22</height>
							<width>252</width>
							<label>$LOCALIZE[20381] $INFO[ListItem.Episode]</label>
							<align>center</align>
							<selectedcolor>button-text</selectedcolor>
							<include condition="Skin.HasSetting(text-autoscroll)">scrolltext</include>
							<font>apptv20</font>
							<visible>String.IsEmpty(ListItem.Season)</visible>
						</control>
					</control>
				</focusedlayout>
				<include condition="String.IsEqual(Skin.String(shelf-broadcastimages),$LOCALIZE[31956])">AiringToday</include>
				<include condition="String.IsEqual(Skin.String(shelf-broadcastimages),$LOCALIZE[31957])">PVRChannels</include>
				<include condition="String.IsEqual(Skin.String(shelf-broadcastimages),$LOCALIZE[31958])">LatestRecordings</include>
			</control>
		</control>
	</include>

	<include name="ShelfWeather">
		<animation effect="slide" end="210,0" condition="Skin.HasSetting(media-overlay) + [Player.HasVideo | [Player.HasAudio + String.IsEmpty(Window(videos).Property(PlayingBackgroundMedia))]]">Conditional</animation>
		<control type="group">
			<visible>!String.IsEmpty(Window(weather).Property(Current.Temperature))</visible>
			<control type="group">
				<left>10</left>
				<top>0</top>
				<control type="label">
					<left>20</left>
					<top>0</top>
					<height>46</height>
					<width>500</width>
					<label>$INFO[Window(weather).Property(Location)]</label>
					<include condition="Skin.HasSetting(text-autoscroll)">scrolltext</include>
					<font>apptv25</font>
				</control>
				<control type="label">
					<left>20</left>
					<top>50</top>
					<height>24</height>
					<width>500</width>
					<font>apptv22</font>
					<label>$INFO[Window(weather).Property(WeatherProvider),$LOCALIZE[31536] - ]</label>
					<include condition="Skin.HasSetting(text-autoscroll)">scrolltext</include>
					<visible>String.IsEmpty(Window(weather).Property(WeatherProviderLogo))</visible>
				</control>
				<control type="group">
					<control type="image"><!-- Weather provider logo shadow -->
						<left>21</left>
						<top>44</top>
						<width>180</width>
						<height>45</height>
						<colordiffuse>DropShadow</colordiffuse>
						<aspectratio>keep</aspectratio>
						<aligny>top</aligny>
						<texture>$INFO[Window(weather).Property(WeatherProviderLogo)]</texture>
					</control>
					<control type="image"><!-- Weather provider logo -->
						<left>20</left>
						<top>43</top>
						<width>180</width>
						<height>45</height>
						<aspectratio>keep</aspectratio>
						<aligny>top</aligny>
						<texture>$INFO[Window(weather).Property(WeatherProviderLogo)]</texture>
					</control>
				</control>
				<control type="label"><!-- Currently -->
					<left>0</left>
					<top>88</top>
					<height>32</height>
					<width>250</width>
					<label>$LOCALIZE[31528] $INFO[Window(weather).Property(Current.Temperature)]</label>
					<align>center</align>
					<include condition="Skin.HasSetting(text-autoscroll)">scrolltext</include>
				</control>
				<control type="multiimage"><!-- Todays animated weather condition icon -->
					<left>72</left>
					<top>120</top>
					<width>96</width>
					<height>96</height>
					<imagepath>$INFO[Skin.String(custom-weathericons.path)]$INFO[Window(weather).Property(Current.FanartCode)]</imagepath>
					<aspectratio>keep</aspectratio>
					<timeperimage>100</timeperimage>
					<randomize>false</randomize>
					<fadetime>1</fadetime>
					<visible>!String.IsEmpty(Skin.String(custom-weathericons.path)) + Skin.HasSetting(custom-weathericons.multi)</visible>
				</control>
				<control type="image"><!-- Todays custom weather condition icon -->
					<left>72</left>
					<top>120</top>
					<width>96</width>
					<height>96</height>
					<texture>$INFO[Skin.String(custom-weathericons.path)]$INFO[Window(weather).Property(Current.FanartCode),,.png]</texture>
					<aspectratio>keep</aspectratio>
					<visible>!String.IsEmpty(Skin.String(custom-weathericons.path)) + !Skin.HasSetting(custom-weathericons.multi)</visible>
				</control>
				<control type="image"><!-- Todays default weather condition icon -->
					<left>72</left>
					<top>120</top>
					<width>96</width>
					<height>96</height>
					<texture>$INFO[Window(weather).Property(Current.ConditionIcon)]</texture>
					<aspectratio>keep</aspectratio>
					<visible>String.IsEmpty(Skin.String(custom-weathericons.path))</visible>
				</control>
				<control type="label"><!-- Todays temperature range -->
					<left>0</left>
					<top>212</top>
					<height>38</height>
					<width>240</width>
					<shadowcolor>80000000</shadowcolor>
					<label>[COLOR red]$INFO[Window(weather).Property(Day0.HighTemp)][/COLOR] • [COLOR lightblue]$INFO[Window(weather).Property(Day0.LowTemp)][/COLOR]</label>
					<align>center</align>
					<font>apptv30</font>
				</control>
				<control type="label">
					<left>0</left>
					<top>246</top>
					<height>42</height>
					<width>250</width>
					<label>$INFO[Weather.Conditions]</label>
					<align>center</align>
					<wrapmultiline>true</wrapmultiline>
					<include condition="Skin.HasSetting(text-autoscroll)">scrolltext</include>
					<font>apptv20</font>
				</control>
			</control>
			<control type="group">
				<left>270</left>
				<top>62</top>
				<control type="label">
					<left>0</left>
					<top>30</top>
					<height>26</height>
					<width>240</width>
					<label>$INFO[Window(weather).Property(Day1.Title)]</label>
					<align>center</align>
					<include condition="Skin.HasSetting(text-autoscroll)">scrolltext</include>
				</control>
				<control type="multiimage"><!-- Day 1 animated custom weather condition icon -->
					<left>80</left>
					<top>68</top>
					<width>80</width>
					<height>80</height>
					<imagepath>$INFO[Skin.String(custom-weathericons.path)]$INFO[Window(weather).Property(Day1.FanartCode)]</imagepath>
					<aspectratio>keep</aspectratio>
					<timeperimage>100</timeperimage>
					<randomize>false</randomize>
					<fadetime>1</fadetime>
					<visible>!String.IsEmpty(Skin.String(custom-weathericons.path)) + Skin.HasSetting(custom-weathericons.multi)</visible>
				</control>
				<control type="image"><!-- Day 1 custom weather condition icon -->
					<left>80</left>
					<top>68</top>
					<width>80</width>
					<height>80</height>
					<texture>$INFO[Skin.String(custom-weathericons.path)]$INFO[Window(Weather).Property(Day1.FanartCode),,.png]</texture>
					<aspectratio>keep</aspectratio>
					<visible>!String.IsEmpty(Skin.String(custom-weathericons.path)) + !Skin.HasSetting(custom-weathericons.multi)</visible>
				</control>
				<control type="image"><!-- Day 1 weather condition icon -->
					<left>80</left>
					<top>68</top>
					<width>80</width>
					<height>80</height>
					<texture>$INFO[Window(weather).Property(Day1.OutlookIcon)]</texture>
					<aspectratio>keep</aspectratio>
					<visible>String.IsEmpty(Skin.String(custom-weathericons.path))</visible>
				</control>
				<control type="label"><!-- Day 1 temperature range -->
					<left>0</left>
					<top>150</top>
					<height>38</height>
					<width>240</width>
					<shadowcolor>80000000</shadowcolor>
					<label>[COLOR red]$INFO[Window(weather).Property(Day1.HighTemp)][/COLOR] • [COLOR lightblue]$INFO[Window(weather).Property(Day1.LowTemp)][/COLOR]</label>
					<align>center</align>
					<font>apptv30</font>
				</control>
				<control type="label">
					<left>0</left>
					<top>184</top>
					<height>42</height>
					<width>240</width>
					<label>$INFO[Window(weather).Property(Day1.Outlook)]</label>
					<align>center</align>
					<wrapmultiline>true</wrapmultiline>
					<include condition="Skin.HasSetting(text-autoscroll)">scrolltext</include>
					<font>apptv20</font>
				</control>
			</control>
			<control type="group">
				<left>520</left>
				<top>62</top>
				<control type="label">
					<left>0</left>
					<top>30</top>
					<height>26</height>
					<width>240</width>
					<label>$INFO[Window(weather).Property(Day2.Title)]</label>
					<align>center</align>
					<include condition="Skin.HasSetting(text-autoscroll)">scrolltext</include>
				</control>
				<control type="multiimage"><!-- Day 2 animated custom weather condition icon -->
					<left>80</left>
					<top>68</top>
					<width>80</width>
					<height>80</height>
					<imagepath>$INFO[Skin.String(custom-weathericons.path)]$INFO[Window(weather).Property(Day2.FanartCode)]</imagepath>
					<aspectratio>keep</aspectratio>
					<timeperimage>100</timeperimage>
					<randomize>false</randomize>
					<fadetime>1</fadetime>
					<visible>!String.IsEmpty(Skin.String(custom-weathericons.path)) + Skin.HasSetting(custom-weathericons.multi)</visible>
				</control>
				<control type="image"><!-- Day 2 custom weather condition icon -->
					<left>80</left>
					<top>68</top>
					<width>80</width>
					<height>80</height>
					<texture>$INFO[Skin.String(custom-weathericons.path)]$INFO[Window(weather).Property(Day2.FanartCode),,.png]</texture>
					<aspectratio>keep</aspectratio>
					<visible>!String.IsEmpty(Skin.String(custom-weathericons.path)) + !Skin.HasSetting(custom-weathericons.multi)</visible>
				</control>
				<control type="image"><!-- Day 2 weather condition icon -->
					<left>80</left>
					<top>68</top>
					<width>80</width>
					<height>80</height>
					<texture>$INFO[Window(weather).Property(Day2.OutlookIcon)]</texture>
					<aspectratio>keep</aspectratio>
					<visible>String.IsEmpty(Skin.String(custom-weathericons.path))</visible>
				</control>
				<control type="label"><!-- Day 2 temperature range -->
					<left>0</left>
					<top>150</top>
					<height>38</height>
					<width>240</width>
					<shadowcolor>80000000</shadowcolor>
					<label>[COLOR red]$INFO[Window(weather).Property(Day2.HighTemp)][/COLOR] • [COLOR lightblue]$INFO[Window(weather).Property(Day2.LowTemp)][/COLOR]</label>
					<align>center</align>
					<font>apptv30</font>
				</control>
				<control type="label">
					<left>0</left>
					<top>184</top>
					<height>42</height>
					<width>240</width>
					<label>$INFO[Window(weather).Property(Day2.Outlook)]</label>
					<align>center</align>
					<wrapmultiline>true</wrapmultiline>
					<include condition="Skin.HasSetting(text-autoscroll)">scrolltext</include>
					<font>apptv20</font>
				</control>
			</control>
			<control type="group">
				<left>770</left>
				<top>62</top>
				<control type="label">
					<left>0</left>
					<top>30</top>
					<height>26</height>
					<width>240</width>
					<label>$INFO[Window(weather).Property(Day3.Title)]</label>
					<align>center</align>
					<include condition="Skin.HasSetting(text-autoscroll)">scrolltext</include>
				</control>
				<control type="multiimage"><!-- Day 3 animated custom weather condition icon -->
					<left>80</left>
					<top>68</top>
					<width>80</width>
					<height>80</height>
					<imagepath>$INFO[Skin.String(custom-weathericons.path)]$INFO[Window(weather).Property(Day3.FanartCode)]</imagepath>
					<aspectratio>keep</aspectratio>
					<timeperimage>100</timeperimage>
					<randomize>false</randomize>
					<fadetime>1</fadetime>
					<visible>!String.IsEmpty(Skin.String(custom-weathericons.path)) + Skin.HasSetting(custom-weathericons.multi)</visible>
				</control>
				<control type="image"><!-- Day 3 custom weather condition icon -->
					<left>80</left>
					<top>68</top>
					<width>80</width>
					<height>80</height>
					<texture>$INFO[Skin.String(custom-weathericons.path)]$INFO[Window(weather).Property(Day3.FanartCode),,.png]</texture>
					<aspectratio>keep</aspectratio>
					<visible>!String.IsEmpty(Skin.String(custom-weathericons.path)) + !Skin.HasSetting(custom-weathericons.multi)</visible>
				</control>
				<control type="image"><!-- Day 3 weather condition icon -->
					<left>80</left>
					<top>68</top>
					<width>80</width>
					<height>80</height>
					<texture>$INFO[Window(weather).Property(Day3.OutlookIcon)]</texture>
					<aspectratio>keep</aspectratio>
					<visible>String.IsEmpty(Skin.String(custom-weathericons.path))</visible>
				</control>
				<control type="label"><!-- Day3 temperature range -->
					<left>0</left>
					<top>150</top>
					<height>38</height>
					<width>240</width>
					<shadowcolor>80000000</shadowcolor>
					<label>[COLOR red]$INFO[Window(weather).Property(Day3.HighTemp)][/COLOR] • [COLOR lightblue]$INFO[Window(weather).Property(Day3.LowTemp)][/COLOR]</label>
					<align>center</align>
					<font>apptv30</font>
				</control>
				<control type="label">
					<left>0</left>
					<top>184</top>
					<height>42</height>
					<width>240</width>
					<label>$INFO[Window(weather).Property(Day3.Outlook)]</label>
					<align>center</align>
					<wrapmultiline>true</wrapmultiline>
					<include condition="Skin.HasSetting(text-autoscroll)">scrolltext</include>
					<font>apptv20</font>
				</control>
			</control>
			<control type="group">
				<visible>![Skin.HasSetting(media-overlay) + [[Player.HasVideo + !VideoPlayer.Content(livetv)] | Player.HasAudio + String.IsEmpty(Window(Videos).Property(PlayingBackgroundMedia))]]</visible>
				<left>1020</left>
				<top>62</top>
				<control type="label">
					<left>0</left>
					<top>30</top>
					<height>26</height>
					<width>240</width>
					<label>$INFO[Window(Weather).Property(Day4.Title)]</label>
					<align>center</align>
					<include condition="Skin.HasSetting(text-autoscroll)">scrolltext</include>
				</control>
				<control type="multiimage"><!-- Day 4 animated custom weather condition icon -->
					<left>80</left>
					<top>68</top>
					<width>80</width>
					<height>80</height>
					<imagepath>$INFO[Skin.String(custom-weathericons.path)]$INFO[Window(Weather).Property(Day4.FanartCode)]</imagepath>
					<aspectratio>keep</aspectratio>
					<timeperimage>100</timeperimage>
					<randomize>false</randomize>
					<fadetime>1</fadetime>
					<visible>[!String.IsEmpty(Skin.String(custom-weathericons.path))] + Skin.HasSetting(custom-weathericons.multi)</visible>
				</control>
				<control type="image"><!-- Day 4 custom weather condition icon -->
					<left>80</left>
					<top>68</top>
					<width>80</width>
					<height>80</height>
					<texture>$INFO[Skin.String(custom-weathericons.path)]$INFO[Window(Weather).Property(Day4.FanartCode),,.png]</texture>
					<aspectratio>keep</aspectratio>
					<visible>[!String.IsEmpty(Skin.String(custom-weathericons.path))] + [!Skin.HasSetting(custom-weathericons.multi)]</visible>
				</control>
				<control type="image"><!-- Day 4 weather condition icon -->
					<left>80</left>
					<top>68</top>
					<width>80</width>
					<height>80</height>
					<texture>$INFO[Skin.String(custom-weathericons.path)]$INFO[Window(Weather).Property(Day4.OutlookIcon)]</texture>
					<aspectratio>keep</aspectratio>
					<visible>String.IsEmpty(Skin.String(custom-weathericons.path))</visible>
				</control>
				<control type="label"><!-- Day 4 temp range -->
					<left>0</left>
					<top>150</top>
					<height>38</height>
					<width>240</width>
					<shadowcolor>80000000</shadowcolor>
					<label>[COLOR red]$INFO[Window(Weather).Property(Day4.HighTemp)][/COLOR] • [COLOR lightblue]$INFO[Window(Weather).Property(Day4.LowTemp)][/COLOR]</label>
					<align>center</align>
					<font>apptv30</font>
				</control>
				<control type="label">
					<left>0</left>
					<top>184</top>
					<height>42</height>
					<width>240</width>
					<label>$INFO[Window(Weather).Property(Day4.Outlook)]</label>
					<align>center</align>
					<wrapmultiline>true</wrapmultiline>
					<include condition="Skin.HasSetting(text-autoscroll)">scrolltext</include>
					<font>apptv20</font>
				</control>
			</control>
		</control>
	</include>

	<include name="homeshelf-time">
		<control type="label"><!-- Time and date -->
			<left>720</left>
			<top>0</top>
			<width>526</width>
			<height>46</height>
			<label>$INFO[system.Time(hh:mm xx)] $INFO[system.Date]</label>
			<align>right</align>
			<font>apptv22</font>
		</control>
	</include>

	<include name="shelf-nowplaying">
		<control type="group">
			<visible>!Container(9160).Position(5) + !Container(9210).Position(4) + !Container(9260).Position(4) + Skin.HasSetting(media-overlay) + [Player.HasVideo | [Player.HasAudio + String.IsEmpty(Window(videos).Property(PlayingBackgroundMedia))]]</visible>
			<control type="label"><!-- Now playing -->
				<left>10</left>
				<top>10</top>
				<width>210</width>
				<height>22</height>
				<label>$LOCALIZE[31037]</label>
				<font>apptv22</font>
				<align>center</align>
			</control>
			<control type="group"><!-- Video Stuff -->
				<visible>Player.HasVideo</visible>
				<control type="image"><!-- Video cover image -->
					<left>40</left>
					<top>46</top>
					<width>150</width>
					<height>194</height>
					<texture diffuse="mask-rect.png" background="true" fallback="DefaultVideo.png">$VAR[PlayerVideoCover]</texture>
					<aspectratio scalediffuse="false">stretch</aspectratio>
					<visible>!Pvr.IsPlayingTv</visible>
				</control>
				<control type="image">
					<left>40</left>
					<top>241</top>
					<width>150</width>
					<height>194</height>
					<texture diffuse="mask-fade.png" background="true" fallback="DefaultVideo.png" flipy="true">$VAR[PlayerVideoCover]</texture>
					<aspectratio scalediffuse="false">stretch</aspectratio>
					<visible>!Pvr.IsPlayingTv</visible>
				</control>
				<control type="image"><!-- PVR station image -->
					<left>25</left>
					<top>56</top>
					<width>180</width>
					<height>180</height>
					<texture diffuse="mask-rect.png" background="true" fallback="icon-broadcast.png">$INFO[Player.Art(thumb)]</texture>
					<aspectratio scalediffuse="false">stretch</aspectratio>
					<aligny>top</aligny>
					<visible>Pvr.IsPlayingTv</visible>
				</control>
				<control type="image">
					<left>25</left>
					<top>236</top>
					<width>180</width>
					<height>180</height>
					<aspectratio scalediffuse="false">stretch</aspectratio>
					<aligny>top</aligny>
					<texture diffuse="mask-fade.png" background="true" flipy="true" fallback="icon-broadcast.png">$INFO[Player.Art(thumb)]</texture>
					<visible>Pvr.IsPlayingTv</visible>
				</control>
				<control type="button"><!-- Fake fullscreen button as a touch screen work around -->
					<left>40</left>
					<top>46</top>
					<width>150</width>
					<height>194</height>
					<texturefocus>blank.png</texturefocus>
					<onclick>Fullscreen</onclick>
					<visible>$EXP[isEnabledTouch]</visible>
				</control>
				<control type="textbox">
					<left>10</left>
					<top>238</top>
					<height>48</height>
					<width>210</width>
					<font>apptv20</font>
					<align>center</align>
					<aligny>top</aligny>
					<label>$INFO[VideoPlayer.Title]</label>
					<include condition="Skin.HasSetting(text-autoscroll)">scrolltext</include>
					<visible>!Pvr.IsPlayingTv</visible>
				</control>
				<control type="textbox">
					<left>10</left>
					<top>238</top>
					<height>48</height>
					<width>210</width>
					<font>apptv20</font>
					<align>center</align>
					<aligny>top</aligny>
					<label>$INFO[VideoPlayer.ChannelName][CR]$INFO[VideoPlayer.ChannelNumberLabel]</label>
					<include condition="Skin.HasSetting(text-autoscroll)">scrolltext</include>
					<visible>Pvr.IsPlayingTv</visible>
				</control>
				<control type="videowindow"><!-- video preview window, hack to allow playercontrols to work -->
					<left>44</left>
					<top>520</top>
					<width>205</width>
					<height>123</height>
					<visible>false</visible>
				</control>
			</control>
			<control type="group"><!-- Audio Stuff -->
				<visible>Player.HasAudio + String.IsEmpty(Window(videos).Property(PlayingBackgroundMedia))</visible>
				<control type="group"><!-- Playing Non Radio Audio -->
					<visible>!Pvr.IsPlayingRadio</visible>
					<control type="image">
						<left>10</left>
						<top>46</top>
						<width>210</width>
						<height>210</height>
						<aspectratio scalediffuse="false">stretch</aspectratio>
						<aligny>top</aligny>
						<texture diffuse="mask-squ.png" background="true" fallback="DefaultAudio.png">$VAR[PlayerMusicCover]</texture>
					</control>
					<control type="image">
						<left>10</left>
						<top>256</top>
						<width>210</width>
						<height>210</height>
						<aspectratio scalediffuse="false">stretch</aspectratio>
						<aligny>top</aligny>
						<texture diffuse="mask-fade.png" background="true" flipy="true" fallback="DefaultAudio.png">$VAR[PlayerMusicCover]</texture>
					</control>
					<control type="textbox">
						<left>10</left>
						<top>258</top>
						<height>48</height>
						<width>210</width>
						<font>apptv20</font>
						<align>center</align>
						<aligny>top</aligny>
						<label>$INFO[MusicPlayer.Title]</label>
						<include condition="Skin.HasSetting(text-autoscroll)">scrolltext</include>
						
					</control>
				</control>
				<control type="group"><!-- Playing Radio Audio -->
					<visible>Pvr.IsPlayingRadio</visible>
					<control type="image">
						<left>25</left>
						<top>56</top>
						<width>180</width>
						<height>180</height>
						<aspectratio scalediffuse="false">stretch</aspectratio>
						<aligny>top</aligny>
						<texture diffuse="mask-squ.png" background="true" fallback="icon-radio.png">$VAR[PlayerMusicCover]</texture>
					</control>
					<control type="image">
						<left>25</left>
						<top>236</top>
						<width>180</width>
						<height>180</height>
						<aspectratio scalediffuse="false">stretch</aspectratio>
						<aligny>top</aligny>
						<texture diffuse="mask-fade.png" background="true" flipy="true" fallback="icon-radio.png">$VAR[PlayerMusicCover]</texture>
					</control>
					<control type="textbox">
						<left>10</left>
						<top>238</top>
						<height>48</height>
						<width>210</width>
						<font>apptv20</font>
						<align>center</align>
						<aligny>top</aligny>
						<label>$LOCALIZE[19021] - $INFO[MusicPlayer.ChannelName][CR]$INFO[MusicPlayer.Title]</label>
						<include condition="Skin.HasSetting(text-autoscroll)">scrolltext</include>
					</control>
				</control>
				<control type="button"><!-- Fake fullscreen button as a touch screen work around -->
					<left>25</left>
					<top>56</top>
					<width>180</width>
					<height>180</height>
					<texturefocus>blank.png</texturefocus>
					<onclick>Fullscreen</onclick>
					<visible>$EXP[isEnabledTouch]</visible>
				</control>
			</control>
		</control>
	</include>
</includes>