<?xml version="1.0" encoding="UTF-8"?>
<includes>
	<include name="standardweather">
		<control type="group">
			<visible>!Weather.IsFetched | String.EndsWith(Window(weather).Property(Current.ConditionIcon),na.png)</visible>
			<control type="image">
				<left>480</left>
				<top>100</top>
				<width>320</width>
				<height>320</height>
				<texture>icon-weather.png</texture>
				<animation effect="fade" delay="100" start="0" end="100" time="200">Visible</animation>
			</control>
			<control type="label"><!-- Current condition -->
				<left>384</left>
				<top>430</top>
				<width>512</width>
				<height>31</height>
				<label>$LOCALIZE[410]</label>
				<wrapmultiline>true</wrapmultiline>
				<font>apptv30</font>
				<align>center</align>
				<aligny>bottom</aligny>
			</control>
			<control type="image"><!-- Busy animation -->
				<left>608</left>
				<top>470</top>
				<width>64</width>
				<height>64</height>
				<texture>busy.png</texture>
				<aspectratio>keep</aspectratio>
				<include>busy-spin</include>
			</control>
		</control>
		<control type="group">
			<visible>Weather.IsFetched + !String.EndsWith(Window(weather).Property(Current.ConditionIcon),na.png)</visible>
			<control type="group"><!-- Standard Forecast -->
				<visible>[String.IsEqual(Skin.String(weather-view),$LOCALIZE[10508]) | String.IsEmpty(Skin.String(weather-view))]</visible>
				<animation effect="fade" delay="100" start="0" end="100" time="100">Visible</animation>
				<control type="group">
					<left>24</left>
					<top>0</top>
					<control type="multiimage"><!-- Todays weather condition icon -->
						<left>42</left>
						<top>90</top>
						<width>256</width>
						<height>256</height>
						<imagepath>$VAR[WeatherIconCurrent]</imagepath>
						<aspectratio>keep</aspectratio>
						<timeperimage>100</timeperimage>
						<randomize>false</randomize>
						<fadetime>1</fadetime>
					</control>
					<control type="label"><!-- Current condition -->
						<left>15</left>
						<top>350</top>
						<width>310</width>
						<height>52</height>
						<label>$INFO[Window.Property(Current.Condition)]</label>
						<wrapmultiline>true</wrapmultiline>
						<font>apptv22</font>
						<align>center</align>
						<aligny>bottom</aligny>
					</control>
					<control type="label"><!-- Current long condition -->
						<left>340</left>
						<top>110</top>
						<width>450</width>
						<height>256</height>
						<label>$INFO[Window.Property(Current.ConditionLong)]</label>
						<wrapmultiline>true</wrapmultiline>
						<font>apptv22</font>
						<align>left</align>
						<visible>String.Contains(Weather.plugin,weather.ozweather)</visible>
					</control>
					<control type="label"><!-- Current temp heading -->
						<left>892</left>
						<top>90</top>
						<width>150</width>
						<height>70</height>
						<font>Clock</font>
						<align>center</align>
						<aligny>bottom</aligny>
						<label>$INFO[Window.Property(Current.Temperature)]$INFO[System.TemperatureUnits]</label>
						<visible>!String.IsEmpty(Window.Property(Current.Temperature))</visible>
					</control>
					<control type="label"><!-- Current temperature range -->
						<left>892</left>
						<top>170</top>
						<width>150</width>
						<height>38</height>
						<shadowcolor>80000000</shadowcolor>
						<label>[COLOR red]$INFO[Window(weather).Property(Day0.HighTemp)][/COLOR] • [COLOR lightblue]$INFO[Window(weather).Property(Day0.LowTemp)][/COLOR]</label>
						<font>apptv38</font>
						<align>center</align>
						<aligny>bottom</aligny>
						<visible>!String.IsEmpty(Window.Property(Day0.HighTemp))</visible>
					</control>
					<control type="label"><!-- Current feels like heading -->
						<left>690</left>
						<top>222</top>
						<width>280</width>
						<height>30</height>
						<align>right</align>
						<label>$LOCALIZE[402] :</label>
					</control>
					<control type="label"><!-- Current dew heading -->
						<left>690</left>
						<top>252</top>
						<width>280</width>
						<height>30</height>
						<align>right</align>
						<label>$LOCALIZE[405] :</label>
					</control>
					<control type="label"><!-- Current humidity heading -->
						<left>690</left>
						<top>282</top>
						<width>280</width>
						<height>30</height>
						<align>right</align>
						<label>$LOCALIZE[406] :</label>
					</control>
					<control type="label"><!-- Current UV index heading -->
						<left>690</left>
						<top>312</top>
						<width>280</width>
						<height>30</height>
						<align>right</align>
						<label>$LOCALIZE[403] :</label>
					</control>
					<control type="label"><!-- Current Wind heading -->
						<left>690</left>
						<top>342</top>
						<width>280</width>
						<height>30</height>
						<align>right</align>
						<label>$LOCALIZE[404] :</label>
					</control>
					<control type="label"><!-- Current feels like value -->
						<left>980</left>
						<top>222</top>
						<width>366</width>
						<height>30</height>
						<label>$INFO[Window.Property(Current.FeelsLike)]$INFO[System.TemperatureUnits]</label>
						<visible>!String.IsEmpty(Window.Property(Current.FeelsLike))</visible>
					</control>
					<control type="label"><!-- Current dew value -->
						<left>980</left>
						<top>252</top>
						<width>366</width>
						<height>30</height>
						<label>$INFO[Window.Property(Current.DewPoint)]$INFO[System.TemperatureUnits]</label>
						<visible>!String.IsEmpty(Window.Property(Current.DewPoint))</visible>
					</control>
					<control type="label"><!-- Current humidity value -->
						<left>980</left>
						<top>282</top>
						<width>366</width>
						<height>30</height>
						<label>$INFO[Window.Property(Current.Humidity)]</label>
					</control>
					<control type="label"><!-- Current UV index value -->
						<left>980</left>
						<top>312</top>
						<width>366</width>
						<height>30</height>
						<label>$INFO[Window.Property(Current.UVIndex)]</label>
					</control>
					<control type="label"><!-- Current wind value -->
						<left>980</left>
						<top>342</top>
						<width>366</width>
						<height>30</height>
						<label>$INFO[Window.Property(Current.Wind)]</label>
					</control>
					<control type="image">
						<left>0</left>
						<top>410</top>
						<width>1232</width>
						<height>4</height>
						<texture>separator.png</texture>
					</control>
				</control>
				<control type="group">
					<animation effect="slide" end="210,0" condition="String.EndsWith(Window(weather).Property(Day5.OutlookIcon),na.png)" reversible="true">Conditional</animation>
					<animation effect="slide" end="105,0" condition="String.EndsWith(Window(weather).Property(Day6.OutlookIcon),na.png) + !String.EndsWith(Window(weather).Property(Day5.OutlookIcon),na.png)" reversible="true">Conditional</animation>
					<control type="group"><!-- Day 1 -->
						<left>10</left>
						<top>430</top>
						<control type="label">
							<left>5</left>
							<top>30</top>
							<height>26</height>
							<width>200</width>
							<label>$INFO[Window(weather).Property(Day1.Title)]</label>
							<align>center</align>
							<include condition="Skin.HasSetting(text-autoscroll)">scrolltext</include>
						</control>
						<control type="multiimage"><!-- Day 1 weather condition icon -->
							<left>65</left>
							<top>68</top>
							<width>80</width>
							<height>80</height>
							<imagepath>$VAR[WeatherIconDay1]</imagepath>
							<aspectratio>keep</aspectratio>
							<timeperimage>100</timeperimage>
							<randomize>false</randomize>
							<fadetime>1</fadetime>
						</control>
						<control type="label"><!-- Day 1 temperature range -->
							<left>5</left>
							<top>150</top>
							<height>38</height>
							<width>200</width>
							<shadowcolor>80000000</shadowcolor>
							<label>[COLOR red]$INFO[Window(weather).Property(Day1.HighTemp)][/COLOR] • [COLOR lightblue]$INFO[Window(weather).Property(Day1.LowTemp)][/COLOR]</label>
							<align>center</align>
							<font>apptv25</font>
						</control>
						<control type="label">
							<left>5</left>
							<top>184</top>
							<height>42</height>
							<width>200</width>
							<label>$INFO[Window(weather).Property(Day1.Outlook)]</label>
							<align>center</align>
							<wrapmultiline>true</wrapmultiline>
							<include condition="Skin.HasSetting(text-autoscroll)">scrolltext</include>
							<font>apptv20</font>
						</control>
					</control>
					<control type="group"><!-- Day 2 -->
						<left>220</left>
						<top>430</top>
						<control type="label">
							<left>5</left>
							<top>30</top>
							<height>26</height>
							<width>200</width>
							<label>$INFO[Window(weather).Property(Day2.Title)]</label>
							<align>center</align>
							<include condition="Skin.HasSetting(text-autoscroll)">scrolltext</include>
						</control>
						<control type="multiimage"><!-- Day 2 weather condition icon -->
							<left>65</left>
							<top>68</top>
							<width>80</width>
							<height>80</height>
							<imagepath>$VAR[WeatherIconDay2]</imagepath>
							<aspectratio>keep</aspectratio>
							<timeperimage>100</timeperimage>
							<randomize>false</randomize>
							<fadetime>1</fadetime>
						</control>
						<control type="label"><!-- Day 2 temperature range -->
							<left>5</left>
							<top>150</top>
							<height>38</height>
							<width>200</width>
							<shadowcolor>80000000</shadowcolor>
							<label>[COLOR red]$INFO[Window(weather).Property(Day2.HighTemp)][/COLOR] • [COLOR lightblue]$INFO[Window(weather).Property(Day2.LowTemp)][/COLOR]</label>
							<align>center</align>
							<font>apptv25</font>
						</control>
						<control type="label">
							<left>5</left>
							<top>184</top>
							<height>42</height>
							<width>200</width>
							<label>$INFO[Window(weather).Property(Day2.Outlook)]</label>
							<align>center</align>
							<wrapmultiline>true</wrapmultiline>
							<include condition="Skin.HasSetting(text-autoscroll)">scrolltext</include>
							<font>apptv20</font>
						</control>
					</control>
					<control type="group"><!-- Day 3 -->
						<left>430</left>
						<top>430</top>
						<control type="label">
							<left>5</left>
							<top>30</top>
							<height>26</height>
							<width>200</width>
							<label>$INFO[Window(weather).Property(Day3.Title)]</label>
							<align>center</align>
							<include condition="Skin.HasSetting(text-autoscroll)">scrolltext</include>
						</control>
						<control type="multiimage"><!-- Day 3 weather condition icon -->
							<left>65</left>
							<top>68</top>
							<width>80</width>
							<height>80</height>
							<imagepath>$VAR[WeatherIconDay3]</imagepath>
							<aspectratio>keep</aspectratio>
							<timeperimage>100</timeperimage>
							<randomize>false</randomize>
							<fadetime>1</fadetime>
						</control>
						<control type="label"><!-- Day 3 temperature range -->
							<left>5</left>
							<top>150</top>
							<height>38</height>
							<width>200</width>
							<shadowcolor>80000000</shadowcolor>
							<label>[COLOR red]$INFO[Window(weather).Property(Day3.HighTemp)][/COLOR] • [COLOR lightblue]$INFO[Window(weather).Property(Day3.LowTemp)][/COLOR]</label>
							<align>center</align>
							<font>apptv25</font>
						</control>
						<control type="label">
							<left>5</left>
							<top>184</top>
							<height>42</height>
							<width>200</width>
							<label>$INFO[Window(weather).Property(Day3.Outlook)]</label>
							<align>center</align>
							<wrapmultiline>true</wrapmultiline>
							<include condition="Skin.HasSetting(text-autoscroll)">scrolltext</include>
							<font>apptv20</font>
						</control>
					</control>
					<control type="group"><!-- Day 4 -->
						<left>640</left>
						<top>430</top>
						<control type="label">
							<left>5</left>
							<top>30</top>
							<height>26</height>
							<width>200</width>
							<label>$INFO[Window(weather).Property(Day4.Title)]</label>
							<align>center</align>
							<include condition="Skin.HasSetting(text-autoscroll)">scrolltext</include>
						</control>
						<control type="multiimage"><!-- Day 4 weather condition icon -->
							<left>65</left>
							<top>68</top>
							<width>80</width>
							<height>80</height>
							<imagepath>$VAR[WeatherIconDay4]</imagepath>
							<aspectratio>keep</aspectratio>
							<timeperimage>100</timeperimage>
							<randomize>false</randomize>
							<fadetime>1</fadetime>
						</control>
						<control type="label"><!-- Day 4 temperature range -->
							<left>5</left>
							<top>150</top>
							<height>38</height>
							<width>200</width>
							<shadowcolor>80000000</shadowcolor>
							<label>[COLOR red]$INFO[Window(weather).Property(Day4.HighTemp)][/COLOR] • [COLOR lightblue]$INFO[Window(weather).Property(Day4.LowTemp)][/COLOR]</label>
							<align>center</align>
							<font>apptv25</font>
						</control>
						<control type="label">
							<left>5</left>
							<top>184</top>
							<height>42</height>
							<width>200</width>
							<label>$INFO[Window(weather).Property(Day4.Outlook)]</label>
							<align>center</align>
							<wrapmultiline>true</wrapmultiline>
							<include condition="Skin.HasSetting(text-autoscroll)">scrolltext</include>
							<font>apptv20</font>
						</control>
					</control>
					<control type="group"><!-- Day 5 -->
						<left>850</left>
						<top>430</top>
						<visible>!String.EndsWith(Window(weather).Property(Day5.OutlookIcon),na.png)</visible>
						<control type="label">
							<left>5</left>
							<top>30</top>
							<height>26</height>
							<width>200</width>
							<label>$INFO[Window(weather).Property(Day5.Title)]</label>
							<align>center</align>
							<include condition="Skin.HasSetting(text-autoscroll)">scrolltext</include>
						</control>
						<control type="multiimage"><!-- Day 5 weather condition icon -->
							<left>65</left>
							<top>68</top>
							<width>80</width>
							<height>80</height>
							<imagepath>$VAR[WeatherIconDay5]</imagepath>
							<aspectratio>keep</aspectratio>
							<timeperimage>100</timeperimage>
							<randomize>false</randomize>
							<fadetime>1</fadetime>
						</control>
						<control type="label"><!-- Day 5 temperature range -->
							<left>5</left>
							<top>150</top>
							<height>38</height>
							<width>200</width>
							<shadowcolor>80000000</shadowcolor>
							<label>[COLOR red]$INFO[Window(weather).Property(Day5.HighTemp)][/COLOR] • [COLOR lightblue]$INFO[Window(weather).Property(Day5.LowTemp)][/COLOR]</label>
							<align>center</align>
							<font>apptv25</font>
						</control>
						<control type="label">
							<left>5</left>
							<top>184</top>
							<height>42</height>
							<width>200</width>
							<label>$INFO[Window(weather).Property(Day5.Outlook)]</label>
							<align>center</align>
							<wrapmultiline>true</wrapmultiline>
							<include condition="Skin.HasSetting(text-autoscroll)">scrolltext</include>
							<font>apptv20</font>
						</control>
					</control>
					<control type="group"><!-- Day 6 -->
						<left>1060</left>
						<top>430</top>
						<visible>!String.EndsWith(Window(weather).Property(Day6.OutlookIcon),na.png)</visible>
						<control type="label">
							<left>5</left>
							<top>30</top>
							<height>26</height>
							<width>200</width>
							<label>$INFO[Window(weather).Property(Day6.Title)]</label>
							<align>center</align>
							<include condition="Skin.HasSetting(text-autoscroll)">scrolltext</include>
						</control>
						<control type="multiimage"><!-- Day 6 weather condition icon -->
							<left>65</left>
							<top>68</top>
							<width>80</width>
							<height>80</height>
							<imagepath>$VAR[WeatherIconDay6]</imagepath>
							<aspectratio>keep</aspectratio>
							<timeperimage>100</timeperimage>
							<randomize>false</randomize>
							<fadetime>1</fadetime>
						</control>
						<control type="label"><!-- Day 6 temperature range -->
							<left>5</left>
							<top>150</top>
							<height>38</height>
							<width>200</width>
							<shadowcolor>80000000</shadowcolor>
							<label>[COLOR red]$INFO[Window(weather).Property(Day6.HighTemp)][/COLOR] • [COLOR lightblue]$INFO[Window(weather).Property(Day6.LowTemp)][/COLOR]</label>
							<align>center</align>
							<font>apptv25</font>
						</control>
						<control type="label">
							<left>5</left>
							<top>184</top>
							<height>42</height>
							<width>200</width>
							<label>$INFO[Window(weather).Property(Day6.Outlook)]</label>
							<align>center</align>
							<wrapmultiline>true</wrapmultiline>
							<include condition="Skin.HasSetting(text-autoscroll)">scrolltext</include>
							<font>apptv20</font>
						</control>
					</control>
				</control>
			</control>
		</control>
	</include>
	<include name="ozweather">
		<control type="group">
			<visible>String.IsEqual(Skin.String(weather-view),$LOCALIZE[33035]) + !String.IsEmpty(Window.Property(Current.Temperature))</visible><!-- Maps -->
			<animation effect="fade" delay="100" start="0" end="100" time="100">Visible</animation>
			<!-- Current forecast -->
			<control type="group">
				<control type="label"><!-- Current temp heading -->
					<left>892</left>
					<top>90</top>
					<width>150</width>
					<height>70</height>
					<font>Clock</font>
					<align>center</align>
					<aligny>bottom</aligny>
					<label>$INFO[Window.Property(Current.Temperature)]$INFO[System.TemperatureUnits]</label>
					<visible>!String.IsEmpty(Window(weather).Property(Current.Temperature))</visible>
				</control>
				<control type="label"><!-- Current temperature range -->
					<left>892</left>
					<top>170</top>
					<width>150</width>
					<height>38</height>
					<shadowcolor>80000000</shadowcolor>
					<label>[COLOR red]$INFO[Window(weather).Property(Day0.HighTemp)][/COLOR] • [COLOR lightblue]$INFO[Window(weather).Property(Day0.LowTemp)][/COLOR]</label>
					<font>apptv38</font>
					<align>center</align>
					<aligny>bottom</aligny>
					<visible>!String.IsEmpty(Window(weather).Property(Day0.HighTemp))</visible>
				</control>
				<control type="label"><!-- Current feels like heading -->
					<left>690</left>
					<top>222</top>
					<width>280</width>
					<height>30</height>
					<align>right</align>
					<label>$LOCALIZE[402] :</label>
				</control>
				<control type="label"><!-- Current dew heading -->
					<left>690</left>
					<top>252</top>
					<width>280</width>
					<height>30</height>
					<align>right</align>
					<label>$LOCALIZE[405] :</label>
				</control>
				<control type="label"><!-- Current humidity heading -->
					<left>690</left>
					<top>282</top>
					<width>280</width>
					<height>30</height>
					<align>right</align>
					<label>$LOCALIZE[406] :</label>
				</control>
				<control type="label"><!-- Current UV index heading -->
					<left>690</left>
					<top>312</top>
					<width>280</width>
					<height>30</height>
					<align>right</align>
					<label>$LOCALIZE[403] :</label>
				</control>
				<control type="label"><!-- Current Wind heading -->
					<left>690</left>
					<top>342</top>
					<width>280</width>
					<height>30</height>
					<align>right</align>
					<label>$LOCALIZE[404] :</label>
				</control>
				<control type="label"><!-- Current feels like value -->
					<left>980</left>
					<top>222</top>
					<width>366</width>
					<height>30</height>
					<label>$INFO[Window(weather).Property(Current.FeelsLike)]$INFO[System.TemperatureUnits]</label>
					<visible>!String.IsEmpty(Window(weather).Property(Current.FeelsLike))</visible>
				</control>
				<control type="label"><!-- Current dew value -->
					<left>980</left>
					<top>252</top>
					<width>366</width>
					<height>30</height>
					<label>$INFO[Window(weather).Property(Current.DewPoint)]$INFO[System.TemperatureUnits]</label>
					<visible>!String.IsEmpty(Window(weather).Property(Current.DewPoint))</visible>
				</control>
				<control type="label"><!-- Current humidity value -->
					<left>980</left>
					<top>282</top>
					<width>366</width>
					<height>30</height>
					<label>$INFO[Window(weather).Property(Current.Humidity)]</label>
				</control>
				<control type="label"><!-- Current UV index value -->
					<left>980</left>
					<top>312</top>
					<width>366</width>
					<height>30</height>
					<label>$INFO[Window(weather).Property(Current.UVIndex)]</label>
				</control>
				<control type="label"><!-- Current wind value -->
					<left>980</left>
					<top>342</top>
					<width>366</width>
					<height>30</height>
					<label>$INFO[Window(weather).Property(Current.Wind)]</label>
				</control>
				<control type="label"><!-- Current long condition -->
					<left>680</left>
					<top>392</top>
					<width>580</width>
					<height>260</height>
					<label>$INFO[Window(weather).Property(Current.ConditionLong)]</label>
					<wrapmultiline>true</wrapmultiline>
					<font>apptv22</font>
					<align>left</align>
					<visible>String.Contains(Weather.plugin,weather.ozweather)</visible>
				</control>
			</control>
			<!-- RADAR BACKGROUND IMAGES -->
			<control type="image">
				<left>100</left>
				<top>100</top>
				<width>512</width>
				<height>546</height>
				<texture>special://profile/addon_data/weather.ozweather/radarbackgrounds/$INFO[Window(weather).Property(Radar)]/legend.png</texture>
			</control>
			<control type="image">
				<left>100</left>
				<top>100</top>
				<width>512</width>
				<height>512</height>
				<texture>special://profile/addon_data/weather.ozweather/radarbackgrounds/$INFO[Window(weather).Property(Radar)]/background.png</texture>
			</control>
			<control type="image">
				<left>100</left>
				<top>100</top>
				<width>512</width>
				<height>512</height>
				<texture>special://profile/addon_data/weather.ozweather/radarbackgrounds/$INFO[Window(weather).Property(Radar)]/topography.png</texture>
			</control>
			<control type="image">
				<left>100</left>
				<top>100</top>
				<width>512</width>
				<height>512</height>
				<texture>special://profile/addon_data/weather.ozweather/radarbackgrounds/$INFO[Window(weather).Property(Radar)]/catchments.png</texture>
			</control>
			<control type="image">
				<left>100</left>
				<top>100</top>
				<width>512</width>
				<height>512</height>
				<texture>special://profile/addon_data/weather.ozweather/radarbackgrounds/$INFO[Window(weather).Property(Radar)]/range.png</texture>
			</control>
			<control type="image">
				<left>100</left>
				<top>100</top>
				<width>512</width>
				<height>512</height>
				<texture>special://profile/addon_data/weather.ozweather/radarbackgrounds/$INFO[Window(weather).Property(Radar)]/locations.png</texture>
			</control>
			<control type="multiimage"><!-- Radar Overlay Images -->
				<left>100</left>
				<top>93</top>
				<width>512</width>
				<height>512</height>
				<imagepath>special://profile/addon_data/weather.ozweather/currentloop/$INFO[Window(weather).Property(Radar)]/</imagepath>
				<timeperimage>500</timeperimage>
				<pauseatend>1000</pauseatend>
				<fadetime>0</fadetime>
				<randomize>false</randomize>
				<loop>yes</loop>
			</control>
			<control type="image"><!-- Busy animation (Show if no map has been displayed yet) -->
				<left>324</left>
				<top>324</top>
				<width>64</width>
				<height>64</height>
				<texture>busy.png</texture>
				<aspectratio>keep</aspectratio>
				<animation effect="fade" start="0" end="100" time="100" delay="10000">Visible</animation>
				<animation effect="rotate" start="360" end="0" center="auto" time="5400" loop="true" condition="true">conditional</animation>
				<visible>String.IsEmpty(Window(weather).Property(Radar))</visible>
			</control>
		</control>
	</include>
	<include name="openweatherextended">
		<control type="group">
			<visible>String.IsEqual(Skin.String(weather-view),$LOCALIZE[33037]) + !String.IsEmpty(Window(weather).Property(Current.Temperature))</visible><!-- Weekend -->
			<animation effect="fade" delay="100" start="0" end="100" time="100">Visible</animation>
			<control type="group"><!-- Weekend 1 -->
				<left>100</left>
				<top>90</top>
				<control type="label">
					<left>0</left>
					<top>0</top>
					<width>500</width>
					<height>30</height>
					<align>center</align>
					<font>apptv30</font>
					<label>$INFO[Window(weather).Property(Weekend.1.LongDay)]</label>
				</control>
				<control type="label">
					<left>0</left>
					<top>40</top>
					<width>500</width>
					<height>23</height>
					<align>center</align>
					<font>apptv22</font>
					<label>$INFO[Window(weather).Property(Weekend.1.LongDate)]</label>
				</control>
				<control type="multiimage"><!-- Weekend Day 1 weather condition icon -->
					<left>122</left>
					<top>70</top>
					<width>256</width>
					<height>256</height>
					<imagepath>$VAR[WeatherIconWeekend1]</imagepath>
					<timeperimage>100</timeperimage>
					<randomize>false</randomize>
					<fadetime>1</fadetime>
				</control>
				<control type="label">
					<left>0</left>
					<top>170</top>
					<width>125</width>
					<height>38</height>
					<align>center</align>
					<font>apptv38</font>
					<shadowcolor>80000000</shadowcolor>
					<label>[COLOR red]$INFO[Window(weather).Property(Weekend.1.HighTemperature)][/COLOR]</label>
				</control>
				<control type="label">
					<left>375</left>
					<top>170</top>
					<width>125</width>
					<height>38</height>
					<align>center</align>
					<font>apptv38</font>
					<shadowcolor>80000000</shadowcolor>
					<label>[COLOR lightblue]$INFO[Window(weather).Property(Weekend.1.LowTemperature)][/COLOR]</label>
				</control>
				<control type="label">
					<left>0</left>
					<top>330</top>
					<width>500</width>
					<height>25</height>
					<align>center</align>
					<font>apptv25</font>
					<label>$INFO[Window(weather).Property(Weekend.1.Outlook)]</label>
				</control>
				<control type="label">
					<left>0</left>
					<top>380</top>
					<width>500</width>
					<height>20</height>
					<align>center</align>
					<font>apptv20</font>
					<label>$LOCALIZE[33021]: [B]$INFO[Window(weather).Property(Weekend.1.Precipitation)][/B]</label>
				</control>
				<control type="label">
					<left>0</left>
					<top>410</top>
					<width>500</width>
					<height>20</height>
					<align>center</align>
					<font>apptv20</font>
					<label>$LOCALIZE[404]: [B]$INFO[Window(weather).Property(Weekend.1.WindSpeed)] $INFO[Window.Property(Weekend.1.WindDirection)][/B]</label>
				</control>
				<control type="label">
					<left>0</left>
					<top>440</top>
					<width>500</width>
					<height>20</height>
					<align>center</align>
					<font>apptv20</font>
					<label>$LOCALIZE[406]: [B]$INFO[Window(weather).Property(Weekend.1.Humidity)][/B]</label>
				</control>
				<control type="label">
					<left>0</left>
					<top>470</top>
					<width>500</width>
					<height>20</height>
					<align>center</align>
					<font>apptv20</font>
					<label>$LOCALIZE[405]: [B]$INFO[Window(weather).Property(Weekend.1.DewPoint)][/B]</label>
				</control>
				<control type="label">
					<left>0</left>
					<top>500</top>
					<width>500</width>
					<height>20</height>
					<align>center</align>
					<font>apptv20</font>
					<label>$LOCALIZE[402]: [B]$INFO[Window(weather).Property(Weekend.1.FeelsLike)][/B]</label>
				</control>
				<control type="label">
					<left>0</left>
					<top>530</top>
					<width>500</width>
					<height>20</height>
					<align>center</align>
					<font>apptv20</font>
					<label>$LOCALIZE[387]: [B]$INFO[Window(weather).Property(Weekend.1.Cloudiness)][/B]</label>
				</control>
			</control>
			<control type="group"><!-- Weekend 2 -->
				<left>678</left>
				<top>90</top>
				<control type="label">
					<left>0</left>
					<top>0</top>
					<width>500</width>
					<height>30</height>
					<align>center</align>
					<font>apptv30</font>
					<label>$INFO[Window(weather).Property(Weekend.2.LongDay)]</label>
				</control>
				<control type="label">
					<left>0</left>
					<top>40</top>
					<width>500</width>
					<height>23</height>
					<align>center</align>
					<font>apptv22</font>
					<label>$INFO[Window(weather).Property(Weekend.2.LongDate)]</label>
				</control>
				<control type="multiimage"><!-- Weekend Day 2 weather condition icon -->
					<left>122</left>
					<top>70</top>
					<width>256</width>
					<height>256</height>
					<imagepath>$VAR[WeatherIconWeekend2]</imagepath>
					<timeperimage>100</timeperimage>
					<randomize>false</randomize>
					<fadetime>1</fadetime>
				</control>
				<control type="label">
					<left>0</left>
					<top>170</top>
					<width>125</width>
					<height>38</height>
					<align>center</align>
					<font>apptv38</font>
					<shadowcolor>80000000</shadowcolor>
					<label>[COLOR red]$INFO[Window(weather).Property(Weekend.2.HighTemperature)][/COLOR]</label>
				</control>
				<control type="label">
					<left>375</left>
					<top>170</top>
					<width>125</width>
					<height>38</height>
					<align>center</align>
					<font>apptv38</font>
					<shadowcolor>80000000</shadowcolor>
					<label>[COLOR lightblue]$INFO[Window(weather).Property(Weekend.2.LowTemperature)][/COLOR]</label>
				</control>
				<control type="label">
					<left>0</left>
					<top>330</top>
					<width>500</width>
					<height>25</height>
					<align>center</align>
					<font>apptv25</font>
					<label>$INFO[Window(weather).Property(Weekend.2.Outlook)]</label>
				</control>
				<control type="label">
					<left>0</left>
					<top>380</top>
					<width>500</width>
					<height>20</height>
					<align>center</align>
					<font>apptv20</font>
					<label>$LOCALIZE[33021]: [B]$INFO[Window(weather).Property(Weekend.2.Precipitation)][/B]</label>
				</control>
				<control type="label">
					<left>0</left>
					<top>410</top>
					<width>500</width>
					<height>20</height>
					<align>center</align>
					<font>apptv20</font>
					<label>$LOCALIZE[404]: [B]$INFO[Window(weather).Property(Weekend.2.WindSpeed)] $INFO[Window.Property(Weekend.2.WindDirection)][/B]</label>
				</control>
				<control type="label">
					<left>0</left>
					<top>440</top>
					<width>500</width>
					<height>20</height>
					<align>center</align>
					<font>apptv20</font>
					<label>$LOCALIZE[406]: [B]$INFO[Window(weather).Property(Weekend.2.Humidity)][/B]</label>
				</control>
				<control type="label">
					<left>0</left>
					<top>470</top>
					<width>500</width>
					<height>20</height>
					<align>center</align>
					<font>apptv20</font>
					<label>$LOCALIZE[405]: [B]$INFO[Window(weather).Property(Weekend.2.DewPoint)][/B]</label>
				</control>
				<control type="label">
					<left>0</left>
					<top>500</top>
					<width>500</width>
					<height>20</height>
					<align>center</align>
					<font>apptv20</font>
					<label>$LOCALIZE[402]: [B]$INFO[Window(weather).Property(Weekend.2.FeelsLike)][/B]</label>
				</control>
				<control type="label">
					<left>0</left>
					<top>530</top>
					<width>500</width>
					<height>20</height>
					<align>center</align>
					<font>apptv20</font>
					<label>$LOCALIZE[387]: [B]$INFO[Window(weather).Property(Weekend.2.Cloudiness)][/B]</label>
				</control>
			</control>
		</control>
		<control type="group">
			<visible>String.IsEqual(Skin.String(weather-view),$LOCALIZE[33034]) + !String.IsEmpty(Window(weather).Property(Hourly.IsFetched))</visible><!-- 36 Hour -->
			<animation effect="fade" delay="100" start="0" end="100" time="100">Visible</animation>
			<control type="group">
				<control type="group"><!-- 36 Hour 1 -->
					<left>61</left>
					<top>70</top>
					<control type="label">
						<left>0</left>
						<top>20</top>
						<width>386</width>
						<height>30</height>
						<align>center</align>
						<font>apptv30</font>
						<label>$INFO[Window(weather).Property(36Hour.1.Heading)]</label>
					</control>
					<control type="multiimage"><!-- 36 hour 1 weather condition icon -->
						<left>65</left>
						<top>54</top>
						<width>256</width>
						<height>256</height>
						<imagepath>$VAR[WeatherIcon36Hour1]</imagepath>
						<timeperimage>100</timeperimage>
						<randomize>false</randomize>
						<fadetime>1</fadetime>
					</control>
					<control type="label">
						<left>0</left>
						<top>310</top>
						<width>386</width>
						<height>25</height>
						<align>center</align>
						<font>apptv25</font>
						<label>$INFO[Window(weather).Property(36Hour.1.Outlook)]</label>
					</control>
					<control type="label">
						<left>0</left>
						<top>360</top>
						<width>193</width>
						<height>23</height>
						<align>center</align>
						<font>apptv23</font>
						<label>$INFO[Window(weather).Property(36Hour.1.TemperatureHeading)]</label>
					</control>
					<control type="label">
						<left>0</left>
						<top>390</top>
						<width>193</width>
						<height>23</height>
						<align>center</align>
						<font>apptv22</font>
						<label>$INFO[Window(weather).Property(36Hour.1.Temperature)]</label>
					</control>
					<control type="label">
						<left>193</left>
						<top>360</top>
						<width>193</width>
						<height>23</height>
						<align>center</align>
						<font>apptv23</font>
						<label>$LOCALIZE[33021]</label>
					</control>
					<control type="label">
						<left>193</left>
						<top>390</top>
						<width>193</width>
						<height>23</height>
						<align>center</align>
						<font>apptv22</font>
						<label>$INFO[Window(weather).Property(36Hour.1.Precipitation)]</label>
					</control>
					<control type="label">
						<left>0</left>
						<top>440</top>
						<width>193</width>
						<height>23</height>
						<align>center</align>
						<font>apptv23</font>
						<label>$LOCALIZE[404]</label>
					</control>
					<control type="label">
						<left>0</left>
						<top>470</top>
						<width>193</width>
						<height>23</height>
						<align>center</align>
						<font>apptv22</font>
						<label>$INFO[Window(weather).Property(36Hour.1.WindSpeed)]</label>
					</control>
					<control type="label">
						<left>193</left>
						<top>440</top>
						<width>193</width>
						<height>23</height>
						<align>center</align>
						<font>apptv23</font>
						<label>$LOCALIZE[406]</label>
					</control>
					<control type="label">
						<left>193</left>
						<top>470</top>
						<width>193</width>
						<height>23</height>
						<align>center</align>
						<font>apptv22</font>
						<label>$INFO[Window(weather).Property(36Hour.1.Humidity)]</label>
					</control>
					<control type="label">
						<left>0</left>
						<top>520</top>
						<width>193</width>
						<height>23</height>
						<align>center</align>
						<font>apptv23</font>
						<label>$LOCALIZE[387]</label>
					</control>
					<control type="label">
						<left>0</left>
						<top>550</top>
						<width>193</width>
						<height>23</height>
						<align>center</align>
						<font>apptv22</font>
						<label>$INFO[Window(weather).Property(36Hour.1.Cloudiness)]</label>
					</control>
					<control type="label">
						<left>193</left>
						<top>520</top>
						<width>193</width>
						<height>23</height>
						<align>center</align>
						<font>apptv23</font>
						<label>$LOCALIZE[402]</label>
					</control>
					<control type="label">
						<left>193</left>
						<top>550</top>
						<width>193</width>
						<height>23</height>
						<align>center</align>
						<font>apptv22</font>
						<label>$INFO[Window(weather).Property(36Hour.1.FeelsLike)]</label>
					</control>
				</control>
				<control type="group"><!-- 36 Hour 2 -->
					<left>447</left>
					<top>70</top>
					<control type="label">
						<left>0</left>
						<top>20</top>
						<width>386</width>
						<height>30</height>
						<align>center</align>
						<font>apptv30</font>
						<label>$INFO[Window(weather).Property(36Hour.2.Heading)]</label>
					</control>
					<control type="multiimage"><!-- 36 hour 2 weather condition icon -->
						<left>65</left>
						<top>54</top>
						<width>256</width>
						<height>256</height>
						<imagepath>$VAR[WeatherIcon36Hour2]</imagepath>
						<timeperimage>100</timeperimage>
						<randomize>false</randomize>
						<fadetime>1</fadetime>
					</control>
					<control type="label">
						<left>0</left>
						<top>310</top>
						<width>386</width>
						<height>25</height>
						<align>center</align>
						<font>apptv25</font>
						<label>$INFO[Window(weather).Property(36Hour.2.Outlook)]</label>
					</control>
					<control type="label">
						<left>0</left>
						<top>360</top>
						<width>193</width>
						<height>23</height>
						<align>center</align>
						<font>apptv23</font>
						<label>$INFO[Window(weather).Property(36Hour.2.TemperatureHeading)]</label>
					</control>
					<control type="label">
						<left>193</left>
						<top>360</top>
						<width>193</width>
						<height>23</height>
						<align>center</align>
						<font>apptv23</font>
						<label>$LOCALIZE[33021]</label>
					</control>
					<control type="label">
						<left>0</left>
						<top>390</top>
						<width>193</width>
						<height>23</height>
						<align>center</align>
						<font>apptv22</font>
						<label>$INFO[Window(weather).Property(36Hour.2.Temperature)]</label>
					</control>
					<control type="label">
						<left>193</left>
						<top>390</top>
						<width>193</width>
						<height>23</height>
						<align>center</align>
						<font>apptv22</font>
						<label>$INFO[Window(weather).Property(36Hour.2.Precipitation)]</label>
					</control>
					<control type="label">
						<left>0</left>
						<top>440</top>
						<width>193</width>
						<height>23</height>
						<align>center</align>
						<font>apptv23</font>
						<label>$LOCALIZE[404]</label>
					</control>
					<control type="label">
						<left>193</left>
						<top>440</top>
						<width>193</width>
						<height>23</height>
						<align>center</align>
						<font>apptv23</font>
						<label>$LOCALIZE[406]</label>
					</control>
					<control type="label">
						<left>0</left>
						<top>470</top>
						<width>193</width>
						<height>23</height>
						<align>center</align>
						<font>apptv22</font>
						<label>$INFO[Window(weather).Property(36Hour.2.WindSpeed)]</label>
					</control>
					<control type="label">
						<left>193</left>
						<top>470</top>
						<width>193</width>
						<height>23</height>
						<align>center</align>
						<font>apptv22</font>
						<label>$INFO[Window(weather).Property(36Hour.2.Humidity)]</label>
					</control>
					<control type="label">
						<left>0</left>
						<top>520</top>
						<width>193</width>
						<height>23</height>
						<align>center</align>
						<font>apptv23</font>
						<label>$LOCALIZE[387]</label>
					</control>
					<control type="label">
						<left>193</left>
						<top>520</top>
						<width>193</width>
						<height>23</height>
						<align>center</align>
						<font>apptv23</font>
						<label>$LOCALIZE[402]</label>
					</control>
					<control type="label">
						<left>0</left>
						<top>550</top>
						<width>193</width>
						<height>23</height>
						<align>center</align>
						<font>apptv22</font>
						<label>$INFO[Window(weather).Property(36Hour.2.Cloudiness)]</label>
					</control>
					<control type="label">
						<left>193</left>
						<top>550</top>
						<width>193</width>
						<height>23</height>
						<align>center</align>
						<font>apptv22</font>
						<label>$INFO[Window(weather).Property(36Hour.2.FeelsLike)]</label>
					</control>
				</control>
				<control type="group"><!-- 36 Hour 3 -->
					<left>833</left>
					<top>70</top>
					<control type="label">
						<left>0</left>
						<top>20</top>
						<width>386</width>
						<height>30</height>
						<align>center</align>
						<font>apptv30</font>
						<label>$INFO[Window(weather).Property(36Hour.3.Heading)]</label>
					</control>
					<control type="multiimage"><!-- 36 hour 3 weather condition icon -->
						<left>65</left>
						<top>54</top>
						<width>256</width>
						<height>256</height>
						<imagepath>$VAR[WeatherIcon36Hour3]</imagepath>
						<timeperimage>100</timeperimage>
						<randomize>false</randomize>
						<fadetime>1</fadetime>
					</control>
					<control type="label">
						<left>0</left>
						<top>310</top>
						<width>386</width>
						<height>25</height>
						<align>center</align>
						<font>apptv25</font>
						<label>$INFO[Window(weather).Property(36Hour.3.Outlook)]</label>
					</control>
					<control type="label">
						<left>0</left>
						<top>360</top>
						<width>193</width>
						<height>23</height>
						<align>center</align>
						<font>apptv23</font>
						<label>$INFO[Window(weather).Property(36Hour.3.TemperatureHeading)]</label>
					</control>
					<control type="label">
						<left>193</left>
						<top>360</top>
						<width>193</width>
						<height>23</height>
						<align>center</align>
						<font>apptv23</font>
						<label>$LOCALIZE[33021]</label>
					</control>
					<control type="label">
						<left>0</left>
						<top>390</top>
						<width>193</width>
						<height>23</height>
						<align>center</align>
						<font>apptv22</font>
						<label>$INFO[Window(weather).Property(36Hour.3.Temperature)]</label>
					</control>
					<control type="label">
						<left>193</left>
						<top>390</top>
						<width>193</width>
						<height>23</height>
						<align>center</align>
						<font>apptv22</font>
						<label>$INFO[Window(weather).Property(36Hour.3.Precipitation)]</label>
					</control>
					<control type="label">
						<left>0</left>
						<top>440</top>
						<width>193</width>
						<height>23</height>
						<align>center</align>
						<font>apptv23</font>
						<label>$LOCALIZE[404]</label>
					</control>
					<control type="label">
						<left>193</left>
						<top>440</top>
						<width>193</width>
						<height>23</height>
						<align>center</align>
						<font>apptv23</font>
						<label>$LOCALIZE[406]</label>
					</control>
					<control type="label">
						<left>0</left>
						<top>470</top>
						<width>193</width>
						<height>23</height>
						<align>center</align>
						<font>apptv22</font>
						<label>$INFO[Window(weather).Property(36Hour.3.WindSpeed)]</label>
					</control>
					<control type="label">
						<left>193</left>
						<top>470</top>
						<width>193</width>
						<height>23</height>
						<align>center</align>
						<font>apptv22</font>
						<label>$INFO[Window(weather).Property(36Hour.3.Humidity)]</label>
					</control>
					<control type="label">
						<left>0</left>
						<top>520</top>
						<width>193</width>
						<height>23</height>
						<align>center</align>
						<font>apptv23</font>
						<label>$LOCALIZE[387]</label>
					</control>
					<control type="label">
						<left>193</left>
						<top>520</top>
						<width>193</width>
						<height>23</height>
						<align>center</align>
						<font>apptv23</font>
						<label>$LOCALIZE[402]</label>
					</control>
					<control type="label">
						<left>0</left>
						<top>550</top>
						<width>193</width>
						<height>23</height>
						<align>center</align>
						<font>apptv22</font>
						<label>$INFO[Window(weather).Property(36Hour.3.Cloudiness)]</label>
					</control>
					<control type="label">
						<left>193</left>
						<top>550</top>
						<width>193</width>
						<height>23</height>
						<align>center</align>
						<font>apptv22</font>
						<label>$INFO[Window(weather).Property(36Hour.3.FeelsLike)]</label>
					</control>
				</control>
			</control>
		</control>
		<control type="group">
			<visible>String.IsEqual(Skin.String(weather-view),$LOCALIZE[33036]) + !String.IsEmpty(Window(weather).Property(Hourly.IsFetched))</visible><!-- Hourly -->
			<animation effect="fade" delay="100" start="0" end="100" time="100">Visible</animation>
			<control type="group"><!-- Hourly 1 -->
				<left>10</left>
				<top>90</top>
				<control type="label">
					<left>5</left>
					<top>0</top>
					<width>305</width>
					<height>22</height>
					<align>center</align>
					<font>apptv22</font>
					<label>[B]$INFO[Window(weather).Property(Hourly.1.Time)]$INFO[Window(weather).Property(Hourly.1.ShortDate), - ][/B]</label>
				</control>
				<control type="label">
					<left>5</left>
					<top>24</top>
					<width>305</width>
					<height>20</height>
					<align>center</align>
					<font>apptv20</font>
					<label>$INFO[Window(weather).Property(Hourly.1.Outlook)]</label>
				</control>
				<control type="label">
					<left>5</left>
					<top>82</top>
					<width>108</width>
					<height>30</height>
					<align>center</align>
					<aligny>center</aligny>
					<font>apptv30</font>
					<label>$INFO[Window(weather).Property(Hourly.1.Temperature)]</label>
				</control>
				<control type="multiimage"><!-- Hourly 1 condition icon -->
					<left>108</left>
					<top>46</top>
					<width>96</width>
					<height>96</height>
					<imagepath>$VAR[WeatherIconHourly1]</imagepath>
					<timeperimage>100</timeperimage>
					<randomize>false</randomize>
					<fadetime>1</fadetime>
				</control>
				<control type="label">
					<left>210</left>
					<top>76</top>
					<width>100</width>
					<height>40</height>
					<align>center</align>
					<aligny>center</aligny>
					<font>apptv20</font>
					<label>$INFO[Window(weather).Property(Hourly.1.Precipitation),$LOCALIZE[33022]:[CR]]</label>
				</control>
				<control type="label">
					<left>5</left>
					<top>142</top>
					<width>305</width>
					<height>40</height>
					<align>center</align>
					<font>apptv20</font>
					<label>$INFO[Window(weather).Property(Hourly.1.Windspeed),$LOCALIZE[404]: ] $INFO[Window(weather).Property(Hourly.1.WindDirection)]</label>
				</control>
			</control>
			<control type="group"><!-- Hourly 2 -->
				<left>325</left>
				<top>90</top>
				<control type="label">
					<left>5</left>
					<top>0</top>
					<width>305</width>
					<height>22</height>
					<align>center</align>
					<font>apptv22</font>
					<label>[B]$INFO[Window(weather).Property(Hourly.2.Time)]$INFO[Window(weather).Property(Hourly.2.ShortDate), - ][/B]</label>
				</control>
				<control type="label">
					<left>5</left>
					<top>24</top>
					<width>305</width>
					<height>20</height>
					<align>center</align>
					<font>apptv20</font>
					<label>$INFO[Window(weather).Property(Hourly.2.Outlook)]</label>
				</control>
				<control type="label">
					<left>5</left>
					<top>82</top>
					<width>108</width>
					<height>30</height>
					<align>center</align>
					<aligny>center</aligny>
					<font>apptv30</font>
					<label>$INFO[Window(weather).Property(Hourly.2.Temperature)]</label>
				</control>
				<control type="multiimage"><!-- Hourly 2 condition icon -->
					<left>108</left>
					<top>46</top>
					<width>96</width>
					<height>96</height>
					<imagepath>$VAR[WeatherIconHourly2]</imagepath>
					<timeperimage>100</timeperimage>
					<randomize>false</randomize>
					<fadetime>1</fadetime>
				</control>
				<control type="label">
					<left>210</left>
					<top>76</top>
					<width>100</width>
					<height>40</height>
					<align>center</align>
					<aligny>center</aligny>
					<font>apptv20</font>
					<label>$INFO[Window(weather).Property(Hourly.2.Precipitation),$LOCALIZE[33022]:[CR]]</label>
				</control>
				<control type="label">
					<left>5</left>
					<top>142</top>
					<width>305</width>
					<height>40</height>
					<align>center</align>
					<font>apptv20</font>
					<label>$INFO[Window(weather).Property(Hourly.2.Windspeed),$LOCALIZE[404]: ] $INFO[Window(weather).Property(Hourly.2.WindDirection)]</label>
				</control>
			</control>
			<control type="group"><!-- Hourly 3 -->
				<left>640</left>
				<top>90</top>
				<control type="label">
					<left>5</left>
					<top>0</top>
					<width>305</width>
					<height>22</height>
					<align>center</align>
					<font>apptv22</font>
					<label>[B]$INFO[Window(weather).Property(Hourly.3.Time)]$INFO[Window(weather).Property(Hourly.3.ShortDate), - ][/B]</label>
				</control>
				<control type="label">
					<left>5</left>
					<top>24</top>
					<width>305</width>
					<height>20</height>
					<align>center</align>
					<font>apptv20</font>
					<label>$INFO[Window(weather).Property(Hourly.3.Outlook)]</label>
				</control>
				<control type="label">
					<left>5</left>
					<top>82</top>
					<width>108</width>
					<height>30</height>
					<align>center</align>
					<aligny>center</aligny>
					<font>apptv30</font>
					<label>$INFO[Window(weather).Property(Hourly.3.Temperature)]</label>
				</control>
				<control type="multiimage"><!-- Hourly 3 condition icon -->
					<left>108</left>
					<top>46</top>
					<width>96</width>
					<height>96</height>
					<imagepath>$VAR[WeatherIconHourly3]</imagepath>
					<timeperimage>100</timeperimage>
					<randomize>false</randomize>
					<fadetime>1</fadetime>
				</control>
				<control type="label">
					<left>210</left>
					<top>76</top>
					<width>100</width>
					<height>40</height>
					<align>center</align>
					<aligny>center</aligny>
					<font>apptv20</font>
					<label>$INFO[Window(weather).Property(Hourly.3.Precipitation),$LOCALIZE[33022]:[CR]]</label>
				</control>
				<control type="label">
					<left>5</left>
					<top>142</top>
					<width>305</width>
					<height>40</height>
					<align>center</align>
					<font>apptv20</font>
					<label>$INFO[Window(weather).Property(Hourly.3.Windspeed),$LOCALIZE[404]: ] $INFO[Window(weather).Property(Hourly.3.WindDirection)]</label>
				</control>
			</control>
			<control type="group"><!-- Hourly 4 -->
				<left>955</left>
				<top>90</top>
				<control type="label">
					<left>5</left>
					<top>0</top>
					<width>305</width>
					<height>22</height>
					<align>center</align>
					<font>apptv22</font>
					<label>[B]$INFO[Window(weather).Property(Hourly.4.Time)]$INFO[Window(weather).Property(Hourly.4.ShortDate), - ][/B]</label>
				</control>
				<control type="label">
					<left>5</left>
					<top>24</top>
					<width>305</width>
					<height>20</height>
					<align>center</align>
					<font>apptv20</font>
					<label>$INFO[Window(weather).Property(Hourly.4.Outlook)]</label>
				</control>
				<control type="label">
					<left>5</left>
					<top>82</top>
					<width>108</width>
					<height>30</height>
					<align>center</align>
					<aligny>center</aligny>
					<font>apptv30</font>
					<label>$INFO[Window(weather).Property(Hourly.4.Temperature)]</label>
				</control>
				<control type="multiimage"><!-- Hourly 4 condition icon -->
					<left>108</left>
					<top>46</top>
					<width>96</width>
					<height>96</height>
					<imagepath>$VAR[WeatherIconHourly4]</imagepath>
					<timeperimage>100</timeperimage>
					<randomize>false</randomize>
					<fadetime>1</fadetime>
				</control>
				<control type="label">
					<left>210</left>
					<top>76</top>
					<width>100</width>
					<height>40</height>
					<align>center</align>
					<aligny>center</aligny>
					<font>apptv20</font>
					<label>$INFO[Window(weather).Property(Hourly.4.Precipitation),$LOCALIZE[33022]:[CR]]</label>
				</control>
				<control type="label">
					<left>5</left>
					<top>142</top>
					<width>305</width>
					<height>40</height>
					<align>center</align>
					<font>apptv20</font>
					<label>$INFO[Window(weather).Property(Hourly.4.Windspeed),$LOCALIZE[404]: ] $INFO[Window(weather).Property(Hourly.4.WindDirection)]</label>
				</control>
			</control>
			<control type="group"><!-- Hourly 5 -->
				<left>10</left>
				<top>286</top>
				<control type="label">
					<left>5</left>
					<top>0</top>
					<width>305</width>
					<height>22</height>
					<align>center</align>
					<font>apptv22</font>
					<label>[B]$INFO[Window(weather).Property(Hourly.5.Time)]$INFO[Window(weather).Property(Hourly.5.ShortDate), - ][/B]</label>
				</control>
				<control type="label">
					<left>5</left>
					<top>24</top>
					<width>305</width>
					<height>20</height>
					<align>center</align>
					<font>apptv20</font>
					<label>$INFO[Window(weather).Property(Hourly.5.Outlook)]</label>
				</control>
				<control type="label">
					<left>5</left>
					<top>82</top>
					<width>108</width>
					<height>30</height>
					<align>center</align>
					<aligny>center</aligny>
					<font>apptv30</font>
					<label>$INFO[Window(weather).Property(Hourly.5.Temperature)]</label>
				</control>
				<control type="multiimage"><!-- Hourly 5 condition icon -->
					<left>108</left>
					<top>46</top>
					<width>96</width>
					<height>96</height>
					<imagepath>$VAR[WeatherIconHourly5]</imagepath>
					<timeperimage>100</timeperimage>
					<randomize>false</randomize>
					<fadetime>1</fadetime>
				</control>
				<control type="label">
					<left>210</left>
					<top>76</top>
					<width>100</width>
					<height>40</height>
					<align>center</align>
					<aligny>center</aligny>
					<font>apptv20</font>
					<label>$INFO[Window(weather).Property(Hourly.5.Precipitation),$LOCALIZE[33022]:[CR]]</label>
				</control>
				<control type="label">
					<left>5</left>
					<top>142</top>
					<width>305</width>
					<height>40</height>
					<align>center</align>
					<font>apptv20</font>
					<label>$INFO[Window(weather).Property(Hourly.5.Windspeed),$LOCALIZE[404]: ] $INFO[Window(weather).Property(Hourly.5.WindDirection)]</label>
				</control>
			</control>
			<control type="group"><!-- Hourly 6 -->
				<left>325</left>
				<top>286</top>
				<control type="label">
					<left>5</left>
					<top>0</top>
					<width>305</width>
					<height>22</height>
					<align>center</align>
					<font>apptv22</font>
					<label>[B]$INFO[Window(weather).Property(Hourly.6.Time)]$INFO[Window(weather).Property(Hourly.6.ShortDate), - ][/B]</label>
				</control>
				<control type="label">
					<left>5</left>
					<top>24</top>
					<width>305</width>
					<height>20</height>
					<align>center</align>
					<font>apptv20</font>
					<label>$INFO[Window(weather).Property(Hourly.6.Outlook)]</label>
				</control>
				<control type="label">
					<left>5</left>
					<top>82</top>
					<width>108</width>
					<height>30</height>
					<align>center</align>
					<aligny>center</aligny>
					<font>apptv30</font>
					<label>$INFO[Window(weather).Property(Hourly.6.Temperature)]</label>
				</control>
				<control type="multiimage"><!-- Hourly 6 condition icon -->
					<left>108</left>
					<top>46</top>
					<width>96</width>
					<height>96</height>
					<imagepath>$VAR[WeatherIconHourly6]</imagepath>
					<timeperimage>100</timeperimage>
					<randomize>false</randomize>
					<fadetime>1</fadetime>
				</control>
				<control type="label">
					<left>210</left>
					<top>76</top>
					<width>100</width>
					<height>40</height>
					<align>center</align>
					<aligny>center</aligny>
					<font>apptv20</font>
					<label>$INFO[Window(weather).Property(Hourly.6.Precipitation),$LOCALIZE[33022]:[CR]]</label>
				</control>
				<control type="label">
					<left>5</left>
					<top>142</top>
					<width>305</width>
					<height>40</height>
					<align>center</align>
					<font>apptv20</font>
					<label>$INFO[Window(weather).Property(Hourly.6.Windspeed),$LOCALIZE[404]: ] $INFO[Window(weather).Property(Hourly.6.WindDirection)]</label>
				</control>
			</control>
			<control type="group"><!-- Hourly 7 -->
				<left>640</left>
				<top>286</top>
				<control type="label">
					<left>5</left>
					<top>0</top>
					<width>305</width>
					<height>22</height>
					<align>center</align>
					<font>apptv22</font>
					<label>[B]$INFO[Window(weather).Property(Hourly.7.Time)]$INFO[Window(weather).Property(Hourly.7.ShortDate), - ][/B]</label>
				</control>
				<control type="label">
					<left>5</left>
					<top>24</top>
					<width>305</width>
					<height>20</height>
					<align>center</align>
					<font>apptv20</font>
					<label>$INFO[Window(weather).Property(Hourly.7.Outlook)]</label>
				</control>
				<control type="label">
					<left>5</left>
					<top>82</top>
					<width>108</width>
					<height>30</height>
					<align>center</align>
					<aligny>center</aligny>
					<font>apptv30</font>
					<label>$INFO[Window(weather).Property(Hourly.7.Temperature)]</label>
				</control>
				<control type="multiimage"><!-- Hourly 7 condition icon -->
					<left>108</left>
					<top>46</top>
					<width>96</width>
					<height>96</height>
					<imagepath>$VAR[WeatherIconHourly7]</imagepath>
					<timeperimage>100</timeperimage>
					<randomize>false</randomize>
					<fadetime>1</fadetime>
				</control>
				<control type="label">
					<left>210</left>
					<top>76</top>
					<width>100</width>
					<height>40</height>
					<align>center</align>
					<aligny>center</aligny>
					<font>apptv20</font>
					<label>$INFO[Window(weather).Property(Hourly.7.Precipitation),$LOCALIZE[33022]:[CR]]</label>
				</control>
				<control type="label">
					<left>5</left>
					<top>142</top>
					<width>305</width>
					<height>40</height>
					<align>center</align>
					<font>apptv20</font>
					<label>$INFO[Window(weather).Property(Hourly.7.Windspeed),$LOCALIZE[404]: ] $INFO[Window(weather).Property(Hourly.7.WindDirection)]</label>
				</control>
			</control>
			<control type="group"><!-- Hourly 8 -->
				<left>955</left>
				<top>286</top>
				<control type="label">
					<left>5</left>
					<top>0</top>
					<width>305</width>
					<height>22</height>
					<align>center</align>
					<font>apptv22</font>
					<label>[B]$INFO[Window(weather).Property(Hourly.8.Time)]$INFO[Window(weather).Property(Hourly.8.ShortDate), - ][/B]</label>
				</control>
				<control type="label">
					<left>5</left>
					<top>24</top>
					<width>305</width>
					<height>20</height>
					<align>center</align>
					<font>apptv20</font>
					<label>$INFO[Window(weather).Property(Hourly.8.Outlook)]</label>
				</control>
				<control type="label">
					<left>5</left>
					<top>82</top>
					<width>108</width>
					<height>30</height>
					<align>center</align>
					<aligny>center</aligny>
					<font>apptv30</font>
					<label>$INFO[Window(weather).Property(Hourly.8.Temperature)]</label>
				</control>
				<control type="multiimage"><!-- Hourly 8 condition icon -->
					<left>108</left>
					<top>46</top>
					<width>96</width>
					<height>96</height>
					<imagepath>$VAR[WeatherIconHourly8]</imagepath>
					<timeperimage>100</timeperimage>
					<randomize>false</randomize>
					<fadetime>1</fadetime>
				</control>
				<control type="label">
					<left>210</left>
					<top>76</top>
					<width>100</width>
					<height>40</height>
					<align>center</align>
					<aligny>center</aligny>
					<font>apptv20</font>
					<label>$INFO[Window(weather).Property(Hourly.8.Precipitation),$LOCALIZE[33022]:[CR]]</label>
				</control>
				<control type="label">
					<left>5</left>
					<top>142</top>
					<width>305</width>
					<height>40</height>
					<align>center</align>
					<font>apptv20</font>
					<label>$INFO[Window(weather).Property(Hourly.8.Windspeed),$LOCALIZE[404]: ] $INFO[Window(weather).Property(Hourly.8.WindDirection)]</label>
				</control>
			</control>
			<control type="group"><!-- Hourly 9 -->
				<left>10</left>
				<top>482</top>
				<control type="label">
					<left>5</left>
					<top>0</top>
					<width>305</width>
					<height>22</height>
					<align>center</align>
					<font>apptv22</font>
					<label>[B]$INFO[Window(weather).Property(Hourly.9.Time)]$INFO[Window(weather).Property(Hourly.9.ShortDate), - ][/B]</label>
				</control>
				<control type="label">
					<left>5</left>
					<top>24</top>
					<width>305</width>
					<height>20</height>
					<align>center</align>
					<font>apptv20</font>
					<label>$INFO[Window(weather).Property(Hourly.9.Outlook)]</label>
				</control>
				<control type="label">
					<left>5</left>
					<top>82</top>
					<width>108</width>
					<height>30</height>
					<align>center</align>
					<aligny>center</aligny>
					<font>apptv30</font>
					<label>$INFO[Window(weather).Property(Hourly.9.Temperature)]</label>
				</control>
				<control type="multiimage"><!-- Hourly 9 condition icon -->
					<left>108</left>
					<top>46</top>
					<width>96</width>
					<height>96</height>
					<imagepath>$VAR[WeatherIconHourly9]</imagepath>
					<timeperimage>100</timeperimage>
					<randomize>false</randomize>
					<fadetime>1</fadetime>
				</control>
				<control type="label">
					<left>210</left>
					<top>76</top>
					<width>100</width>
					<height>40</height>
					<align>center</align>
					<aligny>center</aligny>
					<font>apptv20</font>
					<label>$INFO[Window(weather).Property(Hourly.9.Precipitation),$LOCALIZE[33022]:[CR]]</label>
				</control>
				<control type="label">
					<left>5</left>
					<top>142</top>
					<width>305</width>
					<height>40</height>
					<align>center</align>
					<font>apptv20</font>
					<label>$INFO[Window(weather).Property(Hourly.9.Windspeed),$LOCALIZE[404]: ] $INFO[Window(weather).Property(Hourly.9.WindDirection)]</label>
				</control>
			</control>
			<control type="group"><!-- Hourly 10 -->
				<left>325</left>
				<top>482</top>
				<control type="label">
					<left>5</left>
					<top>0</top>
					<width>305</width>
					<height>22</height>
					<align>center</align>
					<font>apptv22</font>
					<label>[B]$INFO[Window(weather).Property(Hourly.10.Time)]$INFO[Window(weather).Property(Hourly.10.ShortDate), - ][/B]</label>
				</control>
				<control type="label">
					<left>5</left>
					<top>24</top>
					<width>305</width>
					<height>20</height>
					<align>center</align>
					<font>apptv20</font>
					<label>$INFO[Window(weather).Property(Hourly.10.Outlook)]</label>
				</control>
				<control type="label">
					<left>5</left>
					<top>82</top>
					<width>108</width>
					<height>30</height>
					<align>center</align>
					<aligny>center</aligny>
					<font>apptv30</font>
					<label>$INFO[Window(weather).Property(Hourly.10.Temperature)]</label>
				</control>
				<control type="multiimage"><!-- Hourly 10 animated custom condition icon -->
					<left>108</left>
					<top>46</top>
					<width>96</width>
					<height>96</height>
					<imagepath>$VAR[WeatherIconHourly10]</imagepath>
					<timeperimage>100</timeperimage>
					<randomize>false</randomize>
					<fadetime>1</fadetime>
				</control>
				<control type="label">
					<left>210</left>
					<top>76</top>
					<width>100</width>
					<height>40</height>
					<align>center</align>
					<aligny>center</aligny>
					<font>apptv20</font>
					<label>$INFO[Window(weather).Property(Hourly.10.Precipitation),$LOCALIZE[33022]:[CR]]</label>
				</control>
				<control type="label">
					<left>5</left>
					<top>142</top>
					<width>305</width>
					<height>40</height>
					<align>center</align>
					<font>apptv20</font>
					<label>$INFO[Window(weather).Property(Hourly.10.Windspeed),$LOCALIZE[404]: ] $INFO[Window(weather).Property(Hourly.10.WindDirection)]</label>
				</control>
			</control>
			<control type="group"><!-- Hourly 11 -->
				<left>640</left>
				<top>482</top>
				<control type="label">
					<left>5</left>
					<top>0</top>
					<width>305</width>
					<height>22</height>
					<align>center</align>
					<font>apptv22</font>
					<label>[B]$INFO[Window(weather).Property(Hourly.11.Time)]$INFO[Window(weather).Property(Hourly.11.ShortDate), - ][/B]</label>
				</control>
				<control type="label">
					<left>5</left>
					<top>24</top>
					<width>305</width>
					<height>20</height>
					<align>center</align>
					<font>apptv20</font>
					<label>$INFO[Window(weather).Property(Hourly.11.Outlook)]</label>
				</control>
				<control type="label">
					<left>5</left>
					<top>82</top>
					<width>108</width>
					<height>30</height>
					<align>center</align>
					<aligny>center</aligny>
					<font>apptv30</font>
					<label>$INFO[Window(weather).Property(Hourly.11.Temperature)]</label>
				</control>
				<control type="multiimage"><!-- Hourly 11 condition icon -->
					<left>108</left>
					<top>46</top>
					<width>96</width>
					<height>96</height>
					<imagepath>$VAR[WeatherIconHourly11]</imagepath>
					<timeperimage>100</timeperimage>
					<randomize>false</randomize>
					<fadetime>1</fadetime>
				</control>
				<control type="label">
					<left>210</left>
					<top>76</top>
					<width>100</width>
					<height>40</height>
					<align>center</align>
					<aligny>center</aligny>
					<font>apptv20</font>
					<label>$INFO[Window(weather).Property(Hourly.11.Precipitation),$LOCALIZE[33022]:[CR]]</label>
				</control>
				<control type="label">
					<left>5</left>
					<top>142</top>
					<width>305</width>
					<height>40</height>
					<align>center</align>
					<font>apptv20</font>
					<label>$INFO[Window(weather).Property(Hourly.11.Windspeed),$LOCALIZE[404]: ] $INFO[Window(weather).Property(Hourly.11.WindDirection)]</label>
				</control>
			</control>
			<control type="group"><!-- Hourly 12 -->
				<left>955</left>
				<top>482</top>
				<control type="label">
					<left>5</left>
					<top>0</top>
					<width>305</width>
					<height>22</height>
					<align>center</align>
					<font>apptv22</font>
					<label>[B]$INFO[Window(weather).Property(Hourly.12.Time)]$INFO[Window(weather).Property(Hourly.12.ShortDate), - ][/B]</label>
				</control>
				<control type="label">
					<left>5</left>
					<top>24</top>
					<width>305</width>
					<height>20</height>
					<align>center</align>
					<font>apptv20</font>
					<label>$INFO[Window(weather).Property(Hourly.12.Outlook)]</label>
				</control>
				<control type="label">
					<left>5</left>
					<top>82</top>
					<width>108</width>
					<height>30</height>
					<align>center</align>
					<aligny>center</aligny>
					<font>apptv30</font>
					<label>$INFO[Window(weather).Property(Hourly.12.Temperature)]</label>
				</control>
				<control type="multiimage"><!-- Hourly 12 condition icon -->
					<left>108</left>
					<top>46</top>
					<width>96</width>
					<height>96</height>
					<imagepath>$VAR[WeatherIconHourly12]</imagepath>
					<timeperimage>100</timeperimage>
					<randomize>false</randomize>
					<fadetime>1</fadetime>
				</control>
				<control type="label">
					<left>210</left>
					<top>76</top>
					<width>100</width>
					<height>40</height>
					<align>center</align>
					<aligny>center</aligny>
					<font>apptv20</font>
					<label>$INFO[Window(weather).Property(Hourly.12.Precipitation),$LOCALIZE[33022]:[CR]]</label>
				</control>
				<control type="label">
					<left>5</left>
					<top>142</top>
					<width>305</width>
					<height>40</height>
					<align>center</align>
					<font>apptv20</font>
					<label>$INFO[Window(weather).Property(Hourly.12.Windspeed),$LOCALIZE[404]: ] $INFO[Window(weather).Property(Hourly.12.WindDirection)]</label>
				</control>
			</control>
		</control>
		<control type="group">
			<visible>String.IsEqual(Skin.String(weather-view),$LOCALIZE[33035]) + !String.IsEmpty(Window(weather).Property(Current.Temperature))</visible><!-- Maps -->
			<animation effect="fade" delay="100" start="0" end="100" time="100">Visible</animation>
			<!-- Current forecast -->
			<control type="group">
				<control type="label"><!-- Current temp heading -->
					<left>892</left>
					<top>90</top>
					<width>150</width>
					<height>70</height>
					<font>Clock</font>
					<align>center</align>
					<aligny>bottom</aligny>
					<label>$INFO[Window(weather).Property(Current.Temperature)]$INFO[System.TemperatureUnits]</label>
					<visible>!String.IsEmpty(Window(weather).Property(Current.Temperature))</visible>
				</control>
				<control type="label"><!-- Current temperature range -->
					<left>892</left>
					<top>170</top>
					<width>150</width>
					<height>38</height>
					<shadowcolor>80000000</shadowcolor>
					<label>[COLOR red]$INFO[Window(weather).Property(Day0.HighTemp)][/COLOR] • [COLOR lightblue]$INFO[Window(weather).Property(Day0.LowTemp)][/COLOR]</label>
					<font>apptv38</font>
					<align>center</align>
					<aligny>bottom</aligny>
					<visible>!String.IsEmpty(Window(weather).Property(Day0.HighTemp))</visible>
				</control>
				<control type="label"><!-- Current feels like heading -->
					<left>690</left>
					<top>222</top>
					<width>280</width>
					<height>30</height>
					<align>right</align>
					<label>$LOCALIZE[402] :</label>
				</control>
				<control type="label"><!-- Current dew heading -->
					<left>690</left>
					<top>252</top>
					<width>280</width>
					<height>30</height>
					<align>right</align>
					<label>$LOCALIZE[405] :</label>
				</control>
				<control type="label"><!-- Current humidity heading -->
					<left>690</left>
					<top>282</top>
					<width>280</width>
					<height>30</height>
					<align>right</align>
					<label>$LOCALIZE[406] :</label>
				</control>
				<control type="label"><!-- Current UV index heading -->
					<left>690</left>
					<top>312</top>
					<width>280</width>
					<height>30</height>
					<align>right</align>
					<label>$LOCALIZE[403] :</label>
				</control>
				<control type="label"><!-- Current Wind heading -->
					<left>690</left>
					<top>342</top>
					<width>280</width>
					<height>30</height>
					<align>right</align>
					<label>$LOCALIZE[404] :</label>
				</control>
				<control type="label"><!-- Current feels like value -->
					<left>980</left>
					<top>222</top>
					<width>366</width>
					<height>30</height>
					<label>$INFO[Window(weather).Property(Current.FeelsLike)]$INFO[System.TemperatureUnits]</label>
					<visible>!String.IsEmpty(Window(weather).Property(Current.FeelsLike))</visible>
				</control>
				<control type="label"><!-- Current dew value -->
					<left>980</left>
					<top>252</top>
					<width>366</width>
					<height>30</height>
					<label>$INFO[Window(weather).Property(Current.DewPoint)]$INFO[System.TemperatureUnits]</label>
					<visible>!String.IsEmpty(Window(weather).Property(Current.DewPoint))</visible>
				</control>
				<control type="label"><!-- Current humidity value -->
					<left>980</left>
					<top>282</top>
					<width>366</width>
					<height>30</height>
					<label>$INFO[Window(weather).Property(Current.Humidity)]</label>
				</control>
				<control type="label"><!-- Current UV index value -->
					<left>980</left>
					<top>312</top>
					<width>366</width>
					<height>30</height>
					<label>$INFO[Window(weather).Property(Current.UVIndex)]</label>
				</control>
				<control type="label"><!-- Current wind value -->
					<left>980</left>
					<top>342</top>
					<width>366</width>
					<height>30</height>
					<label>$INFO[Window(weather).Property(Current.Wind)]</label>
				</control>
				<control type="label"><!-- Current condition -->
					<left>760</left>
					<top>392</top>
					<width>416</width>
					<height>72</height>
					<label>$INFO[Window(weather).Property(Current.Condition)]</label>
					<wrapmultiline>true</wrapmultiline>
					<font>apptv38</font>
					<align>center</align>
					<aligny>bottom</aligny>
				</control>
			</control>
			<control type="image">
				<left>58</left>
				<top>536</top>
				<width>600</width>
				<height>56</height>
				<texture border="6">button-default-focus.png</texture>
			</control>
			<control type="button" id="6000">
				<left>574</left>
				<top>546</top>
				<width>32</width>
				<height>32</height>
				<onleft>9000</onleft>
				<onright>5999</onright>
				<texturefocus>scroll-down-focus.png</texturefocus>
				<texturenofocus>scroll-down.png</texturenofocus>
				<onclick>Control.Move(5998,-1)</onclick>
			</control>
			<control type="button" id="5999">
				<left>608</left>
				<top>546</top>
				<width>32</width>
				<height>32</height>
				<onleft>6000</onleft>
				<onright>5999</onright>
				<texturefocus>scroll-up-focus.png</texturefocus>
				<texturenofocus>scroll-up.png</texturenofocus>
				<onclick>Control.Move(5998,1)</onclick>
			</control>
			<control type="label">
				<left>80</left>
				<top>546</top>
				<width>546</width>
				<height>30</height>
				<font>apptv25</font>
				<label>$INFO[Container(5998).ListItem.Label]</label>
			</control>
			<control type="list" id="5998">
				<left>58</left>
				<top>180</top>
				<width>600</width>
				<height>350</height>
				<onleft>6000</onleft>
				<onright>6000</onright>
				<onup>6000</onup>
				<ondown>6000</ondown>
				<viewtype label="535">list</viewtype>
				<scrolltime>0</scrolltime>
				<orientation>vertical</orientation>
				<visible>!String.IsEmpty(Window(weather).Property(Map.IsFetched))</visible>
				<itemlayout height="350" width="600">
					<control type="image"><!-- Layer Image -->
						<left>0</left>
						<top>0</top>
						<width>600</width>
						<height>350</height>
						<texture>$INFO[ListItem.Icon]</texture>
						<aspectratio>scale</aspectratio>
					</control>
					<control type="image"><!-- Area Image -->
						<left>0</left>
						<top>0</top>
						<width>600</width>
						<height>350</height>
						<texture>$INFO[ListItem.Property(Layer)]</texture>
						<aspectratio>scale</aspectratio>
						<colordiffuse>70FFFFFF</colordiffuse>
					</control>
					<control type="image"><!-- Legend image -->
						<left>370</left>
						<top>310</top>
						<width>224</width>
						<height>35</height>
						<texture>$INFO[ListItem.Label2]</texture>
					</control>
				</itemlayout>
				<focusedlayout height="350" width="600">
					<control type="image"><!-- Layer Image -->
						<left>0</left>
						<top>0</top>
						<width>600</width>
						<height>350</height>
						<texture>$INFO[ListItem.Icon]</texture>
						<aspectratio>scale</aspectratio>
					</control>
					<control type="image"><!-- Area Image -->
						<left>0</left>
						<top>0</top>
						<width>600</width>
						<height>350</height>
						<texture>$INFO[ListItem.Property(Layer)]</texture>
						<aspectratio>scale</aspectratio>
						<colordiffuse>70FFFFFF</colordiffuse>
					</control>
					<control type="image"><!-- Legend image -->
						<left>370</left>
						<top>310</top>
						<width>224</width>
						<height>35</height>
						<texture>$INFO[ListItem.Label2]</texture>
					</control>
				</focusedlayout>
				<content>
					<item>
						<label>$INFO[Window(weather).Property(Map.1.Heading)]</label>
						<label2>$INFO[Window(weather).Property(Map.1.Legend)]</label2>
						<icon>$INFO[Window(weather).Property(Map.1.Area)]</icon>
						<property name="Layer">$INFO[Window(weather).Property(Map.1.Layer)]</property>
						<onclick>noop</onclick>
						<visible>Weather.IsFetched + !String.IsEmpty(Window(weather).Property(Map.1.Area)) + !String.IsEmpty(Window(weather).Property(Map.IsFetched))</visible>
					</item>
					<item>
						<label>$INFO[Window(weather).Property(Map.2.Heading)]</label>
						<label2>$INFO[Window(weather).Property(Map.2.Legend)]</label2>
						<icon>$INFO[Window(weather).Property(Map.2.Area)]</icon>
						<property name="Layer">$INFO[Window(weather).Property(Map.2.Layer)]</property>
						<onclick>noop</onclick>
						<visible>Weather.IsFetched + !String.IsEmpty(Window.Property(Map.2.Area)) + !String.IsEmpty(Window(weather).Property(Map.IsFetched))</visible>
					</item>
					<item>
						<label>$INFO[Window(weather).Property(Map.3.Heading)]</label>
						<label2>$INFO[Window(weather).Property(Map.3.Legend)]</label2>
						<icon>$INFO[Window(weather).Property(Map.3.Area)]</icon>
						<property name="Layer">$INFO[Window(weather).Property(Map.3.Layer)]</property>
						<onclick>noop</onclick>
						<visible>Weather.IsFetched + !String.IsEmpty(Window(weather).Property(Map.3.Area)) + !String.IsEmpty(Window(weather).Property(Map.IsFetched))</visible>
					</item>
					<item>
						<label>$INFO[Window(weather).Property(Map.4.Heading)]</label>
						<label2>$INFO[Window(weather).Property(Map.4.Legend)]</label2>
						<icon>$INFO[Window(weather).Property(Map.4.Area)]</icon>
						<property name="Layer">$INFO[Window(weather).Property(Map.4.Layer)]</property>
						<onclick>noop</onclick>
						<visible>Weather.IsFetched + !String.IsEmpty(Window(weather).Property(Map.4.Area)) + !String.IsEmpty(Window(weather).Property(Map.IsFetched))</visible>
					</item>
					<item>
						<label>$INFO[Window(weather).Property(Map.5.Heading)]</label>
						<label2>$INFO[Window(weather).Property(Map.5.Legend)]</label2>
						<icon>$INFO[Window(weather).Property(Map.5.Area)]</icon>
						<property name="Layer">$INFO[Window(weather).Property(Map.5.Layer)]</property>
						<onclick>noop</onclick>
						<visible>Weather.IsFetched + !String.IsEmpty(Window(weather).Property(Map.5.Area)) + !String.IsEmpty(Window(weather).Property(Map.IsFetched))</visible>
					</item>
				</content>
			</control>
			<control type="image"><!-- Busy animation (Show if no map has been displayed yet) -->
				<left>326</left>
				<top>322</top>
				<width>64</width>
				<height>64</height>
				<texture>busy.png</texture>
				<aspectratio>keep</aspectratio>
				<animation effect="fade" start="0" end="100" time="100" delay="10000">Visible</animation>
				<animation effect="rotate" start="360" end="0" center="auto" time="5400" loop="true" condition="true">conditional</animation>
				<visible>String.IsEmpty(Container(5998).ListItem.Label)</visible>
			</control>
		</control>
		<control type="group">
			<visible>Skin.HasSetting(weather-alerts) + !String.IsEmpty(Window(weather).Property(Alerts.RSS))</visible><!-- Alerts -->
			<control type="group">
				<control type="image">
					<left>310</left>
					<top>684</top>
					<width>32</width>
					<height>32</height>
					<texture>DefaultIconWarning.png</texture>
				</control>
				<control type="fadelabel">
					<left>344</left>
					<top>686</top>
					<width>540</width>
					<height>24</height>
					<align>left</align>
					<font>apptv22</font>
					<scrollout>false</scrollout>
					<pauseatend>4000</pauseatend>
					<label>[B]$INFO[Window(weather).Property(Alerts)][/B]</label>
					<autoscroll time="3000" delay="10000" repeat="5000">true</autoscroll>
				</control>
			</control>
		</control>
	</include>
</includes>