<?xml version="1.0" encoding="UTF-8"?>
<includes>
	<include name="HorzHomeMenu">
		<control type="group"><!-- Build up home menu shelf image -->
			<control type="image">
				<left>0</left>
				<top>0</top>
				<width>1280</width>
				<height>192</height>
				<texture>background-horzshelfbackdrop.png</texture>
			</control>
			<control type="image">
				<left>0</left>
				<top>192</top>
				<width>1280</width>
				<height>120</height>m
				<texture>background-horzshelf.png</texture>
			</control>
			<control type="image">
				<left>0</left>
				<top>0</top>
				<width>1280</width>
				<height>312</height>
				<texture>menu-mask.png</texture>
			</control>
		</control>

		<include condition="!Skin.HasSetting(home-time)" file="Includes_Shelf.xml">homeshelf-time</include><!-- Show time on home screen -->
		<include condition="Skin.HasSetting(media-overlay)" file="Includes_Shelf.xml">shelf-nowplaying</include><!-- Now Playing -->

		<control type="group" id="9800"><!-- Shelf icons-->
			<control type="group" id="9155"><!-- Movie icons -->
				<visible>Control.HasFocus(9150) | Control.HasFocus(9160) | Control.HasFocus(9180)</visible>
				<control type="group">
					<visible>String.IsEqual(Skin.String(shelf-movieimages),$LOCALIZE[31953]) | !Integer.IsGreater(Container(9160).NumItems,0)</visible>
					<control type="image">
						<left>552</left>
						<top>38</top>
						<width>176</width>
						<height>176</height>
						<texture>DefaultMovies.png</texture>
					</control>
					<control type="image">
						<left>552</left>
						<top>214</top>
						<width>176</width>
						<height>176</height>
						<texture flipy="true" diffuse="mask-fadesqu.png">DefaultMovies.png</texture>
					</control>
				</control>
				<control type="group">
					<visible>!String.IsEqual(Skin.String(shelf-movieimages),$LOCALIZE[31953])</visible>
					<include file="Includes_Shelf.xml">movie-shelficons</include>
				</control>
			</control>

			<control type="group" id="9205"><!-- TV Shows icons -->
				<visible>Control.HasFocus(9200) | Control.HasFocus(9210) | Control.HasFocus(9230)</visible>
				<control type="group">
					<visible>String.IsEqual(Skin.String(shelf-tvshowimages),$LOCALIZE[31953]) | [![Integer.IsGreater(Container(9210).NumItems,0)] + ![String.IsEqual(Skin.String(shelf-tvshowimages),$LOCALIZE[31953])]]</visible>
					<control type="image">
						<left>552</left>
						<top>38</top>
						<width>176</width>
						<height>176</height>
						<texture>DefaultTvshows.png</texture>
					</control>
					<control type="image">
						<left>552</left>
						<top>214</top>
						<width>176</width>
						<height>176</height>
						<texture flipy="true" diffuse="mask-fadesqu.png">DefaultTvshows.png</texture>
					</control>
				</control>
				<control type="group">
					<visible>String.IsEqual(Skin.String(shelf-tvshowimages),$LOCALIZE[31954]) | String.IsEqual(Skin.String(shelf-tvshowimages),$LOCALIZE[31955])</visible>
					<include file="Includes_Shelf.xml">tvshow-shelficons</include>
				</control>
			</control>

			<control type="group" id="9255"><!-- Music icons -->
				<visible>Control.HasFocus(9250) | Control.HasFocus(9260) | Control.HasFocus(9280)</visible>
				<control type="group">
					<visible>String.IsEqual(Skin.String(shelf-musicimages),$LOCALIZE[31953]) | !Integer.IsGreater(Container(9260).NumItems,0)</visible>
					<control type="image">
						<left>552</left>
						<top>38</top>
						<width>176</width>
						<height>176</height>
						<texture>DefaultAudio.png</texture>
					</control>
					<control type="image">
						<left>552</left>
						<top>214</top>
						<width>176</width>
						<height>176</height>
						<texture flipy="true" diffuse="mask-fadesqu.png">DefaultAudio.png</texture>
					</control>
				</control>
				<control type="group">
					<visible>!String.IsEqual(Skin.String(shelf-musicimages),$LOCALIZE[31953])</visible>
					<include file="Includes_Shelf.xml">music-shelficons</include>
				</control>
			</control>

			<control type="group" id="9355"><!-- Addon icons -->
				<visible>Control.HasFocus(9350) | Control.HasFocus(9360) | Control.HasFocus(9380)</visible>
				<control type="group">
					<visible>String.IsEqual(Skin.String(shelf-addonimages),$LOCALIZE[31953]) | !Integer.IsGreater(Container(9360).NumItems,0)</visible>
					<control type="image">
						<left>552</left>
						<top>38</top>
						<width>176</width>
						<height>176</height>
						<texture>DefaultAddon.png</texture>
					</control>
					<control type="image">
						<left>552</left>
						<top>214</top>
						<width>176</width>
						<height>176</height>
						<texture flipy="true" diffuse="mask-fadesqu.png">DefaultAddon.png</texture>
					</control>
				</control>
				<control type="group">
					<visible>!String.IsEqual(Skin.String(shelf-addonimages),$LOCALIZE[31953])</visible>
					<include file="Includes_Shelf.xml">addons-shelficons</include>
				</control>
			</control>

			<control type="group" id="9405"><!-- Weather icons -->
				<visible>Control.HasFocus(9400) | Control.HasFocus(9430)</visible>
				<control type="group">
					<visible>!Weather.IsFetched | String.IsEmpty(Window(weather).Property(Current.Temperature))</visible>
					<control type="image">
						<left>552</left>
						<top>38</top>
						<width>176</width>
						<height>176</height>
						<texture>icon-weather.png</texture>
					</control>
					<control type="image">
						<left>552</left>
						<top>214</top>
						<width>176</width>
						<height>176</height>
						<texture flipy="true" diffuse="mask-fadesqu.png">icon-weather.png</texture>
					</control>
				</control>
				<control type="group">
					<visible>Weather.IsFetched</visible>
					<include condition="!String.IsEmpty(Weather.plugin) + [Skin.HasSetting(home-weather) | Skin.HasSetting(home-currentweather)]" file="Includes_Shelf.xml">ShelfWeather</include>
				</control>
			</control>

			<control type="group" id="9505"><!-- Broadcast icons -->
				<visible>Control.HasFocus(9500) | Control.HasFocus(9510) | Control.HasFocus(9530)</visible>
				<control type="group">
					<visible>String.IsEqual(Skin.String(shelf-broadcastimages),$LOCALIZE[31953]) | [![Integer.IsGreater(Container(9510).NumItems,0)] + ![String.IsEqual(Skin.String(shelf-broadcastimages),$LOCALIZE[31953])]]</visible>
					<control type="image">
						<left>552</left>
						<top>38</top>
						<width>176</width>
						<height>176</height>
						<texture>icon-broadcast.png</texture>
					</control>
					<control type="image">
						<left>552</left>
						<top>214</top>
						<width>176</width>
						<height>176</height>
						<texture flipy="true" diffuse="mask-fadesqu.png">icon-broadcast.png</texture>
					</control>
				</control>
				<control type="group">
					<visible>String.IsEqual(Skin.String(shelf-broadcastimages),$LOCALIZE[31956]) | String.IsEqual(Skin.String(shelf-broadcastimages),$LOCALIZE[31957]) | String.IsEqual(Skin.String(shelf-broadcastimages),$LOCALIZE[31958])</visible>
					<include file="Includes_Shelf.xml">broadcast-shelficons</include>
				</control>
			</control>

			<control type="group"><!-- Default Shelf icons -->
				<visible>![Control.IsVisible(9155) | Control.IsVisible(9205) | Control.IsVisible(9255) | Control.IsVisible(9355) | Control.IsVisible(9405) | Control.IsVisible(9505)] | Control.HasFocus(9810)</visible>
				<control type="image">
					<left>552</left>
					<top>38</top>
					<width>176</width>
					<height>176</height>
					<texture>$VAR[HorzHomeShelfIcon]</texture>
				</control>
				<control type="image">
					<left>552</left>
					<top>214</top>
					<width>176</width>
					<height>176</height>
					<texture flipy="true" diffuse="mask-fadesqu.png">$VAR[HorzHomeShelfIcon]</texture>
				</control>
			</control>
		</control>

		<control type="group"><!-- Main Horizontal menu bar -->
			<control type="image"><!-- Background image for menu area -->
				<left>0</left>
				<top>312</top>
				<width>1280</width>
				<height>408</height>
				<texture>background-horzhome.png</texture>
			</control>
			<control type="image">
				<left>0</left>
				<top>310</top>
				<width>1280</width>
				<height>4</height>
				<texture>separator.png</texture>
			</control>
			<control type="image">
				<left>0</left>
				<top>380</top>
				<width>1280</width>
				<height>4</height>
				<texture>separator.png</texture>
			</control>
		</control>

		<control type="button" id="9810"><!-- Dummy button for mouse control -->
			<left>0</left>
			<top>0</top>
			<width>1280</width>
			<height>720</height>
			<texturefocus>blank.png</texturefocus>
			<texturenofocus>blank.png</texturenofocus>
		</control>
		<control type="image"><!-- Home menu watermark -->
			<left>1100</left>
			<top>592</top>
			<width>128</width>
			<height>128</height>
			<aspectratio aligny="top">keep</aspectratio>
			<texture colordiffuse="UnFocusedPosters" background="true">$INFO[Skin.String(custom-watermark)]</texture>
			<visible>!String.IsEmpty(Skin.String(custom-watermark))</visible>
		</control>

		<control type="button" id="9005"><!-- Play bump sound if user tries to leave menu by undefined direction -->
			<left>-30</left>
			<top>-30</top>
			<width>1</width>
			<height>1</height>
			<onfocus>SetFocus(9000)</onfocus>
			<onfocus>ActivateWindow(1157)</onfocus>
		</control>
		<control type="button" id="9050"><!-- Play bump sound if user tries to leave Movie shelf by undefined direction -->
			<left>-40</left>
			<top>-40</top>
			<width>1</width>
			<height>1</height>
			<onfocus>SetFocus(9160)</onfocus>
			<onfocus>ActivateWindow(1157)</onfocus>
		</control>
		<control type="button" id="9052"><!-- Play bump sound if user tries to leave TV shelf by undefined direction -->
			<left>-50</left>
			<top>-50</top>
			<width>1</width>
			<height>1</height>
			<onfocus>SetFocus(9210)</onfocus>
			<onfocus>ActivateWindow(1157)</onfocus>
		</control>
		<control type="button" id="9054"><!-- Play bump sound if user tries to leave Music shelf by undefined direction -->
			<left>-60</left>
			<top>-60</top>
			<width>1</width>
			<height>1</height>
			<onfocus>SetFocus(9260)</onfocus>
			<onfocus>ActivateWindow(1157)</onfocus>
		</control>
		<control type="button" id="9056"><!-- Play bump sound if user tries to leave Addons shelf by undefined direction -->
			<left>-70</left>
			<top>-70</top>
			<width>1</width>
			<height>1</height>
			<onfocus>SetFocus(9360)</onfocus>
			<onfocus>ActivateWindow(1157)</onfocus>
		</control>
		<control type="button" id="9058"><!-- Play bump sound if user tries to leave Broadcast shelf by undefined direction -->
			<left>-80</left>
			<top>-80</top>
			<width>1</width>
			<height>1</height>
			<onfocus>SetFocus(9510)</onfocus>
			<onfocus>ActivateWindow(1157)</onfocus>
		</control>

		<control type="group"><!-- Markers for off screen menu bar items -->
			<control type="image">
				<left>0</left>
				<top>342</top>
				<height>16</height>
				<width>16</width>
				<texture>scroll-left.png</texture>
				<visible>Container(9000).HasPrevious</visible>
			</control>
			<control type="image">
				<left>1264</left>
				<top>342</top>
				<height>16</height>
				<width>16</width>
				<texture>scroll-right.png</texture>
				<visible>Container(9000).HasNext</visible>
			</control>
		</control>

		<control type="grouplist" id="9000"><!-- Home Sub menus -->
			<left>10</left>
			<top>314</top>
			<width>1260</width>
			<height>352</height>
			<itemgap>0</itemgap>
			<orientation>horizontal</orientation>
			<align>center</align>
			<control type="group" id="9120"><!-- Video sub menu -->
				<visible>!Skin.HasSetting(home-video)</visible>
				<width>210</width>
				<control type="button" id="9130"><!-- Dummy button for mouse control -->
					<left>0</left>
					<top>0</top>
					<width>210</width>
					<height>352</height>
					<texturefocus>blank.png</texturefocus>
					<texturenofocus>blank.png</texturenofocus>
					<onup>9005</onup>
					<ondown>9100</ondown>
					<onleft>9005</onleft>
					<onright>9150</onright>
				</control>
				<control type="group">
					<visible>Control.HasFocus(9100) | Control.HasFocus(9130)</visible>
					<control type="image"><!-- Menu Heading Hilite-->
						<left>0</left>
						<top>0</top>
						<width>210</width>
						<height>68</height>
						<texture>menu-focus.png</texture>
					</control>
					<control type="group"><!-- Markers for control area items -->
						<control type="image">
							<left>96</left>
							<top>68</top>
							<height>16</height>
							<width>16</width>
							<texture>scroll-up.png</texture>
							<visible>Container(9100).HasPrevious</visible>
						</control>
						<control type="image">
							<left>96</left>
							<top>336</top>
							<height>16</height>
							<width>16</width>
							<texture>scroll-down.png</texture>
							<visible>Container(9100).HasNext</visible>
						</control>
					</control>
				</control>
				<control type="label"><!-- Menu Heading -->
					<left>0</left>
					<top>17</top>
					<width>210</width>
					<height>32</height>
					<font>apptv30</font>
					<align>center</align>
					<label>$INFO[Container(9100).ListItem.Label2]</label>
					<animation condition="Control.HasFocus(9160) | Control.HasFocus(9210) | Control.HasFocus(9260) | Control.HasFocus(9360)" effect="fade" start="100" end="65">Conditional</animation>
				</control>
				<control type="list" id="9100">
					<animation condition="!Control.HasFocus(9100) + !Control.HasFocus(9130)" effect="fade" start="100" end="0" reversible="true">Conditional</animation>
					<left>0</left>
					<top>84</top>
					<width>210</width>
					<height>252</height>
					<onup>9005</onup>
					<ondown>9005</ondown>
					<onleft>9005</onleft>
					<onright>9150</onright>
					<viewtype label="31941">List</viewtype>
					<itemlayout height="42" width="210">
						<control type="label">
							<left>8</left>
							<top>8</top>
							<width>194</width>
							<height>22</height>
							<font>apptv22</font>
							<align>center</align>
							<label>$INFO[ListItem.Label]</label>
							<include condition="Skin.HasSetting(text-autoscroll)">scrolltext</include>
						</control>
					</itemlayout>
					<focusedlayout height="42" width="210">
						<control type="image">
							<left>0</left>
							<top>0</top>
							<width>210</width>
							<height>42</height>
							<texture border="6">button-default-focus.png</texture>
						</control>
						<control type="label">
							<left>8</left>
							<top>8</top>
							<width>194</width>
							<height>22</height>
							<font>apptv22</font>
							<align>center</align>
							<label>$INFO[ListItem.Label]</label>
							<include condition="Skin.HasSetting(text-autoscroll)">scrolltext</include>
						</control>
					</focusedlayout>
					<content>
						<item><!-- Files -->
							<label>$LOCALIZE[744]</label>
							<label2>$LOCALIZE[3]</label2>
							<onclick>ActivateWindow(videos,Files,return)</onclick>
						</item>
						<item><!-- Library root -->
							<label>$LOCALIZE[14022]</label>
							<label2>$LOCALIZE[3]</label2>
							<onclick>ActivateWindow(videos,Root,return)</onclick>
						</item>
						<item><!-- Movies -->
							<visible>Library.HasContent(movies)</visible>
							<label>$LOCALIZE[342]</label>
							<label2>$LOCALIZE[3]</label2>
							<onclick>ActivateWindow(videos,Movies,return)</onclick>
						</item>
						<item><!-- TV shows -->
							<visible>Library.HasContent(tvShows)</visible>
							<label>$LOCALIZE[20343]</label>
							<label2>$LOCALIZE[3]</label2>
							<onclick>ActivateWindow(videos,TVShows,return)</onclick>
						</item>
						<item><!-- Music videos -->
							<visible>Library.HasContent(MusicVideos)</visible>
							<label>$LOCALIZE[20389]</label>
							<label2>$LOCALIZE[3]</label2>
							<onclick>ActivateWindow(videos,MusicVideos,return)</onclick>
						</item>
						<item><!-- Addons -->
							<label>$LOCALIZE[24001]</label>
							<label2>$LOCALIZE[3]</label2>
							<onclick>ActivateWindow(videos,Addons,return)</onclick>
						</item>
					</content>
				</control>
			</control>
			<control type="group" id="9170"><!-- Movie sub menu -->
				<visible>!Skin.HasSetting(home-movie) | !String.IsEmpty(Skin.String(CustomMovies.1.Path)) | !String.IsEmpty(Skin.String(CustomMovies.2.Path)) | !String.IsEmpty(Skin.String(CustomMovies.3.Path)) | !String.IsEmpty(Skin.String(CustomMovies.4.Path)) | !String.IsEmpty(Skin.String(CustomMovies.5.Path))</visible>
				<width>210</width>
				<control type="button" id="9180"><!-- Dummy button for mouse control -->
					<left>0</left>
					<top>0</top>
					<width>210</width>
					<height>345</height>
					<texturefocus>blank.png</texturefocus>
					<texturenofocus>blank.png</texturenofocus>
					<onup>9155</onup>
					<ondown>9150</ondown>
					<onleft>9100</onleft>
					<onright>9200</onright>
				</control>
				<control type="group">
					<visible>Control.HasFocus(9150) | Control.HasFocus(9160) | Control.HasFocus(9180)</visible>
					<control type="image"><!-- Menu Heading Hilite-->
						<left>0</left>
						<top>0</top>
						<width>210</width>
						<height>68</height>
						<texture>menu-focus.png</texture>
						<animation condition="Control.HasFocus(9160)" effect="fade" start="100" end="65">Conditional</animation>
					</control>
					<control type="group"><!-- Markers for control area items -->
						<control type="image">
							<left>96</left>
							<top>68</top>
							<height>16</height>
							<width>16</width>
							<texture>scroll-up.png</texture>
							<visible>Container(9150).HasPrevious | Integer.IsGreater(Container(9160).NumItems,0)</visible>
						</control>
						<control type="image">
							<left>96</left>
							<top>336</top>
							<height>16</height>
							<width>16</width>
							<texture>scroll-down.png</texture>
							<visible>Container(9150).HasNext</visible>
						</control>
					</control>
				</control>
				<control type="label"><!-- Menu Heading -->
					<left>0</left>
					<top>17</top>
					<width>210</width>
					<height>32</height>
					<font>apptv30</font>
					<align>center</align>
					<label>$INFO[Container(9150).ListItem.Label2]</label>
					<animation condition="Control.HasFocus(9210) | Control.HasFocus(9260) | Control.HasFocus(9360)" effect="fade" start="100" end="65">Conditional</animation>
				</control>
				<control type="list" id="9150">
					<animation condition="!Control.HasFocus(9150) + !Control.HasFocus(9160) + !Control.HasFocus(9180)" effect="fade" start="100" end="0" reversible="true">Conditional</animation>
					<animation condition="Control.HasFocus(9160)" effect="fade" start="100" end="65" reversible="true">Conditional</animation>
					<left>0</left>
					<top>84</top>
					<width>210</width>
					<height>252</height>
					<onup>9155</onup>
					<ondown>9005</ondown>
					<onleft>9100</onleft>
					<onright>9200</onright>
					<viewtype label="31941">list</viewtype>
					<itemlayout height="42" width="210">
						<control type="label">
							<left>8</left>
							<top>8</top>
							<width>194</width>
							<height>22</height>
							<font>apptv22</font>
							<align>center</align>
							<label>$INFO[ListItem.Label]</label>
							<include condition="Skin.HasSetting(text-autoscroll)">scrolltext</include>
						</control>
					</itemlayout>
					<focusedlayout height="42" width="210">
						<control type="image">
							<left>0</left>
							<top>0</top>
							<width>210</width>
							<height>42</height>
							<texture border="6">button-default-focus.png</texture>
						</control>
						<control type="label">
							<left>8</left>
							<top>8</top>
							<width>194</width>
							<height>22</height>
							<font>apptv22</font>
							<align>center</align>
							<label>$INFO[ListItem.Label]</label>
							<include condition="Skin.HasSetting(text-autoscroll)">scrolltext</include>
						</control>
					</focusedlayout>
					<content>
						<item><!-- Movies -->
							<visible>!Skin.HasSetting(home-movie)</visible>
							<label>$LOCALIZE[31026]</label>
							<label2>$LOCALIZE[20338]</label2>
							<onclick>$VAR[MovieLibEntry]</onclick>
						</item>
						<item><!-- Custom Movie 1 -->
							<visible>!String.IsEmpty(Skin.String(CustomMovies.1.Path))</visible>
							<label>$INFO[Skin.String(CustomMovies.1.Label)]</label>
							<label2>$LOCALIZE[20338]</label2>
							<onclick>$INFO[Skin.String(CustomMovies.1.Path)]</onclick>
						</item>
						<item><!-- Custom Movie 2 -->
							<visible>!String.IsEmpty(Skin.String(CustomMovies.2.Path))</visible>
							<label>$INFO[Skin.String(CustomMovies.2.Label)]</label>
							<label2>$LOCALIZE[20338]</label2>
							<onclick>$INFO[Skin.String(CustomMovies.2.Path)]</onclick>
						</item>
						<item><!-- Custom Movie 3 -->
							<visible>!String.IsEmpty(Skin.String(CustomMovies.3.Path))</visible>
							<label>$INFO[Skin.String(CustomMovies.3.Label)]</label>
							<label2>$LOCALIZE[20338]</label2>
							<onclick>$INFO[Skin.String(CustomMovies.3.Path)]</onclick>
						</item>
						<item><!-- Custom Movie 4 -->
							<visible>!String.IsEmpty(Skin.String(CustomMovies.4.Path))</visible>
							<label>$INFO[Skin.String(CustomMovies.4.Label)]</label>
							<label2>$LOCALIZE[20338]</label2>
							<onclick>$INFO[Skin.String(CustomMovies.4.Path)]</onclick>
						</item>
						<item><!-- Custom Movie 5 -->
							<visible>!String.IsEmpty(Skin.String(CustomMovies.5.Path))</visible>
							<label>$INFO[Skin.String(CustomMovies.5.Label)]</label>
							<label2>$LOCALIZE[20338]</label2>
							<onclick>$INFO[Skin.String(CustomMovies.5.Path)]</onclick>
						</item>
						<item><!-- Video addons -->
							<label>$LOCALIZE[24001]</label>
							<label2>$LOCALIZE[20338]</label2>
							<onclick>ActivateWindow(Videos,Addons,return)</onclick>
						</item>
					</content>
				</control>
			</control>
			<control type="group" id="9220"><!-- TV Shows sub menu -->
				<visible>!Skin.HasSetting(home-tvshows) | !String.IsEmpty(Skin.String(CustomTVShow.1.Path)) | !String.IsEmpty(Skin.String(CustomTVShow.2.Path)) | !String.IsEmpty(Skin.String(CustomTVShow.3.Path)) | !String.IsEmpty(Skin.String(CustomTVShow.4.Path)) | !String.IsEmpty(Skin.String(CustomTVShow.5.Path))</visible>
				<width>210</width>
				<control type="button" id="9230"><!-- Dummy button for mouse control -->
					<left>0</left>
					<top>0</top>
					<width>210</width>
					<height>345</height>
					<texturefocus>blank.png</texturefocus>
					<texturenofocus>blank.png</texturenofocus>
					<onup>9205</onup>
					<ondown>9200</ondown>
					<onleft>9150</onleft>
					<onright>9500</onright>
				</control>
				<control type="group">
					<visible>Control.HasFocus(9200) | Control.HasFocus(9210) | Control.HasFocus(9230)</visible>
					<control type="image"><!-- Menu Heading Hilite-->
						<left>0</left>
						<top>0</top>
						<width>210</width>
						<height>68</height>
						<texture>menu-focus.png</texture>
						<animation condition="Control.HasFocus(9210)" effect="fade" start="100" end="65">Conditional</animation>
					</control>
					<control type="group"><!-- Markers for control area items -->
						<control type="image">
							<left>96</left>
							<top>68</top>
							<height>16</height>
							<width>16</width>
							<texture>scroll-up.png</texture>
							<visible>Container(9200).HasPrevious | Integer.IsGreater(Container(9210).NumItems,0)</visible>
						</control>
						<control type="image">
							<left>96</left>
							<top>336</top>
							<height>16</height>
							<width>16</width>
							<texture>scroll-down.png</texture>
							<visible>Container(9200).HasNext</visible>
						</control>
					</control>
				</control>
				<control type="label"><!-- Menu Heading -->
					<left>0</left>
					<top>17</top>
					<width>210</width>
					<height>32</height>
					<font>apptv30</font>
					<align>center</align>
					<label>$INFO[Container(9200).ListItem.Label2]</label>
					<animation condition="Control.HasFocus(9160) | Control.HasFocus(9260) | Control.HasFocus(9360)" effect="fade" start="100" end="65">Conditional</animation>
				</control>
				<control type="list" id="9200">
					<animation condition="!Control.HasFocus(9200) + !Control.HasFocus(9210) + !Control.HasFocus(9230)" effect="fade" start="100" end="0" reversible="true">Conditional</animation>
					<animation condition="Control.HasFocus(9210)" effect="fade" start="100" end="65" reversible="true">Conditional</animation>
					<left>0</left>
					<top>84</top>
					<width>210</width>
					<height>252</height>
					<onup>9205</onup>
					<ondown>9005</ondown>
					<onleft>9150</onleft>
					<onright>9500</onright>
					<viewtype label="31941">list</viewtype>
					<itemlayout height="42" width="210">
						<control type="label">
							<left>8</left>
							<top>8</top>
							<width>194</width>
							<height>22</height>
							<font>apptv22</font>
							<align>center</align>
							<label>$INFO[ListItem.Label]</label>
							<include condition="Skin.HasSetting(text-autoscroll)">scrolltext</include>
						</control>
					</itemlayout>
					<focusedlayout height="42" width="210">
						<control type="image">
							<left>0</left>
							<top>0</top>
							<width>210</width>
							<height>42</height>
							<texture border="6">button-default-focus.png</texture>
						</control>
						<control type="label">
							<left>8</left>
							<top>8</top>
							<width>194</width>
							<height>22</height>
							<font>apptv22</font>
							<align>center</align>
							<label>$INFO[ListItem.Label]</label>
							<include condition="Skin.HasSetting(text-autoscroll)">scrolltext</include>
						</control>
					</focusedlayout>
					<content>
						<item><!-- TV shows library -->
							<visible>!Skin.HasSetting(home-tvshows)</visible>
							<label>$LOCALIZE[31027]</label>
							<label2>$LOCALIZE[31027]</label2>
							<onclick>$VAR[TVLibEntry]</onclick>
						</item>
						<item><!-- Custom TV Shows 1 -->
							<visible>!String.IsEmpty(Skin.String(CustomTVShow.1.Path))</visible>
							<label>$INFO[Skin.String(CustomTVShow.1.Label)]</label>
							<label2>$LOCALIZE[31027]</label2>
							<onclick>$INFO[Skin.String(CustomTVShow.1.Path)]</onclick>
						</item>
						<item><!-- Custom TV Shows 2 -->
							<visible>!String.IsEmpty(Skin.String(CustomTVShow.2.Path))</visible>
							<label>$INFO[Skin.String(CustomTVShow.2.Label)]</label>
							<label2>$LOCALIZE[31027]</label2>
							<onclick>$INFO[Skin.String(CustomTVShow.2.Path)]</onclick>
						</item>
						<item><!-- Custom TV Shows 3 -->
							<visible>!String.IsEmpty(Skin.String(CustomTVShow.3.Path))</visible>
							<label>$INFO[Skin.String(CustomTVShow.3.Label)]</label>
							<label2>$LOCALIZE[31027]</label2>
							<onclick>$INFO[Skin.String(CustomTVShow.3.Path)]</onclick>
						</item>
						<item><!-- Custom TV Shows 4 -->
							<visible>!String.IsEmpty(Skin.String(CustomTVShow.4.Path))</visible>
							<label>$INFO[Skin.String(CustomTVShow.4.Label)]</label>
							<label2>$LOCALIZE[31027]</label2>
							<onclick>$INFO[Skin.String(CustomTVShow.4.Path)]</onclick>
						</item>
						<item><!-- Custom TV Shows 5 -->
							<visible>!String.IsEmpty(Skin.String(CustomTVShow.5.Path))</visible>
							<label>$INFO[Skin.String(CustomTVShow.5.Label)]</label>
							<label2>$LOCALIZE[31027]</label2>
							<onclick>$INFO[Skin.String(CustomTVShow.5.Path)]</onclick>
						</item>
						<item><!-- Video addons -->
							<label>$LOCALIZE[24001]</label>
							<label2>$LOCALIZE[31027]</label2>
							<onclick>ActivateWindow(Videos,Addons,return)</onclick>
						</item>
					</content>
				</control>
			</control>
			<control type="group" id="9520"><!-- Broadcast sub menu -->
				<visible>[Pvr.HasTVChannels] | [Pvr.HasRadioChannels] | !String.IsEmpty(Skin.String(CustomTV.1.Path)) | !String.IsEmpty(Skin.String(CustomTV.2.Path)) | !String.IsEmpty(Skin.String(CustomTV.3.Path)) | !String.IsEmpty(Skin.String(CustomTV.4.Path)) | !String.IsEmpty(Skin.String(CustomTV.5.Path)) | !String.IsEmpty(Skin.String(CustomRadio.1.Path)) | !String.IsEmpty(Skin.String(CustomRadio.2.Path)) | !String.IsEmpty(Skin.String(CustomRadio.3.Path)) | !String.IsEmpty(Skin.String(CustomRadio.4.Path)) | !String.IsEmpty(Skin.String(CustomRadio.5.Path))</visible>
				<width>210</width>
				<control type="button" id="9530"><!-- Dummy button for mouse control -->
					<left>0</left>
					<top>0</top>
					<width>210</width>
					<height>345</height>
					<texturefocus>blank.png</texturefocus>
					<texturenofocus>blank.png</texturenofocus>
					<onup>9505</onup>
					<ondown>9500</ondown>
					<onleft>9200</onleft>
					<onright>9250</onright>
				</control>
				<control type="group">
					<visible>Control.HasFocus(9500) | Control.HasFocus(9510) | Control.HasFocus(9530)</visible>
					<control type="image"><!-- Menu Heading Hilite-->
						<left>0</left>
						<top>0</top>
						<width>210</width>
						<height>68</height>
						<texture>menu-focus.png</texture>
						<animation condition="Control.HasFocus(9510)" effect="fade" start="100" end="65">Conditional</animation>
					</control>
					<control type="group"><!-- Markers for control area items -->
						<control type="image">
							<left>96</left>
							<top>68</top>
							<height>16</height>
							<width>16</width>
							<texture>scroll-up.png</texture>
							<visible>Container(9500).HasPrevious | Integer.IsGreater(Container(9510).NumItems,0)</visible>
						</control>
						<control type="image">
							<left>96</left>
							<top>336</top>
							<height>16</height>
							<width>16</width>
							<texture>scroll-down.png</texture>
							<visible>Container(9500).HasNext</visible>
						</control>
					</control>
				</control>
				<control type="label"><!-- Menu Heading -->
					<left>0</left>
					<top>17</top>
					<width>210</width>
					<height>32</height>
					<font>apptv30</font>
					<align>center</align>
					<label>$INFO[Container(9500).ListItem.Label2]</label>
					<animation condition="Control.HasFocus(9160) | Control.HasFocus(9260) | Control.HasFocus(9360)" effect="fade" start="100" end="65">Conditional</animation>
				</control>
				<control type="list" id="9500">
					<animation condition="!Control.HasFocus(9500) + !Control.HasFocus(9510) + !Control.HasFocus(9530)" effect="fade" start="100" end="0" reversible="true">Conditional</animation>
					<animation condition="Control.HasFocus(9510)" effect="fade" start="100" end="65" reversible="true">Conditional</animation>
					<left>0</left>
					<top>84</top>
					<width>210</width>
					<height>252</height>
					<onup>9505</onup>
					<ondown>9005</ondown>
					<onleft>9200</onleft>
					<onright>9550</onright>
					<viewtype label="31941">list</viewtype>
					<itemlayout height="42" width="210">
						<control type="label">
							<left>8</left>
							<top>8</top>
							<width>194</width>
							<height>22</height>
							<font>apptv22</font>
							<align>center</align>
							<label>$INFO[ListItem.Label]</label>
							<include condition="Skin.HasSetting(text-autoscroll)">scrolltext</include>
						</control>
					</itemlayout>
					<focusedlayout height="42" width="210">
						<control type="image">
							<left>0</left>
							<top>0</top>
							<width>210</width>
							<height>42</height>
							<texture border="6">button-default-focus.png</texture>
						</control>
						<control type="label">
							<left>8</left>
							<top>8</top>
							<width>194</width>
							<height>22</height>
							<font>apptv22</font>
							<align>center</align>
							<label>$INFO[ListItem.Label]</label>
							<include condition="Skin.HasSetting(text-autoscroll)">scrolltext</include>
						</control>
					</focusedlayout>
					<content>
						<item><!-- Live TV -->
							<visible>Pvr.HasTVChannels</visible>
							<label>$LOCALIZE[19020]</label>
							<label2>$LOCALIZE[31031]</label2>
							<onclick>$VAR[TVEntry]</onclick>
						</item>
						<item><!-- Custom TV 1 -->
							<visible>!String.IsEmpty(Skin.String(CustomTV.1.Path))</visible>
							<label>$INFO[Skin.String(CustomTV.1.Label)]</label>
							<label2>$LOCALIZE[31031]</label2>
							<onclick>$INFO[Skin.String(CustomTV.1.Path)]</onclick>
						</item>
						<item><!-- Custom TV 2 -->
							<visible>!String.IsEmpty(Skin.String(CustomTV.2.Path))</visible>
							<label>$INFO[Skin.String(CustomTV.2.Label)]</label>
							<label2>$LOCALIZE[31031]</label2>
							<onclick>$INFO[Skin.String(CustomTV.2.Path)]</onclick>
						</item>
						<item><!-- Custom TV 3 -->
							<visible>!String.IsEmpty(Skin.String(CustomTV.3.Path))</visible>
							<label>$INFO[Skin.String(CustomTV.3.Label)]</label>
							<label2>$LOCALIZE[31031]</label2>
							<onclick>$INFO[Skin.String(CustomTV.3.Path)]</onclick>
						</item>
						<item><!-- Custom TV 4 -->
							<visible>!String.IsEmpty(Skin.String(CustomTV.4.Path))</visible>
							<label>$INFO[Skin.String(CustomTV.4.Label)]</label>
							<label2>$LOCALIZE[31031]</label2>
							<onclick>$INFO[Skin.String(CustomTV.4.Path)]</onclick>
						</item>
						<item><!-- Custom TV 5 -->
							<visible>!String.IsEmpty(Skin.String(CustomTV.5.Path))</visible>
							<label>$INFO[Skin.String(CustomTV.5.Label)]</label>
							<label2>$LOCALIZE[31031]</label2>
							<onclick>$INFO[Skin.String(CustomTV.5.Path)]</onclick>
						</item>
						<item><!-- Live Radio -->
							<visible>Pvr.HasRadioChannels</visible>
							<label>$LOCALIZE[19021]</label>
							<label2>$LOCALIZE[31031]</label2>
							<onclick>$VAR[RadioEntry]</onclick>
						</item>
						<item><!-- Custom Radio 1 -->
							<visible>!String.IsEmpty(Skin.String(CustomRadio.1.Path))</visible>
							<label>$INFO[Skin.String(CustomRadio.1.Label)]</label>
							<label2>$LOCALIZE[31031]</label2>
							<onclick>$INFO[Skin.String(CustomRadio.1.Path)]</onclick>
						</item>
						<item><!-- Custom Radio 2 -->
							<visible>!String.IsEmpty(Skin.String(CustomRadio.2.Path))</visible>
							<label>$INFO[Skin.String(CustomRadio.2.Label)]</label>
							<label2>$LOCALIZE[31031]</label2>
							<onclick>$INFO[Skin.String(CustomRadio.2.Path)]</onclick>
						</item>
						<item><!-- Custom Radio 3 -->
							<visible>!String.IsEmpty(Skin.String(CustomRadio.3.Path))</visible>
							<label>$INFO[Skin.String(CustomRadio.3.Label)]</label>
							<label2>$LOCALIZE[31031]</label2>
							<onclick>$INFO[Skin.String(CustomRadio.3.Path)]</onclick>
						</item>
						<item><!-- Custom Radio 4 -->
							<visible>!String.IsEmpty(Skin.String(CustomRadio.4.Path))</visible>
							<label>$INFO[Skin.String(CustomRadio.4.Label)]</label>
							<label2>$LOCALIZE[31031]</label2>
							<onclick>$INFO[Skin.String(CustomRadio.4.Path)]</onclick>
						</item>
						<item><!-- Custom Radio 5 -->
							<visible>!String.IsEmpty(Skin.String(CustomRadio.5.Path))</visible>
							<label>$INFO[Skin.String(CustomRadio.5.Label)]</label>
							<label2>$LOCALIZE[31031]</label2>
							<onclick>$INFO[Skin.String(CustomRadio.5.Path)]</onclick>
						</item>
					</content>
				</control>
			</control>
			<control type="group" id="9570"><!-- Favourites sub menu -->
				<visible>Skin.HasSetting(home-favorites) | !String.IsEmpty(Skin.String(CustomFav.1.Path)) | !String.IsEmpty(Skin.String(CustomFav.2.Path)) | !String.IsEmpty(Skin.String(CustomFav.3.Path)) | !String.IsEmpty(Skin.String(CustomFav.4.Path)) | !String.IsEmpty(Skin.String(CustomFav.5.Path))</visible>
				<width>210</width>
				<control type="button" id="9580"><!-- Dummy button for mouse control -->
					<left>0</left>
					<top>0</top>
					<width>210</width>
					<height>345</height>
					<texturefocus>blank.png</texturefocus>
					<texturenofocus>blank.png</texturenofocus>
					<onup>9005</onup>
					<ondown>9550</ondown>
					<onleft>9500</onleft>
					<onright>9250</onright>
				</control>
				<control type="group">
					<visible>Control.HasFocus(9550) | Control.HasFocus(9580)</visible>
					<control type="image"><!-- Menu Heading Hilite-->
						<left>0</left>
						<top>0</top>
						<width>210</width>
						<height>68</height>
						<texture>menu-focus.png</texture>
					</control>
					<control type="group"><!-- Markers for control area items -->
						<control type="image">
							<left>96</left>
							<top>68</top>
							<height>16</height>
							<width>16</width>
							<texture>scroll-up.png</texture>
							<visible>Container(9550).HasPrevious | Integer.IsGreater(Container(9580).NumItems,0)</visible>
						</control>
						<control type="image">
							<left>96</left>
							<top>336</top>
							<height>16</height>
							<width>16</width>
							<texture>scroll-down.png</texture>
							<visible>Container(9550).HasNext</visible>
						</control>
					</control>
				</control>
				<control type="label"><!-- Menu Heading -->
					<left>0</left>
					<top>17</top>
					<width>210</width>
					<height>32</height>
					<font>apptv30</font>
					<align>center</align>
					<label>$VAR[CustomFavHeading]</label>
					<animation condition="Control.HasFocus(9160) | Control.HasFocus(9210) | Control.HasFocus(9260) | Control.HasFocus(9360)" effect="fade" start="100" end="65">Conditional</animation>
				</control>
				<control type="list" id="9550">
					<animation condition="!Control.HasFocus(9550) + !Control.HasFocus(9580)" effect="fade" start="100" end="0" reversible="true">Conditional</animation>
					<left>0</left>
					<top>84</top>
					<width>210</width>
					<height>252</height>
					<onup>9005</onup>
					<ondown>9005</ondown>
					<onleft>9500</onleft>
					<onright>9250</onright>
					<viewtype label="31941">list</viewtype>
					<itemlayout height="42" width="210">
						<control type="label">
							<left>8</left>
							<top>8</top>
							<width>194</width>
							<height>22</height>
							<font>apptv22</font>
							<align>center</align>
							<label>$INFO[ListItem.Label]</label>
							<include condition="Skin.HasSetting(text-autoscroll)">scrolltext</include>
						</control>
					</itemlayout>
					<focusedlayout height="42" width="210">
						<control type="image">
							<left>0</left>
							<top>0</top>
							<width>210</width>
							<height>42</height>
							<texture border="6">button-default-focus.png</texture>
						</control>
						<control type="label">
							<left>8</left>
							<top>8</top>
							<width>194</width>
							<height>22</height>
							<font>apptv22</font>
							<align>center</align>
							<label>$INFO[ListItem.Label]</label>
							<include condition="Skin.HasSetting(text-autoscroll)">scrolltext</include>
						</control>
					</focusedlayout>
					<content>
						<item><!-- Favourites -->
							<visible>Skin.HasSetting(home-favorites)</visible>
							<label>$LOCALIZE[1036]</label>
							<label2>$LOCALIZE[31031]</label2>
							<onclick>ActivateWindow(favourites,,return)</onclick>
						</item>
						<item><!-- Custom Favourite 1 -->
							<visible>!String.IsEmpty(Skin.String(CustomFav.1.Path))</visible>
							<label>$INFO[Skin.String(CustomFav.1.Label)]</label>
							<label2>$LOCALIZE[31031]</label2>
							<onclick>$INFO[Skin.String(CustomFav.1.Path)]</onclick>
						</item>
						<item><!-- Custom Favourite 2 -->
							<visible>!String.IsEmpty(Skin.String(CustomFav.2.Path))</visible>
							<label>$INFO[Skin.String(CustomFav.2.Label)]</label>
							<label2>$LOCALIZE[31031]</label2>
							<onclick>$INFO[Skin.String(CustomFav.2.Path)]</onclick>
						</item>
						<item><!-- Custom Favourite 3 -->
							<visible>!String.IsEmpty(Skin.String(CustomFav.3.Path))</visible>
							<label>$INFO[Skin.String(CustomFav.3.Label)]</label>
							<label2>$LOCALIZE[31031]</label2>
							<onclick>$INFO[Skin.String(CustomFav.3.Path)]</onclick>
						</item>
						<item><!-- Custom Favourite 4 -->
							<visible>!String.IsEmpty(Skin.String(CustomFav.4.Path))</visible>
							<label>$INFO[Skin.String(CustomFav.4.Label)]</label>
							<label2>$LOCALIZE[31031]</label2>
							<onclick>$INFO[Skin.String(CustomFav.4.Path)]</onclick>
						</item>
						<item><!-- Custom Favourite 5 -->
							<visible>!String.IsEmpty(Skin.String(CustomFav.5.Path))</visible>
							<label>$INFO[Skin.String(CustomFav.5.Label)]</label>
							<label2>$LOCALIZE[31031]</label2>
							<onclick>$INFO[Skin.String(CustomFav.5.Path)]</onclick>
						</item>
					</content>
				</control>
			</control>
			<control type="group" id="9270"><!-- Music Sub menu -->
				<visible>!Skin.HasSetting(home-music) | Skin.HasSetting(home-musicvideo) | !String.IsEmpty(Skin.String(CustomMusic.1.Path)) | !String.IsEmpty(Skin.String(CustomMusic.2.Path)) | !String.IsEmpty(Skin.String(CustomMusic.3.Path)) | !String.IsEmpty(Skin.String(CustomMusic.4.Path)) | !String.IsEmpty(Skin.String(CustomMusic.5.Path))</visible>
				<width>210</width>
				<control type="button" id="9280"><!-- Dummy button for mouse control -->
					<left>0</left>
					<top>0</top>
					<width>210</width>
					<height>345</height>
					<texturefocus>blank.png</texturefocus>
					<texturenofocus>blank.png</texturenofocus>
					<onup>9255</onup>
					<ondown>9250</ondown>
					<onleft>9550</onleft>
					<onright>9300</onright>
				</control>
				<control type="group">
					<visible>Control.HasFocus(9250) | Control.HasFocus(9260) | Control.HasFocus(9280)</visible>
					<control type="image"><!-- Menu Heading Hilite-->
						<left>0</left>
						<top>0</top>
						<width>210</width>
						<height>68</height>
						<texture>menu-focus.png</texture>
						<animation condition="Control.HasFocus(9260)" effect="fade" start="100" end="65">Conditional</animation>
					</control>
					<control type="group"><!-- Markers for control area items -->
						<control type="image">
							<left>96</left>
							<top>68</top>
							<height>16</height>
							<width>16</width>
							<texture>scroll-up.png</texture>
							<visible>Container(9250).HasPrevious | Integer.IsGreater(Container(9260).NumItems,0)</visible>
						</control>
						<control type="image">
							<left>96</left>
							<top>336</top>
							<height>16</height>
							<width>16</width>
							<texture>scroll-down.png</texture>
							<visible>Container(9250).HasNext</visible>
						</control>
					</control>
				</control>
				<control type="label"><!-- Menu Heading -->
					<left>0</left>
					<top>17</top>
					<width>210</width>
					<height>32</height>
					<font>apptv30</font>
					<align>center</align>
					<label>$INFO[Container(9250).ListItem.Label2]</label>
					<animation condition="Control.HasFocus(9160) | Control.HasFocus(9210) | Control.HasFocus(9360)" effect="fade" start="100" end="65">Conditional</animation>
				</control>
				<control type="list" id="9250">
					<animation condition="!Control.HasFocus(9250) + !Control.HasFocus(9260) + !Control.HasFocus(9280)" effect="fade" start="100" end="0" reversible="true">Conditional</animation>
					<animation condition="Control.HasFocus(9260)" effect="fade" start="100" end="65" reversible="true">Conditional</animation>
					<left>0</left>
					<top>84</top>
					<width>210</width>
					<height>252</height>
					<onup>9255</onup>
					<ondown>9005</ondown>
					<onleft>9550</onleft>
					<onright>9300</onright>
					<viewtype label="31941">list</viewtype>
					<itemlayout height="42" width="210">
						<control type="label">
							<left>8</left>
							<top>8</top>
							<width>194</width>
							<height>22</height>
							<font>apptv22</font>
							<align>center</align>
							<label>$INFO[ListItem.Label]</label>
							<include condition="Skin.HasSetting(text-autoscroll)">scrolltext</include>
						</control>
					</itemlayout>
					<focusedlayout height="42" width="210">
						<control type="image">
							<left>0</left>
							<top>0</top>
							<width>210</width>
							<height>42</height>
							<texture border="6">button-default-focus.png</texture>
						</control>
						<control type="label">
							<left>8</left>
							<top>8</top>
							<width>194</width>
							<height>22</height>
							<font>apptv22</font>
							<align>center</align>
							<label>$INFO[ListItem.Label]</label>
							<include condition="Skin.HasSetting(text-autoscroll)">scrolltext</include>
						</control>
					</focusedlayout>
					<content>
						<item><!-- Music -->
							<visible>!Skin.HasSetting(home-music)</visible>
							<label>$LOCALIZE[2]</label>
							<label2>$LOCALIZE[2]</label2>
							<onclick>$VAR[MusicLibEntry]</onclick>
						</item>
						<item><!-- Music videos -->
							<visible>Skin.HasSetting(home-musicvideo)</visible>
							<label>$LOCALIZE[31028]</label>
							<label2>$LOCALIZE[2]</label2>
							<onclick>$VAR[MusicVideoLibEntry]</onclick>
						</item>
						<item><!-- Custom Music 1 -->
							<visible>!String.IsEmpty(Skin.String(CustomMusic.1.Path))</visible>
							<label>$INFO[Skin.String(CustomMusic.1.Label)]</label>
							<label2>$LOCALIZE[2]</label2>
							<onclick>$INFO[Skin.String(CustomMusic.1.Path)]</onclick>
						</item>
						<item><!-- Custom Music 2 -->
							<visible>!String.IsEmpty(Skin.String(CustomMusic.2.Path))</visible>
							<label>$INFO[Skin.String(CustomMusic.2.Label)]</label>
							<label2>$LOCALIZE[2]</label2>
							<onclick>$INFO[Skin.String(CustomMusic.2.Path)]</onclick>
						</item>
						<item><!-- Custom Music 3 -->
							<visible>!String.IsEmpty(Skin.String(CustomMusic.3.Path))</visible>
							<label>$INFO[Skin.String(CustomMusic.3.Label)]</label>
							<label2>$LOCALIZE[2]</label2>
							<onclick>$INFO[Skin.String(CustomMusic.3.Path)]</onclick>
						</item>
						<item><!-- Custom Music 4 -->
							<visible>!String.IsEmpty(Skin.String(CustomMusic.4.Path))</visible>
							<label>$INFO[Skin.String(CustomMusic.4.Label)]</label>
							<label2>$LOCALIZE[2]</label2>
							<onclick>$INFO[Skin.String(CustomMusic.4.Path)]</onclick>
						</item>
						<item><!-- Custom Music 5 -->
							<visible>!String.IsEmpty(Skin.String(CustomMusic.5.Path))</visible>
							<label>$INFO[Skin.String(CustomMusic.5.Label)]</label>
							<label2>$LOCALIZE[2]</label2>
							<onclick>$INFO[Skin.String(CustomMusic.5.Path)]</onclick>
						</item>
						<item><!-- Music addons -->
							<label>$LOCALIZE[24001]</label>
							<label2>$LOCALIZE[2]</label2>
							<onclick>ActivateWindow(music,addons://sources/audio/,return)</onclick>
						</item>
					</content>
				</control>
			</control>
			<control type="group" id="9320"><!-- Pictures Sub menu -->
				<visible>Skin.HasSetting(home-photos)</visible>
				<width>210</width>
				<control type="button" id="9330"><!-- Dummy button for mouse control -->
					<left>0</left>
					<top>0</top>
					<width>210</width>
					<height>345</height>
					<texturefocus>blank.png</texturefocus>
					<texturenofocus>blank.png</texturenofocus>
					<onup>9005</onup>
					<ondown>9300</ondown>
					<onleft>9250</onleft>
					<onright>9350</onright>
				</control>
				<control type="image"><!-- Menu Heading Hilite-->
					<left>0</left>
					<top>0</top>
					<width>210</width>
					<height>68</height>
					<texture>menu-focus.png</texture>
					<visible>Control.HasFocus(9300) | Control.HasFocus(9330)</visible>
				</control>
				<control type="label"><!-- Menu Heading -->
					<left>0</left>
					<top>17</top>
					<width>210</width>
					<height>32</height>
					<font>apptv30</font>
					<align>center</align>
					<label>$INFO[Container(9300).ListItem.Label2]</label>
					<animation condition="Control.HasFocus(9160) | Control.HasFocus(9210) | Control.HasFocus(9260) | Control.HasFocus(9360)" effect="fade" start="100" end="65">Conditional</animation>
				</control>
				<control type="list" id="9300">
					<animation condition="!Control.HasFocus(9300) + !Control.HasFocus(9330)" effect="fade" start="100" end="0" reversible="true">Conditional</animation>
					<left>0</left>
					<top>84</top>
					<width>210</width>
					<height>252</height>
					<onup>9005</onup>
					<ondown>9005</ondown>
					<onleft>9250</onleft>
					<onright>9350</onright>
					<viewtype label="31941">List</viewtype>
					<itemlayout height="42" width="210">
						<control type="label">
							<left>8</left>
							<top>8</top>
							<width>194</width>
							<height>22</height>
							<font>apptv22</font>
							<align>center</align>
							<label>$INFO[ListItem.Label]</label>
							<include condition="Skin.HasSetting(text-autoscroll)">scrolltext</include>
						</control>
					</itemlayout>
					<focusedlayout height="42" width="210">
						<control type="image">
							<left>0</left>
							<top>0</top>
							<width>210</width>
							<height>42</height>
							<texture border="6">button-default-focus.png</texture>
						</control>
						<control type="label">
							<left>8</left>
							<top>8</top>
							<width>194</width>
							<height>22</height>
							<font>apptv22</font>
							<align>center</align>
							<label>$INFO[ListItem.Label]</label>
							<include condition="Skin.HasSetting(text-autoscroll)">scrolltext</include>
						</control>
					</focusedlayout>
					<content>
						<item><!-- Pictures -->
							<label>$LOCALIZE[1]</label>
							<label2>$LOCALIZE[1]</label2>
							<onclick>ActivateWindow(pictures,,return)</onclick>
						</item>
						<item><!-- Picture addons -->
							<label>$LOCALIZE[24001]</label>
							<label2>$LOCALIZE[1]</label2>
							<onclick>ActivateWindow(pictures,Addons,return)</onclick>
						</item>
					</content>
				</control>
			</control>
			<control type="group" id="9370"><!-- Addons Sub menu -->
				<visible>!Skin.HasSetting(home-programs) | !String.IsEmpty(Skin.String(CustomAddon.1.Path)) | !String.IsEmpty(Skin.String(CustomAddon.2.Path)) | !String.IsEmpty(Skin.String(CustomAddon.3.Path)) | !String.IsEmpty(Skin.String(CustomAddon.4.Path)) | !String.IsEmpty(Skin.String(CustomAddon.5.Path))</visible>
				<width>210</width>
				<control type="button" id="9380"><!-- Dummy button for mouse control -->
					<left>0</left>
					<top>0</top>
					<width>210</width>
					<height>345</height>
					<texturefocus>blank.png</texturefocus>
					<texturenofocus>blank.png</texturenofocus>
					<onup>9355</onup>
					<ondown>9350</ondown>
					<onleft>9300</onleft>
					<onright>9400</onright>
				</control>
				<control type="group">
					<visible>Control.HasFocus(9350) | Control.HasFocus(9360) | Control.HasFocus(9380)</visible>
					<control type="image"><!-- Menu Heading Hilite-->
						<left>0</left>
						<top>0</top>
						<width>210</width>
						<height>68</height>
						<texture>menu-focus.png</texture>
						<animation condition="Control.HasFocus(9360)" effect="fade" start="100" end="65">Conditional</animation>
					</control>
					<control type="group"><!-- Markers for control area items -->
						<control type="image">
							<left>96</left>
							<top>68</top>
							<height>16</height>
							<width>16</width>
							<texture>scroll-up.png</texture>
							<visible>Container(9350).HasPrevious | Integer.IsGreater(Container(9360).NumItems,0)</visible>
						</control>
						<control type="image">
							<left>96</left>
							<top>336</top>
							<height>16</height>
							<width>16</width>
							<texture>scroll-down.png</texture>
							<visible>Container(9350).HasNext</visible>
						</control>
					</control>
				</control>
				<control type="label"><!-- Menu Heading -->
					<left>0</left>
					<top>17</top>
					<width>210</width>
					<height>32</height>
					<font>apptv30</font>
					<align>center</align>
					<label>$INFO[Container(9350).ListItem.Label2]</label>
					<animation condition="Control.HasFocus(9160) | Control.HasFocus(9210) | Control.HasFocus(9260)" effect="fade" start="100" end="65">Conditional</animation>
				</control>
				<control type="list" id="9350">
					<animation condition="!Control.HasFocus(9350) + !Control.HasFocus(9360) + !Control.HasFocus(9380)" effect="fade" start="100" end="0" reversible="true">Conditional</animation>
					<animation condition="Control.HasFocus(9360)" effect="fade" start="100" end="65" reversible="true">Conditional</animation>
					<left>0</left>
					<top>84</top>
					<width>210</width>
					<height>252</height>
					<onup>9355</onup>
					<ondown>9005</ondown>
					<onleft>9300</onleft>
					<onright>9400</onright>
					<viewtype label="31941">list</viewtype>
					<itemlayout height="42" width="210">
						<control type="label">
							<left>8</left>
							<top>8</top>
							<width>194</width>
							<height>22</height>
							<font>apptv22</font>
							<align>center</align>
							<label>$INFO[ListItem.Label]</label>
							<include condition="Skin.HasSetting(text-autoscroll)">scrolltext</include>
						</control>
					</itemlayout>
					<focusedlayout height="42" width="210">
						<control type="image">
							<left>0</left>
							<top>0</top>
							<width>210</width>
							<height>42</height>
							<texture border="6">button-default-focus.png</texture>
						</control>
						<control type="label">
							<left>8</left>
							<top>8</top>
							<width>194</width>
							<height>22</height>
							<font>apptv22</font>
							<align>center</align>
							<label>$INFO[ListItem.Label]</label>
							<include condition="Skin.HasSetting(text-autoscroll)">scrolltext</include>
						</control>
					</focusedlayout>
					<content>
						<item><!-- Custom addons 1 -->
							<visible>!String.IsEmpty(Skin.String(CustomAddon.1.Path))</visible>
							<label>$INFO[Skin.String(CustomAddon.1.Label)]</label>
							<label2>$LOCALIZE[24001]</label2>
							<onclick>$INFO[Skin.String(CustomAddon.1.Path)]</onclick>
						</item>
						<item><!-- Custom addons 2 -->
							<visible>!String.IsEmpty(Skin.String(CustomAddon.2.Path))</visible>
							<label>$INFO[Skin.String(CustomAddon.2.Label)]</label>
							<label2>$LOCALIZE[24001]</label2>
							<onclick>$INFO[Skin.String(CustomAddon.2.Path)]</onclick>
						</item>
						<item><!-- Custom addons 3 -->
							<visible>!String.IsEmpty(Skin.String(CustomAddon.3.Path))</visible>
							<label>$INFO[Skin.String(CustomAddon.3.Label)]</label>
							<label2>$LOCALIZE[24001]</label2>
							<onclick>$INFO[Skin.String(CustomAddon.3.Path)]</onclick>
						</item>
						<item><!-- Custom addons 4 -->
							<visible>!String.IsEmpty(Skin.String(CustomAddon.4.Path))</visible>
							<label>$INFO[Skin.String(CustomAddon.4.Label)]</label>
							<label2>$LOCALIZE[24001]</label2>
							<onclick>$INFO[Skin.String(CustomAddon.4.Path)]</onclick>
						</item>
						<item><!-- Custom addons 5 -->
							<visible>!String.IsEmpty(Skin.String(CustomAddon.5.Path))</visible>
							<label>$INFO[Skin.String(CustomAddon.5.Label)]</label>
							<label2>$LOCALIZE[24001]</label2>
							<onclick>$INFO[Skin.String(CustomAddon.5.Path)]</onclick>
						</item>
						<item><!-- Video addons -->
							<label>$LOCALIZE[157]</label>
							<label2>$LOCALIZE[24001]</label2>
							<onclick>ActivateWindow(videos,Addons,return)</onclick>
						</item>
						<item><!-- Music addons -->
							<label>$LOCALIZE[2]</label>
							<label2>$LOCALIZE[24001]</label2>
							<onclick>ActivateWindow(music,addons://sources/audio/,return)</onclick>
						</item>
						<item><!-- Picture addons -->
							<label>$LOCALIZE[1]</label>
							<label2>$LOCALIZE[24001]</label2>
							<onclick>ActivateWindow(pictures,Addons,return)</onclick>
						</item>
						<item><!-- Program addons -->
							<label>$LOCALIZE[0]</label>
							<label2>$LOCALIZE[24001]</label2>
							<onclick>ActivateWindow(programs,Addons,return)</onclick>
						</item>
						<item><!-- Addon browser -->
							<label>$LOCALIZE[21452]</label>
							<label2>$LOCALIZE[24001]</label2>
							<onclick>ActivateWindow(addonbrowser,,return)</onclick>
						</item>
					</content>
				</control>
			</control>
			<control type="group" id="9420"><!-- Weather Sub menu -->
				<visible>!String.IsEmpty(Weather.plugin) + [Skin.HasSetting(home-weather) | Skin.HasSetting(home-currentweather)]</visible>
				<width>210</width>
				<control type="button" id="9430"><!-- Dummy button for mouse control -->
					<left>0</left>
					<top>0</top>
					<width>210</width>
					<height>345</height>
					<texturefocus>blank.png</texturefocus>
					<texturenofocus>blank.png</texturenofocus>
					<onup>9005</onup>
					<ondown>9400</ondown>
					<onleft>9350</onleft>
					<onright>9450</onright>
				</control>
				<control type="image"><!-- Menu Heading Hilite-->
					<left>0</left>
					<top>0</top>
					<width>210</width>
					<height>68</height>
					<texture>menu-focus.png</texture>
					<visible>Control.HasFocus(9400) | Control.HasFocus(9430)</visible>
				</control>
				<control type="label"><!-- Menu Heading -->
					<left>0</left>
					<top>17</top>
					<width>210</width>
					<height>32</height>
					<font>apptv30</font>
					<align>center</align>
					<label>$INFO[Container(9400).ListItem.Label2]</label>
					<animation condition="Control.HasFocus(9160) | Control.HasFocus(9210) | Control.HasFocus(9260) | Control.HasFocus(9360)" effect="fade" start="100" end="65">Conditional</animation>
				</control>
				<control type="list" id="9400">
					<animation condition="!Control.HasFocus(9400) + !Control.HasFocus(9430)" effect="fade" start="100" end="0" reversible="true">Conditional</animation>
					<left>0</left>
					<top>84</top>
					<width>210</width>
					<height>252</height>
					<onup>9005</onup>
					<ondown>9005</ondown>
					<onleft>9350</onleft>
					<onright>9450</onright>
					<viewtype label="31941">list</viewtype>
					<itemlayout height="42" width="210">
						<control type="label">
							<left>8</left>
							<top>8</top>
							<width>194</width>
							<height>22</height>
							<font>apptv22</font>
							<align>center</align>
							<label>$INFO[ListItem.Label]</label>
							<include condition="Skin.HasSetting(text-autoscroll)">scrolltext</include>
						</control>
					</itemlayout>
					<focusedlayout height="42" width="210">
						<control type="image">
							<left>0</left>
							<top>0</top>
							<width>210</width>
							<height>42</height>
							<texture border="6">button-default-focus.png</texture>
						</control>
						<control type="label">
							<left>8</left>
							<top>8</top>
							<width>194</width>
							<height>22</height>
							<font>apptv22</font>
							<align>center</align>
							<label>$INFO[ListItem.Label]</label>
							<include condition="Skin.HasSetting(text-autoscroll)">scrolltext</include>
						</control>
					</focusedlayout>
					<content>
						<item><!-- Weather -->
							<label>$LOCALIZE[8]</label>
							<label2>$LOCALIZE[8]</label2>
							<onclick>ActivateWindow(weather,,return)</onclick>
						</item>
					</content>
				</control>
			</control>
			<control type="group" id="9470"><!-- Settings Sub menu -->
				<width>210</width>
				<control type="button" id="9480"><!-- Dummy button for mouse control -->
					<left>0</left>
					<top>0</top>
					<width>210</width>
					<height>345</height>
					<texturefocus>blank.png</texturefocus>
					<texturenofocus>blank.png</texturenofocus>
					<onup>9005</onup>
					<ondown>9450</ondown>
					<onleft>9400</onleft>
					<onright>9005</onright>
				</control>
				<control type="group">
					<visible>Control.HasFocus(9450) | Control.HasFocus(9480)</visible>
					<control type="image"><!-- Menu Heading Hilite-->
						<left>0</left>
						<top>0</top>
						<width>210</width>
						<height>68</height>
						<texture>menu-focus.png</texture>
					</control>
					<control type="group"><!-- Markers for control area items -->
						<control type="image">
							<left>96</left>
							<top>68</top>
							<height>16</height>
							<width>16</width>
							<texture>scroll-up.png</texture>
							<visible>Container(9450).HasPrevious</visible>
						</control>
						<control type="image">
							<left>96</left>
							<top>336</top>
							<height>16</height>
							<width>16</width>
							<texture>scroll-down.png</texture>
							<visible>Container(9450).HasNext</visible>
						</control>
					</control>
				</control>
				<control type="label"><!-- Menu Heading -->
					<left>0</left>
					<top>17</top>
					<width>210</width>
					<height>32</height>
					<font>apptv30</font>
					<align>center</align>
					<label>$INFO[Container(9450).ListItem.Label2]</label>
					<animation condition="Control.HasFocus(9160) | Control.HasFocus(9210) | Control.HasFocus(9260) | Control.HasFocus(9360)" effect="fade" start="100" end="65">Conditional</animation>
				</control>
				<control type="list" id="9450">
					<animation condition="!Control.HasFocus(9450) + !Control.HasFocus(9480)" effect="fade" start="100" end="0" reversible="true">Conditional</animation>
					<left>0</left>
					<top>84</top>
					<width>210</width>
					<height>252</height>
					<onup>9005</onup>
					<ondown>9005</ondown>
					<onleft>9400</onleft>
					<onright>9005</onright>
					<viewtype label="31941">list</viewtype>
					<itemlayout height="42" width="210">
						<control type="label">
							<left>8</left>
							<top>8</top>
							<width>194</width>
							<height>22</height>
							<font>apptv22</font>
							<align>center</align>
							<label>$INFO[ListItem.Label]</label>
							<include condition="Skin.HasSetting(text-autoscroll)">scrolltext</include>
						</control>
					</itemlayout>
					<focusedlayout height="42" width="210">
						<control type="image">
							<left>0</left>
							<top>0</top>
							<width>210</width>
							<height>42</height>
							<texture border="6">button-default-focus.png</texture>
						</control>
						<control type="label">
							<left>8</left>
							<top>8</top>
							<width>194</width>
							<height>22</height>
							<font>apptv22</font>
							<align>center</align>
							<label>$INFO[ListItem.Label]</label>
							<include condition="Skin.HasSetting(text-autoscroll)">scrolltext</include>
						</control>
					</focusedlayout>
					<content>
						<item><!-- Settings -->
							<label>$LOCALIZE[5]</label>
							<label2>$LOCALIZE[13000]</label2>
							<onclick>ActivateWindow(settings)</onclick>
						</item>
						<item><!-- System info -->
							<label>$LOCALIZE[130]</label>
							<label2>$LOCALIZE[13000]</label2>
							<onclick>ActivateWindow(systeminfo,,return)</onclick>
						</item>
						<item><!-- Profiles -->
							<visible>Skin.HasSetting(home-profile)</visible>
							<label>$LOCALIZE[20092]</label>
							<label2>$LOCALIZE[13000]</label2>
							<onclick>System.LogOff</onclick>
						</item>
						<item><!-- Search -->
							<visible>Skin.HasSetting(home-search)</visible>
							<label>$LOCALIZE[137]</label>
							<label2>$LOCALIZE[13000]</label2>
							<onclick condition="!System.HasAddon(script.globalsearch)">InstallAddon(script.globalsearch)</onclick>
							<onclick condition="System.HasAddon(script.globalsearch)">RunScript(script.globalsearch)</onclick>
						</item>
						<item><!-- Filemanager -->
							<visible>Skin.HasSetting(home-filemanager)</visible>
							<label>$LOCALIZE[10003]</label>
							<label2>$LOCALIZE[13000]</label2>
							<onclick>ActivateWindow(filemanager)</onclick>
						</item>
						<item><!-- Play DVD -->
							<visible>System.HasMediadvd + Skin.HasSetting(home-playdisc)</visible>
							<label>$LOCALIZE[31036]</label>
							<label2>$LOCALIZE[13000]</label2>
							<onclick>PlayDVD</onclick>
						</item>
						<item><!-- Media OSD -->
							<visible>[Player.HasAudio | Player.HasVideo]</visible>
							<label>$LOCALIZE[16003] $LOCALIZE[478]</label>
							<label2>$LOCALIZE[13000]</label2>
							<onclick>ActivateWindow(playercontrols)</onclick>
							<onclick>SetFocus(9450)</onclick>
						</item>
						<item><!-- Quit -->
							<visible>!Skin.HasSetting(home-shutdown)</visible>
							<label>$LOCALIZE[13009]</label>
							<label2>$LOCALIZE[13000]</label2>
							<onclick condition="!String.IsEqual(Skin.String(home-quitaction),$LOCALIZE[31558])">SetProperty(ShutdownKodi,true,home)</onclick>
							<onclick>$VAR[QuitAction]</onclick>
						</item>
					</content>
				</control>
			</control>
		</control>

		<control type="group" id="9940"><!-- RSS info -->
			<include condition="System.GetBool(lookandfeel.enablerssfeeds)">page-info</include>
		</control>

	</include>
</includes>