<?xml version="1.0" encoding="UTF-8"?>
<window>
	<defaultcontrol always="true">50</defaultcontrol>
	<controls>
		<include>background</include>
		<control type="label"><!-- Playlist editor title -->
			<left>946</left>
			<top>50</top>
			<width>310</width>
			<height>32</height>
			<label>$LOCALIZE[31227]</label>
			<font>apptv30</font>
		</control>
		<control type="image">
			<left>346</left>
			<top>385</top>
			<width>590</width>
			<height>4</height>
			<texture>separator.png</texture>
			<colordiffuse>ProgressBarColor</colordiffuse>
			<animation effect="rotate" center="auto" end="-90" time="0" condition="true">Conditional</animation>
		</control>
		<control type="image">
			<left>0</left>
			<top>90</top>
			<width>1280</width>
			<height>4</height>
			<texture>separator.png</texture>
			<colordiffuse>ProgressBarColor</colordiffuse>
		</control>
		<control type="image">
			<left>0</left>
			<top>130</top>
			<width>1280</width>
			<height>4</height>
			<texture>separator.png</texture>
			<colordiffuse>ProgressBarColor</colordiffuse>
		</control>
		<control type="image">
			<left>0</left>
			<top>640</top>
			<width>1280</width>
			<height>4</height>
			<texture>separator.png</texture>
			<colordiffuse>ProgressBarColor</colordiffuse>
		</control>
		<control type="image">
			<left>0</left>
			<top>680</top>
			<width>1280</width>
			<height>4</height>
			<texture>separator.png</texture>
			<colordiffuse>ProgressBarColor</colordiffuse>
		</control>
		
		<control type="list" id="50">
			<left>20</left>
			<top>138</top>
			<width>600</width>
			<height>460</height>
			<onleft>6</onleft>
			<onright>100</onright>
			<onup>50</onup>
			<ondown>50</ondown>
			<itemlayout width="600" height="46">
				<control type="label">
					<left>23</left>
					<top>11</top>
					<width>420</width>
					<height>24</height>
					<font>apptv23</font>
					<selectedcolor>listselected-text</selectedcolor>
					<label>$INFO[ListItem.Label]</label>
				</control>
				<control type="label">
					<left>411</left>
					<top>11</top>
					<width>178</width>
					<height>24</height>
					<font>apptv23</font>
					<align>right</align>
					<selectedcolor>listselected-text</selectedcolor>
					<label>$INFO[ListItem.Label2]</label>
				</control>
			</itemlayout>
			<focusedlayout height="46">
				<control type="image">
					<left>0</left>
					<top>0</top>
					<width>600</width>
					<height>46</height>
					<texture border="6">button-default-focus.png</texture>
					<visible>Control.HasFocus(50)</visible>
				</control>
				<control type="label">
					<left>23</left>
					<top>11</top>
					<width>420</width>
					<height>24</height>
					<font>apptv23</font>
					<selectedcolor>listselected-text</selectedcolor>
					<include condition="Skin.HasSetting(text-autoscroll)">scrolltext</include>
					<label>$INFO[ListItem.Label]</label>
				</control>
				<control type="label">
					<left>411</left>
					<top>11</top>
					<width>178</width>
					<height>24</height>
					<font>apptv23</font>
					<align>right</align>
					<selectedcolor>listselected-text</selectedcolor>
					<label>$INFO[ListItem.Label2]</label>
				</control>
			</focusedlayout>
		</control>
		<control type="list" id="100">
			<left>660</left>
			<top>138</top>
			<width>600</width>
			<height>460</height>
			<onleft>50</onleft>
			<onright>6</onright>
			<onup>100</onup>
			<ondown>100</ondown>
			<itemlayout width="600" height="46">
				<control type="label">
					<left>23</left>
					<top>11</top>
					<width>420</width>
					<height>24</height>
					<font>apptv23</font>
					<selectedcolor>listselected-text</selectedcolor>
					<label>$INFO[ListItem.Label]</label>
				</control>
				<control type="label">
					<left>411</left>
					<top>11</top>
					<width>178</width>
					<height>24</height>
					<font>apptv23</font>
					<align>right</align>
					<selectedcolor>listselected-text</selectedcolor>
					<label>$INFO[ListItem.Label2]</label>
				</control>
			</itemlayout>
			<focusedlayout width="600" height="46">
				<control type="image">
					<left>0</left>
					<top>0</top>
					<width>600</width>
					<height>46</height>
					<texture border="6">button-default-focus.png</texture>
					<visible>Control.HasFocus(100)</visible>
				</control>
				<control type="label">
					<left>23</left>
					<top>11</top>
					<width>420</width>
					<height>24</height>
					<font>apptv23</font>
					<selectedcolor>listselected-text</selectedcolor>
					<include condition="Skin.HasSetting(text-autoscroll)">scrolltext</include>
					<label>$INFO[ListItem.Label]</label>
				</control>
				<control type="label">
					<left>411</left>
					<top>11</top>
					<width>178</width>
					<height>24</height>
					<font>apptv23</font>
					<align>right</align>
					<selectedcolor>listselected-text</selectedcolor>
					<label>$INFO[ListItem.Label2]</label>
				</control>
			</focusedlayout>
		</control>

		<control type="label"><!-- Music label -->
			<left>38</left>
			<top>100</top>
			<width>600</width>
			<height>24</height>
			<font>apptv23</font>
			<label>$LOCALIZE[31030]</label>
		</control>
		<control type="label"><!-- Playlist label -->
			<left>688</left>
			<top>100</top>
			<width>600</width>
			<height>24</height>
			<font>apptv23</font>
			<label>$LOCALIZE[31659]</label>
		</control>
		<control type="label" id="12"><!-- Number of files in left list text label -->
			<left>38</left>
			<top>650</top>
			<width>600</width>
			<height>24</height>
			<font>apptv23</font>
		</control>
		<control type="label" id="101"><!-- Number of songs in playlist text label -->
			<left>688</left>
			<top>650</top>
			<width>600</width>
			<height>24</height>
			<font>apptv23</font>
		</control>
		<control type="group">
			<visible allowhiddenfocus="true">Control.HasFocus(6) | Control.HasFocus(7) | Control.HasFocus(8)</visible>
			<include>fadebackground</include>
			<control type="image"><!-- Button background -->
				<left>460</left>
				<top>212</top>
				<width>398</width>
				<height>196</height>
				<texture border="9">button-menu-background.png</texture>
			</control>
			<control type="button" id="6"><!-- Open button -->
				<left>477</left>
				<top>226</top>
				<width>362</width>
				<height>56</height>
				<label>$LOCALIZE[502]</label>
				<font>apptv23</font>
				<onleft>100</onleft>
				<onright>50</onright>
				<onup>8</onup>
				<ondown>7</ondown>
			</control>
			<control type="button" id="7"><!-- Save button -->
				<left>477</left>
				<top>282</top>
				<width>362</width>
				<height>56</height>
				<label>$LOCALIZE[190]</label>
				<font>apptv23</font>
				<onleft>100</onleft>
				<onright>50</onright>
				<onup>6</onup>
				<ondown>8</ondown>
			</control>
			<control type="button" id="8"><!-- Clear button -->
				<left>477</left>
				<top>338</top>
				<width>362</width>
				<height>56</height>
				<label>$LOCALIZE[192]</label>
				<font>apptv23</font>
				<onleft>100</onleft>
				<onright>50</onright>
				<onup>7</onup>
				<ondown>6</ondown>
			</control>
		</control>
	</controls>
</window>