<?xml version="1.0" encoding="UTF-8"?>
<window>
	<defaultcontrol always="true">50</defaultcontrol>
	<views>50,52,53,54,57,58</views>
	<onload>ClearProperty(ShowScreenSettings,home)</onload>
	<onunload>ClearProperty(ShowScreenSettings,home)</onunload>
	<menucontrol>9000</menucontrol>
	<include>window-openclose</include>
	<controls>
		<visible>!Window.IsVisible(movieinformation)</visible>
		<include>background</include>
		<include>fake-overlay</include>
		<control type="grouplist">
			<left>780</left>
			<top>25</top>
			<width>auto</width>
			<height>60</height>
			<align>left</align>
			<aligny>top</aligny>
			<orientation>horizontal</orientation>
			<control type="label"><!-- Video screen heading -->
				<width max="400">auto</width>
				<height>60</height>
				<label>$VAR[VideoHeadings]</label>
				<font>apptv30</font>
				<wrapmultiline>true</wrapmultiline>
				<aligny>top</aligny>
			</control>
			<control type="label"><!-- Number of files -->
				<width max="80">auto</width>
				<height>60</height>
				<label>$INFO[Container.NumItems,(,)]</label>
				<font>apptv23</font>
				<aligny>top</aligny>
			</control>
		</control>

		<control type="group"><!-- Various Views of Video library node -->
			<visible>![String.IsEmpty(ListItem.Label) + String.IsEmpty(Container().ListItem(1).Label)]</visible>
			<include file="View-Video.xml">VideoListView</include>
			<include file="View-Video.xml">VideoIconView</include>
			<include file="View-Video.xml">BannerView</include>
			<include file="View-Video.xml">VideoWrapView</include>
			<include file="View-Video.xml">VideoCoverflow</include>
			<include file="View-Video.xml">VideoWallView</include>
		</control>

		<control type="group"><!-- No Label tag means video addon is busy pulling in content, so show a busy animation -->
			<visible>String.IsEmpty(ListItem.Label) + String.IsEmpty(Container().ListItem(1).Label) + System.IdleTime(1) + !Window.IsVisible(busydialog)</visible>
			<include>fadebackground</include>
			<control type="image"><!-- Busy animation -->
				<left>576</left>
				<top>290</top>
				<width>128</width>
				<height>128</height>
				<texture>busy.png</texture>
				<aspectratio>keep</aspectratio>
				<include>busy-spin</include>
			</control>
		</control>

		<control type="group"><!-- Screen-settings Menu -->
			<left>0</left>
			<top>720</top>
			<include>screen-settings</include>
			<include>fadebackground</include>
			<control type="image"><!-- Button background -->
				<left>415</left>
				<top>76</top>
				<width>446</width>
				<height>568</height>
				<texture border="9">button-menu-background.png</texture>
			</control>
			<control type="label"><!-- Dialog heading -->
				<left>425</left>
				<top>84</top>
				<width>426</width>
				<height>34</height>
				<font>apptv23</font>
				<label>$LOCALIZE[31557]$INFO[Container(9000).NumItems, (,)]</label>
				<align>center</align>
			</control>
			<control type="button"><!-- Touch Close button -->
				<left>838</left>
				<top>68</top>
				<width>32</width>
				<height>32</height>
				<texturefocus>touch-close.png</texturefocus>
				<texturenofocus>touch-close.png</texturenofocus>
				<onclick condition="!String.IsEqual(Window(home).Property(ShowScreenSettings),show)">SetProperty(ShowScreenSettings,show,home)</onclick>
				<onclick condition="String.IsEqual(Window(home).Property(ShowScreenSettings),show)">ClearProperty(ShowScreenSettings,home)</onclick>
				<visible>$EXP[isEnabledTouch]</visible>
			</control>
			<control type="image">
				<left>425</left>
				<top>120</top>
				<width>426</width>
				<height>4</height>
				<texture>separator.png</texture>
			</control>
			<control type="grouplist" id="9000">
				<left>425</left>
				<top>128</top>
				<width>426</width>
				<height>506</height>
				<itemgap>0</itemgap>
				<onright>50</onright>
				<onleft>50</onleft>
				<control type="button" id="2"><!-- View as button -->
					<width>426</width>
					<height>46</height>
					<font>apptv22</font>
					<label>$LOCALIZE[100]</label>
				</control>
				<control type="button" id="1195"><!-- List view idle animantion delay -->
					<width>426</width>
					<height>46</height>
					<label>$LOCALIZE[31885]</label>
					<label2>$VAR[DelayListAnimation]</label2>
					<font>apptv22</font>
					<onclick>RunScript(script.skin.helper.service,action=setskinsetting,setting=listview-idleanim-val,header=$LOCALIZE[31885])</onclick>
					<visible>String.EndsWith(Control.GetLabel(2),$LOCALIZE[31941])</visible>
				</control>
				<control type="radiobutton" id="1196"><!-- Use animated Artwork  -->
					<width>426</width>
					<height>46</height>
					<label>$LOCALIZE[31867]</label>
					<font>apptv22</font>
					<onclick>Skin.ToggleSetting(SkinHelper.EnableAnimatedPosters)</onclick>
					<selected>Skin.HasSetting(SkinHelper.EnableAnimatedPosters)</selected>
					<radioposx>330</radioposx>
					<visible>Skin.HasSetting(SkinHelper.EnableExtraFanart) + Container.Content(movies)</visible>
				</control>
				<control type="radiobutton" id="1197"><!-- Tilt list view icons button  -->
					<width>426</width>
					<height>46</height>
					<label>$LOCALIZE[31886]</label>
					<font>apptv22</font>
					<onclick>Skin.ToggleSetting(tiltvideolisticon)</onclick>
					<selected>Skin.HasSetting(tiltvideolisticon)</selected>
					<radioposx>330</radioposx>
					<visible>String.EndsWith(Control.GetLabel(2),$LOCALIZE[31941])</visible>
				</control>
				<control type="radiobutton" id="1198"><!-- Tilt wall view icons button -->
					<width>426</width>
					<height>46</height>
					<label>$LOCALIZE[31886]</label>
					<font>apptv22</font>
					<onclick>Skin.ToggleSetting(tiltvideowallicon)</onclick>
					<selected>Skin.HasSetting(tiltvideowallicon)</selected>
					<radioposx>330</radioposx>
					<visible>String.EndsWith(Control.GetLabel(2),$LOCALIZE[31944])</visible>
				</control>
				<control type="button" id="3"><!-- Sort by button -->
					<width>426</width>
					<height>46</height>
					<font>apptv22</font>
					<label>$LOCALIZE[103]</label>
				</control>
				<control type="togglebutton" id="4"><!-- Sort direction button -->
					<width>426</width>
					<height>46</height>
					<label>$LOCALIZE[21429]: $LOCALIZE[21430]</label>
					<altlabel>$LOCALIZE[21429]: $LOCALIZE[21431]</altlabel>
					<font>apptv22</font>
				</control>
				<control type="button" id="10"><!-- Show button -->
					<width>426</width>
					<height>46</height>
					<font>apptv22</font>
					<visible>!Skin.HasSetting(watched_filtering_toggle)</visible>
				</control>
				<control type="button" id="14"><!-- Watched video toggle button -->
					<width>426</width>
					<height>46</height>
					<label>$LOCALIZE[20367]</label>
					<font>apptv22</font>
					<visible>Skin.HasSetting(watched_filtering_toggle)</visible>
				</control>
				<control type="button" id="210"><!-- Custom Studio Icons Button -->
					<width>426</width>
					<height>46</height>
					<label>$LOCALIZE[31878]</label>
					<font>apptv22</font>
					<onclick condition="!System.HasAddon(script.image.resource.select)">InstallAddon(script.image.resource.select)</onclick>
					<onclick condition="System.HasAddon(script.image.resource.select)">RunScript(script.image.resource.select,type=resource.images.studios&amp;property=custom-moviestudioicons)</onclick>
					<enable>String.Contains(Control.GetLabel(2),$LOCALIZE[31941]) | String.Contains(Control.GetLabel(2),$LOCALIZE[31945])</enable>
					<visible>Container.Content(studios)</visible>
				</control>
				<control type="button" id="211"><!-- Custom Genre Icons Button -->
					<width>426</width>
					<height>46</height>
					<label>$LOCALIZE[31879]</label>
					<font>apptv22</font>
					<onclick condition="!System.HasAddon(script.image.resource.select)">InstallAddon(script.image.resource.select)</onclick>
					<onclick condition="System.HasAddon(script.image.resource.select)">RunScript(script.image.resource.select,type=resource.images.moviegenreicons&amp;property=custom-moviegenresicons)</onclick>
					<enable>[String.Contains(Control.GetLabel(2),$LOCALIZE[31941]) | String.Contains(Control.GetLabel(2),$LOCALIZE[31945])]</enable>
					<visible>Container.Content(genres)</visible>
				</control>
				<control type="button" id="8"><!-- Search button -->
					<width>426</width>
					<height>46</height>
					<label>$LOCALIZE[137]</label>
					<font>apptv22</font>
				</control>
				<control type="edit" id="19"><!-- Filter button -->
					<width>426</width>
					<height>46</height>
					<font>apptv22</font>
					<label>$LOCALIZE[587]</label>
					<textwidth>340</textwidth>
					<visible>!Container.CanFilterAdvanced</visible>
				</control>
				<control type="radiobutton" id="98"><!-- Advanced filter button -->
					<width>426</width>
					<height>46</height>
					<label>$LOCALIZE[587]</label>
					<font>apptv22</font>
					<selected>Container.Filtered</selected>
					<onclick>Filter</onclick>
					<radioposx>330</radioposx>
					<visible>Container.CanFilterAdvanced</visible>
				</control>
				<control type="button" id="16"><!-- Party mode button -->
					<width>426</width>
					<height>46</height>
					<label>$LOCALIZE[589]</label>
					<font>apptv22</font>
					<visible>Container.Content(musicvideos)</visible>
				</control>
				<control type="radiobutton" id="11"><!-- Unlock shares button -->
					<label>$LOCALIZE[20336]</label>
					<width>426</width>
					<height>46</height>
					<font>apptv22</font>
					<onclick>Mastermode</onclick>
					<selected>system.ismaster</selected>
					<radioposx>330</radioposx>
					<visible>system.haslocks</visible>
				</control>
				<control type="button" id="200"><!-- Clean library button -->
					<width>426</width>
					<height>46</height>
					<font>apptv22</font>
					<label>$LOCALIZE[334]</label>
					<onclick>CleanLibrary(video)</onclick>
				</control>
				<control type="togglebutton" id="20"><!-- Update library button -->
					<width>426</width>
					<height>46</height>
					<font>apptv22</font>
					<label>$LOCALIZE[653]</label>
					<altlabel>$LOCALIZE[13353]</altlabel>
					<usealttexture>library.isscanningvideo</usealttexture>
				</control>
				<control type="button" id="1200"><!-- player controls button -->
					<width>426</width>
					<height>46</height>
					<font>apptv22</font>
					<label>$LOCALIZE[16003] $LOCALIZE[478]</label>
					<onclick>SetFocus(50)</onclick>
					<onclick condition="String.IsEqual(Window(home).Property(ShowScreenSettings),show)">ClearProperty(ShowScreenSettings,home)</onclick>
					<onclick>ActivateWindow(playercontrols)</onclick>
					<visible>Player.HasAudio | Player.HasVideo</visible>
				</control>
				<control type="button" id="22"><!-- now playing -->
					<width>426</width>
					<height>46</height>
					<font>apptv22</font>
					<label>$LOCALIZE[13350]</label>
					<onclick>ActivateWindow(videoplaylist)</onclick>
					<visible>!String.IsEqual(Playlist.Length(video),0)</visible>
				</control>
			</control>
		</control>

		<include>element-focusvert</include>
		<include>element-focushorz</include>

		<include>touch-controls</include>

	</controls>
</window>