<?xml version="1.0" encoding="UTF-8" standalone="yes"?>
<addon id="plugin.video.MyFoxAtlanta" name="Fox Five Atlanta" version="1.0.0" provider-name="Rozeb Momin">
  <requires>
   <import addon="xbmc.python" version="2.1.0"/>
  </requires>
  <extension point="xbmc.python.pluginsource" library="default.py">
        <provides>video</provides>
  </extension>
  <extension point="xbmc.addon.metadata">
    <summary lang="en">My Fox Atlanta Live Streaming News Channel</summary>
    <description lang="en">Get your daily dose of local Atlanta news.</description>
    <platform>all</platform>
    <language>en</language>
    <email>webmaster@askmaulana.com</email>
  </extension>
</addon>
