<?xml version="1.0" encoding="UTF-8"?>
<window>
	<defaultcontrol always="true">9000</defaultcontrol>
	<controls>
		<include>background</include>
		<control type="group">
			<visible>!Window.isVisible(addonsettings) + !Window.IsActive(textviewer)</visible>
			<control type="image">
				<left>105</left>
				<top>105</top>
				<width>256</width>
				<height>256</height>
				<aspectratio>keep</aspectratio>
				<texture fallback="DefaultAddon.png" diffuse="mask-squ.png">$INFO[ListItem.Icon]</texture>
			</control>
			<control type="label">
				<left>477</left>
				<top>36</top>
				<width>708</width>
				<height>38</height>
				<font>font22</font>
				<label>[B]$INFO[ListItem.Property(Addon.Name)][/B]</label>
				<include condition="Skin.HasSetting(text-autoscroll)">scrolltext</include>
			</control>
			<control type="group">
				<left>477</left>
				<top>112</top>
				<control type="label"><!-- Addon type heading -->
					<left>0</left>
					<top>0</top>
					<width>159</width>
					<height>31</height>
					<label>$LOCALIZE[146]</label>
					<font>font12</font>
					</control>
				<control type="label">
					<left>168</left>
					<top>0</top>
					<width>601</width>
					<height>31</height>
					<label>$INFO[ListItem.Property(Addon.Type)]</label>
					<font>font11</font>
					<include condition="Skin.HasSetting(text-autoscroll)">scrolltext</include>
				</control>
				<control type="label"><!-- Author heading -->
					<left>0</left>
					<top>37</top>
					<width>159</width>
					<height>31</height>
					<label>$LOCALIZE[21863]:</label>
					<font>font12</font>
					</control>
				<control type="label">
					<left>168</left>
					<top>37</top>
					<width>601</width>
					<height>31</height>
					<label>$INFO[ListItem.Property(Addon.Creator)]</label>
					<font>font11</font>
					<include condition="Skin.HasSetting(text-autoscroll)">scrolltext</include>
				</control>
				<control type="label"><!-- Version heading -->
					<left>0</left>
					<top>75</top>
					<width>159</width>
					<height>31</height>
					<label>$LOCALIZE[24051]</label>
					<font>font12</font>
					</control>
				<control type="label">
					<left>168</left>
					<top>75</top>
					<width>601</width>
					<height>31</height>
					<label>$INFO[ListItem.Property(Addon.Version)]</label>
					<font>font11</font>
					<include condition="Skin.HasSetting(text-autoscroll)">scrolltext</include>
				</control>
				<control type="label"><!-- Summary heading -->
					<left>0</left>
					<top>112</top>
					<width>159</width>
					<height>31</height>
					<label>$LOCALIZE[20037]:</label>
					<font>font12</font>
				</control>
				<control type="label">
					<left>168</left>
					<top>112</top>
					<width>601</width>
					<height>31</height>
					<label>$INFO[ListItem.Property(Addon.Summary)]</label>
					<font>font11</font>
					<include condition="Skin.HasSetting(text-autoscroll)">scrolltext</include>
				</control>
				<control type="image">
					<left>0</left>
					<top>200</top>
					<width>778</width>
					<height>4</height>
					<texture>separator.png</texture>
				</control>
				<control type="label"><!-- Description heading -->
					<left>0</left>
					<top>212</top>
					<width>761</width>
					<height>31</height>
					<label>[B]$LOCALIZE[21821][/B]</label>
					<font>font12</font>
					<visible>!IsEmpty(ListItem.Property(Addon.Description))</visible>
				</control>
				<control type="group">
					<visible>!IsEmpty(ListItem.Property(Addon.Disclaimer))</visible>
					<control type="textbox">
						<left>17</left>
						<top>244</top>
						<width>734</width>
						<height>176</height>
						<font>font11</font>
						<label>$INFO[ListItem.Property(Addon.Description)]</label>
						<pagecontrol>60</pagecontrol>
					</control>
					<control type="scrollbar" id="60">
						<left>765</left>
						<top>243</top>
						<width>16</width>
						<height>182</height>
						<onleft>9000</onleft>
						<ondown>61</ondown>
						<visible>!StringCompare(Skin.String(show-scrollbar),$LOCALIZE[31877])</visible>
					</control>
					<control type="label"><!-- Disclaimer heading -->
						<left>0</left>
						<top>447</top>
						<width>743</width>
						<height>31</height>
						<label>[B]$LOCALIZE[24052][/B]</label>
						<font>font12</font>
					</control>
					<control type="textbox">
						<left>17</left>
						<top>476</top>
						<width>734</width>
						<height>76</height>
						<font>font11</font>
						<label>$INFO[ListItem.Property(Addon.Disclaimer)]</label>
						<autoscroll time="2000" delay="3000" repeat="5000">Skin.HasSetting(text-autoscroll) + !System.ScreenSaverActive</autoscroll>
						<pagecontrol>61</pagecontrol>
					</control>
					<control type="scrollbar" id="61">
						<left>765</left>
						<top>476</top>
						<width>16</width>
						<height>76</height>
						<onleft>9000</onleft>
						<onup>60</onup>
						<visible>!StringCompare(Skin.String(show-scrollbar),$LOCALIZE[31877])</visible>
					</control>
				</control>
				<control type="group">
					<visible>IsEmpty(ListItem.Property(Addon.Disclaimer))</visible>
					<control type="textbox">
						<left>17</left>
						<top>244</top>
						<width>734</width>
						<height>278</height>
						<font>font11</font>
						<label>$INFO[ListItem.Property(Addon.Description)]</label>
						<pagecontrol>62</pagecontrol>
					</control>
					<control type="scrollbar" id="62">
						<left>765</left>
						<top>244</top>
						<width>16</width>
						<height>278</height>
						<onleft>9000</onleft>
						<visible>!StringCompare(Skin.String(show-scrollbar),$LOCALIZE[31877])</visible>
					</control>
				</control>
			</control>
			<control type="button" id="8995"><!-- Play bump sound if user tries to leave menu by undefined direction -->
				<left>-30</left>
				<top>-30</top>
				<width>1</width>
				<height>1</height>
				<onfocus>SetFocus(9000)</onfocus>
				<onfocus>ActivateWindow(1157)</onfocus>
			</control>
			<control type="grouplist" id="9000">
				<left>80</left>
				<top>370</top>
				<width>305</width>
				<height>334</height>
				<onright condition="!IsEmpty(ListItem.Property(Addon.Disclaimer)) + Control.IsVisible(60)">60</onright>
				<onright condition="IsEmpty(ListItem.Property(Addon.Disclaimer)) + Control.IsVisible(62)">62</onright>
				<onright condition="!IsEmpty(ListItem.Property(Addon.Disclaimer)) + !Control.IsVisible(60)">8995</onright>
				<onright condition="IsEmpty(ListItem.Property(Addon.Disclaimer)) + !Control.IsVisible(62)">8995</onright>
				<onleft>8995</onleft>
				<onup>8995</onup>
				<ondown>8995</ondown>
				<itemgap>2</itemgap>
				<control type="button" id ="6"><!-- Enable Addon button -->
					<width>305</width>
					<height>46</height>
					<label>$LOCALIZE[24022]</label>
					<align>center</align>
				</control>
				<control type="button" id="7"><!-- Disable Addon button -->
					<width>305</width>
					<height>46</height>
					<label>$LOCALIZE[24021]</label>
					<align>center</align>
				</control>
				<control type="button" id="9"><!-- Addon Settings -->
					<width>305</width>
					<height>46</height>
					<label>$LOCALIZE[24020]</label>
					<align>center</align>
				</control>
				<control type="button" id="8"><!-- Update Addon button -->
					<width>305</width>
					<height>46</height>
					<label>$LOCALIZE[24069]</label>
					<align>center</align>
				</control>
				<control type="button" id="13"><!-- Enable/disable auto updates -->
					<width>305</width>
					<height>46</height>
					<label>$LOCALIZE[21340]</label>
					<align>center</align>
				</control>
				<control type="button" id="12"><!-- Launch Addon Button -->
					<width>305</width>
					<height>46</height>
					<label>$LOCALIZE[518]</label>
					<align>center</align>
				</control>
				<control type="button" id="10"><!-- Changelog button -->
					<width>305</width>
					<height>46</height>
					<label>$LOCALIZE[24036]</label>
					<align>center</align>
				</control>
			</control>
		</control>
	</controls>
</window>
