<?xml version="1.0" encoding="UTF-8"?>
<window type="dialog" id="1154">
	<onunload>ClearProperty(SelectDialogType,home)</onunload>
	<defaultcontrol always="true">999</defaultcontrol>
	<include>window-openclose</include>
	<coordinates>
		<left>0</left>
		<top>0</top>
	</coordinates>
	<controls>
		<control type="group">
			<visible>!Window.IsVisible(selectdialog) + !Window.IsVisible(filebrowser) + !Window.IsVisible(Custom_HomeMenuItems.xml)</visible>
			<include>fadebackground</include>
		</control>
		<control type="group">
			<visible>String.IsEqual(Window(home).Property(SelectDialogType),selectskinplaylist) | String.IsEqual(Window(home).Property(SelectDialogType),selectkodiplaylist)</visible>
			<control type="image"><!-- Dialog background image -->
				<left>90</left>
				<top>96</top>
				<width>1104</width>
				<height>530</height>
				<texture border="9">button-menu-background.png</texture>
			</control>
			<control type="grouplist">
				<left>102</left>
				<top>108</top>
				<width>1080</width>
				<height>37</height>
				<align>center</align>
				<aligny>center</aligny>
				<orientation>horizontal</orientation>
				<control type="label"><!-- Dialog heading -->
					<width max="984">auto</width>
					<height>37</height>
					<label>$LOCALIZE[1033]</label>
					<wrapmultiline>true</wrapmultiline>
					<aligny>top</aligny>
					<font>apptv25</font>
				</control>
				<control type="label"><!-- Number of Kodi playlist types -->
					<width max="96">auto</width>
					<height>37</height>
					<label>(3)</label>
					<aligny>top</aligny>
					<font>apptv25</font>
					<visible>String.IsEqual(Window(home).Property(SelectDialogType),selectkodiplaylist)</visible>
				</control>
				<control type="label"><!-- Number of skin playlist types -->
					<width max="96">auto</width>
					<height>37</height>
					<label>(2)</label>
					<aligny>top</aligny>
					<font>apptv25</font>
					<visible>String.IsEqual(Window(home).Property(SelectDialogType),selectskinplaylist)</visible>
				</control>
			</control>
			<control type="image">
				<left>102</left>
				<top>145</top>
				<width>1080</width>
				<height>4</height>
				<texture>separator.png</texture>
			</control>
			<control type="button" id="999"><!-- Fake back listitem -->
				<left>136</left>
				<top>158</top>
				<width>684</width>
				<height>46</height>
				<font>apptv23</font>
				<label>..</label>
				<onright>993</onright>
				<onup condition="String.IsEqual(Window(home).Property(SelectDialogType),selectskinplaylist)">997</onup>
				<onup condition="String.IsEqual(Window(home).Property(SelectDialogType),selectkodiplaylist)">994</onup>
				<ondown condition="String.IsEqual(Window(home).Property(SelectDialogType),selectskinplaylist)">998</ondown>
				<ondown condition="String.IsEqual(Window(home).Property(SelectDialogType),selectkodiplaylist)">996</ondown>
				<onclick>Dialog.Close(1154)</onclick>
			</control>
			<control type="button" id="998"><!-- Fake skin music listitem -->
				<left>136</left>
				<top>204</top>
				<width>684</width>
				<height>46</height>
				<font>apptv23</font>
				<label>$LOCALIZE[36914]</label>
				<onright>993</onright>
				<onup>999</onup>
				<ondown>997</ondown>
				<onclick>Skin.SetFile($INFO[Window(settings).Property(ListCustomBase),,.List],.xsp|.m3u,special://skin/extras/playlists/music)</onclick>
				<onclick condition="String.Contains(Window(settings).Property(CurrentPAction),$LOCALIZE[14098])">Skin.SetString($INFO[Window(settings).Property(ListCustomBase),,.Path],$VAR[CustomPlaylistPlay])</onclick>
				<onclick condition="!String.Contains(Window(settings).Property(CurrentPAction),$LOCALIZE[14098])">Skin.SetString($INFO[Window(settings).Property(ListCustomBase),,.Path],$VAR[CustomPlaylistMusic])</onclick>
				<onclick>Dialog.Close(1154)</onclick>
				<visible>String.IsEqual(Window(home).Property(SelectDialogType),selectskinplaylist)</visible>
			</control>
			<control type="button" id="997"><!-- Fake skin video listitem -->
				<left>136</left>
				<top>248</top>
				<width>684</width>
				<height>46</height>
				<font>apptv23</font>
				<label>$LOCALIZE[36912]</label>
				<onright>993</onright>
				<onup>998</onup>
				<ondown>999</ondown>
				<onclick>Skin.SetFile($INFO[Window(settings).Property(ListCustomBase),,.List],.xsp|.m3u,special://skin/extras/playlists/video)</onclick>
				<onclick condition="String.Contains(Window(settings).Property(CurrentPAction),$LOCALIZE[14098])">Skin.SetString($INFO[Window(settings).Property(ListCustomBase),,.Path],$VAR[CustomPlaylistPlay])</onclick>
				<onclick condition="!String.Contains(Window(settings).Property(CurrentPAction),$LOCALIZE[14098])">Skin.SetString($INFO[Window(settings).Property(ListCustomBase),,.Path],$VAR[CustomPlaylistVideo])</onclick>
				<onclick>Dialog.Close(1154)</onclick>
				<visible>String.IsEqual(Window(home).Property(SelectDialogType),selectskinplaylist)</visible>
			</control>
			<control type="button" id="996"><!-- Fake Kodi mixed listitem -->
				<left>136</left>
				<top>204</top>
				<width>684</width>
				<height>46</height>
				<font>apptv23</font>
				<label>$LOCALIZE[20395]</label>
				<onright>993</onright>
				<onup>999</onup>
				<ondown>995</ondown>
				<onclick>Skin.SetFile($INFO[Window(settings).Property(ListCustomBase),,.List],.xsp|.m3u,special://skin/extras/playlists/music)</onclick>
				<onclick condition="String.Contains(Window(settings).Property(CurrentPAction),$LOCALIZE[14098])">Skin.SetString($INFO[Window(settings).Property(ListCustomBase),,.Path],$VAR[CustomPlaylistPlay])</onclick>
				<onclick condition="!String.Contains(Window(settings).Property(CurrentPAction),$LOCALIZE[14098])">Skin.SetString($INFO[Window(settings).Property(ListCustomBase),,.Path],$VAR[CustomPlaylistMusic])</onclick>
				<onclick>Dialog.Close(1154)</onclick>
				<visible>String.IsEqual(Window(home).Property(SelectDialogType),selectkodiplaylist)</visible>
			</control>
			<control type="button" id="995"><!-- Fake Kodi music listitem -->
				<left>136</left>
				<top>248</top>
				<width>684</width>
				<height>46</height>
				<font>apptv23</font>
				<label>$LOCALIZE[36914]</label>
				<onright>993</onright>
				<onup>996</onup>
				<ondown>994</ondown>
				<onclick>Skin.SetFile($INFO[Window(settings).Property(ListCustomBase),,.List],.xsp|.m3u,special://skin/extras/playlists/music)</onclick>
				<onclick condition="String.Contains(Window(settings).Property(CurrentPAction),$LOCALIZE[14098])">Skin.SetString($INFO[Window(settings).Property(ListCustomBase),,.Path],$VAR[CustomPlaylistPlay])</onclick>
				<onclick condition="!String.Contains(Window(settings).Property(CurrentPAction),$LOCALIZE[14098])">Skin.SetString($INFO[Window(settings).Property(ListCustomBase),,.Path],$VAR[CustomPlaylistMusic])</onclick>
				<onclick>Dialog.Close(1154)</onclick>
				<visible>String.IsEqual(Window(home).Property(SelectDialogType),selectkodiplaylist)</visible>
			</control>
			<control type="button" id="994"><!-- Fake Kodi video listitem -->
				<left>136</left>
				<top>294</top>
				<width>684</width>
				<height>46</height>
				<font>apptv23</font>
				<label>$LOCALIZE[36912]</label>
				<onright>993</onright>
				<onup>995</onup>
				<ondown>999</ondown>
				<onclick>Skin.SetFile($INFO[Window(settings).Property(ListCustomBase),,.List],.xsp|.m3u,special://skin/extras/playlists/video)</onclick>
				<onclick condition="String.Contains(Window(settings).Property(CurrentPAction),$LOCALIZE[14098])">Skin.SetString($INFO[Window(settings).Property(ListCustomBase),,.Path],$VAR[CustomPlaylistPlay])</onclick>
				<onclick condition="!String.Contains(Window(settings).Property(CurrentPAction),$LOCALIZE[14098])">Skin.SetString($INFO[Window(settings).Property(ListCustomBase),,.Path],$VAR[CustomPlaylistVideo])</onclick>
				<onclick>Dialog.Close(1154)</onclick>
				<visible>String.IsEqual(Window(home).Property(SelectDialogType),selectkodiplaylist)</visible>
			</control>
			<control type="label"><!-- Fake OK button -->
				<left>876</left>
				<top>152</top>
				<width>256</width>
				<height>56</height>
				<font>apptv23</font>
				<label>$LOCALIZE[186]</label>
				<textcolor>disabled-text</textcolor>
				<align>center</align>
			</control>
			<control type="button" id="993"><!-- Fake Cancel button -->
				<left>876</left>
				<top>208</top>
				<width>256</width>
				<height>56</height>
				<font>apptv23</font>
				<label>$LOCALIZE[222]</label>
				<align>center</align>
				<onleft>999</onleft>
				<onclick>Dialog.Close(1154)</onclick>
			</control>
			<control type="image">
				<left>876</left>
				<top>296</top>
				<height>256</height>
				<width>256</width>
				<texture>DefaultFolder.png</texture>
				<aspectratio aligny="top">keep</aspectratio>
				<visible>!Control.HasFocus(999) + !Control.HasFocus(993)</visible>
			</control>
			<control type="image">
				<left>876</left>
				<top>296</top>
				<height>256</height>
				<width>256</width>
				<texture>DefaultFolderBack.png</texture>
				<aspectratio aligny="top">keep</aspectratio>
				<visible>Control.HasFocus(999) | Control.HasFocus(993)</visible>
			</control>
		</control>
		<control type="group">
			<visible>String.IsEqual(Window(home).Property(SelectDialogType),videoinfomore) | String.IsEqual(Window(home).Property(SelectDialogType),musicinfomore)</visible>
			<left>337</left>
			<top>220</top>
			<control type="image"><!-- Dialog background -->
				<left>0</left>
				<top>0</top>
				<width>604</width>
				<height>330</height>
				<texture border="9">button-menu-background.png</texture>
			</control>
			<control type="label"><!-- Dialog heading -->
				<left>25</left>
				<top>12</top>
				<width>554</width>
				<height>30</height>
				<align>center</align>
				<label>$VAR[CustomDialogSelectHeading]</label>
				<font>apptv25</font>
				<include condition="Skin.HasSetting(text-autoscroll)">scrolltext</include>
			</control>
			<control type="button"><!-- Touch Close button -->
				<left>582</left>
				<top>-10</top>
				<width>32</width>
				<height>32</height>
				<texturefocus>touch-close.png</texturefocus>
				<texturenofocus>touch-close.png</texturenofocus>
				<onclick>Dialog.Close(1154)</onclick>
				<visible>$EXP[isEnabledTouch]</visible>
			</control>
			<control type="image">
				<left>25</left>
				<top>48</top>
				<width>554</width>
				<height>4</height>
				<texture>separator.png</texture>
			</control>
			<control type="list" id="999">
				<left>25</left>
				<top>60</top>
				<width>554</width>
				<height>250</height>
				<viewtype label="536">list</viewtype>
				<onright>998</onright>
				<onleft>998</onleft>
				<itemlayout height="50">
					<control type="image">
						<left>0</left>
						<top>0</top>
						<width>554</width>
						<height>50</height>
						<texture border="6">button-default.png</texture>
					</control>
					<control type="label">
						<left>20</left>
						<top>0</top>
						<width>514</width>
						<height>50</height>
						<label>$INFO[ListItem.Label]</label>
						<font>apptv22</font>
					</control>
				</itemlayout>
				<focusedlayout height="50">
					<control type="image">
						<left>0</left>
						<top>0</top>
						<width>554</width>
						<height>50</height>
						<texture border="6">button-default-focus.png</texture>
						<visible>Control.HasFocus(999)</visible>
					</control>
					<control type="label">
						<left>20</left>
						<top>0</top>
						<width>514</width>
						<height>50</height>
						<label>$INFO[ListItem.Label]</label>
						<font>apptv22</font>
					</control>
				</focusedlayout>
				<content>
					<!-- More Video Info options -->
					<item>
						<label>$LOCALIZE[31680]</label>
						<onclick>Dialog.Close(1154)</onclick>
						<onclick>SendClick(movieinformation,10)</onclick>
						<visible>String.IsEqual(Window(home).Property(SelectDialogType),videoinfomore)</visible>
					</item>
					<item>
						<label>$LOCALIZE[31681]</label>
						<onclick>Dialog.Close(1154)</onclick>
						<onclick condition="String.IsEqual(ListItem.DBTYPE,tvshow)">RunScript(script.artwork.downloader,mode=gui,mediatype=tvshow,dbid=$INFO[ListItem.DBID])</onclick>
						<onclick condition="String.IsEqual(ListItem.DBTYPE,movie)">RunScript(script.artwork.downloader,mode=gui,mediatype=movie,dbid=$INFO[ListItem.DBID])</onclick>
						<onclick condition="String.IsEqual(ListItem.DBTYPE,musicvideo)">RunScript(script.artwork.downloader,mode=gui,mediatype=musicvideo,dbid=$INFO[ListItem.DBID])</onclick>
						<visible>String.IsEqual(Window(home).Property(SelectDialogType),videoinfomore) + System.HasAddon(script.artwork.downloader) + [String.IsEqual(ListItem.DBTYPE,tvshow) | String.IsEqual(ListItem.DBTYPE,movie) | String.IsEqual(ListItem.DBTYPE,musicvideo)] + $EXP[isnotEmptyDBID]</visible>
					</item>
					<item>
						<label>$LOCALIZE[38023]</label>
						<onclick>Dialog.Close(1154)</onclick>
						<onclick>SendClick(movieinformation,7)</onclick>
						<visible>String.IsEqual(Window(home).Property(SelectDialogType),videoinfomore)</visible>
					</item>
					<item>
						<label>$LOCALIZE[31689]</label>
						<onclick>Dialog.Close(1154)</onclick>
						<onclick>RunScript(script.libraryeditor,DBID=$INFO[ListItem.DBID])</onclick>
						<visible>String.IsEqual(Window(home).Property(SelectDialogType),videoinfomore) + System.HasAddon(script.libraryeditor) + $EXP[isnotEmptyDBID]</visible>
					</item>
					<!-- More Music Info options -->
					<item>
						<label>$LOCALIZE[13405]</label>
						<onclick>Dialog.Close(1154)</onclick>
						<onclick>SendClick(musicinformation,10)</onclick>
						<visible>String.IsEqual(Window(home).Property(SelectDialogType),musicinfomore) + Window.IsActive(musicinformation)</visible>
					</item>
					<item>
						<label>$LOCALIZE[13405]</label>
						<onclick>Dialog.Close(1154)</onclick>
						<onclick>SendClick(songinformation,13)</onclick>
						<visible>String.IsEqual(Window(home).Property(SelectDialogType),musicinfomore) + Window.IsActive(songinformation)</visible>
					</item>
					<item>
						<label>$LOCALIZE[20413]</label>
						<onclick>Dialog.Close(1154)</onclick>
						<onclick>SendClick(musicinformation,12)</onclick>
						<visible>String.IsEqual(Window(home).Property(SelectDialogType),musicinfomore) + Window.IsActive(musicinformation)</visible>
					</item>
					<item>
						<label>$ADDON[script.cdartmanager 32042]</label>
						<onclick>Dialog.Close(1154)</onclick>
						<onclick>RunScript(script.cdartmanager)</onclick>
						<visible>String.IsEqual(Window(home).Property(SelectDialogType),musicinfomore) + System.HasAddon(script.cdartmanager)</visible>
					</item>
					<item>
						<label>$LOCALIZE[31689]</label>
						<onclick>Dialog.Close(1154)</onclick>
						<onclick>RunScript(script.libraryeditor,DBID=$INFO[ListItem.DBID])</onclick>
						<visible>String.IsEqual(Window(home).Property(SelectDialogType),musicinfomore) + System.HasAddon(script.libraryeditor) + $EXP[isnotEmptyDBID]</visible>
					</item>
				</content>
			</control>
		</control>
	</controls>
</window>