<?xml version="1.0" encoding="utf-8"?>
<window>
	<coordinates>
		<left>290</left>
		<top>18</top>
	</coordinates>
	<controls>
		<control type="group">
			<visible>![Window.IsVisible(startup) | Window.IsVisible(notification) | Window.IsVisible(busydialog) | Window.IsVisible(sliderdialog) | Window.IsVisible(volumebar) | Window.IsVisible(seekbar) | Window.IsVisible(fullscreenvideo) | Window.IsVisible(selectdialog)]</visible>
			<control type="image"><!-- Dialog background image -->
				<left>0</left>
				<top>0</top>
				<width>700</width>
				<height>98</height>
				<texture border="9">button-menu-background.png</texture>
			</control>
			<control type="label" id="30"><!-- Dialog heading -->
				<left>16</left>
				<top>10</top>
				<width>668</width>
				<height>25</height>
				<font>apptv25</font>
				<align>center</align>
			</control>
			<control type="image">
				<left>16</left>
				<top>40</top>
				<width>668</width>
				<height>4</height>
				<texture>separator.png</texture>
			</control>
			<control type="label" id="31"><!-- Dialog line 1 -->
				<left>16</left>
				<top>45</top>
				<width>668</width>
				<height>20</height>
				<haspath>yes</haspath>
				<font>apptv20</font>
				<align>center</align>
			</control>
			<control type="progress" id="32">
				<left>12</left>
				<top>70</top>
				<width>676</width>
				<height>16</height>
			</control>
		</control>
	</controls>
</window>