<?xml version="1.0" encoding="UTF-8"?>
<window>
	<defaultcontrol>9000</defaultcontrol>
	<coordinates>
		<left>0</left>
		<top>0</top>
	</coordinates>
	<controls>
		<include>fadebackground</include>
		<control type="image"><!-- Dialog background image -->
			<left>245</left>
			<top>222</top>
			<width>790</width>
			<height>250</height>
			<texture border="9">button-menu-background.png</texture>
		</control>
		<control type="label" id="1"><!-- Dialog heading -->
			<left>265</left>
			<top>234</top>
			<width>750</width>
			<height>30</height>
			<align>center</align>
			<font>apptv25</font>
		</control>
		<control type="image">
			<left>265</left>
			<top>268</top>
			<width>750</width>
			<height>4</height>
			<texture>separator.png</texture>
		</control>
		<control type="textbox" id="9"><!-- Dialog info prompt -->
			<left>265</left>
			<top>276</top>
			<width>750</width>
			<height>110</height>
			<align>center</align>
			<font>apptv22</font>
			<autoscroll time="2000" delay="8000" repeat="5000">Skin.HasSetting(text-autoscroll) + !System.ScreenSaverActive</autoscroll>
		</control>
		<control type="progress" id="20">
			<left>265</left>
			<top>390</top>
			<width>750</width>
			<height>16</height>
			<info>System.Progressbar</info>
		</control>
		<control type="grouplist" id="9000">
			<orientation>horizontal</orientation>
			<left>265</left>
			<top>410</top>
			<width>750</width>
			<height>50</height>
			<align>center</align>
			<control type="button" id="10">
				<width>250</width>
				<height>50</height>
				<font>apptv23</font>
				<align>center</align>
			</control>
			<control type="button" id="11">
				<width>250</width>
				<height>50</height>
				<font>apptv23</font>
				<align>center</align>
			</control>
			<control type="button" id="12">
				<width>250</width>
				<height>50</height>
				<font>apptv23</font>
				<align>center</align>
			</control>
		</control>
	</controls>
</window>