<?xml version="1.0" encoding="UTF-8"?>
<window>
	<defaultcontrol always="true">9</defaultcontrol>
	<coordinates>
		<left>0</left>
		<top>0</top>
	</coordinates>
	<controls>
		<include>fadebackground</include>
		<control type="image"><!-- Dialog background -->
			<left>30</left>
			<top>40</top>
			<width>1220</width>
			<height>640</height>
			<texture border="9">button-menu-background.png</texture>
		</control>
		<control type="label" id="20"><!-- Dialog heading -->
			<left>44</left>
			<top>48</top>
			<width>1192</width>
			<height>36</height>
			<align>center</align>
			<font>apptv25</font>
		</control>
		<control type="image">
			<left>44</left>
			<top>88</top>
			<width>1192</width>
			<height>4</height>
			<texture>separator.png</texture>
		</control>
		<control type="grouplist" id="9"><!-- Button area -->
			<left>952</left>
			<top>96</top>
			<width>283</width>
			<height>506</height>
			<itemgap>0</itemgap>
			<onleft>2</onleft>
			<ondown>9001</ondown>
		</control>
		<control type="grouplist" id="2"><!-- Control area -->
			<left>66</left>
			<top>96</top>
			<width>885</width>
			<height>506</height>
			<itemgap>0</itemgap>
			<pagecontrol>30</pagecontrol>
			<ondown>9001</ondown>
			<onleft condition="String.IsEqual(Skin.String(show-scrollbar),$LOCALIZE[31877])">noop</onleft>
			<onleft condition="!String.IsEqual(Skin.String(show-scrollbar),$LOCALIZE[31877])">30</onleft>
			<onright>9</onright>
		</control>
		<control type="scrollbar" id="30">
			<left>40</left>
			<top>96</top>
			<width>18</width>
			<height>506</height>
			<onright>2</onright>
			<animation condition="!Control.HasFocus(30) + !Container.Scrolling + !String.IsEqual(Skin.String(show-scrollbar),$LOCALIZE[31875])" effect="fade" start="100" end="0" time="200" reversible="true">Conditional</animation>
			<visible>$EXP[isEnabledScrollbar]</visible>
		</control>
		<control type="group" id="9001">
			<left>132</left>
			<top>620</top>
			<control type="button" id="10"><!-- OK Button -->
				<left>0</left>
				<top>0</top>
				<width>247</width>
				<height>46</height>
				<font>apptv22</font>
				<align>center</align>
				<label>$LOCALIZE[186]</label>
				<onleft>12</onleft>
				<onright>11</onright>
				<onup>2</onup>
			</control>
			<control type="button" id="11"><!-- Cancel Button -->
				<left>380</left>
				<top>0</top>
				<width>247</width>
				<height>46</height>
				<font>apptv22</font>
				<align>center</align>
				<label>$LOCALIZE[222]</label>
				<onleft>10</onleft>
				<onright>12</onright>
				<onup>2</onup>
			</control>
			<control type="button" id="12"><!-- Defaults Button -->
				<left>761</left>
				<top>0</top>
				<width>247</width>
				<height>46</height>
				<font>apptv22</font>
				<align>center</align>
				<label>$LOCALIZE[409]</label>
				<onleft>11</onleft>
				<onright>10</onright>
				<onup>2</onup>
			</control>
		</control>
		<control type="button" id="13"><!-- Default Category Button -->
			<width>283</width>
			<height>46</height>
			<font>apptv22</font>
		</control>
		<control type="button" id="3"><!-- Default Button -->
			<width>870</width>
			<height>46</height>
			<font>apptv22</font>
			<textwidth>810</textwidth>
		</control>
		<control type="radiobutton" id="4"><!-- Default RadioButton -->
			<width>870</width>
			<height>46</height>
			<font>apptv22</font>
			<textwidth>800</textwidth>
			<radioposx>840</radioposx>
		</control>
		<control type="spincontrolex" id="5"><!-- Default Spincontrolex -->
			<width>870</width>
			<height>46</height>
			<font>apptv22</font>
			<reverse>yes</reverse>
		</control>
		<control type="label" id="7"><!-- Default Label -->
			<width>870</width>
			<height>46</height>
			<font>apptv22</font>
		</control>
		<control type="image" id="6"><!-- Default Seperator -->
			<height>4</height>
			<texture>separator.png</texture>
		</control>
		<control type="sliderex" id="8"><!-- Default Slider -->
			<width>870</width>
			<height>46</height>
		</control>
	</controls>
</window>
