<?xml version="1.0" encoding="UTF-8"?>
<window>
	<defaultcontrol always="true">10</defaultcontrol>
	<visible>Integer.IsGreater(Container(49).NumItems,0)</visible><!-- No Information so don't display dialog -->
	<controls>
		<include>fadebackground</include>
		<include>background</include>
		<control type="group">
			<control type="label"><!-- Dialog heading -->
				<left>946</left>
				<top>35</top>
				<width>300</width>
				<height>72</height>
				<align>left</align>
				<aligny>center</aligny>
				<label>$LOCALIZE[29900]</label>
				<font>apptv30</font>
			</control>

			<control type="group">
				<control type="list" id="49">
					<left>100</left>
					<top>110</top>
					<width>1080</width>
					<height>546</height>
					<onleft>49</onleft>
					<onright>49</onright>
					<ondown>9000</ondown>
					<pagecontrol>noop</pagecontrol>
					<scrolltime>200</scrolltime>
					<itemlayout width="1080" height="42">
						<control type="label">
							<left>10</left>
							<top>0</top>
							<width>210</width>
							<height>42</height>
							<font>apptv22</font>
							<align>right</align>
							<aligny>center</aligny>
							<label>$INFO[ListItem.Label]</label>
						</control>
						<control type="label">
							<left>235</left>
							<top>0</top>
							<width>835</width>
							<height>42</height>
							<font>apptv22</font>
							<align>left</align>
							<aligny>center</aligny>
							<label>$INFO[ListItem.Label2]</label>
						</control>
					</itemlayout>
					<focusedlayout width="1080" height="42">
						<control type="image">
							<left>0</left>
							<top>0</top>
							<width>1080</width>
							<height>42</height>
							<texture border="6">button-default-focus.png</texture>
							<visible>Control.HasFocus(49)</visible>
						</control>
						<control type="label">
							<left>10</left>
							<top>0</top>
							<width>210</width>
							<height>42</height>
							<font>apptv22</font>
							<align>right</align>
							<aligny>center</aligny>
							<label>$INFO[ListItem.Label]</label>
						</control>
						<control type="label">
							<left>235</left>
							<top>0</top>
							<width>835</width>
							<height>42</height>
							<font>apptv22</font>
							<align>left</align>
							<aligny>center</aligny>
							<label>$INFO[ListItem.Label2]</label>
						</control>
					</focusedlayout>
					<content>
						<item>
							<label>$LOCALIZE[557]:</label>
							<label2>$INFO[RDS.Artist]</label2>
							<onclick>noop</onclick>
							<visible>!String.IsEmpty(RDS.Artist)</visible>
						</item>
						<item>
							<label>$LOCALIZE[29901]:</label>
							<label2>$INFO[RDS.Band]</label2>
							<onclick>noop</onclick>
							<visible>!String.IsEmpty(RDS.Band)</visible>
						</item>
						<item>
							<label>$LOCALIZE[556]:</label>
							<label2>$INFO[RDS.Title]</label2>
							<onclick>noop</onclick>
							<visible>!String.IsEmpty(RDS.Title)</visible>
						</item>
						<item>
							<label>$LOCALIZE[558]:</label>
							<label2>$INFO[RDS.Album]</label2>
							<onclick>noop</onclick>
							<visible>!String.IsEmpty(RDS.Album)</visible>
						</item>
						<item>
							<label>$LOCALIZE[569]:</label>
							<label2>$INFO[RDS.Comment]</label2>
							<onclick>noop</onclick>
							<visible>!String.IsEmpty(RDS.Comment)</visible>
						</item>
						<item>
							<label>$LOCALIZE[29903]:</label>
							<label2>$INFO[RDS.Composer]</label2>
							<onclick>noop</onclick>
							<visible>!String.IsEmpty(RDS.Composer)</visible>
						</item>
						<item>
							<label>$LOCALIZE[29905]:</label>
							<label2>$INFO[RDS.Conductor]</label2>
							<onclick>noop</onclick>
							<visible>!String.IsEmpty(RDS.Conductor)</visible>
						</item>
						<item>
							<label>$LOCALIZE[29902]:</label>
							<label2>$INFO[RDS.ProgStyle]</label2>
							<onclick>noop</onclick>
							<visible>!String.IsEmpty(RDS.ProgStyle)</visible>
						</item>
						<item>
							<label>$LOCALIZE[29906]:</label>
							<label2>$INFO[RDS.ProgHost]</label2>
							<onclick>noop</onclick>
							<visible>!String.IsEmpty(RDS.ProgHost)</visible>
						</item>
						<item>
							<label>$LOCALIZE[19148]:</label>
							<label2>$INFO[RDS.ProgStation]</label2>
							<onclick>noop</onclick>
							<visible>!String.IsEmpty(RDS.ProgStation)</visible>
						</item>
						<item>
							<label>$LOCALIZE[29907]:</label>
							<label2>$INFO[RDS.ProgEditStaff]</label2>
							<onclick>noop</onclick>
							<visible>!String.IsEmpty(RDS.ProgEditStaff)</visible>
						</item>
						<item>
							<label>$LOCALIZE[19030]:</label>
							<label2>$INFO[RDS.ProgNow]</label2>
							<onclick>noop</onclick>
							<visible>!String.IsEmpty(RDS.ProgNow)</visible>
						</item>
						<item>
							<label>$LOCALIZE[19031]:</label>
							<label2>$INFO[RDS.ProgNext]</label2>
							<onclick>noop</onclick>
							<visible>!String.IsEmpty(RDS.ProgNext)</visible>
						</item>
						<item>
							<label>$LOCALIZE[29910]:</label>
							<label2>$INFO[RDS.PhoneStudio]</label2>
							<onclick>noop</onclick>
							<visible>!String.IsEmpty(RDS.PhoneStudio)</visible>
						</item>
						<item>
							<label>$LOCALIZE[29911]:</label>
							<label2>$INFO[RDS.EmailStudio]</label2>
							<onclick>noop</onclick>
							<visible>!String.IsEmpty(RDS.EmailStudio)</visible>
						</item>
						<item>
							<label>$LOCALIZE[29912]:</label>
							<label2>$INFO[RDS.SMSStudio]</label2>
							<onclick>noop</onclick>
							<visible>!String.IsEmpty(RDS.SMSStudio)</visible>
						</item>
						<item>
							<label>$LOCALIZE[29914]:</label>
							<label2>$INFO[RDS.ProgHomepage]</label2>
							<onclick>noop</onclick>
							<visible>!String.IsEmpty(RDS.ProgHomepage)</visible>
						</item>
						<item>
							<label>$LOCALIZE[29910]:</label>
							<label2>$INFO[RDS.PhoneHotline]</label2>
							<onclick>noop</onclick>
							<visible>!String.IsEmpty(RDS.PhoneHotline)</visible>
						</item>
						<item>
							<label>$LOCALIZE[29911]:</label>
							<label2>$INFO[RDS.EmailHotline]</label2>
							<onclick>noop</onclick>
							<visible>!String.IsEmpty(RDS.EmailHotline)</visible>
						</item>
					</content>
				</control>
			</control>
			<control type="button" id="10"> <!-- OK -->
				<left>512</left>
				<top>660</top>
				<width>256</width>
				<height>45</height>
				<label>$LOCALIZE[186]</label>
				<font>apptv23</font>
				<align>center</align>
				<aligny>center</aligny>
			</control>
		</control>
	</controls>
</window>
