<?xml version="1.0" encoding="UTF-8"?>
<window>
	<defaultcontrol always="true">9</defaultcontrol>
	<coordinates>
		<left>0</left>
		<top>0</top>
	</coordinates>
	<controls>
		<include>background</include>

		<control type="label"><!-- Header -->
			<left>946</left>
			<top>31</top>
			<width>318</width>
			<height>62</height>
			<font>apptv30</font>
			<label>$LOCALIZE[19142]</label>
			<visible>!pvr.IsPlayingRadio</visible>
		</control>
		<control type="label"><!-- Search heading -->
			<left>48</left>
			<top>110</top>
			<width>200</width>
			<height>50</height>
			<label>$LOCALIZE[19133]</label>
		</control>
		<control type="edit" id="9"><!-- Search string -->
			<left>240</left>
			<top>110</top>
			<width>1010</width>
			<height>50</height>
			<align>left</align>
			<onleft>9</onleft>
			<onright>9</onright>
			<onup>26</onup>
			<ondown>10</ondown>
		</control>
		<control type="textbox"><!-- Search help -->
			<left>48</left>
			<top>165</top>
			<width>1220</width>
			<height>70</height>
			<align>left</align>
			<font>apptv23</font>
			<label>$LOCALIZE[19001] $LOCALIZE[19002]</label>
		</control>
		<control type="group">
			<left>30</left>
			<top>230</top>
			<control type="radiobutton" id="10"><!-- Include Description -->
				<left>0</left>
				<top>0</top>
				<height>50</height>
				<width>600</width>
				<font>apptv23</font>
				<focusedcolor>button-text</focusedcolor>
				<label>$LOCALIZE[19134]</label>
				<radioposx>560</radioposx>
				<onleft>12</onleft>
				<onright>12</onright>
				<onup>9</onup>
				<ondown>11</ondown>
			</control>
			<control type="radiobutton" id="11"><!-- Case Sensitive -->
				<left>0</left>
				<top>50</top>
				<height>50</height>
				<width>600</width>
				<font>apptv23</font>
				<focusedcolor>button-text</focusedcolor>
				<label>$LOCALIZE[19135]</label>
				<radioposx>560</radioposx>
				<onleft>13</onleft>
				<onright>13</onright>
				<onup>10</onup>
				<ondown>14</ondown>
			</control>
			<control type="edit" id="14"><!-- Start Date -->
				<left>0</left>
				<top>100</top>
				<width>600</width>
				<height>50</height>
				<font>apptv23</font>
				<focusedcolor>button-text</focusedcolor>
				<label>$LOCALIZE[19128]</label>
				<onright>16</onright>
				<onleft>16</onleft>
				<onup>11</onup>
				<ondown>15</ondown>
			</control>
			<control type="edit" id="15"><!-- Stop Date -->
				<left>0</left>
				<top>150</top>
				<width>600</width>
				<height>50</height>
				<font>apptv23</font>
				<focusedcolor>button-text</focusedcolor>
				<label>$LOCALIZE[19129]</label>
				<onright>17</onright>
				<onleft>17</onleft>
				<onup>14</onup>
				<ondown>18</ondown>
			</control>
			<control type="spincontrolex" id="18"><!-- Genre -->
				<left>0</left>
				<top>200</top>
				<width>600</width>
				<height>50</height>
				<font>apptv23</font>
				<label>$LOCALIZE[515]</label>
				<onright>19</onright>
				<onleft>19</onleft>
				<onup>15</onup>
				<ondown>20</ondown>
			</control>
			<control type="radiobutton" id="20"><!-- Include unknown Genres -->
				<left>0</left>
				<top>250</top>
				<height>50</height>
				<width>600</width>
				<font>apptv23</font>
				<focusedcolor>button-text</focusedcolor>
				<label>$LOCALIZE[19132]</label>
				<radioposx>560</radioposx>
				<onleft>21</onleft>
				<onright>21</onright>
				<onup>18</onup>
				<ondown>22</ondown>
			</control>
			<control type="radiobutton" id="22"><!-- FTA only -->
				<left>0</left>
				<top>300</top>
				<height>50</height>
				<width>600</width>
				<font>apptv23</font>
				<focusedcolor>button-text</focusedcolor>
				<label>$LOCALIZE[19123]</label>
				<radioposx>560</radioposx>
				<onleft>23</onleft>
				<onright>23</onright>
				<onup>20</onup>
				<ondown>24</ondown>
			</control>
			<control type="radiobutton" id="24"><!-- Ignore Timers -->
				<left>0</left>
				<top>350</top>
				<height>50</height>
				<width>600</width>
				<font>apptv23</font>
				<focusedcolor>button-text</focusedcolor>
				<label>$LOCALIZE[19124]</label>
				<radioposx>560</radioposx>
				<onleft>27</onleft>
				<onright>27</onright>
				<onup>22</onup>
				<ondown>26</ondown>
			</control>
		</control>
		<control type="group">
			<left>660</left>
			<top>230</top>
			<control type="spincontrolex" id="12"><!-- Min Duration -->
				<left>0</left>
				<top>0</top>
				<width>600</width>
				<height>50</height>
				<font>apptv23</font>
				<label>$LOCALIZE[19130]</label>
				<onright>10</onright>
				<onleft>10</onleft>
				<onup>9</onup>
				<ondown>13</ondown>
			</control>
			<control type="spincontrolex" id="13"><!-- Max Duration -->
				<left>0</left>
				<top>50</top>
				<width>600</width>
				<height>50</height>
				<font>apptv23</font>
				<label>$LOCALIZE[19131]</label>
				<onright>11</onright>
				<onleft>11</onleft>
				<onup>12</onup>
				<ondown>16</ondown>
			</control>
			<control type="edit" id="16"><!-- Start time -->
				<left>0</left>
				<top>100</top>
				<width>600</width>
				<height>50</height>
				<font>apptv23</font>
				<focusedcolor>button-text</focusedcolor>
				<label>$LOCALIZE[19126]</label>
				<onright>14</onright>
				<onleft>14</onleft>
				<onup>13</onup>
				<ondown>17</ondown>
			</control>
			<control type="edit" id="17"><!-- Stop time -->
				<left>0</left>
				<top>150</top>
				<width>600</width>
				<height>50</height>
				<font>apptv23</font>
				<focusedcolor>button-text</focusedcolor>
				<label>$LOCALIZE[19127]</label>
				<onright>15</onright>
				<onleft>15</onleft>
				<onup>16</onup>
				<ondown>19</ondown>
			</control>
			<control type="radiobutton" id="19"><!-- avoid repeats -->
				<left>0</left>
				<top>200</top>
				<width>600</width>
				<height>50</height>
				<font>apptv23</font>
				<focusedcolor>button-text</focusedcolor>
				<label>$LOCALIZE[19121]</label>
				<radioposx>560</radioposx>
				<onright>18</onright>
				<onleft>18</onleft>
				<onup>17</onup>
				<ondown>21</ondown>
			</control>
			<control type="spincontrolex" id="21"><!-- Groups -->
				<left>0</left>
				<top>250</top>
				<width>600</width>
				<height>50</height>
				<font>apptv23</font>
				<label>$LOCALIZE[19141]</label>
				<onright>20</onright>
				<onleft>20</onleft>
				<onup>19</onup>
				<ondown>23</ondown>
			</control>
			<control type="spincontrolex" id="23"><!-- Channels -->
				<left>0</left>
				<top>300</top>
				<width>600</width>
				<height>50</height>
				<font>apptv23</font>
				<label>$LOCALIZE[19148]</label>
				<onleft>22</onleft>
				<onright>22</onright>
				<onup>21</onup>
				<ondown>27</ondown>
			</control>
			<control type="radiobutton" id="27"><!-- Ignore Recordings -->
				<left>0</left>
				<top>350</top>
				<height>50</height>
				<width>600</width>
				<font>apptv23</font>
				<focusedcolor>button-text</focusedcolor>
				<label>$LOCALIZE[19125]</label>
				<radioposx>560</radioposx>
				<onleft>24</onleft>
				<onright>24</onright>
				<onup>23</onup>
				<ondown>26</ondown>
			</control>
		</control>
		<control type="grouplist" id="9000">
			<left>256</left>
			<top>650</top>
			<width>776</width>
			<height>50</height>
			<onup>24</onup>
			<orientation>horizontal</orientation>
			<align>left</align>
			<control type="button" id="28"><!-- Defaults -->
				<width>255</width>
				<height>50</height>
				<align>center</align>
				<font>apptv23</font>
				<label>$LOCALIZE[409]</label>
			</control>
			<control type="button" id="25"><!-- Cancel -->
				<width>255</width>
				<height>50</height>
				<align>center</align>
				<font>apptv23</font>
				<label>$LOCALIZE[222]</label>
			</control>
			<control type="button" id="26"><!-- Search -->
				<width>255</width>
				<height>50</height>
				<align>center</align>
				<font>apptv23</font>
				<label>$LOCALIZE[137]</label>
			</control>
		</control>
	</controls>
</window>