<?xml version="1.0" encoding="UTF-8"?>
<window>
	<defaultcontrol always="true">570</defaultcontrol>
	<menucontrol>9000</menucontrol>
	<views>570</views>
	<onload>ClearProperty(ShowScreenSettings,home)</onload>
	<onunload>ClearProperty(ShowScreenSettings,home)</onunload>
	<menucontrol>9000</menucontrol>
	<controls>
		<include>background</include>
		<control type="grouplist">
			<left>946</left>
			<top>35</top>
			<width>auto</width>
			<height>72</height>
			<align>left</align>
			<aligny>center</aligny>
			<orientation>horizontal</orientation>
			<control type="label"><!-- Video screen heading -->
				<width max="256">auto</width>
				<height>72</height>
				<label>$LOCALIZE[14111]</label>
				<font>apptv30</font>
				<wrapmultiline>true</wrapmultiline>
				<aligny>top</aligny>
			</control>
			<control type="label"><!-- Number of files -->
				<width max="80">auto</width>
				<height>72</height>
				<label>$INFO[Container.NumItems,(,)]</label>
				<aligny>top</aligny>
			</control>
		</control>
		<control type="group">
			<control type="list" id="570">
				<left>40</left>
				<top>90</top>
				<width>1200</width>
				<height>532</height>
				<onleft>9000</onleft>
				<onright>1270</onright>
				<onup>570</onup>
				<ondown>570</ondown>
				<viewtype label="31941">list</viewtype>
				<pagecontrol>1270</pagecontrol>
				<scrolltime>200</scrolltime>
				<itemlayout width="1200" height="76">
					<control type="image">
						<left>6</left>
						<top>6</top>
						<width>64</width>
						<height>64</height>
						<texture>$INFO[ListItem.Icon]</texture>
					</control>
					<control type="label">
						<left>80</left>
						<top>4</top>
						<width>1110</width>
						<height>30</height>
						<font>apptv22</font>
						<selectedcolor>blue</selectedcolor>
						<align>left</align>
						<aligny>center</aligny>
						<label>$INFO[ListItem.Label]</label>
					</control>
					<control type="label">
						<left>80</left>
						<top>4</top>
						<width>1110</width>
						<height>30</height>
						<font>apptv22</font>
						<textcolor>disabled-text</textcolor>
						<selectedcolor>blue</selectedcolor>
						<align>right</align>
						<aligny>center</aligny>
						<label>$INFO[ListItem.Label2]</label>
					</control>
					<control type="textbox">
						<left>80</left>
						<top>30</top>
						<width>1110</width>
						<height>36</height>
						<font>apptv23</font>
						<selectedcolor>blue</selectedcolor>
						<align>right</align>
						<aligny>center</aligny>
						<label>$INFO[ListItem.Property(Event.Description)]</label>
					</control>
				</itemlayout>
				<focusedlayout width="1200" height="76">
					<control type="image">
						<left>0</left>
						<top>0</top>
						<width>1200</width>
						<height>76</height>
						<texture border="6">button-default-focus.png</texture>
						<visible>Control.HasFocus(570)</visible>
					</control>
					<control type="image">
						<left>6</left>
						<top>6</top>
						<width>64</width>
						<height>64</height>
						<texture>$INFO[ListItem.Icon]</texture>
					</control>
					<control type="label">
						<left>80</left>
						<top>4</top>
						<width>1110</width>
						<height>30</height>
						<font>apptv22</font>
						<selectedcolor>blue</selectedcolor>
						<align>left</align>
						<aligny>center</aligny>
						<label>$INFO[ListItem.Label]</label>
					</control>
					<control type="label">
						<left>80</left>
						<top>4</top>
						<width>1110</width>
						<height>30</height>
						<font>apptv22</font>
						<textcolor>disabled-text</textcolor>
						<selectedcolor>blue</selectedcolor>
						<align>right</align>
						<aligny>center</aligny>
						<label>$INFO[ListItem.Label2]</label>
					</control>
					<control type="textbox">
						<left>80</left>
						<top>30</top>
						<width>1110</width>
						<height>36</height>
						<font>apptv23</font>
						<selectedcolor>blue</selectedcolor>
						<align>right</align>
						<aligny>center</aligny>
						<label>$INFO[ListItem.Property(Event.Description)]</label>
					</control>
				</focusedlayout>
			</control>
		</control>
		<control type="scrollbar" id="1270">
			<left>1252</left>
			<top>84</top>
			<width>16</width>
			<height>540</height>
			<onleft>570</onleft>
			<animation condition="!Control.HasFocus(1270) + !Container.Scrolling + !String.IsEqual(Skin.String(show-scrollbar),$LOCALIZE[31875])" effect="fade" start="100" end="0" time="200" reversible="true">Conditional</animation>
			<visible>$EXP[isEnabledScrollbar]</visible>
		</control>
		<control type="group"><!-- Screen-settings Menu -->
			<left>0</left>
			<top>720</top>
			<include>screen-settings</include>
			<include>fadebackground</include>
			<control type="image"><!-- Button background -->
				<left>428</left>
				<top>146</top>
				<width>400</width>
				<height>330</height>
				<texture border="9">button-menu-background.png</texture>
			</control>
			<control type="label"><!-- Dialog heading -->
				<left>438</left>
				<top>156</top>
				<width>380</width>
				<height>34</height>
				<font>apptv23</font>
				<label>$LOCALIZE[31557]</label>
				<align>center</align>
			</control>
			<control type="button"><!-- Touch Close button -->
				<left>804</left>
				<top>138</top>
				<width>32</width>
				<height>32</height>
				<texturefocus>touch-close.png</texturefocus>
				<texturenofocus>touch-close.png</texturenofocus>
				<onclick condition="!String.IsEqual(Window(home).Property(ShowScreenSettings),show)">SetProperty(ShowScreenSettings,show,home)</onclick>
				<onclick condition="String.IsEqual(Window(home).Property(ShowScreenSettings),show)">ClearProperty(ShowScreenSettings,home)</onclick>
				<visible>$EXP[isEnabledTouch]</visible>
			</control>
			<control type="image">
				<left>438</left>
				<top>192</top>
				<width>380</width>
				<height>4</height>
				<texture>separator.png</texture>
			</control>
			<control type="grouplist" id="9000">
				<left>438</left>
				<top>202</top>
				<width>380</width>
				<height>260</height>
				<onright>570</onright>
				<onleft>570</onleft>
				<control type="button" id="999"><!-- Sort by button -->
					<width>380</width>
					<height>48</height>
					<font>apptv22</font>
					<label>$LOCALIZE[103]</label>
				</control>
				<control type="togglebutton" id="4"><!-- Sort direction button -->
					<width>380</width>
					<height>48</height>
					<label>$LOCALIZE[21429]: $LOCALIZE[21430]</label>
					<altlabel>$LOCALIZE[21429]: $LOCALIZE[21431]</altlabel>
					<font>apptv22</font>
				</control>
				<control type="button" id="21"><!-- Level button -->
					<width>380</width>
					<height>48</height>
					<font>apptv22</font>
				</control>
				<control type="button" id="22"><!-- Show only current level -->
					<width>380</width>
					<height>48</height>
					<font>apptv22</font>
				</control>
				<control type="button" id="20"><!-- Clear button -->
					<width>380</width>
					<height>48</height>
					<font>apptv22</font>
					<label>$LOCALIZE[192]</label>
				</control>
			</control>
		</control>

		<include>element-focusvert</include>

		<include>touch-controls</include>
	</controls>
</window>
