<?xml version="1.0" encoding="UTF-8"?>
<window>
	<defaultcontrol always="true">450</defaultcontrol>
	<coordinates>
		<left>0</left>
		<top>0</top>
	</coordinates>
	<controls>
		<include>fadebackground</include>
		<control type="image" id="1"><!-- Background image -->
			<left>90</left>
			<top>96</top>
			<width>1104</width>
			<height>530</height>
			<texture border="9">button-menu-background.png</texture>
		</control>
		<control type="label" id="411"><!-- Heading label -->
			<left>0</left>
			<top>-200</top>
			<width>1080</width>
			<height>30</height>
			<label>$LOCALIZE[1023]</label>
			<align>center</align>
			<visible>false</visible>
		</control>
		<control type="grouplist">
			<left>102</left>
			<top>108</top>
			<width>1080</width>
			<height>30</height>
			<align>center</align>
			<aligny>center</aligny>
			<orientation>horizontal</orientation>
			<control type="label"><!-- Heading label -->
				<width max="1000">auto</width>
				<height>30</height>
				<label>$INFO[Control.GetLabel(411)]</label>
			</control>
			<control type="label"><!-- Number of files -->
				<width max="80">auto</width>
				<height>30</height>
				<label>$INFO[Container(450).NumItems,(,)]</label>
			</control>
		</control>

		<control type="image">
			<left>102</left>
			<top>145</top>
			<width>1080</width>
			<height>4</height>
			<texture>separator.png</texture>
		</control>
		<control type="list" id="450">
			<left>136</left>
			<top>158</top>
			<width>685</width>
			<height>405</height>
			<onleft condition="String.IsEqual(Skin.String(show-scrollbar),$LOCALIZE[31877])">noop</onleft>
			<onleft condition="!String.IsEqual(Skin.String(show-scrollbar),$LOCALIZE[31877])">23</onleft>
			<onright>460</onright>
			<onup>450</onup>
			<ondown>450</ondown>
			<pagecontrol>23</pagecontrol>
			<itemlayout height="45">
				<control type="label">
					<left>23</left>
					<top>0</top>
					<width>640</width>
					<height>45</height>
					<font>apptv23</font>
					<selectedcolor>listselected-text</selectedcolor>
					<label>$INFO[ListItem.Label]</label>
				</control>
			</itemlayout>
			<focusedlayout height="45">
				<control type="image">
					<left>0</left>
					<top>0</top>
					<width>685</width>
					<height>45</height>
					<texture border="6">button-default-focus.png</texture>
					<animation effect="fade" start="100" end="60" condition="ControlGroup(460).HasFocus() | Control.HasFocus(23)">Conditional</animation>
				</control>
				<control type="label">
					<left>23</left>
					<top>0</top>
					<width>640</width>
					<height>45</height>
					<font>apptv23</font>
					<selectedcolor>listselected-text</selectedcolor>
					<label>$INFO[ListItem.Label]</label>
				</control>
			</focusedlayout>
		</control>
		<control type="image">
			<left>876</left>
			<top>306</top>
			<width>256</width>
			<height>256</height>
			<aspectratio>keep</aspectratio>
			<texture>$INFO[ListItem.Icon]</texture>
		</control>
		<control type="group" id="460">
			<left>845</left>
			<top>158</top>
			<control type="button" id="413"><!-- OK button -->
				<left>0</left>
				<top>0</top>
				<width>318</width>
				<height>45</height>
				<align>center</align>
				<label>$LOCALIZE[186]</label>
				<font>apptv23</font>
				<onleft>450</onleft>
				<ondown>414</ondown>
			</control>
			<control type="button" id="414"><!-- Cancel button -->
				<left>0</left>
				<top>46</top>
				<width>318</width>
				<height>45</height>
				<align>center</align>
				<label>$LOCALIZE[222]</label>
				<font>apptv23</font>
				<onleft>450</onleft>
				<onup>413</onup>
				<ondown>415</ondown>
			</control>
			<control type="button" id="415"><!-- Create folder button -->
				<left>0</left>
				<top>92</top>
				<width>318</width>
				<height>45</height>
				<align>center</align>
				<label>$LOCALIZE[119]</label>
				<font>apptv23</font>
				<onleft>450</onleft>
				<onup>414</onup>
			</control>
		</control>
		<control type="label" id="412"><!-- Path label -->
			<left>102</left>
			<top>575</top>
			<width>1060</width>
			<height>24</height>
			<align>right</align>
			<font>apptv22</font>
			<haspath>true</haspath>
		</control>
		<control type="scrollbar" id="23">
			<left>110</left>
			<top>152</top>
			<width>16</width>
			<height>417</height>
			<onright>450</onright>
			<animation condition="!Control.HasFocus(23) + !Container.Scrolling + !String.IsEqual(Skin.String(show-scrollbar),$LOCALIZE[31875])" effect="fade" start="100" end="0" time="200" reversible="true">Conditional</animation>
			<visible>Control.IsVisible(450) + !String.IsEqual(Skin.String(show-scrollbar),$LOCALIZE[31877])</visible>
		</control>
	</controls>
</window>