<?xml version="1.0" encoding="UTF-8"?>
<window>
	<controls>
		<control type="list" id="100">
			<left>-10</left>
			<top>-10</top>
			<width>1</width>
			<height>1</height>
			<visible>false</visible>
			<itemlayout width="1" height="1"/>
			<focusedlayout width="1" height="1"/>
		</control>
		<control type="group">
			<control type="image"><!-- Solid background use as base to other background images -->
				<include>fullscreenimage</include>
				<texture>background.png</texture>
			</control>
			<control type="image"><!-- Custom background -->
				<include>fullscreenimage</include>
				<aspectratio>stretch</aspectratio>
				<texture>$INFO[Skin.String(background-custom)]</texture>
				<colordiffuse>$VAR[BackgndImageVisibity]</colordiffuse>
				<visible>!String.IsEmpty(Skin.String(background-custom))</visible>
			</control>
			<control type="image"><!-- Fanart background -->
				<include>fullscreenimage</include>
				<aspectratio>scale</aspectratio>
				<texture>$INFO[Container(100).ListItem.Property(Fanart)]</texture>
				<colordiffuse>$VAR[BackgndImageVisibity]</colordiffuse>
				<visible>!Skin.HasSetting(background-fanarts)</visible>
			</control>
			<control type="grouplist"><!-- Media flags -->
				<visible>Control.IsVisible(110) | Control.IsVisible(140) | Control.IsVisible(150)</visible>
				<left>338</left>
				<top>338</top>
				<width>290</width>
				<height>30</height>
				<align>left</align>
				<orientation>horizontal</orientation>
				<itemgap>-4</itemgap>
				<control type="image" id="771"><!-- Audio Codec -->
					<width>40</width>
					<height>30</height>
					<texture background="true">special://skin/extras/images/audio/$INFO[Container(100).ListItem.Property(AudioCodec),,.png]</texture>
					<visible>!String.IsEmpty(Container(100).ListItem.Property(AudioCodec)) + !String.IsEqual(Control.GetLabel(761),blank.png)</visible>
				</control>
				<control type="image" id="772"><!-- Video Codec -->
					<width>40</width>
					<height>30</height>
					<texture background="true">special://skin/extras/images/video/$INFO[Container(100).ListItem.Property(VideoCodec),,.png]</texture>
					<visible>!String.IsEmpty(Container(100).ListItem.Property(VideoCodec)) + !String.IsEqual(Control.GetLabel(762),blank.png)</visible>
				</control>
				<control type="image" id="773"><!-- Video Aspect Ratio -->
					<width>40</width>
					<height>30</height>
					<texture background="true">special://skin/extras/images/aspectratio/$INFO[Container(100).ListItem.Property(VideoAspect),,.png]</texture>
					<visible>!String.IsEmpty(Container(100).ListItem.Property(VideoAspect)) + !String.IsEqual(Control.GetLabel(763),blank.png)</visible>
				</control>
				<control type="image" id="774"><!-- Video Resolution -->
					<width>40</width>
					<height>30</height>
					<texture background="true">special://skin/extras/images/resolution/$INFO[Container(100).ListItem.Property(VideoResolution),,.png]</texture>
					<visible>!String.IsEmpty(Container(100).ListItem.Property(VideoResolution)) + !String.IsEqual(Control.GetLabel(764),blank.png)</visible>
				</control>
				<control type="image" id="761">
					<width>1</width>
					<height>30</height>
					<colordiffuse>HideControl</colordiffuse>
					<texture background="true" fallback="blank.png">special://skin/extras/images/audio/$INFO[Container(100).ListItem.Property(AudioCodec),,.png]</texture>
					<visible>!String.IsEmpty(Container(100).ListItem.Property(AudioCodec))</visible>
				</control>
				<control type="image" id="762">
					<width>1</width>
					<height>30</height>
					<colordiffuse>HideControl</colordiffuse>
					<texture background="true" fallback="blank.png">special://skin/extras/images/video/$INFO[Container(100).ListItem.Property(VideoCodec),,.png]</texture>
					<visible>!String.IsEmpty(Container(100).ListItem.Property(VideoCodec))</visible>
				</control>
				<control type="image" id="763">
					<width>1</width>
					<height>30</height>
					<texture background="true" fallback="blank.png">special://skin/extras/images/aspectratio/$INFO[Container(100).ListItem.Property(VideoAspect),,.png]</texture>
					<colordiffuse>HideControl</colordiffuse>
					<visible>!String.IsEmpty(Container(100).ListItem.Property(VideoAspect))</visible>
				</control>
				<control type="image" id="764">
					<width>1</width>
					<height>30</height>
					<colordiffuse>HideControl</colordiffuse>
					<texture background="true" fallback="blank.png">special://skin/extras/images/resolution/$INFO[Container(100).ListItem.Property(VideoResolution),,.png]</texture>
					<visible>!String.IsEmpty(Container(100).ListItem.Property(VideoResolution))</visible>
				</control>
			</control>
			<control type="grouplist" id="960"><!-- Plot/Description Scrollbars -->
				<visible>String.IsEqual(Skin.String(show-scrollbar),$LOCALIZE[31875]) | String.IsEqual(Skin.String(show-scrollbar),$LOCALIZE[31876])</visible>
				<left>1252</left>
				<top>112</top>
				<width>16</width>
				<height>116</height>
				<align>left</align>
				<orientation>horizontal</orientation>
				<onleft>190</onleft>
				<ondown>190</ondown>
				<itemgap>0</itemgap>
				<control type="scrollbar" id="113"><!-- Movie Plot Scrollbar -->
					<width>16</width>
					<height>116</height>
					<animation condition="!Control.HasFocus(113) + !String.IsEqual(Skin.String(show-scrollbar),$LOCALIZE[31875])" effect="fade" start="100" end="0" time="200" reversible="true">Conditional</animation>
					<visible>Control.IsVisible(110)</visible>
				</control>
				<control type="scrollbar" id="123"><!-- TVShow Plot Scrollbar -->
					<width>16</width>
					<height>116</height>
					<animation condition="!Control.HasFocus(123) + !String.IsEqual(Skin.String(show-scrollbar),$LOCALIZE[31875])" effect="fade" start="100" end="0" time="200" reversible="true">Conditional</animation>
					<visible>Control.IsVisible(120)</visible>
				</control>
				<control type="scrollbar" id="133"><!-- TV Season Plot Scrollbar -->
					<width>16</width>
					<height>116</height>
					<animation condition="!Control.HasFocus(133) + !String.IsEqual(Skin.String(show-scrollbar),$LOCALIZE[31875])" effect="fade" start="100" end="0" time="200" reversible="true">Conditional</animation>
					<visible>Control.IsVisible(130)</visible>
				</control>
				<control type="scrollbar" id="143"><!-- TV Episode Plot Scrollbar -->
					<width>16</width>
					<height>116</height>
					<animation condition="!Control.HasFocus(143) + !String.IsEqual(Skin.String(show-scrollbar),$LOCALIZE[31875])" effect="fade" start="100" end="0" time="200" reversible="true">Conditional</animation>
					<visible>Control.IsVisible(140)</visible>
				</control>
				<control type="scrollbar" id="153"><!-- Music Video Plot Scrollbar -->
					<width>16</width>
					<height>116</height>
					<animation condition="!Control.HasFocus(153) + !String.IsEqual(Skin.String(show-scrollbar),$LOCALIZE[31875])" effect="fade" start="100" end="0" time="200" reversible="true">Conditional</animation>
					<visible>Control.IsVisible(150)</visible>
				</control>
				<control type="scrollbar" id="163"><!-- Artist Scrollbar -->
					<width>16</width>
					<height>116</height>
					<animation condition="!Control.HasFocus(163) + !String.IsEqual(Skin.String(show-scrollbar),$LOCALIZE[31875])" effect="fade" start="100" end="0" time="200" reversible="true">Conditional</animation>
					<visible>Control.IsVisible(160)</visible>
				</control>
				<control type="scrollbar" id="173"><!-- Album Scrollbar -->
					<width>16</width>
					<height>116</height>
					<animation condition="!Control.HasFocus(173) + !String.IsEqual(Skin.String(show-scrollbar),$LOCALIZE[31875])" effect="fade" start="100" end="0" time="200" reversible="true">Conditional</animation>
					<visible>Control.IsVisible(170)</visible>
				</control>
				<control type="scrollbar" id="183"><!-- Song Scrollbar -->
					<width>16</width>
					<height>116</height>
					<animation condition="!Control.HasFocus(183) + !String.IsEqual(Skin.String(show-scrollbar),$LOCALIZE[31875])" effect="fade" start="100" end="0" time="200" reversible="true">Conditional</animation>
					<visible>Control.IsVisible(180)</visible>
				</control>
				<control type="scrollbar" id="203"><!-- EPG Scrollbar -->
					<width>16</width>
					<height>116</height>
					<animation condition="!Control.HasFocus(203) + !String.IsEqual(Skin.String(show-scrollbar),$LOCALIZE[31875])" effect="fade" start="100" end="0" time="200" reversible="true">Conditional</animation>
					<visible>Control.IsVisible(200)</visible>
				</control>
			</control>

			<control type="group" id="101">
				<control type="group"><!-- Movie Info -->
					<visible>Control.IsVisible(110)</visible>
					<control type="label"><!-- Title -->
						<left>340</left>
						<top>12</top>
						<width>800</width>
						<height>62</height>
						<font>apptv30</font>
						<wrapmultiline>true</wrapmultiline>
						<aligny>center</aligny>
						<include condition="Skin.HasSetting(text-autoscroll)">scrolltext</include>
						<label>$INFO[Container(100).ListItem.Label]</label>
						<textoffsetx>0</textoffsetx>
					</control>
					<control type="label"><!-- Studio -->
						<left>340</left>
						<top>82</top>
						<width>800</width>
						<height>22</height>
						<font>apptv22</font>
						<textcolor>disabled-text</textcolor>
						<shadowcolor>shadow-text</shadowcolor>
						<include condition="Skin.HasSetting(text-autoscroll)">scrolltext</include>
						<label>$INFO[Container(100).ListItem.Property(Studio)]</label>
						<textoffsetx>0</textoffsetx>
					</control>
					<control type="image">
						<left>340</left>
						<top>108</top>
						<width>900</width>
						<height>4</height>
						<texture>separator.png</texture>
					</control>
					<control type="textbox">
						<left>340</left>
						<top>112</top>
						<width>900</width>
						<height>116</height>
						<label fallback="161">$INFO[Container(100).ListItem.Property(Plot)]</label>
						<font>apptv20</font>
						<align>justify</align>
						<pagecontrol>113</pagecontrol>
					</control>
					<control type="image">
						<left>340</left>
						<top>232</top>
						<width>900</width>
						<height>4</height>
						<texture>separator.png</texture>
					</control>
					<control type="image"><!-- Cover Image -->
						<left>55</left>
						<top>80</top>
						<width>230</width>
						<height>356</height>
						<texture fallback="DefaultMovies.png" diffuse="mask-rect.png">$INFO[Container(100).ListItem.Icon]</texture>
						<aspectratio scalediffuse="false">scale</aspectratio>
					</control>
					<control type="label"><!-- Details heading -->
						<left>340</left>
						<top>240</top>
						<width>320</width>
						<height>22</height>
						<label>$LOCALIZE[31135]</label>
						<font>apptv22</font>
						<textcolor>disabled-text</textcolor>
						<shadowcolor>shadow-text</shadowcolor>
					</control>
					<control type="label"><!-- Genre -->
						<left>340</left>
						<top>265</top>
						<width>600</width>
						<height>20</height>
						<font>apptv20</font>
						<include condition="Skin.HasSetting(text-autoscroll)">scrolltext</include>
						<label>$INFO[Container(100).ListItem.Property(Genre)]</label>
						<textoffsetx>0</textoffsetx>
						<visible>!String.IsEmpty(Container(100).ListItem.Property(Genre))</visible>
					</control>
					<control type="label"><!-- Year released -->
						<left>340</left>
						<top>290</top>
						<width>320</width>
						<height>20</height>
						<font>apptv20</font>
						<label>$LOCALIZE[172] $INFO[Container(100).ListItem.Property(Year)]</label>
					</control>
					<control type="image"><!-- Mpaa Rating Dropshadow -->
						<left>1121</left>
						<top>40</top>
						<width>136</width>
						<height>40</height>
						<colordiffuse>DropShadow</colordiffuse>
						<align>right</align>
						<aligny>bottom</aligny>
						<texture>$VAR[GlobalSearchRating]</texture>
						<aspectratio>keep</aspectratio>
					</control>
					<control type="image"><!-- Mpaa Rating -->
						<left>1120</left>
						<top>39</top>
						<width>136</width>
						<height>40</height>
						<align>right</align>
						<aligny>bottom</aligny>
						<texture>$VAR[GlobalSearchRating]</texture>
						<aspectratio>keep</aspectratio>
					</control>
					<control type="group"><!-- Duration -->
						<visible>!String.IsEmpty(Container(100).ListItem.Property(Duration))</visible>
						<control type="label">
							<left>340</left>
							<top>314</top>
							<width>320</width>
							<height>20</height>
							<font>apptv20</font>
							<label>$LOCALIZE[31133] $INFO[Container(100).ListItem.Property(Duration)]</label>
							<visible>String.Contains(Container(100).ListItem.Property(Duration),hrs)</visible>
						</control>
						<control type="label">
							<left>340</left>
							<top>314</top>
							<width>320</width>
							<height>20</height>
							<font>apptv20</font>
							<label>$LOCALIZE[31133] $INFO[Container(100).ListItem.Property(Duration)]</label>
							<visible>String.Contains(Container(100).ListItem.Property(Duration),min) + !String.Contains(Container(100).ListItem.Property(Duration),hrs)</visible>
						</control>
						<control type="label">
							<left>340</left>
							<top>314</top>
							<width>320</width>
							<height>20</height>
							<font>apptv20</font>
							<label>$LOCALIZE[31133] $INFO[Container(100).ListItem.Property(Duration),, mins]</label>
							<visible>!String.Contains(Container(100).ListItem.Property(Duration),min)</visible>
						</control>
					</control>
					<control type="image"><!-- Star Rating Dropshadow-->
						<left>341</left>
						<top>371</top>
						<width>144</width>
						<height>18</height>
						<texture>$INFO[Container(100).ListItem.Property(StarRating)]</texture>
						<colordiffuse>DropShadow</colordiffuse>
						<aspectratio>keep</aspectratio>
					</control>
					<control type="image"><!-- Star Rating -->
						<left>340</left>
						<top>370</top>
						<width>144</width>
						<height>18</height>
						<texture>$INFO[Container(100).ListItem.Property(StarRating)]</texture>
						<aspectratio>keep</aspectratio>
					</control>
					<control type="label"><!-- Director heading-->
						<left>970</left>
						<top>240</top>
						<width>290</width>
						<height>22</height>
						<label>$LOCALIZE[20339]</label>
						<font>apptv22</font>
						<textcolor>disabled-text</textcolor>
						<shadowcolor>shadow-text</shadowcolor>
					</control>
					<control type="label">
						<left>970</left>
						<top>265</top>
						<width>290</width>
						<height>42</height>
						<include condition="Skin.HasSetting(text-autoscroll)">scrolltext</include>
						<label>$INFO[Container(100).ListItem.Property(Director)]</label>
						<font>apptv20</font>
						<wrapmultiline>true</wrapmultiline>
						<visible>!String.IsEmpty(Container(100).ListItem.Property(Director))</visible>
					</control>
					<control type="label"><!-- Playcount heading-->
						<left>970</left>
						<top>314</top>
						<width>290</width>
						<height>22</height>
						<label>$LOCALIZE[567]</label>
						<font>apptv22</font>
						<textcolor>disabled-text</textcolor>
						<shadowcolor>shadow-text</shadowcolor>
					</control>
					<control type="label">
						<left>970</left>
						<top>338</top>
						<width>290</width>
						<height>42</height>
						<include condition="Skin.HasSetting(text-autoscroll)">scrolltext</include>
						<label>$INFO[Container(100).ListItem.Property(Playcount)]</label>
						<font>apptv20</font>
						<visible>!String.IsEmpty(Container(100).ListItem.Property(Playcount))</visible>
					</control>
				</control>
				<control type="list" id="110">
					<left>530</left>
					<top>190</top>
					<width>1</width>
					<height>1</height>
					<onup>190</onup>
					<ondown>950</ondown>
					<itemlayout width="1" height="1"/>
					<focusedlayout width="1" height="1"/>
				</control>

				<control type="group"><!-- TV Show info -->
					<visible>Control.IsVisible(120)</visible>
					<control type="label"><!-- Title -->
						<left>340</left>
						<top>12</top>
						<width>800</width>
						<height>72</height>
						<font>apptv30</font>
						<wrapmultiline>true</wrapmultiline>
						<aligny>center</aligny>
						<include condition="Skin.HasSetting(text-autoscroll)">scrolltext</include>
						<label>$INFO[Container(100).ListItem.Label]</label>
						<textoffsetx>0</textoffsetx>
					</control>
					<control type="label"><!-- Studio -->
						<left>340</left>
						<top>82</top>
						<width>800</width>
						<height>22</height>
						<font>apptv22</font>
						<textcolor>disabled-text</textcolor>
						<shadowcolor>shadow-text</shadowcolor>
						<include condition="Skin.HasSetting(text-autoscroll)">scrolltext</include>
						<label>$INFO[Container(100).ListItem.Property(Studio)]</label>
						<textoffsetx>0</textoffsetx>
					</control>
					<control type="image">
						<left>340</left>
						<top>108</top>
						<width>900</width>
						<height>4</height>
						<texture>separator.png</texture>
					</control>
					<control type="textbox">
						<left>340</left>
						<top>112</top>
						<width>900</width>
						<height>116</height>
						<label fallback="161">$INFO[Container(100).ListItem.Property(Plot)]</label>
						<font>apptv20</font>
						<align>justify</align>
						<pagecontrol>123</pagecontrol>
					</control>
					<control type="image">
						<left>340</left>
						<top>232</top>
						<width>900</width>
						<height>4</height>
						<texture>separator.png</texture>
					</control>
					<control type="image"><!-- Cover Image -->
						<left>55</left>
						<top>80</top>
						<width>230</width>
						<height>356</height>
						<texture fallback="DefaultTVShows.png" diffuse="mask-rect.png">$INFO[Container(100).ListItem.Icon]</texture>
						<aspectratio scalediffuse="false">scale</aspectratio>
					</control>
					<control type="label"><!-- Details heading -->
						<left>340</left>
						<top>240</top>
						<width>320</width>
						<height>22</height>
						<label>$LOCALIZE[31135]</label>
						<font>apptv22</font>
						<textcolor>disabled-text</textcolor>
						<shadowcolor>shadow-text</shadowcolor>
					</control>
					<control type="label"><!-- Genre -->
						<left>340</left>
						<top>265</top>
						<width>600</width>
						<height>20</height>
						<font>apptv20</font>
						<include condition="Skin.HasSetting(text-autoscroll)">scrolltext</include>
						<label>$INFO[Container(100).ListItem.Property(Genre)]</label>
						<textoffsetx>0</textoffsetx>
						<visible>!String.IsEmpty(Container(100).ListItem.Property(Genre))</visible>
					</control>
					<control type="label"><!-- Premiered -->
						<left>340</left>
						<top>290</top>
						<width>320</width>
						<height>20</height>
						<font>apptv20</font>
						<label>$LOCALIZE[172] $INFO[Container(100).ListItem.Property(Premiered)]</label>
					</control>
					<control type="image"><!-- Mpaa Rating Dropshadow -->
						<left>1121</left>
						<top>40</top>
						<width>136</width>
						<height>40</height>
						<colordiffuse>DropShadow</colordiffuse>
						<align>right</align>
						<aligny>bottom</aligny>
						<texture fallback="special://skin/extras/images/rating/notrated.png">$VAR[GlobalSearchRating]</texture>
						<aspectratio>keep</aspectratio>
					</control>
					<control type="image"><!-- Mpaa Rating -->
						<left>1120</left>
						<top>39</top>
						<width>136</width>
						<height>40</height>
						<align>right</align>
						<aligny>bottom</aligny>
						<texture fallback="special://skin/extras/images/rating/notrated.png">$VAR[GlobalSearchRating]</texture>
						<aspectratio>keep</aspectratio>
					</control>
					<control type="group"><!-- Duration -->
						<visible>!String.IsEmpty(Container(100).ListItem.Property(Duration))</visible>
						<control type="label">
							<left>340</left>
							<top>314</top>
							<width>320</width>
							<height>20</height>
							<font>apptv20</font>
							<label>$LOCALIZE[31133] $INFO[Container(100).ListItem.Property(Duration)]</label>
							<visible>String.Contains(Container(100).ListItem.Property(Duration),hrs)</visible>
						</control>
						<control type="label">
							<left>340</left>
							<top>314</top>
							<width>320</width>
							<height>20</height>
							<font>apptv20</font>
							<label>$LOCALIZE[31133] $INFO[Container(100).ListItem.Property(Duration)]</label>
							<visible>String.Contains(Container(100).ListItem.Property(Duration),min) + !String.Contains(Container(100).ListItem.Property(Duration),hrs)</visible>
						</control>
						<control type="label">
							<left>340</left>
							<top>314</top>
							<width>320</width>
							<height>20</height>
							<font>apptv20</font>
							<label>$LOCALIZE[31133] $INFO[Container(100).ListItem.Property(Duration),, mins]</label>
							<visible>!String.Contains(Container(100).ListItem.Property(Duration),min)</visible>
						</control>
					</control>
					<control type="image"><!-- Star Rating Dropshadow-->
						<left>341</left>
						<top>371</top>
						<width>144</width>
						<height>18</height>
						<texture>$INFO[Container(100).ListItem.Property(StarRating)]</texture>
						<colordiffuse>DropShadow</colordiffuse>
						<aspectratio>keep</aspectratio>
					</control>
					<control type="image"><!-- Star Rating -->
						<left>340</left>
						<top>370</top>
						<width>144</width>
						<height>18</height>
						<texture>$INFO[Container(100).ListItem.Property(StarRating)]</texture>
						<aspectratio>keep</aspectratio>
					</control>
					<control type="label"><!-- Playcount heading-->
						<left>970</left>
						<top>314</top>
						<width>290</width>
						<height>22</height>
						<label>$LOCALIZE[567]</label>
						<font>apptv22</font>
						<textcolor>disabled-text</textcolor>
						<shadowcolor>shadow-text</shadowcolor>
					</control>
					<control type="label">
						<left>970</left>
						<top>338</top>
						<width>290</width>
						<height>42</height>
						<include condition="Skin.HasSetting(text-autoscroll)">scrolltext</include>
						<label>$INFO[Container(100).ListItem.Property(Playcount)]</label>
						<font>apptv20</font>
						<visible>!String.IsEmpty(Container(100).ListItem.Property(Playcount))</visible>
					</control>
				</control>
				<control type="list" id="120">
					<left>530</left>
					<top>190</top>
					<width>1</width>
					<height>1</height>
					<onup>190</onup>
					<ondown>950</ondown>
					<itemlayout width="1" height="1"/>
					<focusedlayout width="1" height="1"/>
				</control>

				<control type="group"><!-- TV Season info -->
					<visible>Control.IsVisible(130)</visible>
					<control type="label"><!-- Title -->
						<left>340</left>
						<top>12</top>
						<width>760</width>
						<height>62</height>
						<font>apptv30</font>
						<wrapmultiline>true</wrapmultiline>
						<aligny>center</aligny>
						<include condition="Skin.HasSetting(text-autoscroll)">scrolltext</include>
						<label>$INFO[Container(100).ListItem.Label]</label>
						<textoffsetx>0</textoffsetx>
					</control>
					<control type="label"><!-- TVShow Title -->
						<left>340</left>
						<top>82</top>
						<width>760</width>
						<height>22</height>
						<font>apptv22</font>
						<textcolor>disabled-text</textcolor>
						<shadowcolor>shadow-text</shadowcolor>
						<include condition="Skin.HasSetting(text-autoscroll)">scrolltext</include>
						<label>$INFO[Container(100).ListItem.Property(TvShowTitle)]</label>
						<textoffsetx>0</textoffsetx>
					</control>
					<control type="image">
						<left>340</left>
						<top>108</top>
						<width>900</width>
						<height>4</height>
						<texture>separator.png</texture>
					</control>
					<control type="textbox">
						<left>340</left>
						<top>112</top>
						<width>900</width>
						<height>116</height>
						<label fallback="161">$INFO[Container(100).ListItem.Property(Plot)]</label>
						<font>apptv20</font>
						<align>justify</align>
						<pagecontrol>133</pagecontrol>
					</control>
					<control type="image">
						<left>340</left>
						<top>232</top>
						<width>900</width>
						<height>4</height>
						<texture>separator.png</texture>
					</control>
					<control type="image"><!-- Cover Image -->
						<left>55</left>
						<top>80</top>
						<width>230</width>
						<height>356</height>
						<texture fallback="DefaultTVShows.png" diffuse="mask-rect.png">$INFO[Container(100).ListItem.Icon]</texture>
						<aspectratio scalediffuse="false">scale</aspectratio>
					</control>
					<control type="label"><!-- Details heading -->
						<left>340</left>
						<top>240</top>
						<width>320</width>
						<height>22</height>
						<label>$LOCALIZE[31135]</label>
						<font>apptv22</font>
						<textcolor>disabled-text</textcolor>
						<shadowcolor>shadow-text</shadowcolor>
					</control>
					<control type="label"><!-- Genre -->
						<left>340</left>
						<top>265</top>
						<width>600</width>
						<height>20</height>
						<font>apptv20</font>
						<include condition="Skin.HasSetting(text-autoscroll)">scrolltext</include>
						<label>$INFO[Container(100).ListItem.Property(Genre)]</label>
						<textoffsetx>0</textoffsetx>
						<visible>!String.IsEmpty(Container(100).ListItem.Property(Genre))</visible>
					</control>
					<control type="label"><!-- Premiered released -->
						<left>340</left>
						<top>290</top>
						<width>320</width>
						<height>20</height>
						<font>apptv20</font>
						<label>$LOCALIZE[172] $INFO[Container(100).ListItem.Property(Premiered)]</label>
					</control>
					<control type="image"><!-- Mpaa Rating Dropshadow -->
						<left>1121</left>
						<top>40</top>
						<width>136</width>
						<height>40</height>
						<colordiffuse>DropShadow</colordiffuse>
						<align>right</align>
						<aligny>bottom</aligny>
						<texture>$VAR[GlobalSearchRating]</texture>
						<aspectratio>keep</aspectratio>
					</control>
					<control type="image"><!-- Mpaa Rating -->
						<left>1120</left>
						<top>39</top>
						<width>136</width>
						<height>40</height>
						<align>right</align>
						<aligny>bottom</aligny>
						<texture>$VAR[GlobalSearchRating]</texture>
						<aspectratio>keep</aspectratio>
					</control>
					<control type="group"><!-- Duration -->
						<visible>!String.IsEmpty(Container(100).ListItem.Property(Duration))</visible>
						<control type="label">
							<left>340</left>
							<top>314</top>
							<width>320</width>
							<height>20</height>
							<font>apptv20</font>
							<label>$LOCALIZE[31133] $INFO[Container(100).ListItem.Property(Duration)]</label>
							<visible>String.Contains(Container(100).ListItem.Property(Duration),hrs)</visible>
						</control>
						<control type="label">
							<left>340</left>
							<top>314</top>
							<width>320</width>
							<height>20</height>
							<font>apptv20</font>
							<label>$LOCALIZE[31133] $INFO[Container(100).ListItem.Property(Duration)]</label>
							<visible>String.Contains(Container(100).ListItem.Property(Duration),min) + !String.Contains(Container(100).ListItem.Property(Duration),hrs)</visible>
						</control>
						<control type="label">
							<left>340</left>
							<top>314</top>
							<width>320</width>
							<height>20</height>
							<font>apptv20</font>
							<label>$LOCALIZE[31133] $INFO[Container(100).ListItem.Property(Duration),, mins]</label>
							<visible>!String.Contains(Container(100).ListItem.Property(Duration),min)</visible>
						</control>
					</control>
					<control type="image"><!-- Star Rating Dropshadow-->
						<left>341</left>
						<top>371</top>
						<width>144</width>
						<height>18</height>
						<texture>$INFO[Container(100).ListItem.Property(StarRating)]</texture>
						<colordiffuse>DropShadow</colordiffuse>
						<aspectratio>keep</aspectratio>
					</control>
					<control type="image"><!-- Star Rating -->
						<left>340</left>
						<top>370</top>
						<width>144</width>
						<height>18</height>
						<texture>$INFO[Container(100).ListItem.Property(StarRating)]</texture>
						<aspectratio>keep</aspectratio>
					</control>
					<control type="label"><!-- Playcount heading-->
						<left>970</left>
						<top>314</top>
						<width>290</width>
						<height>22</height>
						<label>$LOCALIZE[567]</label>
						<font>apptv22</font>
						<textcolor>disabled-text</textcolor>
						<shadowcolor>shadow-text</shadowcolor>
					</control>
					<control type="label">
						<left>970</left>
						<top>338</top>
						<width>290</width>
						<height>42</height>
						<include condition="Skin.HasSetting(text-autoscroll)">scrolltext</include>
						<label>$INFO[Container(100).ListItem.Property(Playcount)]</label>
						<font>apptv20</font>
						<visible>!String.IsEmpty(Container(100).ListItem.Property(Playcount))</visible>
					</control>
				</control>
				<control type="list" id="130">
					<left>530</left>
					<top>190</top>
					<width>1</width>
					<height>1</height>
					<onup>190</onup>
					<ondown>950</ondown>
					<itemlayout width="1" height="1"/>
					<focusedlayout width="1" height="1"/>
				</control>

				<control type="group"><!-- TV Episode info -->
					<visible>Control.IsVisible(140)</visible>
					<control type="label"><!-- Title -->
						<left>340</left>
						<top>12</top>
						<width>760</width>
						<height>72</height>
						<font>apptv30</font>
						<wrapmultiline>true</wrapmultiline>
						<aligny>center</aligny>
						<include condition="Skin.HasSetting(text-autoscroll)">scrolltext</include>
						<label>$INFO[Container(100).ListItem.Label] ($LOCALIZE[20359] $INFO[Container(100).ListItem.Property(Episode)])</label>
						<textoffsetx>0</textoffsetx>
					</control>
					<control type="label"><!-- TVShow Title -->
						<left>340</left>
						<top>82</top>
						<width>760</width>
						<height>22</height>
						<font>apptv22</font>
						<textcolor>disabled-text</textcolor>
						<shadowcolor>shadow-text</shadowcolor>
						<include condition="Skin.HasSetting(text-autoscroll)">scrolltext</include>
						<label>$INFO[Container(100).ListItem.Property(TvShowTitle)]</label>
						<textoffsetx>0</textoffsetx>
					</control>
					<control type="image"><!-- Mpaa Rating Dropshadow -->
						<left>1121</left>
						<top>40</top>
						<width>136</width>
						<height>40</height>
						<colordiffuse>DropShadow</colordiffuse>
						<align>right</align>
						<aligny>bottom</aligny>
						<texture>$VAR[GlobalSearchRating]</texture>
						<aspectratio>keep</aspectratio>
					</control>
					<control type="image"><!-- Mpaa Rating -->
						<left>1120</left>
						<top>39</top>
						<width>136</width>
						<height>40</height>
						<align>right</align>
						<aligny>bottom</aligny>
						<texture>$VAR[GlobalSearchRating]</texture>
						<aspectratio>keep</aspectratio>
					</control>
					<control type="image">
						<left>340</left>
						<top>108</top>
						<width>900</width>
						<height>4</height>
						<texture>separator.png</texture>
					</control>
					<control type="textbox"><!-- Plot -->
						<left>340</left>
						<top>112</top>
						<width>900</width>
						<height>116</height>
						<label fallback="161">$INFO[Container(100).ListItem.Property(Plot)]</label>
						<font>apptv20</font>
						<align>justify</align>
						<pagecontrol>143</pagecontrol>
					</control>
					<control type="image">
						<left>340</left>
						<top>232</top>
						<width>900</width>
						<height>4</height>
						<texture>separator.png</texture>
					</control>
					<control type="image"><!-- Cover Image -->
						<left>55</left>
						<top>80</top>
						<width>230</width>
						<height>230</height>
						<texture fallback="DefaultTVShows.png" diffuse="mask-rect.png">$INFO[Container(100).ListItem.Icon]</texture>
						<aspectratio scalediffuse="false">keep</aspectratio>
					</control>
					<control type="label"><!-- Playcount heading-->
						<left>970</left>
						<top>240</top>
						<width>290</width>
						<height>22</height>
						<label>$LOCALIZE[567]</label>
						<font>apptv22</font>
						<textcolor>disabled-text</textcolor>
						<shadowcolor>shadow-text</shadowcolor>
					</control>
					<control type="label">
						<left>970</left>
						<top>265</top>
						<width>290</width>
						<height>20</height>
						<include condition="Skin.HasSetting(text-autoscroll)">scrolltext</include>
						<label>$INFO[Container(100).ListItem.Property(Playcount)]</label>
						<font>apptv20</font>
						<visible>!String.IsEmpty(Container(100).ListItem.Property(Playcount))</visible>
					</control>
					<control type="label"><!-- Details heading -->
						<left>340</left>
						<top>240</top>
						<width>320</width>
						<height>22</height>
						<label>$LOCALIZE[31135]</label>
						<font>apptv22</font>
						<textcolor>disabled-text</textcolor>
						<shadowcolor>shadow-text</shadowcolor>
					</control>
					<control type="label"><!-- Premiered -->
						<left>340</left>
						<top>265</top>
						<width>320</width>
						<height>20</height>
						<font>apptv20</font>
						<label>$LOCALIZE[172] $INFO[Container(100).ListItem.Property(Premiered)]</label>
					</control>
					<control type="group"><!-- Duration -->
						<visible>!String.IsEmpty(Container(100).ListItem.Property(Duration))</visible>
						<control type="label">
							<left>340</left>
							<top>290</top>
							<width>320</width>
							<height>20</height>
							<font>apptv20</font>
							<label>$LOCALIZE[31133] $INFO[Container(100).ListItem.Property(Duration)]</label>
							<visible>String.Contains(Container(100).ListItem.Property(Duration),hrs)</visible>
						</control>
						<control type="label">
							<left>340</left>
							<top>290</top>
							<width>320</width>
							<height>20</height>
							<font>apptv20</font>
							<label>$LOCALIZE[31133] $INFO[Container(100).ListItem.Property(Duration)]</label>
							<visible>String.Contains(Container(100).ListItem.Property(Duration),min) + !String.Contains(Container(100).ListItem.Property(Duration),hrs)</visible>
						</control>
						<control type="label">
							<left>340</left>
							<top>290</top>
							<width>320</width>
							<height>20</height>
							<font>apptv20</font>
							<label>$LOCALIZE[31133] $INFO[Container(100).ListItem.Property(Duration),, mins]</label>
							<visible>!String.Contains(Container(100).ListItem.Property(Duration),min)</visible>
						</control>
					</control>
					<control type="image"><!-- Star Rating Dropshadow-->
						<left>341</left>
						<top>315</top>
						<width>144</width>
						<height>18</height>
						<texture>$INFO[Container(100).ListItem.Property(StarRating)]</texture>
						<colordiffuse>DropShadow</colordiffuse>
						<aspectratio>keep</aspectratio>
					</control>
					<control type="image"><!-- Star Rating -->
						<left>340</left>
						<top>314</top>
						<width>144</width>
						<height>18</height>
						<texture>$INFO[Container(100).ListItem.Property(StarRating)]</texture>
						<aspectratio>keep</aspectratio>
					</control>
				</control>
				<control type="list" id="140">
					<left>530</left>
					<top>190</top>
					<width>1</width>
					<height>1</height>
					<onup>190</onup>
					<ondown>950</ondown>
					<itemlayout width="1" height="1"/>
					<focusedlayout width="1" height="1"/>
				</control>

				<control type="group"><!-- Music Video info -->
					<visible>Control.IsVisible(150)</visible>
					<control type="label"><!-- Title -->
						<left>340</left>
						<top>12</top>
						<width>920</width>
						<height>62</height>
						<font>apptv30</font>
						<wrapmultiline>true</wrapmultiline>
						<aligny>center</aligny>
						<include condition="Skin.HasSetting(text-autoscroll)">scrolltext</include>
						<label>$INFO[Container(100).ListItem.Label]</label>
						<textoffsetx>0</textoffsetx>
					</control>
					<control type="label"><!-- Artist, Album -->
						<left>340</left>
						<top>82</top>
						<width>920</width>
						<height>22</height>
						<font>apptv22</font>
						<textcolor>disabled-text</textcolor>
						<shadowcolor>shadow-text</shadowcolor>
						<include condition="Skin.HasSetting(text-autoscroll)">scrolltext</include>
						<label>$INFO[Container(100).ListItem.Property(Artist)] : $INFO[Container(100).ListItem.Property(Album)]</label>
						<textoffsetx>0</textoffsetx>
					</control>
					<control type="image">
						<left>340</left>
						<top>108</top>
						<width>900</width>
						<height>4</height>
						<texture>separator.png</texture>
					</control>
					<control type="textbox">
						<left>340</left>
						<top>112</top>
						<width>900</width>
						<height>116</height>
						<label fallback="161">$INFO[Container(100).ListItem.Property(Plot)]</label>
						<font>apptv20</font>
						<align>justify</align>
						<pagecontrol>153</pagecontrol>
					</control>
					<control type="image">
						<left>340</left>
						<top>232</top>
						<width>900</width>
						<height>4</height>
						<texture>separator.png</texture>
					</control>
					<control type="image"><!-- MusicVideo Image -->
						<left>55</left>
						<top>80</top>
						<width>230</width>
						<height>230</height>
						<texture fallback="DefaultMusicVideos.png" diffuse="mask-rect.png">$INFO[Container(100).ListItem.Icon]</texture>
						<aspectratio scalediffuse="false">keep</aspectratio>
					</control>
					<control type="label"><!-- Details heading -->
						<left>340</left>
						<top>240</top>
						<width>320</width>
						<height>22</height>
						<label>$LOCALIZE[31135]</label>
						<font>apptv22</font>
						<textcolor>disabled-text</textcolor>
						<shadowcolor>shadow-text</shadowcolor>
					</control>
					<control type="label"><!-- Genre -->
						<left>340</left>
						<top>265</top>
						<width>600</width>
						<height>20</height>
						<font>apptv20</font>
						<include condition="Skin.HasSetting(text-autoscroll)">scrolltext</include>
						<label>$INFO[Container(100).ListItem.Property(Genre)]</label>
						<textoffsetx>0</textoffsetx>
						<visible>!String.IsEmpty(Container(100).ListItem.Property(Genre))</visible>
					</control>
					<control type="label"><!-- Year released -->
						<left>340</left>
						<top>290</top>
						<width>320</width>
						<height>20</height>
						<font>apptv20</font>
						<label>$LOCALIZE[172] $INFO[Container(100).ListItem.Property(Year)]</label>
					</control>
					<control type="group"><!-- Duration -->
						<visible>!String.IsEmpty(Container(100).ListItem.Property(Duration))</visible>
						<control type="label">
							<left>340</left>
							<top>314</top>
							<width>320</width>
							<height>20</height>
							<font>apptv20</font>
							<label>$LOCALIZE[31133] $INFO[Container(100).ListItem.Property(Duration)]</label>
							<visible>String.Contains(Container(100).ListItem.Property(Duration),hrs)</visible>
						</control>
						<control type="label">
							<left>340</left>
							<top>314</top>
							<width>320</width>
							<height>20</height>
							<font>apptv20</font>
							<label>$LOCALIZE[31133] $INFO[Container(100).ListItem.Property(Duration)]</label>
							<visible>String.Contains(Container(100).ListItem.Property(Duration),min) + !String.Contains(Container(100).ListItem.Property(Duration),hrs)</visible>
						</control>
						<control type="label">
							<left>340</left>
							<top>314</top>
							<width>320</width>
							<height>20</height>
							<font>apptv20</font>
							<label>$LOCALIZE[31133] $INFO[Container(100).ListItem.Property(Duration),, mins]</label>
							<visible>!String.Contains(Container(100).ListItem.Property(Duration),min)</visible>
						</control>
					</control>
					<control type="image"><!-- Star Rating Dropshadow-->
						<left>341</left>
						<top>371</top>
						<width>144</width>
						<height>18</height>
						<texture>$INFO[Container(100).ListItem.Property(StarRating)]</texture>
						<colordiffuse>DropShadow</colordiffuse>
						<aspectratio>keep</aspectratio>
					</control>
					<control type="image"><!-- Star Rating -->
						<left>340</left>
						<top>370</top>
						<width>144</width>
						<height>18</height>
						<texture>$INFO[Container(100).ListItem.Property(StarRating)]</texture>
						<aspectratio>keep</aspectratio>
					</control>
					<control type="label"><!-- Director heading-->
						<left>970</left>
						<top>240</top>
						<width>290</width>
						<height>22</height>
						<label>$LOCALIZE[20339]</label>
						<font>apptv22</font>
						<textcolor>disabled-text</textcolor>
						<shadowcolor>shadow-text</shadowcolor>
						<visible>!String.IsEmpty(Container(100).ListItem.Property(Director))</visible>
					</control>
					<control type="label">
						<left>970</left>
						<top>265</top>
						<width>290</width>
						<height>42</height>
						<include condition="Skin.HasSetting(text-autoscroll)">scrolltext</include>
						<label>$INFO[Container(100).ListItem.Property(Director)]</label>
						<font>apptv20</font>
						<wrapmultiline>true</wrapmultiline>
						<visible>!String.IsEmpty(Container(100).ListItem.Property(Director))</visible>
					</control>
					<control type="label"><!-- Playcount heading-->
						<left>970</left>
						<top>314</top>
						<width>290</width>
						<height>22</height>
						<label>$LOCALIZE[567]</label>
						<font>apptv22</font>
						<textcolor>disabled-text</textcolor>
						<shadowcolor>shadow-text</shadowcolor>
						<visible>!String.IsEmpty(Container(100).ListItem.Property(Playcount))</visible>
					</control>
					<control type="label">
						<left>970</left>
						<top>338</top>
						<width>290</width>
						<height>42</height>
						<include condition="Skin.HasSetting(text-autoscroll)">scrolltext</include>
						<label>$INFO[Container(100).ListItem.Property(Playcount)]</label>
						<font>apptv20</font>
						<visible>!String.IsEmpty(Container(100).ListItem.Property(Playcount))</visible>
					</control>
				</control>
				<control type="list" id="150">
					<left>530</left>
					<top>190</top>
					<width>1</width>
					<height>1</height>
					<onup>190</onup>
					<ondown>950</ondown>
					<itemlayout width="1" height="1"/>
					<focusedlayout width="1" height="1"/>
				</control>

				<control type="group"><!-- Artist info -->
					<visible>Control.IsVisible(160)</visible>
					<control type="label"><!-- Artist -->
						<left>340</left>
						<top>12</top>
						<width>920</width>
						<height>62</height>
						<font>apptv30</font>
						<wrapmultiline>true</wrapmultiline>
						<aligny>center</aligny>
						<include condition="Skin.HasSetting(text-autoscroll)">scrolltext</include>
						<label>$INFO[Container(100).ListItem.Label]</label>
						<textoffsetx>0</textoffsetx>
					</control>
					<control type="label"><!-- Artist born/died -->
						<left>340</left>
						<top>82</top>
						<width>920</width>
						<height>22</height>
						<font>apptv22</font>
						<textcolor>disabled-text</textcolor>
						<shadowcolor>shadow-text</shadowcolor>
						<include condition="Skin.HasSetting(text-autoscroll)">scrolltext</include>
						<label>$INFO[Container(100).ListItem.Property(Artist_Born)]$INFO[Container(100).ListItem.Property(Artist_Died), - ,]</label>
						<textoffsetx>0</textoffsetx>
						<visible>!String.IsEmpty(Container(100).ListItem.Property(Artist_Born))</visible>
					</control>
					<control type="label"><!-- Artist formed/disbanded -->
						<left>340</left>
						<top>82</top>
						<width>920</width>
						<height>22</height>
						<font>apptv22</font>
						<textcolor>disabled-text</textcolor>
						<shadowcolor>shadow-text</shadowcolor>
						<include condition="Skin.HasSetting(text-autoscroll)">scrolltext</include>
						<label>$INFO[Container(100).ListItem.Property(Artist_Formed)]$INFO[Container(100).ListItem.Property(Artist_Disbanded), - ,]</label>
						<textoffsetx>0</textoffsetx>
						<visible>!String.IsEmpty(Container(100).ListItem.Property(Artist_Formed))</visible>
					</control>
					<control type="image">
						<left>340</left>
						<top>108</top>
						<width>900</width>
						<height>4</height>
						<texture>separator.png</texture>
					</control>
					<control type="textbox">
						<left>340</left>
						<top>112</top>
						<width>900</width>
						<height>116</height>
						<label fallback="161">$INFO[Container(100).ListItem.Property(Artist_Description)]</label>
						<font>apptv20</font>
						<align>justify</align>
						<pagecontrol>163</pagecontrol>
					</control>
					<control type="image">
						<left>340</left>
						<top>232</top>
						<width>900</width>
						<height>4</height>
						<texture>separator.png</texture>
					</control>
					<control type="image"><!-- Artist Image -->
						<left>42</left>
						<top>80</top>
						<width>256</width>
						<height>256</height>
						<texture fallback="DefaultUser.png" diffuse="mask-rect.png">$INFO[Container(100).ListItem.Icon]</texture>
						<aspectratio scalediffuse="false">keep</aspectratio>
					</control>
					<control type="label"><!-- Details heading -->
						<left>340</left>
						<top>240</top>
						<width>320</width>
						<height>22</height>
						<label>$LOCALIZE[31135]</label>
						<font>apptv22</font>
						<textcolor>disabled-text</textcolor>
						<shadowcolor>shadow-text</shadowcolor>
					</control>
					<control type="label"><!-- Genres -->
						<left>340</left>
						<top>266</top>
						<width>600</width>
						<height>20</height>
						<font>apptv20</font>
						<include condition="Skin.HasSetting(text-autoscroll)">scrolltext</include>
						<label>$LOCALIZE[135] : $INFO[Container(100).ListItem.Property(Artist_Genre)]</label>
						<textoffsetx>0</textoffsetx>
						<visible>!String.IsEmpty(Container(100).ListItem.Property(Artist_Genre))</visible>
					</control>
					<control type="label"><!-- Moods -->
						<left>340</left>
						<top>292</top>
						<width>600</width>
						<height>20</height>
						<font>apptv20</font>
						<include condition="Skin.HasSetting(text-autoscroll)">scrolltext</include>
						<label>$LOCALIZE[175] : $INFO[Container(100).ListItem.Property(Artist_Mood)]</label>
						<textoffsetx>0</textoffsetx>
						<visible>!String.IsEmpty(Container(100).ListItem.Property(Artist_Mood))</visible>
					</control>
					<control type="label"><!-- Styles -->
						<left>340</left>
						<top>318</top>
						<width>600</width>
						<height>20</height>
						<font>apptv20</font>
						<include condition="Skin.HasSetting(text-autoscroll)">scrolltext</include>
						<label>$LOCALIZE[176] : $INFO[Container(100).ListItem.Property(Artist_Style)]</label>
						<textoffsetx>0</textoffsetx>
						<visible>!String.IsEmpty(Container(100).ListItem.Property(Artist_Style))</visible>
					</control>
					<control type="label"><!-- Active -->
						<left>340</left>
						<top>344</top>
						<width>600</width>
						<height>20</height>
						<font>apptv20</font>
						<include condition="Skin.HasSetting(text-autoscroll)">scrolltext</include>
						<label>$LOCALIZE[21898] : $INFO[Container(100).ListItem.Property(Artist_YearsActive)]</label>
						<textoffsetx>0</textoffsetx>
						<visible>!String.IsEmpty(Container(100).ListItem.Property(Artist_YearsActive))</visible>
					</control>
				</control>
				<control type="list" id="160">
					<left>460</left>
					<top>118</top>
					<width>1</width>
					<height>1</height>
					<onup>190</onup>
					<ondown>950</ondown>
					<itemlayout width="1" height="1"/>
					<focusedlayout width="1" height="1"/>
				</control>

				<control type="group"><!-- Album info -->
					<visible>Control.IsVisible(170)</visible>
					<control type="label"><!-- Album -->
						<left>340</left>
						<top>12</top>
						<width>920</width>
						<height>62</height>
						<font>apptv30</font>
						<wrapmultiline>true</wrapmultiline>
						<aligny>center</aligny>
						<include condition="Skin.HasSetting(text-autoscroll)">scrolltext</include>
						<label>$INFO[Container(100).ListItem.Label]</label>
						<textoffsetx>0</textoffsetx>
					</control>
					<control type="label"><!-- Artist -->
						<left>340</left>
						<top>82</top>
						<width>920</width>
						<height>22</height>
						<font>apptv22</font>
						<textcolor>disabled-text</textcolor>
						<shadowcolor>shadow-text</shadowcolor>
						<include condition="Skin.HasSetting(text-autoscroll)">scrolltext</include>
						<label>$INFO[Container(100).ListItem.Property(Artist)]</label>
						<textoffsetx>0</textoffsetx>
						<visible>!String.IsEmpty(Container(100).ListItem.Property(Artist))</visible>
					</control>
					<control type="image">
						<left>340</left>
						<top>108</top>
						<width>900</width>
						<height>4</height>
						<texture>separator.png</texture>
					</control>
					<control type="textbox">
						<left>340</left>
						<top>112</top>
						<width>900</width>
						<height>116</height>
						<label fallback="161">$INFO[Container(100).ListItem.Property(Album_Description)]</label>
						<font>apptv20</font>
						<align>justify</align>
						<pagecontrol>173</pagecontrol>
					</control>
					<control type="image">
						<left>340</left>
						<top>232</top>
						<width>900</width>
						<height>4</height>
						<texture>separator.png</texture>
					</control>
					<control type="image"><!-- Album Image -->
						<left>42</left>
						<top>80</top>
						<width>256</width>
						<height>256</height>
						<texture fallback="DefaultAudio.png" diffuse="mask-rect.png">$INFO[Container(100).ListItem.Icon]</texture>
						<aspectratio scalediffuse="false">scale</aspectratio>
					</control>
					<control type="label"><!-- Details heading -->
						<left>340</left>
						<top>240</top>
						<width>320</width>
						<height>22</height>
						<label>$LOCALIZE[31135]</label>
						<font>apptv22</font>
						<textcolor>disabled-text</textcolor>
						<shadowcolor>shadow-text</shadowcolor>
					</control>
					<control type="label"><!-- Genres -->
						<left>340</left>
						<top>266</top>
						<width>600</width>
						<height>20</height>
						<font>apptv20</font>
						<include condition="Skin.HasSetting(text-autoscroll)">scrolltext</include>
						<label>$LOCALIZE[135] : $INFO[Container(100).ListItem.Property(Genre)]</label>
						<textoffsetx>0</textoffsetx>
						<visible>!String.IsEmpty(Container(100).ListItem.Property(Genre))</visible>
					</control>
					<control type="label"><!-- Moods -->
						<left>340</left>
						<top>292</top>
						<width>600</width>
						<height>20</height>
						<font>apptv20</font>
						<include condition="Skin.HasSetting(text-autoscroll)">scrolltext</include>
						<label>$LOCALIZE[175] : $INFO[Container(100).ListItem.Property(Album_Mood)]</label>
						<textoffsetx>0</textoffsetx>
						<visible>!String.IsEmpty(Container(100).ListItem.Property(Album_Mood))</visible>
					</control>
					<control type="label"><!-- Style -->
						<left>340</left>
						<top>318</top>
						<width>600</width>
						<height>20</height>
						<font>apptv20</font>
						<include condition="Skin.HasSetting(text-autoscroll)">scrolltext</include>
						<label>$LOCALIZE[176] : $INFO[Container(100).ListItem.Property(Album_Style)]</label>
						<textoffsetx>0</textoffsetx>
						<visible>!String.IsEmpty(Container(100).ListItem.Property(Album_Style))</visible>
					</control>
					<control type="label"><!-- Release date -->
						<left>340</left>
						<top>344</top>
						<width>600</width>
						<height>20</height>
						<font>apptv20</font>
						<include condition="Skin.HasSetting(text-autoscroll)">scrolltext</include>
						<label>$LOCALIZE[172] : $INFO[Container(100).ListItem.Property(Year)]</label>
						<textoffsetx>0</textoffsetx>
						<visible>!String.IsEmpty(Container(100).ListItem.Property(Year))</visible>
					</control>
					<control type="image"><!-- Star Rating Dropshadow-->
						<left>341</left>
						<top>371</top>
						<width>144</width>
						<height>18</height>
						<texture>$INFO[Container(100).ListItem.Property(StarRating)]</texture>
						<colordiffuse>DropShadow</colordiffuse>
						<aspectratio>keep</aspectratio>
					</control>
					<control type="image"><!-- Star Rating -->
						<left>340</left>
						<top>370</top>
						<width>144</width>
						<height>18</height>
						<texture>$INFO[Container(100).ListItem.Property(StarRating)]</texture>
						<aspectratio>keep</aspectratio>
					</control>
				</control>
				<control type="list" id="170">
					<left>460</left>
					<top>118</top>
					<width>1</width>
					<height>1</height>
					<onup>190</onup>
					<ondown>950</ondown>
					<itemlayout width="1" height="1"/>
					<focusedlayout width="1" height="1"/>
				</control>

				<control type="group"><!-- Song info -->
					<visible>Control.IsVisible(180)</visible>
					<control type="label"><!-- Track number and name -->
						<left>340</left>
						<top>12</top>
						<width>920</width>
						<height>62</height>
						<font>apptv30</font>
						<wrapmultiline>true</wrapmultiline>
						<aligny>center</aligny>
						<include condition="Skin.HasSetting(text-autoscroll)">scrolltext</include>
						<label>$INFO[Container(100).ListItem.Property(Track),, - ]$INFO[Container(100).ListItem.Label]</label>
						<textoffsetx>0</textoffsetx>
					</control>
					<control type="label"><!-- Artist -->
						<left>340</left>
						<top>82</top>
						<width>920</width>
						<height>22</height>
						<font>apptv22</font>
						<textcolor>disabled-text</textcolor>
						<shadowcolor>shadow-text</shadowcolor>
						<include condition="Skin.HasSetting(text-autoscroll)">scrolltext</include>
						<label>$INFO[Container(100).ListItem.Property(Artist)]$INFO[Container(100).ListItem.Property(Album), : ,]</label>
						<textoffsetx>0</textoffsetx>
						<visible>!String.IsEmpty(Container(100).ListItem.Property(Artist))</visible>
					</control>
					<control type="image">
						<left>340</left>
						<top>108</top>
						<width>900</width>
						<height>4</height>
						<texture>separator.png</texture>
					</control>
					<control type="textbox">
						<left>340</left>
						<top>112</top>
						<width>900</width>
						<height>116</height>
						<label fallback="161">$INFO[Container(100).ListItem.Property(Comment)]</label>
						<font>apptv20</font>
						<align>justify</align>
						<pagecontrol>183</pagecontrol>
					</control>
					<control type="image">
						<left>340</left>
						<top>232</top>
						<width>900</width>
						<height>4</height>
						<texture>separator.png</texture>
					</control>
					<control type="image"><!-- Album Image -->
						<left>42</left>
						<top>80</top>
						<width>256</width>
						<height>256</height>
						<texture fallback="DefaultAudio.png" diffuse="mask-rect.png">$INFO[Container(100).ListItem.Icon]</texture>
						<aspectratio scalediffuse="false">scale</aspectratio>
					</control>
					<control type="label"><!-- Details heading -->
						<left>340</left>
						<top>240</top>
						<width>320</width>
						<height>22</height>
						<label>$LOCALIZE[31135]</label>
						<font>apptv22</font>
						<textcolor>disabled-text</textcolor>
						<shadowcolor>shadow-text</shadowcolor>
					</control>
					<control type="label"><!-- Genres -->
						<left>340</left>
						<top>266</top>
						<width>600</width>
						<height>20</height>
						<font>apptv20</font>
						<include condition="Skin.HasSetting(text-autoscroll)">scrolltext</include>
						<label>$LOCALIZE[135] : $INFO[Container(100).ListItem.Property(Genre)]</label>
						<textoffsetx>0</textoffsetx>
						<visible>!String.IsEmpty(Container(100).ListItem.Property(Genre))</visible>
					</control>
					<control type="label"><!-- Playcount heading-->
						<left>970</left>
						<top>240</top>
						<width>290</width>
						<height>22</height>
						<label>$LOCALIZE[567]</label>
						<font>apptv22</font>
						<textcolor>disabled-text</textcolor>
						<shadowcolor>shadow-text</shadowcolor>
					</control>
					<control type="label">
						<left>970</left>
						<top>266</top>
						<width>290</width>
						<height>20</height>
						<include condition="Skin.HasSetting(text-autoscroll)">scrolltext</include>
						<label>$INFO[Container(100).ListItem.Property(Playcount)]</label>
						<font>apptv20</font>
						<visible>!String.IsEmpty(Container(100).ListItem.Property(Playcount))</visible>
					</control>
					<control type="group"><!-- Duration -->
						<visible>!String.IsEmpty(Container(100).ListItem.Property(Duration))</visible>
						<control type="label">
							<left>340</left>
							<top>318</top>
							<width>320</width>
							<height>20</height>
							<font>apptv20</font>
							<label>$LOCALIZE[31133] $INFO[Container(100).ListItem.Property(Duration)]</label>
							<visible>String.Contains(Container(100).ListItem.Property(Duration),hrs)</visible>
						</control>
						<control type="label">
							<left>340</left>
							<top>318</top>
							<width>320</width>
							<height>20</height>
							<font>apptv20</font>
							<label>$LOCALIZE[31133] $INFO[Container(100).ListItem.Property(Duration)]</label>
							<visible>String.Contains(Container(100).ListItem.Property(Duration),min) + !String.Contains(Container(100).ListItem.Property(Duration),hrs)</visible>
						</control>
						<control type="label">
							<left>340</left>
							<top>318</top>
							<width>320</width>
							<height>20</height>
							<font>apptv20</font>
							<label>$LOCALIZE[31133] $INFO[Container(100).ListItem.Property(Duration),, mins]</label>
							<visible>!String.Contains(Container(100).ListItem.Property(Duration),min)</visible>
						</control>
					</control>
					<control type="label"><!-- Release date -->
						<left>340</left>
						<top>344</top>
						<width>600</width>
						<height>20</height>
						<font>apptv20</font>
						<include condition="Skin.HasSetting(text-autoscroll)">scrolltext</include>
						<label>$LOCALIZE[172] : $INFO[Container(100).ListItem.Property(Year)]</label>
						<textoffsetx>0</textoffsetx>
						<visible>!String.IsEmpty(Container(100).ListItem.Property(Year))</visible>
					</control>
					<control type="image"><!-- Star Rating Dropshadow-->
						<left>341</left>
						<top>371</top>
						<width>144</width>
						<height>18</height>
						<texture>$INFO[Container(100).ListItem.Property(StarRating)]</texture>
						<colordiffuse>DropShadow</colordiffuse>
						<aspectratio>keep</aspectratio>
					</control>
					<control type="image"><!-- Star Rating -->
						<left>340</left>
						<top>370</top>
						<width>144</width>
						<height>18</height>
						<texture>$INFO[Container(100).ListItem.Property(StarRating)]</texture>
						<aspectratio>keep</aspectratio>
					</control>
				</control>
				<control type="list" id="180">
					<left>460</left>
					<top>118</top>
					<width>1</width>
					<height>1</height>
					<onup>190</onup>
					<ondown>950</ondown>
					<itemlayout width="1" height="1"/>
					<focusedlayout width="1" height="1"/>
				</control>

				<control type="group"><!-- EPG info -->
					<visible>Control.IsVisible(200)</visible>
					<control type="label"><!-- Program name -->
						<left>340</left>
						<top>12</top>
						<width>920</width>
						<height>62</height>
						<font>apptv30</font>
						<wrapmultiline>true</wrapmultiline>
						<aligny>center</aligny>
						<include condition="Skin.HasSetting(text-autoscroll)">scrolltext</include>
						<label>$INFO[Container(100).ListItem.Label]</label>
						<textoffsetx>0</textoffsetx>
					</control>
					<control type="label"><!-- Channel name -->
						<left>340</left>
						<top>82</top>
						<width>920</width>
						<height>22</height>
						<font>apptv22</font>
						<textcolor>disabled-text</textcolor>
						<shadowcolor>shadow-text</shadowcolor>
						<include condition="Skin.HasSetting(text-autoscroll)">scrolltext</include>
						<label>$INFO[Container(100).ListItem.Property(ChannelName)]</label>
						<textoffsetx>0</textoffsetx>
						<visible>!String.IsEmpty(Container(100).ListItem.Property(ChannelName))</visible>
					</control>
					<control type="image">
						<left>340</left>
						<top>108</top>
						<width>900</width>
						<height>4</height>
						<texture>separator.png</texture>
					</control>
					<control type="textbox">
						<left>340</left>
						<top>112</top>
						<width>900</width>
						<height>116</height>
						<label fallback="161">$INFO[Container(100).ListItem.Property(Plot)]</label>
						<font>apptv20</font>
						<align>justify</align>
						<pagecontrol>183</pagecontrol>
					</control>
					<control type="image">
						<left>340</left>
						<top>232</top>
						<width>900</width>
						<height>4</height>
						<texture>separator.png</texture>
					</control>
					<control type="image"><!-- Channel Image -->
						<left>42</left>
						<top>80</top>
						<width>256</width>
						<height>256</height>
						<texture fallback="DefaultAudio.png" diffuse="mask-rect.png">$INFO[Container(100).ListItem.Icon]</texture>
						<aspectratio scalediffuse="false">scale</aspectratio>
					</control>
					<control type="label"><!-- Details heading -->
						<left>340</left>
						<top>240</top>
						<width>320</width>
						<height>22</height>
						<label>$LOCALIZE[31135]</label>
						<font>apptv22</font>
						<textcolor>disabled-text</textcolor>
						<shadowcolor>shadow-text</shadowcolor>
					</control>
					<control type="label"><!-- Genres -->
						<left>340</left>
						<top>266</top>
						<width>600</width>
						<height>20</height>
						<font>apptv20</font>
						<include condition="Skin.HasSetting(text-autoscroll)">scrolltext</include>
						<label>$LOCALIZE[135] : $INFO[Container(100).ListItem.Property(Genre)]</label>
						<textoffsetx>0</textoffsetx>
						<visible>!String.IsEmpty(Container(100).ListItem.Property(Genre))</visible>
					</control>
					<control type="group"><!-- Duration -->
						<visible>!String.IsEmpty(Container(100).ListItem.Property(Duration))</visible>
						<control type="label">
							<left>340</left>
							<top>318</top>
							<width>320</width>
							<height>20</height>
							<font>apptv20</font>
							<label>$LOCALIZE[31133] $INFO[Container(100).ListItem.Property(Duration)]</label>
							<visible>String.Contains(Container(100).ListItem.Property(Duration),hrs)</visible>
						</control>
						<control type="label">
							<left>340</left>
							<top>318</top>
							<width>320</width>
							<height>20</height>
							<font>apptv20</font>
							<label>$LOCALIZE[31133] $INFO[Container(100).ListItem.Property(Duration)]</label>
							<visible>String.Contains(Container(100).ListItem.Property(Duration),min) + !String.Contains(Container(100).ListItem.Property(Duration),hrs)</visible>
						</control>
						<control type="label">
							<left>340</left>
							<top>318</top>
							<width>320</width>
							<height>20</height>
							<font>apptv20</font>
							<label>$LOCALIZE[31133] $INFO[Container(100).ListItem.Property(Duration),, mins]</label>
							<visible>!String.Contains(Container(100).ListItem.Property(Duration),min)</visible>
						</control>
					</control>
					<control type="label"><!-- Start/End Times -->
						<left>340</left>
						<top>344</top>
						<width>600</width>
						<height>20</height>
						<font>apptv20</font>
						<include condition="Skin.HasSetting(text-autoscroll)">scrolltext</include>
						<label>$INFO[Container(100).ListItem.Property(Starttime),, - ]$INFO[Container(100).ListItem.Property(Endtime)]</label>
						<textoffsetx>0</textoffsetx>
						<visible>!String.IsEmpty(Container(100).ListItem.Property(Starttime)) + !String.IsEmpty(Container(100).ListItem.Property(Endtime))</visible>
					</control>
				</control>
				<control type="list" id="200">
					<posx>430</posx>
					<posy>118</posy>
					<width>1</width>
					<height>1</height>
					<onup>190</onup>
					<ondown>950</ondown>
					<scrolltime>200</scrolltime>
					<itemlayout width="1" height="1"/>
					<focusedlayout width="1" height="1"/>
				</control>
			</control>

			<control type="group"><!-- Hide script supplied buttons offscreen so I can replace with my own custom buttons -->
				<control type="button" id="191"><!-- Hidden Play button -->
					<left>-200</left>
					<top>-200</top>
					<width>250</width>
					<height>45</height>
					<label></label>
					<align>center</align>
					<onfocus>SetFocus(190)</onfocus>
				</control>
				<control type="button" id="192"><!-- Hidden Browse button -->
					<left>-200</left>
					<top>-150</top>
					<width>250</width>
					<height>45</height>
					<onfocus>SetFocus(190)</onfocus>
				</control>
				<control type="button" id="193"><!-- Hidden Trailer button -->
					<left>-200</left>
					<top>-100</top>
					<width>250</width>
					<height>45</height>
					<onfocus>SetFocus(190)</onfocus>
				</control>
			</control>

			<control type="grouplist" id="190"><!-- Option buttons -->
				<left>364</left>
				<top>400</top>
				<width>873</width>
				<height>96</height>
				<orientation>horizontal</orientation>
				<itemgap>15</itemgap>
				<onleft>noop</onleft>
				<onright>noop</onright>
				<ondown>950</ondown>
				<onup>960</onup>
				<align>center</align>
				<control type="button" id="791"><!-- Browse button -->
					<include>videoinfo-options-common</include>
					<label>$INFO[Control.GetLabel(192)]</label>
					<texturefocus>button-info-browse-focus.png</texturefocus>
					<texturenofocus>button-info-browse.png</texturenofocus>
					<onclick>SendClick(192)</onclick>
					<visible>[Control.IsVisible(120) | Control.IsVisible(130) | Control.IsVisible(160)]</visible>
				</control>
				<control type="button" id="792"><!-- Play button -->
					<include>videoinfo-options-common</include>
					<label>$INFO[Control.GetLabel(192)]</label>
					<texturefocus>button-info-play-focus.png</texturefocus>
					<texturenofocus>button-info-play.png</texturenofocus>
					<onclick>SendClick(192)</onclick>
					<visible>[Control.IsVisible(110) | Control.IsVisible(140) | Control.IsVisible(150) | Control.IsVisible(170) | Control.IsVisible(180) | Control.IsVisible(200)]</visible>
				</control>
				<control type="button" id="793"><!-- Trailer button -->
					<include>videoinfo-options-common</include>
					<label>$INFO[Control.GetLabel(193)]</label>
					<texturefocus>button-info-trailer-focus.png</texturefocus>
					<texturenofocus>button-info-trailer.png</texturenofocus>
					<onclick>SendClick(193)</onclick>
					<visible>Control.IsVisible(110)</visible>
				</control>
				<control type="button" id="794"><!-- Alternate Browse button -->
					<include>videoinfo-options-common</include>
					<label>$INFO[Control.GetLabel(193)]</label>
					<texturefocus>button-info-browse-focus.png</texturefocus>
					<texturenofocus>button-info-browse.png</texturenofocus>
					<onclick>SendClick(193)</onclick>
					<visible>Control.IsVisible(170)</visible>
				</control>
			</control>
			<control type="label">
				<left>20</left>
				<top>488</top>
				<height>20</height>
				<width>300</width>
				<label>$LOCALIZE[31691]</label>
				<font>apptv20</font>
				<align>right</align>
				<visible>![String.IsEmpty(Container(950).ListItem.Label)]</visible>
			</control>
			<control type="image">
				<left>340</left>
				<top>504</top>
				<width>900</width>
				<height>4</height>
				<texture>separator.png</texture>
			</control>
			<control type="list" id="950">
				<left>10</left>
				<top>518</top>
				<width>1260</width>
				<height>208</height>
				<onleft>noop</onleft>
				<onright>noop</onright>
				<onup>190</onup>
				<viewtype label="31028">list</viewtype>
				<orientation>horizontal</orientation>
				<itemlayout height="208" width="210">
					<control type="image">
						<left>48</left>
						<top>0</top>
						<width>114</width>
						<height>148</height>
						<aspectratio scalediffuse="true">keep</aspectratio>
						<texture diffuse="mask-rect.png" fallback="DefaultVideo.png" background="true">$INFO[ListItem.Thumb]</texture>
						<visible>Control.IsVisible(110) | Control.IsVisible(150)</visible>
					</control>
					<control type="image">
						<left>48</left>
						<top>0</top>
						<width>114</width>
						<height>148</height>
						<aspectratio scalediffuse="true">keep</aspectratio>
						<texture diffuse="mask-rect.png" fallback="DefaultTVShows.png" background="true">$INFO[ListItem.Thumb]</texture>
						<visible>Control.IsVisible(120) | Control.IsVisible(130) | Control.IsVisible(140)</visible>
					</control>
					<control type="image">
						<left>30</left>
						<top>0</top>
						<width>148</width>
						<height>148</height>
						<aspectratio scalediffuse="true">stretch</aspectratio>
						<texture diffuse="mask-rect.png" fallback="DefaultAudio.png" background="true">$INFO[ListItem.Thumb]</texture>
						<visible>Control.IsVisible(160) | Control.IsVisible(170) | Control.IsVisible(180)</visible>
					</control>
					<control type="image">
						<left>30</left>
						<top>0</top>
						<width>148</width>
						<height>148</height>
						<aspectratio scalediffuse="true">stretch</aspectratio>
						<texture diffuse="mask-rect.png" fallback="icon-livetv.png" background="true">$INFO[ListItem.Thumb]</texture>
						<visible>Control.IsVisible(200)</visible>
					</control>
				</itemlayout>
				<focusedlayout height="208" width="210">
					<control type="group">
						<visible>!Control.HasFocus(950)</visible>
						<control type="image">
							<left>48</left>
							<top>0</top>
							<width>114</width>
							<height>148</height>
							<aspectratio scalediffuse="true">keep</aspectratio>
							<texture diffuse="mask-rect.png" fallback="DefaultVideo.png" background="true">$INFO[ListItem.Thumb]</texture>
							<visible>Control.IsVisible(110) | Control.IsVisible(150)</visible>
						</control>
						<control type="image">
							<left>48</left>
							<top>0</top>
							<width>114</width>
							<height>148</height>
							<aspectratio scalediffuse="true">keep</aspectratio>
							<texture diffuse="mask-rect.png" fallback="DefaultTVShows.png" background="true">$INFO[ListItem.Thumb]</texture>
							<visible>Control.IsVisible(120) | Control.IsVisible(130) | Control.IsVisible(140)</visible>
						</control>
						<control type="image">
							<left>30</left>
							<top>0</top>
							<width>148</width>
							<height>148</height>
							<aspectratio scalediffuse="true">stretch</aspectratio>
							<texture diffuse="mask-rect.png" fallback="DefaultAudio.png" background="true">$INFO[ListItem.Thumb]</texture>
							<visible>Control.IsVisible(160) | Control.IsVisible(170) | Control.IsVisible(180)</visible>
						</control>
						<control type="image">
							<left>30</left>
							<top>0</top>
							<width>148</width>
							<height>148</height>
							<aspectratio scalediffuse="true">stretch</aspectratio>
							<texture diffuse="mask-rect.png" fallback="icon-livetv.png" background="true">$INFO[ListItem.Thumb]</texture>
							<visible>Control.IsVisible(200)</visible>
						</control>
					</control>
					<control type="group">
						<visible>Control.HasFocus(950)</visible>
							<control type="image">
							<left>48</left>
							<top>0</top>
							<width>114</width>
							<height>148</height>
							<aspectratio scalediffuse="true">keep</aspectratio>
							<texture diffuse="mask-rect.png" background="true">$INFO[ListItem.Thumb]</texture>
							<animation effect="zoom" start="100" end="108" center="auto" time="200" tween="back" easing="out" reversible="false">focus</animation>
							<visible>[Control.IsVisible(110) | Control.IsVisible(150)] + !String.IsEmpty(ListItem.Thumb) + !String.StartsWith(ListItem.Thumb,Default)</visible>
						</control>
						<control type="image">
							<left>30</left>
							<top>0</top>
							<width>148</width>
							<height>148</height>
							<aspectratio>keep</aspectratio>
							<texture>DefaultVideo.png</texture>
							<visible>[Control.IsVisible(110) | Control.IsVisible(150)] + [String.IsEmpty(ListItem.Thumb) | String.StartsWith(ListItem.Thumb,Default)]</visible>
						</control>
						<control type="image">
							<left>48</left>
							<top>0</top>
							<width>114</width>
							<height>148</height>
							<aspectratio scalediffuse="true">keep</aspectratio>
							<texture diffuse="mask-rect.png" background="true">$INFO[ListItem.Thumb]</texture>
							<animation effect="zoom" start="100" end="108" center="auto" time="200" tween="back" easing="out" reversible="false">focus</animation>
							<visible>[Control.IsVisible(120) | Control.IsVisible(130) | Control.IsVisible(140)] + !String.IsEmpty(ListItem.Thumb) + !String.StartsWith(ListItem.Thumb,Default)</visible>
						</control>
						<control type="image">
							<left>30</left>
							<top>0</top>
							<width>148</width>
							<height>148</height>
							<aspectratio>keep</aspectratio>
							<texture>DefaultTVShows.png</texture>
							<visible>[Control.IsVisible(120) | Control.IsVisible(130) | Control.IsVisible(140)] + [String.IsEmpty(ListItem.Thumb) | String.StartsWith(ListItem.Thumb,Default)]</visible>
						</control>
						<control type="image">
							<left>30</left>
							<top>0</top>
							<width>148</width>
							<height>148</height>
							<aspectratio scalediffuse="true">keep</aspectratio>
							<texture diffuse="mask-rect.png" background="true">$INFO[ListItem.Thumb]</texture>
							<animation effect="zoom" start="100" end="108" center="auto" time="200" tween="back" easing="out" reversible="false">focus</animation>
							<visible>[Control.IsVisible(160) | Control.IsVisible(170) | Control.IsVisible(180)] + !String.IsEmpty(ListItem.Thumb) + !String.StartsWith(ListItem.Thumb,Default)</visible>
						</control>
						<control type="image">
							<left>30</left>
							<top>0</top>
							<width>148</width>
							<height>148</height>
							<aspectratio>keep</aspectratio>
							<texture>DefaultAudio.png</texture>
							<visible>[Control.IsVisible(160) | Control.IsVisible(170) | Control.IsVisible(180)] + [String.IsEmpty(ListItem.Thumb) | String.StartsWith(ListItem.Thumb,Default)]</visible>
						</control>
						<control type="image">
							<left>30</left>
							<top>0</top>
							<width>148</width>
							<height>148</height>
							<aspectratio scalediffuse="true">keep</aspectratio>
							<texture diffuse="mask-rect.png" background="true">$INFO[ListItem.Thumb]</texture>
							<animation effect="zoom" start="100" end="108" center="auto" time="200" tween="back" easing="out" reversible="false">focus</animation>
							<visible>Control.IsVisible(200) + !String.IsEmpty(ListItem.Thumb) + !String.StartsWith(ListItem.Thumb,Default)</visible>
						</control>
						<control type="image">
							<left>30</left>
							<top>0</top>
							<width>148</width>
							<height>148</height>
							<aspectratio>keep</aspectratio>
							<texture>icon-livetv.png</texture>
							<visible>Control.IsVisible(200) + [String.IsEmpty(ListItem.Thumb) | String.StartsWith(ListItem.Thumb,Default)]</visible>
						</control>
					</control>
					<control type="textbox">
						<left>0</left>
						<top>152</top>
						<width>210</width>
						<height>48</height>
						<label>$INFO[ListItem.Label]</label>
						<font>apptv20</font>
						<align>center</align>
						<animation effect="fade" time="100" delay="300">Focus</animation>
						<visible>Control.HasFocus(950)</visible>
					</control>
				</focusedlayout>
				<content limit="12">$VAR[SearchInfoIcons]</content>
			</control>
			<control type="group"><!-- Markers for control area items -->
				<visible>Control.HasFocus(950)</visible>
				<control type="image">
					<left>20</left>
					<top>582</top>
					<height>16</height>
					<width>16</width>
					<texture>scroll-left.png</texture>
					<visible>Container(950).HasPrevious</visible>
				</control>
				<control type="image">
					<left>1244</left>
					<top>582</top>
					<height>16</height>
					<width>16</width>
					<texture>scroll-right.png</texture>
					<visible>Container(950).HasNext</visible>
				</control>
			</control>
		</control>
	</controls>
</window>
