<?xml version="1.0" encoding="UTF-8"?>
<window>
	<controls>
		<control type="group" id="1">
			<visible>[Player.ShowInfo | Window.IsActive(videoosd)] + ![Window.IsVisible(sliderdialog) | Window.IsVisible(osdvideosettings) | Window.IsVisible(osdaudiosettings) | Window.IsVisible(osdaudiodspsettings) | Window.IsVisible(videobookmarks) | Window.IsVisible(script-nextup-notification-StillWatchingInfo.xml) | Window.IsVisible(script-nextup-notification-NextUpInfo.xml) | Window.IsVisible(DialogParametricEQ.xml) | Window.IsVisible(DialogSpeakerDistance.xml) | Window.IsVisible(DialogMasterModeFreeSurround.xml) | Window.IsVisible(DialogSpeakerGain.xml)]</visible>
			<control type="group" id="1">
				<control type="image" id="1"><!-- Dialog background -->
					<left>0</left>
					<top>460</top>
					<height>262</height>
					<width>1280</width>
					<texture colordiffuse="mask-background">background-mask.png</texture>
				</control>
				<include>player-mediaicon</include>
			</control>

			<control type="label" id="1"><!-- Title of currently playing video -->
				<left>290</left>
				<top>462</top>
				<width>960</width>
				<height>25</height>
				<label>$INFO[VideoPlayer.Title]</label>
				<align>center</align>
				<visible>!VideoPlayer.Content(LiveTV)</visible>
			</control>
			<control type="group" id="1"><!-- Details of Live TV Program -->
				<visible>VideoPlayer.Content(LiveTV)</visible>
				<control type="label"><!-- TV Channel Number -->
					<left>8</left>
					<top>380</top>
					<width>150</width>
					<height>48</height>
					<textcolor>info-text</textcolor>
					<label>$INFO[VideoPlayer.ChannelNumber]</label>
					<font>apptv48</font>
				</control>
				<control type="label" id="1"><!-- TV Channel Name -->
					<left>8</left>
					<top>430</top>
					<width>400</width>
					<height>25</height>
					<label>$INFO[VideoPlayer.ChannelName]</label>
				</control>
				<control type="label" id="1"><!-- Title of Live TV Program -->
					<left>290</left>
					<top>462</top>
					<width>475</width>
					<height>25</height>
					<label>$INFO[VideoPlayer.Title,$LOCALIZE[19030]: ,]</label>
				</control>
				<control type="label" id="1"><!-- Tv Show title up next -->
					<left>775</left>
					<top>460</top>
					<width>475</width>
					<height>25</height>
					<label>$INFO[VideoPlayer.NextTitle,$LOCALIZE[19031]: ,]</label>
					<align>right</align>
					<textcolor>disabled-text</textcolor>
				</control>
			</control>
			<control type="image" id="1">
				<left>290</left>
				<top>490</top>
				<width>960</width>
				<height>4</height>
				<texture>separator.png</texture>
			</control>
			<control type="textbox" id="1"><!-- Plot (Show if available)-->
				<left>290</left>
				<top>494</top>
				<width>960</width>
				<height>116</height>
				<font>apptv20</font>
				<label>$INFO[VideoPlayer.Plot]</label>
				<align>justify</align>
				<autoscroll time="4000" delay="12000" repeat="8000">Skin.HasSetting(text-autoscroll) + !System.ScreenSaverActive</autoscroll>
				<visible>!String.IsEmpty(VideoPlayer.Plot)</visible>
			</control>
			<control type="textbox" id="1"><!-- Plot Outline (Show if plot not found)-->
				<left>290</left>
				<top>494</top>
				<width>960</width>
				<height>116</height>
				<font>apptv20</font>
				<label>$INFO[VideoPlayer.PlotOutline]</label>
				<align>justify</align>
				<visible>!String.IsEmpty(VideoPlayer.PlotOutline) + String.IsEmpty(VideoPlayer.Plot)</visible>
			</control>

			<control type="grouplist" id="1"><!-- Media flags -->
				<left>1074</left>
				<top>612</top>
				<width>180</width>
				<height>38</height>
				<align>center</align>
				<orientation>horizontal</orientation>
				<itemgap>-8</itemgap>
				<animation effect="fade" start="0" end="100" time="1000">WindowOpen</animation>
				<control type="image" id="1"><!-- Audio Codec -->
					<width>51</width>
					<height>38</height>
					<texture background="true">$INFO[VideoPlayer.AudioCodec,special://skin/extras/images/audio/,.png]</texture>
					<visible>!Player.ChannelPreviewActive</visible>
				</control>
				<control type="image" id="1"><!-- Video Codec -->
					<width>51</width>
					<height>38</height>
					<texture background="true">$INFO[VideoPlayer.VideoCodec,special://skin/extras/images/video/,.png]</texture>
					<visible>!Player.ChannelPreviewActive</visible>
				</control>
				<control type="image" id="1"><!-- Video Aspect Ratio -->
					<width>51</width>
					<height>38</height>
					<texture background="true">$INFO[VideoPlayer.VideoAspect,special://skin/extras/images/aspectratio/,.png]</texture>
					<visible>!Player.ChannelPreviewActive</visible>
				</control>
				<control type="image" id="1"><!-- Video Resolution -->
					<width>51</width>
					<height>38</height>
					<texture background="true">$INFO[VideoPlayer.VideoResolution,special://skin/extras/images/resolution/,.png]</texture>
					<visible>!Player.ChannelPreviewActive</visible>
				</control>
			</control>

			<control type="group" id="1">
				<visible>[Window.IsVisible(fullscreenvideo)] + ![Window.IsVisible(sliderdialog) | Window.IsVisible(osdvideosettings) | Window.IsVisible(osdaudiosettings) | Window.IsVisible(videobookmarks) | Window.IsVisible(script-nextup-notification-StillWatchingInfo.xml) | Window.IsVisible(script-nextup-notification-NextUpInfo.xml)]</visible>
				<control type="label" id="1">
					<left>228</left>
					<top>688</top>
					<width>230</width>
					<height>20</height>
					<font>apptv20</font>
					<label>[COLOR=disabled-text]($INFO[System.Time])[/COLOR] $INFO[VideoPlayer.Time]</label>
					<align>right</align>
				</control>
				<control type="label" id="1">
					<left>1078</left>
					<top>688</top>
					<width>230</width>
					<height>20</height>
					<font>apptv20</font>
					<label>-$INFO[VideoPlayer.TimeRemaining] [COLOR=disabled-text]($INFO[Player.FinishTime])[/COLOR]</label>
				</control>
				<control type="progress" id="1">
					<left>478</left>
					<top>694</top>
					<width>580</width>
					<height>16</height>
					<info>Player.ProgressCache</info>
					<colordiffuse>CacheBarColor</colordiffuse>
				</control>
				<control type="progress" id="1">
					<left>478</left>
					<top>694</top>
					<width>580</width>
					<height>16</height>
					<info>Player.Progress</info>
				</control>
				<control type="slider" id="1">
					<left>478</left>
					<top>694</top>
					<width>580</width>
					<height>16</height>
					<info>Player.Progress</info>
				</control>
			</control>
		</control>
	</controls>
</window>