<?xml version="1.0" encoding="UTF-8"?>
<includes>
	<include name="VideoListView">
		<control type="fixedlist" id="50">
			<viewtype label="31941">list</viewtype>
			<left>664</left>
			<top>100</top>
			<width>560</width>
			<height>576</height>
			<itemgap>0</itemgap>
			<focusposition>2</focusposition>
			<movement>4</movement>
			<onleft condition="Skin.HasSetting(lock-screensettings)">noop</onleft>
			<onleft condition="!Skin.HasSetting(lock-screensettings)">9000</onleft>
			<onright>$VAR[ListScrollNav]</onright>
			<onup>50</onup>
			<ondown>50</ondown>
			<preloaditems>4</preloaditems>
			<pagecontrol>1250</pagecontrol>
			<itemlayout width="560" height="64">
				<control type="image">
					<left>0</left>
					<top>0</top>
					<width>554</width>
					<height>64</height>
					<texture border="6">button-default.png</texture>
					<aspectratio>stretch</aspectratio>
				</control>
				<control type="image">
					<left>2</left>
					<top>16</top>
					<width>32</width>
					<height>32</height>
					<texture>$VAR[Overlay]</texture>
				</control>
				<control type="image">
					<left>516</left>
					<top>32</top>
					<width>32</width>
					<height>32</height>
					<colordiffuse>DropShadow</colordiffuse>
					<texture>$VAR[ListItemFlags]</texture>
				</control>
				<control type="image">
					<left>514</left>
					<top>30</top>
					<width>32</width>
					<height>32</height>
					<texture>$VAR[ListItemFlags]</texture>
				</control>
				<control type="group">
					<visible>![Container.Content(movies) | Container.Content(musicvideos) | Container.Content(tvshows) | Container.Content(seasons) | Container.Content(episodes) | Container.Content(addons)]</visible>
					<control type="label">
						<left>32</left>
						<top>16</top>
						<width>480</width>
						<height>23</height>
						<font>apptv23</font>
						<label>$INFO[ListItem.Label]</label>
						<visible>String.IsEmpty(ListItem.Label2)</visible>
					</control>
					<control type="group">
						<visible>!String.IsEmpty(ListItem.Label2)</visible>
						<control type="label">
							<left>32</left>
							<top>8</top>
							<width>480</width>
							<height>23</height>
							<font>apptv22</font>
							<label>$INFO[ListItem.Label]</label>
						</control>
						<control type="label">
							<left>32</left>
							<top>32</top>
							<width>480</width>
							<height>23</height>
							<font>apptv22</font>
							<textcolor>disabled-text</textcolor>
							<label>$INFO[ListItem.Label2]</label>
						</control>
					</control>
				</control>
				<control type="group">
					<visible>Container.Content(addons)</visible>
					<control type="label">
						<left>32</left>
						<top>16</top>
						<width>480</width>
						<height>23</height>
						<font>apptv23</font>
						<label>$INFO[ListItem.Label]</label>
						<visible>String.IsEmpty(ListItem.AddonDescription)</visible>
					</control>
					<control type="group">
						<visible>!String.IsEmpty(ListItem.AddonDescription)</visible>
						<control type="label">
							<left>32</left>
							<top>8</top>
							<width>480</width>
							<height>23</height>
							<font>apptv22</font>
							<label>$INFO[ListItem.Label]</label>
						</control>
						<control type="label">
							<left>32</left>
							<top>32</top>
							<width>480</width>
							<height>23</height>
							<font>apptv22</font>
							<textcolor>disabled-text</textcolor>
							<label>$INFO[ListItem.AddonDescription]</label>
						</control>
					</control>
				</control>
				<control type="group">
					<visible>Container.Content(tvshows) | Container.Content(seasons)</visible>
					<control type="label">
						<left>32</left>
						<top>16</top>
						<width>480</width>
						<height>23</height>
						<font>apptv23</font>
						<label>$INFO[ListItem.Label]</label>
						<visible>String.IsEmpty(ListItem.PlotOutline)</visible>
					</control>
					<control type="group">
						<visible>!String.IsEmpty(ListItem.PlotOutline)</visible>
						<control type="label">
							<left>32</left>
							<top>8</top>
							<width>480</width>
							<height>23</height>
							<font>apptv22</font>
							<label>$INFO[ListItem.Label]</label>
						</control>
						<control type="label">
							<left>32</left>
							<top>32</top>
							<width>480</width>
							<height>23</height>
							<font>apptv22</font>
							<textcolor>disabled-text</textcolor>
							<label>$INFO[ListItem.PlotOutline]</label>
						</control>
					</control>
				</control>
				<control type="group">
					<visible>Container.Content(movies) | Container.Content(musicvideos) | Container.Content(episodes)</visible>
					<control type="label">
						<left>32</left>
						<top>16</top>
						<width>480</width>
						<height>23</height>
						<font>apptv23</font>
						<label>$INFO[ListItem.Label]</label>
						<visible>String.IsEmpty(ListItem.Duration)</visible>
					</control>
					<control type="group">
						<visible>!String.IsEmpty(ListItem.Duration)</visible>
						<control type="label">
							<left>32</left>
							<top>8</top>
							<width>480</width>
							<height>23</height>
							<font>apptv22</font>
							<label>$INFO[ListItem.Label]</label>
						</control>
						<control type="label">
							<left>32</left>
							<top>32</top>
							<width>480</width>
							<height>23</height>
							<font>apptv22</font>
							<textcolor>disabled-text</textcolor>
							<label>$INFO[ListItem.Duration,, $LOCALIZE[12391]]</label>
						</control>
					</control>
				</control>
			</itemlayout>
			<focusedlayout width="560" height="64">
				<control type="image"><!-- Button focus slider -->
					<left>0</left>
					<top>0</top>
					<width>554</width>
					<height>64</height>
					<texture border="6">button-default-focus.png</texture>
					<aspectratio>stretch</aspectratio>
				</control>
				<control type="image">
					<left>2</left>
					<top>16</top>
					<width>32</width>
					<height>32</height>
					<texture>$VAR[Overlay]</texture>
				</control>
				<control type="image">
					<left>516</left>
					<top>32</top>
					<width>32</width>
					<height>32</height>
					<colordiffuse>DropShadow</colordiffuse>
					<texture>$VAR[ListItemFlags]</texture>
				</control>
				<control type="image">
					<left>514</left>
					<top>30</top>
					<width>32</width>
					<height>32</height>
					<texture>$VAR[ListItemFlags]</texture>
				</control>
				<control type="group">
					<visible>![Container.Content(movies) | Container.Content(musicvideos) | Container.Content(tvshows) | Container.Content(seasons) | Container.Content(episodes) | Container.Content(addons)]</visible>
					<control type="label">
						<left>32</left>
						<top>16</top>
						<width>480</width>
						<height>23</height>
						<font>apptv23</font>
						<label>$INFO[ListItem.Label]</label>
						<include condition="Skin.HasSetting(text-autoscroll)">scrolltext</include>
						<visible>String.IsEmpty(ListItem.Label2)</visible>
					</control>
					<control type="group">
						<visible>!String.IsEmpty(ListItem.Label2)</visible>
						<control type="label">
							<left>32</left>
							<top>8</top>
							<width>480</width>
							<height>23</height>
							<font>apptv22</font>
							<label>$INFO[ListItem.Label]</label>
							<include condition="Skin.HasSetting(text-autoscroll)">scrolltext</include>
						</control>
						<control type="label">
							<left>32</left>
							<top>32</top>
							<width>480</width>
							<height>23</height>
							<font>apptv22</font>
							<textcolor>disabled-text</textcolor>
							<label>$INFO[ListItem.Label2]</label>
							<include condition="Skin.HasSetting(text-autoscroll)">scrolltext</include>
						</control>
					</control>
				</control>
				<control type="group">
					<visible>Container.Content(addons)</visible>
					<control type="label">
						<left>32</left>
						<top>16</top>
						<width>480</width>
						<height>23</height>
						<font>apptv23</font>
						<selectedcolor>listselected-text</selectedcolor>
						<label>$INFO[ListItem.Label]</label>
						<include condition="Skin.HasSetting(text-autoscroll)">scrolltext</include>
						<visible>String.IsEmpty(ListItem.AddonDescription)</visible>
					</control>
					<control type="group">
						<visible>!String.IsEmpty(ListItem.AddonDescription)</visible>
						<control type="label">
							<left>32</left>
							<top>8</top>
							<width>480</width>
							<height>23</height>
							<font>apptv22</font>
							<selectedcolor>listselected-text</selectedcolor>
							<label>$INFO[ListItem.Label]</label>
							<include condition="Skin.HasSetting(text-autoscroll)">scrolltext</include>
						</control>
						<control type="label">
							<left>32</left>
							<top>32</top>
							<width>480</width>
							<height>23</height>
							<font>apptv22</font>
							<textcolor>disabled-text</textcolor>
							<label>$INFO[ListItem.AddonDescription]</label>
							<include condition="Skin.HasSetting(text-autoscroll)">scrolltext</include>
						</control>
					</control>
				</control>
				<control type="group">
					<visible>Container.Content(tvshows) | Container.Content(seasons)</visible>
					<control type="label">
						<left>32</left>
						<top>16</top>
						<width>480</width>
						<height>23</height>
						<font>apptv23</font>
						<label>$INFO[ListItem.Label]</label>
						<include condition="Skin.HasSetting(text-autoscroll)">scrolltext</include>
						<visible>String.IsEmpty(ListItem.PlotOutline)</visible>
					</control>
					<control type="group">
						<visible>!String.IsEmpty(ListItem.PlotOutline)</visible>
						<control type="label">
							<left>32</left>
							<top>8</top>
							<width>480</width>
							<height>23</height>
							<font>apptv22</font>
							<label>$INFO[ListItem.Label]</label>
							<include condition="Skin.HasSetting(text-autoscroll)">scrolltext</include>
						</control>
						<control type="label">
							<left>32</left>
							<top>32</top>
							<width>480</width>
							<height>23</height>
							<font>apptv22</font>
							<textcolor>disabled-text</textcolor>
							<label>$INFO[ListItem.PlotOutline]</label>
							<include condition="Skin.HasSetting(text-autoscroll)">scrolltext</include>
						</control>
					</control>
				</control>
				<control type="group">
					<visible>Container.Content(movies) | Container.Content(musicvideos) | Container.Content(episodes)</visible>
					<control type="label">
						<left>32</left>
						<top>16</top>
						<width>480</width>
						<height>23</height>
						<font>apptv23</font>
						<label>$INFO[ListItem.Label]</label>
						<include condition="Skin.HasSetting(text-autoscroll)">scrolltext</include>
						<visible>String.IsEmpty(ListItem.Duration)</visible>
					</control>
					<control type="group">
						<visible>!String.IsEmpty(ListItem.Duration)</visible>
						<control type="label">
							<left>32</left>
							<top>8</top>
							<width>480</width>
							<height>23</height>
							<font>apptv22</font>
							<label>$INFO[ListItem.Label]</label>
							<include condition="Skin.HasSetting(text-autoscroll)">scrolltext</include>
						</control>
						<control type="label">
							<left>32</left>
							<top>32</top>
							<width>480</width>
							<height>23</height>
							<font>apptv22</font>
							<textcolor>disabled-text</textcolor>
							<label>$INFO[ListItem.Duration,, $LOCALIZE[12391]]</label>
							<include condition="Skin.HasSetting(text-autoscroll)">scrolltext</include>
						</control>
					</control>
				</control>
			</focusedlayout>
		</control>
		<control type="group" id="945">
			<visible>Control.IsVisible(50) + !System.ScreenSaverActive + [Container.Content(movies) | Container.Content(tvshows)]  + [[System.IdleTime(60) + String.IsEqual(Skin.String(listview-idleanim),60)] | [System.IdleTime(90) + String.IsEqual(Skin.String(listview-idleanim),90)] | [System.IdleTime(120) + String.IsEqual(Skin.String(listview-idleanim),120)]]</visible>
			<animation effect="fade" start="0" end="100" time="1000">Visible</animation>
			<control type="wraplist" id="950">
				<left>-10</left>
				<top>-10</top>
				<width>10</width>
				<height>10</height>
				<viewtype label="31028">wrap</viewtype>
				<autoscroll>true</autoscroll>
				<scrolltime>4000</scrolltime>
				<orientation>horizontal</orientation>
				<itemlayout height="10" width="10"></itemlayout>
				<focusedlayout height="10" width="10"></focusedlayout>
				<content target="video" limit="12">$VAR[ListDynamicContent]</content>
			</control>
			<control type="group" id="951">
				<visible>Control.IsVisible(950)</visible>
				<control type="image">
					<left>-88</left>
					<top>190</top>
					<width>88</width>
					<height>62</height>
					<texture background="true" diffuse="mask-rect.png">$INFO[Container(950).Listitem(2).Art(thumb)]</texture>
					<aspectratio scalediffuse="true" aligny="bottom">keep</aspectratio>
					<animation type="TYPE" condition="!Container(950).OnNext" reversible="false">
						<effect type="slide" start="0,0" end="148,10" time="4000" tween="Quadratic" easing="in"/>
						<effect type="fade" start="20" end="20" time="0"/>
					</animation>
				</control>
				<control type="image">
					<left>60</left>
					<top>200</top>
					<width>88</width>
					<height>62</height>
					<texture background="true" diffuse="mask-rect.png">$INFO[Container(950).Listitem(1).Art(thumb)]</texture>
					<aspectratio scalediffuse="true" aligny="bottom">keep</aspectratio>
					<animation type="TYPE" condition="!Container(950).OnNext" reversible="false">
						<effect type="zoom" start="60,200,88,62" end="180,210,115,81" time="4000" tween="Quadratic" easing="in"/>
						<effect type="fade" start="20" end="45" time="4000"/>
					</animation>
				</control>
				<control type="image">
					<left>180</left>
					<top>210</top>
					<width>115</width>
					<height>81</height>
					<texture background="true" diffuse="mask-rect.png">$INFO[Container(950).Listitem(0).Art(thumb)]</texture>
					<aspectratio scalediffuse="true" aligny="bottom">keep</aspectratio>
					<animation type="TYPE" condition="!Container(950).OnNext" reversible="false">
						<effect type="zoom" start="180,210,115,81" end="250,230,407,287" time="4000" tween="Quadratic" easing="in"/>
						<effect type="fade" start="45" end="100" time="4000"/>
					</animation>
				</control>
				<control type="image">
					<left>250</left>
					<top>230</top>
					<width>407</width>
					<height>287</height>
					<texture background="true" diffuse="mask-rect.png">$INFO[Container(950).Listitem(-1).Art(thumb)]</texture>
					<aspectratio scalediffuse="true" aligny="bottom">keep</aspectratio>
					<animation condition="!Container(950).OnNext" effect="fade" start="100" end="0" time="1800" reversible="false">Conditional</animation>
				</control>
			</control>
		</control>
		<control type="group">
			<visible>Control.IsVisible(50) + !Control.IsVisible(945)</visible>
			<control type="group">
				<animation type="TYPE" condition="Skin.HasSetting(tiltvideolisticon)" reversible="false">
					<effect type="rotatey" start="-25" end="-25" time="0"/>
					<effect type="slide" end="15,0" time="0"/>
					<effect type="zoom" start="100" end="114" center="auto" time="0" tween="back" easing="out"/>
				</animation>
				<control type="image">
					<left>314</left>
					<top>116</top>
					<width>336</width>
					<height>336</height>
					<texture fallback="DefaultVideo.png" background="true" diffuse="mask-rect.png">$VAR[IconPoster]</texture>
					<aspectratio scalediffuse="true" align="right" aligny="top">keep</aspectratio>
					<visible>!Container.Content(movies) + !Container.Content(tvshows) + !Container.Content(seasons) + !Container.Content(episodes) + !Container.Content(musicvideos)</visible>
				</control>
				<control type="group">
					<visible>Container.Content(musicvideos)</visible>
					<control type="image">
						<left>314</left>
						<top>116</top>
						<width>336</width>
						<height>336</height>
						<texture background="true" fallback="DefaultMusicVideos.png" diffuse="mask-squ.png">$VAR[IconPoster]</texture>
						<aspectratio scalediffuse="true" align="right" aligny="top">keep</aspectratio>
						<visible>!String.StartsWith(ListItem.Icon,DefaultFolder.png)</visible>
					</control>
					<control type="image">
						<left>314</left>
						<top>116</top>
						<width>336</width>
						<height>336</height>
						<texture>DefaultMusicVideos.png</texture>
						<aspectratio align="right" aligny="top">keep</aspectratio>
						<visible>String.StartsWith(ListItem.Icon,DefaultFolder.png)</visible>
					</control>
				</control>
				<control type="group">
					<visible>Container.Content(movies)</visible>
					<control type="image">
						<left>314</left>
						<top>116</top>
						<width>336</width>
						<height>336</height>
						<texture background="true" fallback="DefaultMovies.png" diffuse="mask-rect.png">$VAR[IconPoster]</texture>
						<aspectratio scalediffuse="true" align="right" aligny="top">keep</aspectratio>
						<visible>!String.StartsWith(ListItem.Icon,DefaultFolder)</visible>
					</control>
					<control type="image">
						<left>314</left>
						<top>116</top>
						<width>336</width>
						<height>336</height>
						<texture>DefaultMovies.png</texture>
						<aspectratio align="right" aligny="top">keep</aspectratio>
						<visible>String.StartsWith(ListItem.Icon,DefaultFolder.png)</visible>
					</control>
					<control type="image">
						<left>314</left>
						<top>116</top>
						<width>336</width>
						<height>336</height>
						<texture background="true">$INFO[ListItem.Icon]</texture>
						<aspectratio align="right" aligny="top">keep</aspectratio>
						<visible>ListItem.IsParentFolder</visible>
					</control>
				</control>
				<control type="group">
					<visible>[Container.Content(tvshows) | Container.Content(seasons) | Container.Content(episodes)]</visible>
					<control type="image"><!-- Show Icon For TV SHOW/SEASON/EPISODES -->
						<left>314</left>
						<top>116</top>
						<width>336</width>
						<height>336</height>
						<texture fallback="DefaultTvshows.png" background="true" diffuse="mask-rect.png">$VAR[IconPoster]</texture>
						<aspectratio scalediffuse="true" align="right" aligny="top">keep</aspectratio>
						<visible>!String.StartsWith(ListItem.Icon,DefaultFolder.png)</visible>
					</control>
					<control type="image"><!-- Show TV icon as the Default icon -->
						<left>314</left>
						<top>116</top>
						<width>336</width>
						<height>336</height>
						<texture>DefaultTvshows.png</texture>
						<aspectratio align="right" aligny="top">keep</aspectratio>
						<visible>String.StartsWith(ListItem.Icon,DefaultFolder.png)</visible>
					</control>
					<include content="listitem-count">
						<param name="left" value="592"/>
						<param name="top" value="418"/>
						<param name="count" value="ListItem.Property(UnwatchedEpisodes)"/>
						<param name="size" value="100"/>
					</include>
				</control>
			</control>
			<control type="group">
				<visible>!String.IsEmpty(ListItem.Title)</visible>
				<control type="image"><!-- Star Rating -->
					<left>17</left>
					<top>270</top>
					<width>110</width>
					<height>22</height>
					<texture>$VAR[MediaRating]</texture>
					<aspectratio>keep</aspectratio>
				</control>
				<control type="group"><!-- Duration -->
					<visible>!String.IsEmpty(listitem.Duration) + !Container.Content(tvshows) + !Container.Content(seasons)</visible>
					<control type="label">
						<left>17</left>
						<top>302</top>
						<width>265</width>
						<height>31</height>
						<font>apptv30</font>
						<label>$VAR[VideoDuration]</label>
					</control>
				</control>
				<control type="image"><!-- MPAA Rating -->
					<left>17</left>
					<top>343</top>
					<width>212</width>
					<height>62</height>
					<aligny>bottom</aligny>
					<texture>$VAR[VideoRating]</texture>
					<aspectratio>keep</aspectratio>
					<visible>!String.IsEmpty(ListItem.Mpaa)</visible>
				</control>
				<control type="image"><!-- Logo -->
					<left>17</left>
					<top>412</top>
					<width>184</width>
					<height>50</height>
					<texture>$VAR[ListViewVideoLogo]</texture>
					<aligny>bottom</aligny>
					<aspectratio align="left">keep</aspectratio>
				</control>
				<control type="textbox"><!-- Plot Outline -->
					<left>17</left>
					<top>467</top>
					<width>636</width>
					<height>206</height>
					<font>apptv20</font>
					<label>$INFO[ListItem.PlotOutline]</label>
					<align>justify</align>
					<aligny>top</aligny>
					<visible>!String.IsEmpty(ListItem.PlotOutline)</visible>
				</control>
				<control type="textbox"><!-- Plot (Show if no outline available)-->
					<left>17</left>
					<top>467</top>
					<width>636</width>
					<height>206</height>
					<font>apptv20</font>
					<label>$INFO[ListItem.Plot]</label>
					<align>justify</align>
					<aligny>top</aligny>
					<visible>String.IsEmpty(ListItem.PlotOutline) + !String.IsEmpty(ListItem.Plot)</visible>
				</control>
			</control>
		</control>
		<include>sortletternotification</include>
		<control type="group" id="1230">
			<visible>Control.IsVisible(50) + Skin.HasSetting(show-letterbar) + [Container.Content(movies) | Container.Content(tvshows)]</visible>
			<control type="button" id="1240"><!-- Search -->
				<left>1232</left>
				<top>88</top>
				<width>20</width>
				<height>20</height>
				<onleft>50</onleft>
				<onright>1250</onright>
				<ondown>1260</ondown>
				<texturefocus>touch-search.png</texturefocus>
				<texturenofocus>touch-search.png</texturenofocus>
				<onclick>RunScript(script.skin.helper.service,action=videosearch)</onclick>
				<animation effect="zoom" start="100" end="130" center="auto" time="0">focus</animation>
				<animation effect="fade" start="100" end="50" time="0" condition="!Control.HasFocus(1240)">Conditional</animation>
			</control>
			<control type="panel" id="1260">
				<left>1233</left>
				<top>110</top>
				<width>20</width>
				<height>594</height>
				<onleft>50</onleft>
				<onright condition="!String.IsEqual(Skin.String(show-scrollbar),$LOCALIZE[31877])">1250</onright>
				<onright condition="String.IsEqual(Skin.String(show-scrollbar),$LOCALIZE[31877])">noop</onright>
				<onup>1240</onup>
				<ondown>noop</ondown>
				<orientation>vertical</orientation>
				<itemlayout height="22" width="20">
					<control type="label">
						<height>20</height>
						<label>$INFO[ListItem.Label]</label>
						<font>apptv20</font>
						<align>center</align>
						<textcolor>disabled-text</textcolor>
						<animation effect="fade" start="100" end="20" time="0" condition="!String.IsEmpty(ListItem.Property(NotAvailable))">Conditional</animation>
					</control>
					<control type="label">
						<height>20</height>
						<label>$INFO[ListItem.Label]</label>
						<font>apptv20</font>
						<align>center</align>
						<textcolor>listselected-text</textcolor>
						<visible>String.IsEqual(ListItem.Label,Container.ListItem.SortLetter)</visible>
					</control>
				</itemlayout>
				<focusedlayout height="22" width="20">
					<control type="label">
						<height>20</height>
						<label>$INFO[ListItem.Label]</label>
						<font>apptv20</font>
						<align>center</align>
						<textcolor>button-text</textcolor>
						<animation effect="zoom" start="100" end="130" center="auto" time="0">focus</animation>
						<animation effect="fade" start="100" end="20" time="0" condition="!String.IsEmpty(ListItem.Property(NotAvailable))">Conditional</animation>
					</control>
				</focusedlayout>
				<content>plugin://script.skin.helper.service/?action=alphabet&amp;reload=$INFO[Container.NumItems]</content>
			</control>
		</control>
		<control type="scrollbar" id="1250">
			<left>1246</left>
			<top>110</top>
			<width>16</width>
			<height>576</height>
			<onleft condition="Skin.HasSetting(show-letterbar) + [Container.Content(movies) | Container.Content(tvshows)]">1260</onleft>
			<onleft condition="!Skin.HasSetting(show-letterbar) | ![Container.Content(movies) | Container.Content(tvshows)]">50</onleft>
			<animation condition="!Control.HasFocus(1250) + !Container.Scrolling + !String.IsEqual(Skin.String(show-scrollbar),$LOCALIZE[31875])" effect="fade" start="100" end="0" time="200" reversible="true">Conditional</animation>
			<animation condition="Skin.HasSetting(show-letterbar) + [Container.Content(movies) | Container.Content(tvshows)]" effect="slide" end="10,0" reversible="true">Conditional</animation>
			<visible>Control.IsVisible(50) + !String.IsEqual(Skin.String(show-scrollbar),$LOCALIZE[31877])</visible>
		</control>
	</include>
	<include name="VideoIconView">
		<control type="panel" id="52">
			<left>20</left>
			<top>100</top>
			<width>1200</width>
			<height>468</height>
			<onleft condition="Skin.HasSetting(lock-screensettings)">noop</onleft>
			<onleft condition="!Skin.HasSetting(lock-screensettings)">9000</onleft>
			<onright>$VAR[ListScrollNav]</onright>
			<onup>52</onup>
			<ondown>52</ondown>
			<viewtype label="31943">icon</viewtype>
			<pagecontrol>1252</pagecontrol>
			<itemlayout height="234" width="300">
				<control type="image">
					<left>60</left>
					<top>5</top>
					<width>180</width>
					<height>180</height>
					<aspectratio>keep</aspectratio>
					<texture colordiffuse="UnFocusedPosters" fallback="DefaultVideo.png" background="true">$VAR[IconPoster]</texture>
					<visible>$EXP[isDefaultIcon] | ![Container.Content(movies) | Container.Content(tvshows)]</visible>
				</control>
				<control type="image">
					<left>86</left>
					<top>5</top>
					<width>128</width>
					<height>180</height>
					<aspectratio scalediffuse="false">stretch</aspectratio>
					<texture colordiffuse="UnFocusedPosters" fallback="DefaultVideo.png" background="true" diffuse="mask-rect.png">$VAR[IconPoster]</texture>
					<visible>$EXP[isnotDefaultIcon] + [Container.Content(movies) | Container.Content(tvshows)]</visible>
				</control>
				<control type="image"><!-- Watched Overlay -->
					<left>188</left>
					<top>-2</top>
					<width>32</width>
					<height>32</height>
					<texture>$VAR[Overlay]</texture>
				</control>
				<include content="listitem-count">
					<param name="left" value="150"/>
					<param name="top" value="144"/>
					<param name="count" value="ListItem.Property(UnwatchedEpisodes)"/>
					<param name="size" value="70"/>
				</include>
			</itemlayout>
			<focusedlayout height="234" width="300">
				<control type="group">
					<animation effect="zoom" start="100" end="124" center="auto" time="600" tween="back" easing="out" reversible="false">focus</animation>
					<control type="image">
						<left>60</left>
						<top>5</top>
						<width>180</width>
						<height>180</height>
						<aspectratio scalediffuse="false">keep</aspectratio>
						<texture background="true" diffuse="mask-rect.png">$VAR[IconPoster]</texture>
						<visible>$EXP[isDefaultIcon]</visible>
					</control>
					<control type="image">
						<left>60</left>
						<top>5</top>
						<width>180</width>
						<height>180</height>
						<texture fallback="DefaultVideo.png" background="true" diffuse="mask-rect.png">$VAR[IconPoster]</texture>
						<bordertexture border="7">mask-hilite.png</bordertexture>
						<bordersize>7</bordersize>
						<aspectratio scalediffuse="false">keep</aspectratio>
						<visible>$EXP[isnotDefaultIcon] + ![Container.Content(movies) | Container.Content(tvshows)]</visible>
					</control>
					<control type="image">
						<left>86</left>
						<top>5</top>
						<width>128</width>
						<height>180</height>
						<texture fallback="DefaultVideo.png" background="true" diffuse="mask-rect.png">$VAR[IconPoster]</texture>
						<bordertexture border="7">mask-hilite.png</bordertexture>
						<bordersize>7</bordersize>
						<aspectratio scalediffuse="false">stretch</aspectratio>
						<visible>$EXP[isnotDefaultIcon] + [Container.Content(movies) | Container.Content(tvshows)]</visible>
					</control>
					<control type="image"><!-- Watched Overlay -->
						<left>182</left>
						<top>4</top>
						<width>32</width>
						<height>32</height>
						<texture>$VAR[Overlay]</texture>
					</control>
					<include content="listitem-count">
						<param name="left" value="144"/>
						<param name="top" value="138"/>
						<param name="count" value="ListItem.Property(UnwatchedEpisodes)"/>
						<param name="size" value="70"/>
					</include>
				</control>
				<control type="label">
					<left>0</left>
					<top>200</top>
					<width>300</width>
					<height>22</height>
					<font>apptv20</font>
					<align>center</align>
					<include condition="Skin.HasSetting(text-autoscroll)">scrolltext</include>
					<label>$INFO[ListItem.Label]</label>
					<textoffsetx>0</textoffsetx>
				</control>
			</focusedlayout>
		</control>
		<control type="group">
			<visible>Control.IsVisible(52) + Container(52).HasNext + ![Container().OnScrollNext | Container().OnScrollPrevious]</visible>
			<control type="group"><!-- Show the bottom row of icons as long as another row exists -->
				<visible>Container.Content(movies) | Container.Content(tvshows)</visible>
				<left>20</left>
				<animation effect="fade" delay="0" start="0" end="100" time="200">Visible</animation>
				<control type="image">
					<left>86</left>
					<top>574</top>
					<width>128</width>
					<height>180</height>
					<aspectratio>stretch</aspectratio>
					<texture colordiffuse="UnFocusedPosters" background="true" diffuse="mask-fadetop.png">$VAR[Icon(8)Poster]</texture>
				</control>
				<control type="image">
					<left>386</left>
					<top>574</top>
					<width>128</width>
					<height>180</height>
					<aspectratio>stretch</aspectratio>
					<texture colordiffuse="UnFocusedPosters" background="true" diffuse="mask-fadetop.png">$VAR[Icon(9)Poster]</texture>
				</control>
				<control type="image">
					<left>686</left>
					<top>574</top>
					<width>128</width>
					<height>180</height>
					<aspectratio>stretch</aspectratio>
					<texture colordiffuse="UnFocusedPosters" background="true" diffuse="mask-fadetop.png">$VAR[Icon(10)Poster]</texture>
				</control>
				<control type="image">
					<left>986</left>
					<top>574</top>
					<width>128</width>
					<height>180</height>
					<aspectratio>stretch</aspectratio>
					<texture colordiffuse="UnFocusedPosters" background="true" diffuse="mask-fadetop.png">$VAR[Icon(11)Poster]</texture>
				</control>
			</control>
			<control type="group"><!-- Show the bottom row of icons as long as another row exists -->
				<visible>!Container.Content(movies) + !Container.Content(tvshows)</visible>
				<animation effect="fade" delay="0" start="0" end="100" time="200">Visible</animation>
				<control type="image">
					<left>80</left>
					<top>574</top>
					<width>180</width>
					<height>180</height>
					<aspectratio scalediffuse="false">keep</aspectratio>
					<texture colordiffuse="UnFocusedPosters" background="true" diffuse="mask-fadetop.png">$VAR[Icon(8)VideoIcon]</texture>
				</control>
				<control type="image">
					<left>380</left>
					<top>574</top>
					<width>180</width>
					<height>180</height>
					<aspectratio scalediffuse="false">keep</aspectratio>
					<texture colordiffuse="UnFocusedPosters" background="true" diffuse="mask-fadetop.png">$VAR[Icon(9)VideoIcon]</texture>
				</control>
				<control type="image">
					<left>680</left>
					<top>574</top>
					<width>180</width>
					<height>180</height>
					<aspectratio scalediffuse="false">keep</aspectratio>
					<texture colordiffuse="UnFocusedPosters" background="true" diffuse="mask-fadetop.png">$VAR[Icon(10)VideoIcon]</texture>
				</control>
				<control type="image">
					<left>980</left>
					<top>574</top>
					<width>180</width>
					<height>180</height>
					<aspectratio scalediffuse="false">keep</aspectratio>
					<texture colordiffuse="UnFocusedPosters" background="true" diffuse="mask-fadetop.png">$VAR[Icon(11)VideoIcon]</texture>
				</control>
			</control>
			<control type="button"><!-- Onfocus, move to next row of icon panel -->
				<left>86</left>
				<top>574</top>
				<width>1068</width>
				<height>146</height>
				<texturefocus>blank.png</texturefocus>
				<texturenofocus>blank.png</texturenofocus>
				<onfocus>Control.Message(52,moveup)</onfocus>
			</control>
		</control>
		<include>sortletternotification</include>
		<control type="group" id="1232">
			<visible>Control.IsVisible(52) + Skin.HasSetting(show-letterbar) + [Container.Content(movies) | Container.Content(tvshows)]</visible>
			<control type="button" id="1242"><!-- Search -->
				<left>1234</left>
				<top>88</top>
				<width>20</width>
				<height>20</height>
				<onleft>52</onleft>
				<onright>1252</onright>
				<ondown>1262</ondown>
				<texturefocus>touch-search.png</texturefocus>
				<texturenofocus>touch-search.png</texturenofocus>
				<onclick>RunScript(script.skin.helper.service,action=videosearch)</onclick>
				<animation effect="zoom" start="100" end="130" center="auto" time="0">focus</animation>
				<animation effect="fade" start="100" end="50" time="0" condition="!Control.HasFocus(1242)">Conditional</animation>
			</control>
			<control type="panel" id="1262">
				<left>1235</left>
				<top>110</top>
				<width>20</width>
				<height>594</height>
				<onleft>52</onleft>
				<onright condition="!String.IsEqual(Skin.String(show-scrollbar),$LOCALIZE[31877])">1252</onright>
				<onright condition="String.IsEqual(Skin.String(show-scrollbar),$LOCALIZE[31877])">noop</onright>
				<onup>1242</onup>
				<orientation>vertical</orientation>
				<itemlayout height="22" width="20">
					<control type="label">
						<height>20</height>
						<label>$INFO[ListItem.Label]</label>
						<font>apptv20</font>
						<align>center</align>
						<textcolor>disabled-text</textcolor>
						<animation effect="fade" start="100" end="20" time="0" condition="!String.IsEmpty(ListItem.Property(NotAvailable))">Conditional</animation>
					</control>
					<control type="label">
						<height>20</height>
						<label>$INFO[ListItem.Label]</label>
						<font>apptv20</font>
						<align>center</align>
						<textcolor>listselected-text</textcolor>
						<visible>String.IsEqual(ListItem.Label,Container.ListItem.SortLetter)</visible>
					</control>
				</itemlayout>
				<focusedlayout height="22" width="20">
					<control type="label">
						<height>20</height>
						<label>$INFO[ListItem.Label]</label>
						<font>apptv20</font>
						<align>center</align>
						<animation effect="zoom" start="100" end="130" center="auto" time="0">focus</animation>
						<animation effect="fade" start="100" end="20" time="0" condition="!String.IsEmpty(ListItem.Property(NotAvailable))">Conditional</animation>
					</control>
				</focusedlayout>
				<content>plugin://script.skin.helper.service/?action=alphabet&amp;reload=$INFO[Container.NumItems]</content>
			</control>
		</control>
		<control type="scrollbar" id="1252">
			<left>1246</left>
			<top>110</top>
			<width>16</width>
			<height>576</height>
			<onleft condition="Skin.HasSetting(show-letterbar) + [Container.Content(movies) | Container.Content(tvshows)]">1262</onleft>
			<onleft condition="!Skin.HasSetting(show-letterbar) | ![Container.Content(movies) | Container.Content(tvshows)]">52</onleft>
			<animation condition="!Control.HasFocus(1252) + !Container.Scrolling + !String.IsEqual(Skin.String(show-scrollbar),$LOCALIZE[31875])" effect="fade" start="100" end="0" time="200" reversible="true">Conditional</animation>
			<animation condition="Skin.HasSetting(show-letterbar) + [Container.Content(movies) | Container.Content(tvshows)]" effect="slide" end="10,0" reversible="true">Conditional</animation>
			<visible>$EXP[isEnabledScrollbar] + Control.IsVisible(52)</visible>
		</control>
	</include>
	<include name="BannerView">
		<control type="group">
			<visible>Control.IsVisible(53)</visible>
			<control type="list" id="53">
				<visible>container.content(tvshows) + !String.IsEmpty(Container.FolderPath)</visible>
				<viewtype label="31946">banner</viewtype>
				<left>662</left>
				<top>143</top>
				<width>542</width>
				<height>500</height>
				<pagecontrol>1253</pagecontrol>
				<onup>53</onup>
				<ondown>53</ondown>
				<onleft condition="Skin.HasSetting(lock-screensettings)">noop</onleft>
				<onleft condition="!Skin.HasSetting(lock-screensettings)">9000</onleft>
				<onright>$VAR[ListScrollNav]</onright>
				<itemlayout width="542" height="100">
					<control type="image"><!-- Background shadow for unselected IconBanner image -->
						<left>0</left>
						<top>0</top>
						<width>542</width>
						<height>100</height>
						<texture colordiffuse="UnFocusedPosters">background-mask.png</texture>
						<aspectratio>stretch</aspectratio>
					</control>
					<control type="image"><!-- Banner image -->
						<left>0</left>
						<top>0</top>
						<width>542</width>
						<height>100</height>
						<texture colordiffuse="UnFocusedPosters" background="true">$VAR[IconBanner]</texture>
						<aspectratio>keep</aspectratio>
						<visible>!ListItem.IsParentFolder</visible>
					</control>
					<control type="image"><!-- Go Back image -->
						<left>0</left>
						<top>0</top>
						<width>542</width>
						<height>100</height>
						<texture colordiffuse="UnFocusedPosters" background="true">$INFO[ListItem.Icon]</texture>
						<aspectratio>keep</aspectratio>
						<visible>ListItem.IsParentFolder</visible>
					</control>
					<include content="listitem-count">
						<param name="left" value="486"/>
						<param name="top" value="66"/>
						<param name="count" value="ListItem.Property(UnwatchedEpisodes)"/>
						<param name="size" value="85"/>
					</include>
				</itemlayout>
				<focusedlayout width="542" height="100">
					<control type="group">
						<animation condition="true" effect="zoom" start="100" end="119" center="auto" time="0">Conditional</animation>
						<animation effect="fade" start="100" end="50" time="0" condition="!Control.HasFocus(53)">Conditional</animation>
						<control type="image"><!-- Go Back image -->
							<left>0</left>
							<top>0</top>
							<width>542</width>
							<height>100</height>
							<texture background="true">$INFO[ListItem.Icon]</texture>
							<aspectratio>keep</aspectratio>
							<visible>ListItem.IsParentFolder</visible>
						</control>
						<control type="image"><!-- Banner image -->
							<left>0</left>
							<top>0</top>
							<width>542</width>
							<height>100</height>
							<texture background="true">$VAR[IconBanner]</texture>
							<bordertexture border="8">mask-hilite.png</bordertexture>
							<bordersize>8</bordersize>
							<aspectratio>keep</aspectratio>
							<visible>!ListItem.IsParentFolder</visible>
						</control>
					</control>
					<include content="listitem-count">
						<param name="left" value="486"/>
						<param name="top" value="66"/>
						<param name="count" value="ListItem.Property(UnwatchedEpisodes)"/>
						<param name="size" value="85"/>
					</include>
				</focusedlayout>
			</control>
			<control type="group">
				<animation effect="fade" delay="300" start="0" end="100" time="200">Visible</animation>
				<control type="label"><!-- Go Back -->
					<left>30</left>
					<top>318</top>
					<width>600</width>
					<height>38</height>
					<font>apptv38</font>
					<align>center</align>
					<label>$LOCALIZE[31688]</label>
					<visible>ListItem.IsParentFolder</visible>
				</control>
				<control type="group"><!-- Mini Fanart -->
					<visible>!ListItem.IsParentFolder</visible>
					<control type="image">
						<left>134</left>
						<top>114</top>
						<width>392</width>
						<height>220</height>
						<texture background="true" fallback="DefaultTVShows.png">$INFO[ListItem.Art(fanart)]</texture>
						<aspectratio aligny="top">keep</aspectratio>
						<visible>Skin.HasSetting(background-fanarts)</visible>
					</control>
					<control type="image">
						<left>134</left>
						<top>114</top>
						<width>392</width>
						<height>220</height>
						<texture background="true" diffuse="mask-rect.png" fallback="DefaultTVShows.png">$INFO[ListItem.Art(thumb)]</texture>
						<aspectratio aligny="top">keep</aspectratio>
						<visible>!Skin.HasSetting(background-fanarts)</visible>
					</control>
				</control>
				<control type="grouplist">
					<left>30</left>
					<top>344</top>
					<width>600</width>
					<height>600</height>
					<itemgap>2</itemgap>
					<visible>$EXP[isnotEmptyIcon]</visible>
					<control type="group">
						<width>600</width>
						<height>50</height>
						<visible>!ListItem.IsParentFolder</visible>
						<control type="image" id="7316"><!-- Show logo -->
							<left>208</left>
							<top>0</top>
							<width>184</width>
							<height>50</height>
							<texture>$VAR[VideoLogo]</texture>
							<aspectratio align="center" aligny="bottom">keep</aspectratio>
						</control>
						<control type="label"><!-- Title -->
							<left>0</left>
							<top>0</top>
							<width>600</width>
							<height>50</height>
							<label>[B]$INFO[ListItem.Label][/B]</label>
							<font>apptv25</font>
							<align>center</align>
							<wrapmultiline>true</wrapmultiline>
							<include condition="Skin.HasSetting(text-autoscroll)">scrolltext</include>
							<visible>String.IsEmpty(Control.GetLabel(7316))</visible>
						</control>
					</control>
					<control type="label"><!-- First Aired -->
						<width>600</width>
						<height>26</height>
						<label>[B]$LOCALIZE[20416]:[/B] $INFO[ListItem.Premiered]</label>
						<font>apptv22</font>
						<align>center</align>
						<visible>!String.IsEmpty(ListItem.Premiered)</visible>
					</control>
					<control type="label"><!-- Genre -->
						<width>600</width>
						<height>26</height>
						<label>[B]$LOCALIZE[515]:[/B] $INFO[ListItem.Genre]</label>
						<font>apptv22</font>
						<align>center</align>
						<include condition="Skin.HasSetting(text-autoscroll)">scrolltext</include>
						<visible>!String.IsEmpty(ListItem.Genre)</visible>
					</control>
					<control type="label"><!-- Rating -->
						<width>600</width>
						<height>26</height>
						<label>[B]$LOCALIZE[563]:[/B] $INFO[ListItem.Rating]</label>
						<font>apptv22</font>
						<align>center</align>
						<visible>!String.IsEmpty(ListItem.Rating)</visible>
					</control>
					<control type="image">
						<width>600</width>
						<height>4</height>
						<texture>separator.png</texture>
						<visible>!ListItem.IsParentFolder</visible>
					</control>
					<control type="textbox"><!-- Plot Outline -->
						<width>600</width>
						<height>162</height>
						<label>$INFO[ListItem.PlotOutline]</label>
						<font>apptv20</font>
						<align>justify</align>
						<visible>!String.IsEmpty(ListItem.PlotOutline)</visible>
					</control>
					<control type="textbox"><!-- Plot (Show if no outline available)-->
						<width>600</width>
						<height>162</height>
						<label>$INFO[ListItem.Plot]</label>
						<font>apptv20</font>
						<align>justify</align>
						<visible>String.IsEmpty(ListItem.PlotOutline) + !String.IsEmpty(ListItem.Plot)</visible>
					</control>
				</control>
				<include>sortletternotification</include>
				<control type="group" id="1233">
					<visible>Control.IsVisible(53) + Skin.HasSetting(show-letterbar) + Container.Content(tvshows)</visible>
					<control type="button" id="1243"><!-- Search -->
						<left>1222</left>
						<top>88</top>
						<width>20</width>
						<height>20</height>
						<onleft>53</onleft>
						<onright>1253</onright>
						<ondown>1263</ondown>
						<texturefocus>touch-search.png</texturefocus>
						<texturenofocus>touch-search.png</texturenofocus>
						<onclick>RunScript(script.skin.helper.service,action=videosearch)</onclick>
						<animation effect="zoom" start="100" end="130" center="auto" time="0">focus</animation>
						<animation effect="fade" start="100" end="50" time="0" condition="!Control.HasFocus(1243)">Conditional</animation>
					</control>
					<control type="panel" id="1263">
						<left>1224</left>
						<top>110</top>
						<width>20</width>
						<height>594</height>
						<onleft>53</onleft>
						<onright condition="!String.IsEqual(Skin.String(show-scrollbar),$LOCALIZE[31877])">1253</onright>
						<onright condition="String.IsEqual(Skin.String(show-scrollbar),$LOCALIZE[31877])">noop</onright>
						<onup>1243</onup>
						<orientation>vertical</orientation>
						<itemlayout height="22" width="20">
							<control type="label">
								<height>20</height>
								<label>$INFO[ListItem.Label]</label>
								<font>apptv20</font>
								<align>center</align>
								<textcolor>disabled-text</textcolor>
								<animation effect="fade" start="100" end="20" time="0" condition="!String.IsEmpty(ListItem.Property(NotAvailable))">Conditional</animation>
							</control>
							<control type="label">
								<height>20</height>
								<label>$INFO[ListItem.Label]</label>
								<font>apptv20</font>
								<align>center</align>
								<textcolor>listselected-text</textcolor>
								<visible>String.IsEqual(ListItem.Label,Container.ListItem.SortLetter)</visible>
							</control>
						</itemlayout>
						<focusedlayout height="22" width="20">
							<control type="label">
								<height>20</height>
								<label>$INFO[ListItem.Label]</label>
								<font>apptv20</font>
								<align>center</align>
								<textcolor>button-text</textcolor>
								<animation effect="zoom" start="100" end="130" center="auto" time="0">focus</animation>
								<animation effect="fade" start="100" end="20" time="0" condition="!String.IsEmpty(ListItem.Property(NotAvailable))">Conditional</animation>
							</control>
						</focusedlayout>
						<content>plugin://script.skin.helper.service/?action=alphabet&amp;reload=$INFO[Container.NumItems]</content>
					</control>
					<control type="scrollbar" id="1253">
						<left>1234</left>
						<top>135</top>
						<width>16</width>
						<height>516</height>
						<onleft condition="Skin.HasSetting(show-letterbar)">1263</onleft>
						<onleft condition="!Skin.HasSetting(show-letterbar) | !Container.Content(tvshows)">53</onleft>
						<animation condition="!Control.HasFocus(1253) + !Container.Scrolling + !String.IsEqual(Skin.String(show-scrollbar),$LOCALIZE[31875])" effect="fade" start="100" end="0" time="200" reversible="true">Conditional</animation>
						<animation condition="Skin.HasSetting(show-letterbar)" effect="slide" end="22,0" reversible="true">Conditional</animation>
						<visible>Control.IsVisible(53) + !String.IsEqual(Skin.String(show-scrollbar),$LOCALIZE[31877])</visible>
					</control>
				</control>
			</control>
		</control>
	</include>
	<include name="VideoWrapView">
		<control type="wraplist" id="54">
			<visible>!Container.Content(episodes)</visible>
			<viewtype label="31942">wrap</viewtype>
			<left>0</left>
			<top>160</top>
			<width>1258</width>
			<height>480</height>
			<onleft>54</onleft>
			<onright>54</onright>
			<onup condition="Skin.HasSetting(lock-screensettings)">noop</onup>
			<onup condition="!Skin.HasSetting(lock-screensettings)">9000</onup>
			<ondown>$VAR[ListScrollNav]</ondown>
			<focusposition>0</focusposition>
			<orientation>horizontal</orientation>
			<preloaditems>4</preloaditems>
			<scrolltime>0</scrolltime>
			<pagecontrol>1254</pagecontrol>
			<itemlayout height="292" width="90" condition="Container.Content(movies) | Container.Content(tvshows) | Container.Content(seasons) | Container.Content(episodes)">
				<control type="image">
					<left>-5</left>
					<top>336</top>
					<height>128</height>
					<width>80</width>
					<texture>case-dvd.png</texture>
					<colordiffuse>UnFocusedCovers</colordiffuse>
					<aspectratio>stretch</aspectratio>
					<visible>$EXP[isnotDefaultIcon] + Skin.HasSetting(media-case)</visible>
				</control>
				<control type="image">
					<left>-5</left>
					<top>340</top>
					<height>120</height>
					<width>77</width>
					<texture diffuse="mask-rect.png" background="true" fallback="DefaultVideo.png">$VAR[IconPoster]</texture>
					<colordiffuse>UnFocusedCovers</colordiffuse>
					<aspectratio scalediffuse="false">stretch</aspectratio>
				</control>
				<control type="image">
					<left>-17</left>
					<top>314</top>
					<height>32</height>
					<width>32</width>
					<texture>$VAR[Overlay]</texture>
					<colordiffuse>UnFocusedCovers</colordiffuse>
				</control>
				<include content="listitem-count">
					<param name="left" value="28"/>
					<param name="top" value="440"/>
					<param name="count" value="ListItem.Property(UnwatchedEpisodes)"/>
					<param name="size" value="54"/>
				</include>
			</itemlayout>
			<itemlayout height="292" width="90" condition="!Container.Content(movies) + !Container.Content(tvshows) + !Container.Content(seasons) + !Container.Content(episodes)">
				<control type="image">
					<left>4</left>
					<top>392</top>
					<height>76</height>
					<width>76</width>
					<texture diffuse="mask-rect.png" background="true" fallback="DefaultVideo.png">$VAR[IconPoster]</texture>
					<colordiffuse>UnFocusedCovers</colordiffuse>
					<aspectratio scalediffuse="true">keep</aspectratio>
					<visible>!Container.Content(musicvideos)</visible>
				</control>
				<control type="image">
					<left>4</left>
					<top>392</top>
					<height>76</height>
					<width>76</width>
					<texture diffuse="mask-rect.png" background="true" fallback="DefaultMusicVideos.png">$VAR[IconPoster]</texture>
					<colordiffuse>UnFocusedCovers</colordiffuse>
					<aspectratio scalediffuse="true">keep</aspectratio>
					<visible>Container.Content(musicvideos)</visible>
				</control>
			</itemlayout>
			<focusedlayout height="405" width="276" condition="Container.Content(movies) | Container.Content(tvshows) | Container.Content(seasons) | Container.Content(episodes)">
				<control type="group">
					<visible>$EXP[isnotDefaultIcon]</visible>
					<control type="image">
						<left>0</left>
						<top>130</top>
						<height>350</height>
						<width>256</width>
						<texture>mask-hilite.png</texture>
						<aspectratio>stretch</aspectratio>
						<visible>Control.HasFocus(54)</visible>
					</control>
					<control type="image">
						<left>25</left>
						<top>144</top>
						<height>321</height>
						<width>210</width>
						<texture>case-dvd.png</texture>
						<aspectratio>stretch</aspectratio>
						<visible>Skin.HasSetting(media-case)</visible>
					</control>
				</control>
				<control type="image">
					<left>26</left>
					<top>148</top>
					<height>312</height>
					<width>203</width>
					<aspectratio scalediffuse="false">stretch</aspectratio>
					<texture diffuse="mask-rect.png" background="true" fallback="DefaultVideo.png">$VAR[IconPoster]</texture>
					<visible>Control.HasFocus(54)</visible>
				</control>
				<control type="image">
					<left>26</left>
					<top>148</top>
					<height>312</height>
					<width>203</width>
					<aspectratio scalediffuse="false">stretch</aspectratio>
					<texture diffuse="mask-rect.png" background="true" fallback="DefaultVideo.png">$VAR[IconPoster]</texture>
					<colordiffuse>UnFocusedCovers</colordiffuse>
					<visible>!Control.HasFocus(54)</visible>
				</control>
				<control type="image">
					<left>14</left>
					<top>110</top>
					<height>40</height>
					<width>40</width>
					<texture>$VAR[Overlay]</texture>
				</control>
				<include content="listitem-count">
					<param name="left" value="170"/>
					<param name="top" value="428"/>
					<param name="count" value="ListItem.Property(UnwatchedEpisodes)"/>
					<param name="size" value="90"/>
				</include>
				<control type="image">
					<left>114</left>
					<top>114</top>
					<width>32</width>
					<height>32</height>
					<colordiffuse>DropShadow</colordiffuse>
					<texture>$VAR[ListItemFlags]</texture>
				</control>
				<control type="image">
					<left>112</left>
					<top>112</top>
					<width>32</width>
					<height>32</height>
					<texture>$VAR[ListItemFlags]</texture>
				</control>
			</focusedlayout>
			<focusedlayout height="405" width="276" condition="!Container.Content(movies) + !Container.Content(tvshows) + !Container.Content(seasons) + !Container.Content(episodes)">
				<control type="image">
					<left>22</left>
					<top>224</top>
					<height>244</height>
					<width>244</width>
					<aspectratio scalediffuse="true">keep</aspectratio>
					<texture diffuse="mask-rect.png" background="true" fallback="DefaultVideo.png">$VAR[IconPoster]</texture>
					<visible>!Container.Content(musicvideos)</visible>
				</control>
				<control type="image">
					<left>22</left>
					<top>224</top>
					<height>244</height>
					<width>244</width>
					<aspectratio scalediffuse="true">keep</aspectratio>
					<texture diffuse="mask-rect.png" background="true" fallback="DefaultMusicVideos.png">$VAR[IconPoster]</texture>
					<visible>Container.Content(musicvideos)</visible>
				</control>
			</focusedlayout>
		</control>
		<control type="group">
			<visible>Control.IsVisible(54)</visible>
			<control type="image" id="7216"><!-- Show logo -->
				<left>272</left>
				<top>397</top>
				<width>314</width>
				<height>86</height>
				<texture>$VAR[VideoLogo]</texture>
				<aspectratio align="left" aligny="bottom">keep</aspectratio>
				<animation effect="fade" delay="100" start="0" end="100" time="200">Visible</animation>
			</control>
			<control type="label"><!-- Title -->
				<left>272</left>
				<top>433</top>
				<width>929</width>
				<height>38</height>
				<font>apptv38</font>
				<include condition="Skin.HasSetting(text-autoscroll)">scrolltext</include>
				<label>$INFO[ListItem.Label]</label>
				<wrapmultiline>true</wrapmultiline>
				<textoffsetx>0</textoffsetx>
				<animation effect="fade" delay="100" start="0" end="100" time="200">Visible</animation>
				<visible>!ListItem.IsParentFolder + String.IsEmpty(Control.GetLabel(7216))</visible>
			</control>
			<control type="label"><!-- Go Back -->
				<left>272</left>
				<top>433</top>
				<width>929</width>
				<height>37</height>
				<font>apptv38</font>
				<include condition="Skin.HasSetting(text-autoscroll)">scrolltext</include>
				<label>$LOCALIZE[31688]</label>
				<textoffsetx>0</textoffsetx>
				<visible>ListItem.IsParentFolder</visible>
			</control>
			<control type="group">
				<visible>!String.IsEmpty(ListItem.Title)</visible>
				<control type="label"><!-- Duration -->
					<left>26</left>
					<top>245</top>
					<width>204</width>
					<height>31</height>
					<align>center</align>
					<font>apptv30</font>
					<label>$VAR[VideoDuration]</label>
					<visible>!String.IsEmpty(ListItem.Duration) + !Container.Content(tvshows) + !Container.Content(seasons)</visible>
				</control>
				<control type="image"><!-- Star Rating -->
					<left>272</left>
					<top>308</top>
					<width>125</width>
					<height>25</height>
					<texture>$VAR[MediaRating]</texture>
					<aspectratio>keep</aspectratio>
				</control>
				<control type="image"><!-- MPAA Rating -->
					<left>272</left>
					<top>337</top>
					<width>212</width>
					<height>62</height>
					<aligny>bottom</aligny>
					<texture>$VAR[VideoRating]</texture>
					<aspectratio>keep</aspectratio>
				</control>
			</control>
			<include>sortletternotification</include>
			<control type="group" id="1234">
				<visible>Control.IsVisible(54) + Skin.HasSetting(show-letterbar) + [Container.Content(movies) | Container.Content(tvshows)]</visible>
				<control type="button" id="1244"><!-- Search -->
					<left>36</left>
					<top>636</top>
					<width>20</width>
					<height>20</height>
					<onup>54</onup>
					<ondown>1254</ondown>
					<onright>1264</onright>
					<texturefocus>touch-search.png</texturefocus>
					<texturenofocus>touch-search.png</texturenofocus>
					<onclick>RunScript(script.skin.helper.service,action=videosearch)</onclick>
					<animation effect="zoom" start="100" end="130" center="auto" time="0">focus</animation>
					<animation effect="fade" start="100" end="50" time="0" condition="!Control.HasFocus(1244)">Conditional</animation>
				</control>
				<control type="panel" id="1264">
					<left>68</left>
					<top>634</top>
					<width>1232</width>
					<height>22</height>
					<onup>54</onup>
					<ondown condition="!String.IsEqual(Skin.String(show-scrollbar),$LOCALIZE[31877])">1254</ondown>
					<ondown condition="String.IsEqual(Skin.String(show-scrollbar),$LOCALIZE[31877])">noop</ondown>
					<onleft>1244</onleft>
					<onright>noop</onright>
					<orientation>horizontal</orientation>
					<itemlayout height="22" width="44">
						<control type="label">
							<height>20</height>
							<label>$INFO[ListItem.Label]</label>
							<font>apptv20</font>
							<textcolor>disabled-text</textcolor>
							<align>center</align>
							<animation effect="fade" start="100" end="20" time="0" condition="!String.IsEmpty(ListItem.Property(NotAvailable))">Conditional</animation>
						</control>
						<control type="label">
							<height>20</height>
							<label>$INFO[ListItem.Label]</label>
							<font>apptv20</font>
							<textcolor>listselected-text</textcolor>
							<align>center</align>
							<visible>String.IsEqual(ListItem.Label,Container.ListItem.SortLetter)</visible>
						</control>
					</itemlayout>
					<focusedlayout height="22" width="44">
						<control type="label">
							<height>20</height>
							<label>$INFO[ListItem.Label]</label>
							<font>apptv20</font>
							<align>center</align>
							<animation effect="zoom" start="100" end="130" center="auto" time="0">focus</animation>
							<animation effect="fade" start="100" end="20" time="0" condition="!String.IsEmpty(ListItem.Property(NotAvailable))">Conditional</animation>
						</control>
					</focusedlayout>
					<content>plugin://script.skin.helper.service/?action=alphabet&amp;reload=$INFO[Container.NumItems]</content>
				</control>
			</control>
			<control type="scrollbar" id="1254">
				<left>18</left>
				<top>656</top>
				<width>1240</width>
				<height>16</height>
				<orientation>horizontal</orientation>
				<onup condition="Skin.HasSetting(show-letterbar) + [Container.Content(movies) | Container.Content(tvshows)]">1264</onup>
				<onup condition="!Skin.HasSetting(show-letterbar) | ![Container.Content(movies) | Container.Content(tvshows)]">54</onup>
				<animation condition="!Control.HasFocus(1254) + !Container.Scrolling + !String.IsEqual(Skin.String(show-scrollbar),$LOCALIZE[31875])" effect="fade" start="100" end="0" time="200" reversible="true">Conditional</animation>
				<animation condition="Skin.HasSetting(show-letterbar) + [Container.Content(movies) | Container.Content(tvshows)]" effect="slide" end="0,10" reversible="true">Conditional</animation>
				<visible>$EXP[isEnabledScrollbar] + Control.IsVisible(54)</visible>
			</control>
		</control>
	</include>
	<include name="VideoCoverflow">
		<control type="wraplist" id="57">
			<visible>Container.Content(movies) | Container.Content(tvshows) | Container.Content(seasons)</visible>
			<viewtype label="31945">wrap</viewtype>
			<left>-130</left>
			<top>150</top>
			<width>1416</width>
			<height>400</height>
			<onleft>57</onleft>
			<onright>57</onright>
			<onup condition="Skin.HasSetting(lock-screensettings)">noop</onup>
			<onup condition="!Skin.HasSetting(lock-screensettings)">9000</onup>
			<ondown>$VAR[ListScrollNav]</ondown>
			<focusposition>2</focusposition>
			<orientation>horizontal</orientation>
			<preloaditems>4</preloaditems>
			<pagecontrol>1257</pagecontrol>
			<itemlayout height="360" width="130"></itemlayout>
			<focusedlayout height="400" width="376"></focusedlayout>
		</control>
		<control type="group">
			<visible>Control.IsVisible(57)</visible>
			<control type="group" id="3011">
				<left>10</left>
				<top>150</top>
				<camera x="640" y="360"/>
				<visible>Container(57).OnNext</visible>
				<animation effect="slide" end="-50,0" time="200" reversible="false">Hidden</animation>
				<control type="image">
					<left>18</left>
					<top>16</top>
					<width>286</width>
					<height>400</height>
					<texture fallback="DefaultVideo.png" background="true" diffuse="mask-rect.png">$VAR[Icon(-5)Poster]</texture>
					<colordiffuse>SecondaryCovers</colordiffuse>
					<aspectratio scalediffuse="false">stretch</aspectratio>
					<animation effect="rotatey" center="-40" start="-60" end="-60" time="0" condition="true">Conditional</animation>
					<visible>[Integer.IsGreater(Container(57).NumItems,10) + $EXP[isnotEnabledParentDirectory]] | [Integer.IsGreater(Container(57).NumItems,9) + $EXP[isEnabledParentDirectory]]</visible>
				</control>
				<control type="image">
					<left>106</left>
					<top>16</top>
					<width>286</width>
					<height>400</height>
					<texture fallback="DefaultVideo.png" background="true" diffuse="mask-rect.png">$VAR[Icon(-4)Poster]</texture>
					<colordiffuse>SecondaryCovers</colordiffuse>
					<aspectratio scalediffuse="false">stretch</aspectratio>
					<animation effect="rotatey" center="10" start="-60" end="-60" time="0" condition="true">Conditional</animation>
					<visible>[Integer.IsGreater(Container(57).NumItems,8) + $EXP[isnotEnabledParentDirectory]] | [Integer.IsGreater(Container(57).NumItems,7) + $EXP[isEnabledParentDirectory]]</visible>
				</control>
				<control type="image">
					<left>194</left>
					<top>16</top>
					<width>286</width>
					<height>400</height>
					<texture fallback="DefaultVideo.png" background="true" diffuse="mask-rect.png">$VAR[Icon(-3)Poster]</texture>
					<colordiffuse>SecondaryCovers</colordiffuse>
					<aspectratio scalediffuse="false">stretch</aspectratio>
					<animation effect="rotatey" center="60" start="-60" end="-60" time="0" condition="true">Conditional</animation>
					<visible>[Integer.IsGreater(Container(57).NumItems,6) + $EXP[isnotEnabledParentDirectory]] | [Integer.IsGreater(Container(57).NumItems,5) + $EXP[isEnabledParentDirectory]]</visible>
				</control>
				<control type="image">
					<left>282</left>
					<top>16</top>
					<width>286</width>
					<height>400</height>
					<texture fallback="DefaultVideo.png" background="true" diffuse="mask-rect.png">$VAR[Icon(-2)Poster]</texture>
					<colordiffuse>SecondaryCovers</colordiffuse>
					<aspectratio scalediffuse="false">stretch</aspectratio>
					<animation effect="rotatey" center="110" start="-60" end="-60" time="0" condition="true">Conditional</animation>
					<visible>[Integer.IsGreater(Container(57).NumItems,4) + $EXP[isnotEnabledParentDirectory]] | [Integer.IsGreater(Container(57).NumItems,3) + $EXP[isEnabledParentDirectory]]</visible>
				</control>
				<control type="image">
					<left>956</left>
					<top>16</top>
					<width>286</width>
					<height>400</height>
					<texture fallback="DefaultVideo.png" background="true" diffuse="mask-rect.png">$VAR[Icon(3)Poster]</texture>
					<colordiffuse>SecondaryCovers</colordiffuse>
					<aspectratio scalediffuse="false">stretch</aspectratio>
					<animation effect="rotatey" center="1320" start="60" end="60" time="0" condition="true">Conditional</animation>
					<visible>[Integer.IsGreater(Container(57).NumItems,5) + $EXP[isnotEnabledParentDirectory]] | [Integer.IsGreater(Container(57).NumItems,4) + $EXP[isEnabledParentDirectory]]</visible>
				</control>
				<control type="image">
					<left>868</left>
					<top>16</top>
					<width>286</width>
					<height>400</height>
					<texture fallback="DefaultVideo.png" background="true" diffuse="mask-rect.png">$VAR[Icon(2)Poster]</texture>
					<colordiffuse>SecondaryCovers</colordiffuse>
					<aspectratio scalediffuse="false">stretch</aspectratio>
					<animation effect="rotatey" center="1270" start="60" end="60" time="0" condition="true">Conditional</animation>
					<visible>[Integer.IsGreater(Container(57).NumItems,3) + $EXP[isnotEnabledParentDirectory]] | [Integer.IsGreater(Container(57).NumItems,2) + $EXP[isEnabledParentDirectory]]</visible>
				</control>
				<control type="image">
					<left>780</left>
					<top>16</top>
					<width>286</width>
					<height>400</height>
					<texture fallback="DefaultVideo.png" background="true" diffuse="mask-rect.png">$VAR[Icon(1)Poster]</texture>
					<colordiffuse>SecondaryCovers</colordiffuse>
					<aspectratio scalediffuse="false">stretch</aspectratio>
					<animation effect="rotatey" center="1220" start="60" end="60" time="0" condition="true">Conditional</animation>
					<visible>[Integer.IsGreater(Container(57).NumItems,1) + $EXP[isnotEnabledParentDirectory]] | [Integer.IsGreater(Container(57).NumItems,0) + $EXP[isEnabledParentDirectory]]</visible>
				</control>
				<control type="group">
					<visible>Container(57).OnNext</visible>
					<animation effect="slide" end="-60,0" time="200" reversible="false">Hidden</animation>
					<control type="image">
						<left>488</left>
						<top>0</top>
						<width>286</width>
						<height>400</height>
						<texture fallback="DefaultVideo.png" background="true" diffuse="mask-rect.png">$VAR[Icon(-1)Poster]</texture>
						<aspectratio scalediffuse="false">stretch</aspectratio>
						<visible>[Integer.IsGreater(Container(57).NumItems,2) + $EXP[isnotEnabledParentDirectory]] | [Integer.IsGreater(Container(57).NumItems,1) + $EXP[isEnabledParentDirectory]]</visible>
						<animation condition="!Control.HasFocus(57)" effect="fade" start="100" end="60" time="0" reversible="true">Conditional</animation>
						<animation effect="rotatey" center="220" start="0" end="-60" time="200" reversible="false">Hidden</animation>
					</control>
					<control type="image">
						<left>692</left>
						<top>16</top>
						<width>286</width>
						<height>400</height>
						<texture fallback="DefaultVideo.png" background="true" diffuse="mask-rect.png">$VAR[Icon(0)Poster]</texture>
						<colordiffuse>SecondaryCovers</colordiffuse>
						<aspectratio scalediffuse="false">stretch</aspectratio>
						<animation effect="rotatey" center="1170" start="0" end="-60" time="200" reversible="false">Hidden</animation>
						<animation effect="rotatey" center="1170" start="60" end="60" time="200" condition="true">Conditional</animation>
					</control>
				</control>
			</control>
			<control type="group" id="3012">
				<left>10</left>
				<top>150</top>
				<camera x="640" y="360"/>
				<visible>Container(57).OnPrevious</visible>
				<animation effect="slide" end="50,0" time="200" reversible="false">Hidden</animation>
				<control type="image">
					<left>18</left>
					<top>16</top>
					<width>286</width>
					<height>400</height>
					<texture fallback="DefaultVideo.png" background="true" diffuse="mask-rect.png">$VAR[Icon(-3)Poster]</texture>
					<colordiffuse>SecondaryCovers</colordiffuse>
					<aspectratio scalediffuse="false">stretch</aspectratio>
					<animation effect="rotatey" center="-40" start="-60" end="-60" time="0" condition="true">Conditional</animation>
					<visible>[Integer.IsGreater(Container(57).NumItems,6) + $EXP[isnotEnabledParentDirectory]] | [Integer.IsGreater(Container(57).NumItems,5) + $EXP[isEnabledParentDirectory]]</visible>
				</control>
				<control type="image">
					<left>106</left>
					<top>16</top>
					<width>286</width>
					<height>400</height>
					<texture fallback="DefaultVideo.png" background="true" diffuse="mask-rect.png">$VAR[Icon(-2)Poster]</texture>
					<colordiffuse>SecondaryCovers</colordiffuse>
					<aspectratio scalediffuse="false">stretch</aspectratio>
					<animation effect="rotatey" center="10" start="-60" end="-60" time="0" condition="true">Conditional</animation>
					<visible>[Integer.IsGreater(Container(57).NumItems,4) + $EXP[isnotEnabledParentDirectory]] | [Integer.IsGreater(Container(57).NumItems,3) + $EXP[isEnabledParentDirectory]]</visible>
				</control>
				<control type="image">
					<left>194</left>
					<top>16</top>
					<width>286</width>
					<height>400</height>
					<texture fallback="DefaultVideo.png" background="true" diffuse="mask-rect.png">$VAR[Icon(-1)Poster]</texture>
					<colordiffuse>SecondaryCovers</colordiffuse>
					<aspectratio scalediffuse="false">stretch</aspectratio>
					<animation effect="rotatey" center="60" start="-60" end="-60" time="0" condition="true">Conditional</animation>
					<visible>[Integer.IsGreater(Container(57).NumItems,2) + $EXP[isnotEnabledParentDirectory]] | [Integer.IsGreater(Container(57).NumItems,1) + $EXP[isEnabledParentDirectory]]</visible>
				</control>
				<control type="image">
					<left>956</left>
					<top>16</top>
					<width>286</width>
					<height>400</height>
					<texture fallback="DefaultVideo.png" background="true" diffuse="mask-rect.png">$VAR[Icon(5)Poster]</texture>
					<colordiffuse>SecondaryCovers</colordiffuse>
					<aspectratio scalediffuse="false">stretch</aspectratio>
					<animation effect="rotatey" center="1320" start="60" end="60" time="0" condition="true">Conditional</animation>
					<visible>[Integer.IsGreater(Container(57).NumItems,9) + $EXP[isnotEnabledParentDirectory]] | [Integer.IsGreater(Container(57).NumItems,8) + $EXP[isEnabledParentDirectory]]</visible>
				</control>
				<control type="image">
					<left>868</left>
					<top>16</top>
					<width>286</width>
					<height>400</height>
					<texture fallback="DefaultVideo.png" background="true" diffuse="mask-rect.png">$VAR[Icon(4)Poster]</texture>
					<colordiffuse>SecondaryCovers</colordiffuse>
					<aspectratio scalediffuse="false">stretch</aspectratio>
					<animation effect="rotatey" center="1270" start="60" end="60" time="0" condition="true">Conditional</animation>
					<visible>[Integer.IsGreater(Container(57).NumItems,7) + $EXP[isnotEnabledParentDirectory]] | [Integer.IsGreater(Container(57).NumItems,6) + $EXP[isEnabledParentDirectory]]</visible>
				</control>
				<control type="image">
					<left>780</left>
					<top>16</top>
					<width>286</width>
					<height>400</height>
					<texture fallback="DefaultVideo.png" background="true" diffuse="mask-rect.png">$VAR[Icon(3)Poster]</texture>
					<colordiffuse>SecondaryCovers</colordiffuse>
					<aspectratio scalediffuse="false">stretch</aspectratio>
					<animation effect="rotatey" center="1220" start="60" end="60" time="0" condition="true">Conditional</animation>
					<visible>[Integer.IsGreater(Container(57).NumItems,5) + $EXP[isnotEnabledParentDirectory]] | [Integer.IsGreater(Container(57).NumItems,4) + $EXP[isEnabledParentDirectory]]</visible>
				</control>
				<control type="image">
					<left>692</left>
					<top>16</top>
					<width>286</width>
					<height>400</height>
					<aspectratio scalediffuse="false">stretch</aspectratio>
					<texture fallback="DefaultVideo.png" background="true" diffuse="mask-rect.png">$VAR[Icon(2)Poster]</texture>
					<colordiffuse>SecondaryCovers</colordiffuse>
					<animation effect="rotatey" center="1170" start="60" end="60" time="0" condition="true">Conditional</animation>
					<visible>[Integer.IsGreater(Container(57).NumItems,3) + $EXP[isnotEnabledParentDirectory]] | [Integer.IsGreater(Container(57).NumItems,2) + $EXP[isEnabledParentDirectory]]</visible>
				</control>
				<control type="group">
					<visible>Container(57).OnPrevious</visible>
					<animation effect="slide" end="60,0" time="200" reversible="false">Hidden</animation>
					<control type="image">
						<left>488</left>
						<top>0</top>
						<width>286</width>
						<height>400</height>
						<texture fallback="DefaultVideo.png" background="true" diffuse="mask-rect.png">$VAR[Icon(1)Poster]</texture>
						<aspectratio scalediffuse="false">stretch</aspectratio>
						<animation condition="!Control.HasFocus(57)" effect="fade" start="100" end="60" time="0" reversible="true">Conditional</animation>
						<animation effect="rotatey" center="500" start="0" end="60" time="200" reversible="false">Hidden</animation>
						<visible>[Integer.IsGreater(Container(57).NumItems,1) + $EXP[isnotEnabledParentDirectory]] | [Integer.IsGreater(Container(57).NumItems,0) + $EXP[isEnabledParentDirectory]]</visible>
					</control>
					<control type="image">
						<left>282</left>
						<top>16</top>
						<width>286</width>
						<height>400</height>
						<texture fallback="DefaultVideo.png" background="true" diffuse="mask-rect.png">$VAR[Icon(0)Poster]</texture>
						<colordiffuse>SecondaryCovers</colordiffuse>
						<aspectratio scalediffuse="false">stretch</aspectratio>
						<animation effect="rotatey" center="110" start="0" end="60" time="200" reversible="false">Hidden</animation>
						<animation effect="rotatey" center="110" start="-60" end="-60" time="0" condition="true">Conditional</animation>
					</control>
				</control>
			</control>
			<control type="group" id="3010">
				<left>10</left>
				<top>150</top>
				<camera x="640" y="360"/>
				<visible>!Control.IsVisible(3011) + !Control.IsVisible(3012)</visible>
				<control type="image">
					<left>18</left>
					<top>16</top>
					<width>286</width>
					<height>400</height>
					<texture fallback="DefaultVideo.png" background="true" diffuse="mask-rect.png">$VAR[Icon(-4)Poster]</texture>
					<colordiffuse>SecondaryCovers</colordiffuse>
					<aspectratio scalediffuse="false">stretch</aspectratio>
					<animation effect="rotatey" center="-40" start="-60" end="-60" time="0" condition="true">Conditional</animation>
					<visible>[Integer.IsGreater(Container(57).NumItems,8) + $EXP[isnotEnabledParentDirectory]] | [Integer.IsGreater(Container(57).NumItems,7) + $EXP[isEnabledParentDirectory]]</visible>
				</control>
				<control type="image">
					<left>106</left>
					<top>16</top>
					<width>286</width>
					<height>400</height>
					<texture fallback="DefaultVideo.png" background="true" diffuse="mask-rect.png">$VAR[Icon(-3)Poster]</texture>
					<colordiffuse>SecondaryCovers</colordiffuse>
					<aspectratio scalediffuse="false">stretch</aspectratio>
					<animation effect="rotatey" center="10" start="-60" end="-60" time="0" condition="true">Conditional</animation>
					<visible>[Integer.IsGreater(Container(57).NumItems,6) + $EXP[isnotEnabledParentDirectory]] | [Integer.IsGreater(Container(57).NumItems,5) + $EXP[isEnabledParentDirectory]]</visible>
				</control>
				<control type="image">
					<left>194</left>
					<top>16</top>
					<width>286</width>
					<height>400</height>
					<texture fallback="DefaultVideo.png" background="true" diffuse="mask-rect.png">$VAR[Icon(-2)Poster]</texture>
					<colordiffuse>SecondaryCovers</colordiffuse>
					<aspectratio scalediffuse="false">stretch</aspectratio>
					<animation effect="rotatey" center="60" start="-60" end="-60" time="0" condition="true">Conditional</animation>
					<visible>[Integer.IsGreater(Container(57).NumItems,4) + $EXP[isnotEnabledParentDirectory]] | [Integer.IsGreater(Container(57).NumItems,3) + $EXP[isEnabledParentDirectory]]</visible>
				</control>
				<control type="image">
					<left>282</left>
					<top>16</top>
					<width>286</width>
					<height>400</height>
					<texture fallback="DefaultVideo.png" background="true" diffuse="mask-rect.png">$VAR[Icon(-1)Poster]</texture>
					<colordiffuse>SecondaryCovers</colordiffuse>
					<aspectratio scalediffuse="false">stretch</aspectratio>
					<animation effect="rotatey" center="110" start="-60" end="-60" time="0" condition="true">Conditional</animation>
					<visible>[Integer.IsGreater(Container(57).NumItems,2) + $EXP[isnotEnabledParentDirectory]] | [Integer.IsGreater(Container(57).NumItems,1) + $EXP[isEnabledParentDirectory]]</visible>
				</control>
				<control type="image">
					<left>956</left>
					<top>16</top>
					<width>286</width>
					<height>400</height>
					<texture fallback="DefaultVideo.png" background="true" diffuse="mask-rect.png">$VAR[Icon(4)Poster]</texture>
					<colordiffuse>SecondaryCovers</colordiffuse>
					<aspectratio scalediffuse="false">stretch</aspectratio>
					<animation effect="rotatey" center="1320" start="60" end="60" time="0" condition="true">Conditional</animation>
					<visible>[Integer.IsGreater(Container(57).NumItems,7) + $EXP[isnotEnabledParentDirectory]] | [Integer.IsGreater(Container(57).NumItems,6) + $EXP[isEnabledParentDirectory]]</visible>
				</control>
				<control type="image">
					<left>868</left>
					<top>16</top>
					<width>286</width>
					<height>400</height>
					<texture fallback="DefaultVideo.png" background="true" diffuse="mask-rect.png">$VAR[Icon(3)Poster]</texture>
					<colordiffuse>SecondaryCovers</colordiffuse>
					<aspectratio scalediffuse="false">stretch</aspectratio>
					<animation effect="rotatey" center="1270" start="60" end="60" time="0" condition="true">Conditional</animation>
					<visible>[Integer.IsGreater(Container(57).NumItems,5) + $EXP[isnotEnabledParentDirectory]] | [Integer.IsGreater(Container(57).NumItems,4) + $EXP[isEnabledParentDirectory]]</visible>
				</control>
				<control type="image">
					<left>780</left>
					<top>16</top>
					<width>286</width>
					<height>400</height>
					<texture fallback="DefaultVideo.png" background="true" diffuse="mask-rect.png">$VAR[Icon(2)Poster]</texture>
					<colordiffuse>SecondaryCovers</colordiffuse>
					<aspectratio scalediffuse="false">stretch</aspectratio>
					<animation effect="rotatey" center="1220" start="60" end="60" time="0" condition="true">Conditional</animation>
					<visible>[Integer.IsGreater(Container(57).NumItems,3) + $EXP[isnotEnabledParentDirectory]] | [Integer.IsGreater(Container(57).NumItems,2) + $EXP[isEnabledParentDirectory]]</visible>
				</control>
				<control type="image">
					<left>692</left>
					<top>16</top>
					<width>286</width>
					<height>400</height>
					<texture fallback="DefaultVideo.png" background="true" diffuse="mask-rect.png">$VAR[Icon(1)Poster]</texture>
					<colordiffuse>SecondaryCovers</colordiffuse>
					<aspectratio scalediffuse="false">stretch</aspectratio>
					<animation effect="rotatey" center="1170" start="60" end="60" time="0" condition="true">Conditional</animation>
					<visible>[Integer.IsGreater(Container(57).NumItems,1) + $EXP[isnotEnabledParentDirectory]] | [Integer.IsGreater(Container(57).NumItems,0) + $EXP[isEnabledParentDirectory]]</visible>
				</control>
				<control type="image">
					<left>488</left>
					<top>0</top>
					<width>286</width>
					<height>400</height>
					<texture fallback="DefaultVideo.png" background="true" diffuse="mask-rect.png">$VAR[Icon(0)Poster]</texture>
					<animation condition="!Control.HasFocus(57)" effect="fade" start="100" end="60" time="0" reversible="true">Conditional</animation>
					<aspectratio scalediffuse="false">stretch</aspectratio>
				</control>
			</control>
		</control>
		<control type="group">
			<visible>Control.IsVisible(57)</visible>
			<control type="image" id="7018"><!-- Show logo -->
				<left>523</left>
				<top>612</top>
				<width>234</width>
				<height>64</height>
				<texture>$VAR[VideoLogo]</texture>
				<align>center</align>
				<aligny>bottom</aligny>
				<aspectratio>keep</aspectratio>
				<animation effect="fade" delay="100" start="0" end="100" time="200">Visible</animation>
			</control>
			<control type="label"><!-- Title -->
				<left>220</left>
				<top>630</top>
				<width>840</width>
				<height>30</height>
				<font>apptv30</font>
				<align>center</align>
				<include condition="Skin.HasSetting(text-autoscroll)">scrolltext</include>
				<label>$INFO[ListItem.Label]</label>
				<textoffsetx>0</textoffsetx>
				<visible>!ListItem.IsParentFolder + String.IsEmpty(Control.GetLabel(7018))</visible>
			</control>
			<control type="label"><!-- Go Back -->
				<left>220</left>
				<top>630</top>
				<width>840</width>
				<height>30</height>
				<font>apptv30</font>
				<align>center</align>
				<include condition="Skin.HasSetting(text-autoscroll)">scrolltext</include>
				<label>$LOCALIZE[31688]</label>
				<textoffsetx>0</textoffsetx>
				<visible>ListItem.IsParentFolder</visible>
			</control>
			<control type="group">
				<visible>!String.IsEmpty(ListItem.Title)</visible>
				<control type="image"><!-- MPAA Rating -->
					<left>17</left>
					<top>618</top>
					<width>212</width>
					<height>62</height>
					<aligny>bottom</aligny>
					<texture>$VAR[VideoRating]</texture>
					<aspectratio>keep</aspectratio>
				</control>
				<control type="image"><!-- Star Rating -->
					<left>578</left>
					<top>681</top>
					<width>125</width>
					<height>25</height>
					<texture>$VAR[MediaRating]</texture>
					<aspectratio>keep</aspectratio>
				</control>
				<control type="label"><!-- Duration -->
					<left>1000</left>
					<top>634</top>
					<width>260</width>
					<height>31</height>
					<align>right</align>
					<font>apptv30</font>
					<label>$VAR[VideoDuration]</label>
					<visible>!String.IsEmpty(ListItem.Duration) + !Container.Content(tvshows) + !Container.Content(seasons)</visible>
				</control>
				<control type="image">
					<left>1230</left>
					<top>672</top>
					<width>32</width>
					<height>32</height>
					<colordiffuse>DropShadow</colordiffuse>
					<texture>$VAR[ListItemFlags]</texture>
				</control>
				<control type="image">
					<left>1228</left>
					<top>670</top>
					<width>32</width>
					<height>32</height>
					<texture>$VAR[ListItemFlags]</texture>
				</control>
			</control>
			<include>sortletternotification</include>
			<control type="group" id="1237">
				<visible>Control.IsVisible(57) + Skin.HasSetting(show-letterbar) + [Container.Content(movies) | Container.Content(tvshows)]</visible>
				<control type="button" id="1247"><!-- Search -->
					<left>36</left>
					<top>566</top>
					<width>20</width>
					<height>20</height>
					<onup>57</onup>
					<ondown>1257</ondown>
					<onright>1267</onright>
					<texturefocus>touch-search.png</texturefocus>
					<texturenofocus>touch-search.png</texturenofocus>
					<onclick>RunScript(script.skin.helper.service,action=videosearch)</onclick>
					<animation effect="zoom" start="100" end="130" center="auto" time="0">focus</animation>
					<animation effect="fade" start="100" end="50" time="0" condition="!Control.HasFocus(1247)">Conditional</animation>
				</control>
				<control type="panel" id="1267">
					<left>68</left>
					<top>564</top>
					<width>1232</width>
					<height>22</height>
					<onup>57</onup>
					<ondown condition="!String.IsEqual(Skin.String(show-scrollbar),$LOCALIZE[31877])">1257</ondown>
					<ondown condition="String.IsEqual(Skin.String(show-scrollbar),$LOCALIZE[31877])">noop</ondown>
					<onleft>1247</onleft>
					<onright>noop</onright>
					<orientation>horizontal</orientation>
					<itemlayout height="22" width="44">
						<control type="label">
							<height>20</height>
							<label>$INFO[ListItem.Label]</label>
							<font>apptv20</font>
							<textcolor>disabled-text</textcolor>
							<align>center</align>
							<animation effect="fade" start="100" end="20" time="0" condition="!String.IsEmpty(ListItem.Property(NotAvailable))">Conditional</animation>
						</control>
						<control type="label">
							<height>20</height>
							<label>$INFO[ListItem.Label]</label>
							<font>apptv20</font>
							<textcolor>listselected-text</textcolor>
							<align>center</align>
							<visible>String.IsEqual(ListItem.Label,Container.ListItem.SortLetter)</visible>
						</control>
					</itemlayout>
					<focusedlayout height="22" width="44">
						<control type="label">
							<height>20</height>
							<label>$INFO[ListItem.Label]</label>
							<font>apptv20</font>
							<align>center</align>
							<animation effect="zoom" start="100" end="130" center="auto" time="0">focus</animation>
							<animation effect="fade" start="100" end="20" time="0" condition="!String.IsEmpty(ListItem.Property(NotAvailable))">Conditional</animation>
						</control>
					</focusedlayout>
					<content>plugin://script.skin.helper.service/?action=alphabet&amp;reload=$INFO[Container.NumItems]</content>
				</control>
			</control>
			<control type="scrollbar" id="1257">
				<left>28</left>
				<top>582</top>
				<width>1220</width>
				<height>16</height>
				<orientation>horizontal</orientation>
				<onup condition="Skin.HasSetting(show-letterbar) + [Container.Content(movies) | Container.Content(tvshows)]">1267</onup>
				<onup condition="!Skin.HasSetting(show-letterbar) | ![Container.Content(movies) | Container.Content(tvshows)]">57</onup>
				<animation condition="!Control.HasFocus(1257) + !Container.Scrolling + !String.IsEqual(Skin.String(show-scrollbar),$LOCALIZE[31875])" effect="fade" start="100" end="0" time="200" reversible="true">Conditional</animation>
				<animation condition="Skin.HasSetting(show-letterbar) + [Container.Content(movies) | Container.Content(tvshows)]" effect="slide" end="0,10" reversible="true">Conditional</animation>
				<visible>$EXP[isEnabledScrollbar] + Control.IsVisible(57)</visible>
			</control>
		</control>
	</include>
	<include name="VideoWallView">
		<control type="panel" id="58">
			<visible>Container.Content(movies) | Container.Content(tvshows) | Container.Content(seasons) | Container.Content(musicvideos) | Container.Content(addons)</visible>
			<left>535</left>
			<top>120</top>
			<width>660</width>
			<height>561</height>
			<onleft condition="Skin.HasSetting(lock-screensettings)">noop</onleft>
			<onleft condition="!Skin.HasSetting(lock-screensettings)">9000</onleft>
			<onright>$VAR[ListScrollNav]</onright>
			<onup>58</onup>
			<ondown>58</ondown>
			<viewtype label="31944">wall</viewtype>
			<pagecontrol>1258</pagecontrol>
			<preloaditems>4</preloaditems>
			<animation type="TYPE" condition="Skin.HasSetting(tiltvideowallicon)" reversible="false">
				<effect type="rotatey" start="-15" end="-15" time="0"/>
				<effect type="slide" end="70,0" time="0"/>
				<effect type="zoom" start="100" end="120" center="auto" time="0" tween="back" easing="out"/>
			</animation>
			<itemlayout height="187" width="132" condition="Container.Content(movies) | Container.Content(tvshows) | Container.Content(seasons)">
				<control type="image">
					<left>1</left>
					<top>1</top>
					<width>131</width>
					<height>186</height>
					<aspectratio>stretch</aspectratio>
					<texture colordiffuse="UnFocusedPosters" background="true">$VAR[IconPoster]</texture>
					<visible>String.IsEmpty(ListItem.Art(thumb))</visible>
				</control>
				<control type="image">
					<left>1</left>
					<top>1</top>
					<width>131</width>
					<height>186</height>
					<aspectratio>stretch</aspectratio>
					<texture colordiffuse="UnFocusedPosters" fallback="DefaultVideo.png" diffuse="mask-rect.png" background="true">$VAR[IconPoster]</texture>
					<visible>!String.IsEmpty(ListItem.Art(thumb))</visible>
				</control>
				<control type="image"><!-- Watched Overlay -->
					<left>104</left>
					<top>-2</top>
					<width>32</width>
					<height>32</height>
					<texture>$VAR[Overlay]</texture>
				</control>
				<include content="listitem-count">
					<param name="left" value="80"/>
					<param name="top" value="152"/>
					<param name="count" value="ListItem.Property(UnwatchedEpisodes)"/>
					<param name="size" value="70"/>
				</include>
			</itemlayout>
			<itemlayout height="140" width="140" condition="Container.Content(addons) | Container.Content(musicvideos)">
				<control type="image">
					<left>4</left>
					<top>4</top>
					<width>132</width>
					<height>132</height>
					<aspectratio>keep</aspectratio>
					<texture colordiffuse="UnFocusedPosters" fallback="DefaultAddon.png" diffuse="mask-squ.png" background="true">$VAR[IconPoster]</texture>
					<visible>Container.Content(addons)</visible>
				</control>
				<control type="image">
					<left>4</left>
					<top>4</top>
					<width>132</width>
					<height>132</height>
					<aspectratio scalediffuse="false" align="center">scale</aspectratio>
					<texture colordiffuse="UnFocusedPosters" fallback="DefaultMusicVideos.png" diffuse="mask-squ.png" background="true">$VAR[IconPoster]</texture>
					<visible>Container.Content(musicvideos)</visible>
				</control>
			</itemlayout>
			<focusedlayout height="187" width="132" condition="Container.Content(movies) | Container.Content(tvshows) | Container.Content(seasons)">
				<control type="group">
					<animation effect="zoom" start="90" end="114" center="auto" time="200" tween="back" easing="out" reversible="false">focus</animation>
					<control type="image">
						<left>1</left>
						<top>1</top>
						<width>131</width>
						<height>186</height>
						<aspectratio>stretch</aspectratio>
						<texture background="true">$VAR[IconPoster]</texture>
						<visible>String.IsEmpty(ListItem.Art(thumb))</visible>
					</control>
					<control type="image">
						<left>1</left>
						<top>1</top>
						<width>131</width>
						<height>186</height>
						<aspectratio scalediffuse="false">stretch</aspectratio>
						<texture fallback="DefaultVideo.png" diffuse="mask-rect.png" background="true">$VAR[IconPoster]</texture>
						<bordertexture border="8">mask-hilite.png</bordertexture>
						<bordersize>8</bordersize>
						<visible>!String.IsEmpty(ListItem.Art(thumb))</visible>
					</control>
					<control type="image"><!-- Watched Overlay -->
						<left>98</left>
						<top>5</top>
						<width>32</width>
						<height>32</height>
						<texture>$VAR[Overlay]</texture>
					</control>
					<include content="listitem-count">
						<param name="left" value="80"/>
						<param name="top" value="148"/>
						<param name="count" value="ListItem.Property(UnwatchedEpisodes)"/>
						<param name="size" value="70"/>
					</include>
				</control>
			</focusedlayout>
			<focusedlayout height="140" width="140" condition="Container.Content(addons) | Container.Content(musicvideos)">
				<control type="image">
					<left>4</left>
					<top>4</top>
					<width>132</width>
					<height>132</height>
					<aspectratio>keep</aspectratio>
					<texture fallback="DefaultAddon.png" diffuse="mask-squ.png" background="true">$VAR[IconPoster]</texture>
					<animation effect="zoom" start="90" end="112" center="auto" time="400" tween="back" easing="out" reversible="false">focus</animation>
					<visible>Container.Content(addons)</visible>
				</control>
				<control type="image">
					<left>4</left>
					<top>4</top>
					<width>132</width>
					<height>132</height>
					<aspectratio scalediffuse="false" align="center">scale</aspectratio>
					<texture fallback="DefaultMusicVideos.png" diffuse="mask-squ.png" background="true">$VAR[IconPoster]</texture>
					<animation effect="zoom" start="90" end="112" center="auto" time="400" tween="back" easing="out" reversible="false">focus</animation>
					<visible>Container.Content(musicvideos)</visible>
				</control>
			</focusedlayout>
		</control>
		<control type="group">
			<visible>Control.IsVisible(58)</visible>
			<control type="image" id="7116"><!-- Show logo -->
				<left>17</left>
				<top>112</top>
				<width>354</width>
				<height>97</height>
				<texture>$VAR[VideoLogo]</texture>
				<aspectratio align="left" aligny="bottom">keep</aspectratio>
				<animation effect="fade" delay="200" start="0" end="100" time="200">Visible</animation>
			</control>
			<control type="label"><!-- Title -->
				<left>17</left>
				<top>112</top>
				<width>500</width>
				<height>74</height>
				<font>apptv30</font>
				<include condition="Skin.HasSetting(text-autoscroll)">scrolltext</include>
				<label>$INFO[ListItem.Label]</label>
				<wrapmultiline>true</wrapmultiline>
				<textoffsetx>0</textoffsetx>
				<visible>String.IsEmpty(Control.GetLabel(7116)) + !ListItem.IsParentFolder</visible>
			</control>
			<control type="label"><!-- Go Back -->
				<left>17</left>
				<top>300</top>
				<width>500</width>
				<height>38</height>
				<font>apptv38</font>
				<align>center</align>
				<include condition="Skin.HasSetting(text-autoscroll)">scrolltext</include>
				<label>$LOCALIZE[31688]</label>
				<textoffsetx>0</textoffsetx>
				<visible>ListItem.IsParentFolder</visible>
			</control>
			<control type="group">
				<visible>!String.IsEmpty(ListItem.Title)</visible>
				<control type="label"><!-- Genre -->
					<left>17</left>
					<top>212</top>
					<width>500</width>
					<height>37</height>
					<font>apptv20</font>
					<include condition="Skin.HasSetting(text-autoscroll)">scrolltext</include>
					<label>$INFO[ListItem.Genre]</label>
					<textoffsetx>0</textoffsetx>
					<visible>!String.IsEmpty(ListItem.Genre)</visible>
				</control>
				<control type="label"><!-- Duration -->
					<left>17</left>
					<top>250</top>
					<width>200</width>
					<height>25</height>
					<font>apptv22</font>
					<label>$VAR[VideoDuration]</label>
					<visible>!String.IsEmpty(ListItem.Duration) + !Container.Content(tvshows) + !Container.Content(seasons)</visible>
				</control>
				<control type="image">
					<left>242</left>
					<top>248</top>
					<width>32</width>
					<height>32</height>
					<colordiffuse>DropShadow</colordiffuse>
					<texture>$VAR[ListItemFlags]</texture>
				</control>
				<control type="image">
					<left>240</left>
					<top>246</top>
					<width>32</width>
					<height>32</height>
					<texture>$VAR[ListItemFlags]</texture>
				</control>
				<control type="image"><!-- MPAA Rating -->
					<left>17</left>
					<top>280</top>
					<width>212</width>
					<height>62</height>
					<aligny>bottom</aligny>
					<texture>$VAR[VideoRating]</texture>
					<aspectratio>keep</aspectratio>
				</control>
				<control type="image"><!-- Star Rating -->
					<left>360</left>
					<top>294</top>
					<width>110</width>
					<height>22</height>
					<texture>$VAR[MediaRating]</texture>
					<aspectratio>keep</aspectratio>
				</control>
				<control type="textbox"><!-- Plot Outline -->
					<left>17</left>
					<top>350</top>
					<width>500</width>
					<height>318</height>
					<font>apptv20</font>
					<label>$INFO[ListItem.PlotOutline]</label>
					<visible>!String.IsEmpty(ListItem.PlotOutline)</visible>
				</control>
				<control type="textbox"><!-- Plot (Show if no outline available)-->
					<left>17</left>
					<top>350</top>
					<width>500</width>
					<height>318</height>
					<font>apptv20</font>
					<label>$INFO[ListItem.Plot]</label>
					<visible>String.IsEmpty(ListItem.PlotOutline) + !String.IsEmpty(ListItem.Plot)</visible>
				</control>
			</control>
			<include>sortletternotification</include>
			<control type="group" id="1238">
				<visible>Control.IsVisible(58) + Skin.HasSetting(show-letterbar) + [Container.Content(movies) | Container.Content(tvshows)]</visible>
				<control type="button" id="1248"><!-- Search -->
					<left>1226</left>
					<top>88</top>
					<width>20</width>
					<height>20</height>
					<onleft>58</onleft>
					<onright>1258</onright>
					<ondown>1268</ondown>
					<texturefocus>touch-search.png</texturefocus>
					<texturenofocus>touch-search.png</texturenofocus>
					<onclick>RunScript(script.skin.helper.service,action=videosearch)</onclick>
					<animation effect="zoom" start="100" end="130" center="auto" time="0">focus</animation>
					<animation effect="fade" start="100" end="50" time="0" condition="!Control.HasFocus(1248)">Conditional</animation>
				</control>
				<control type="panel" id="1268">
					<left>1225</left>
					<top>110</top>
					<width>20</width>
					<height>594</height>
					<onleft>58</onleft>
					<onright condition="!String.IsEqual(Skin.String(show-scrollbar),$LOCALIZE[31877])">1258</onright>
					<onright condition="String.IsEqual(Skin.String(show-scrollbar),$LOCALIZE[31877])">noop</onright>
					<onup>1248</onup>
					<ondown>noop</ondown>
					<orientation>vertical</orientation>
					<itemlayout height="22" width="20">
						<control type="label">
							<height>20</height>
							<label>$INFO[ListItem.Label]</label>
							<font>apptv20</font>
							<textcolor>disabled-text</textcolor>
							<align>center</align>
							<animation effect="fade" start="100" end="20" time="0" condition="!String.IsEmpty(ListItem.Property(NotAvailable))">Conditional</animation>
						</control>
						<control type="label">
							<height>20</height>
							<label>$INFO[ListItem.Label]</label>
							<font>apptv20</font>
							<textcolor>listselected-text</textcolor>
							<align>center</align>
							<visible>String.IsEqual(ListItem.Label,Container.ListItem.SortLetter)</visible>
						</control>
					</itemlayout>
					<focusedlayout height="22" width="20">
						<control type="label">
							<height>20</height>
							<label>$INFO[ListItem.Label]</label>
							<font>apptv20</font>
							<align>center</align>
							<animation effect="zoom" start="100" end="130" center="auto" time="0">focus</animation>
							<animation effect="fade" start="100" end="20" time="0" condition="!String.IsEmpty(ListItem.Property(NotAvailable))">Conditional</animation>
						</control>
					</focusedlayout>
					<content>plugin://script.skin.helper.service/?action=alphabet&amp;reload=$INFO[Container.NumItems]</content>
				</control>
			</control>
			<control type="scrollbar" id="1258">
				<left>1246</left>
				<top>110</top>
				<width>16</width>
				<height>576</height>
				<onleft condition="Skin.HasSetting(show-letterbar) + [Container.Content(movies) | Container.Content(tvshows)]">1268</onleft>
				<onleft condition="!Skin.HasSetting(show-letterbar) | ![Container.Content(movies) | Container.Content(tvshows)]">58</onleft>
				<animation condition="!Control.HasFocus(1258) + !Container.Scrolling + !String.IsEqual(Skin.String(show-scrollbar),$LOCALIZE[31875])" effect="fade" start="100" end="0" time="200" reversible="true">Conditional</animation>
				<animation condition="Skin.HasSetting(show-letterbar) + [Container.Content(movies) | Container.Content(tvshows)]" effect="slide" end="10,0" reversible="true">Conditional</animation>
				<visible>$EXP[isEnabledScrollbar] + Control.IsVisible(58)</visible>
			</control>
		</control>
	</include>
</includes>