<?xml version="1.0" encoding="UTF-8"?>
<includes>
	<include name="ListView">
		<control type="fixedlist" id="50">
			<viewtype label="31941">list</viewtype>
			<left>668</left>
			<top>116</top>
			<width>575</width>
			<height>528</height>
			<focusposition>2</focusposition>
			<movement>4</movement>
			<onleft condition="Skin.HasSetting(lock-screensettings)">noop</onleft>
			<onleft condition="!Skin.HasSetting(lock-screensettings)">9000</onleft>
			<onright condition="String.IsEqual(Skin.String(show-scrollbar),$LOCALIZE[31877])">noop</onright>
			<onright condition="!String.IsEqual(Skin.String(show-scrollbar),$LOCALIZE[31877])">1250</onright>
			<onup>50</onup>
			<ondown>50</ondown>
			<preloaditems>4</preloaditems>
			<pagecontrol>1250</pagecontrol>
			<itemlayout width="575" height="66">
				<control type="image"><!-- Button unfocus -->
					<left>6</left>
					<top>0</top>
					<width>563</width>
					<height>66</height>
					<texture border="6">button-default.png</texture>
					<aspectratio>stretch</aspectratio>
				</control>
				<control type="label">
					<left>46</left>
					<top>16</top>
					<width>506</width>
					<height>23</height>
					<font>apptv23</font>
					<label>$INFO[ListItem.Label]</label>
					<visible>String.IsEmpty(ListItem.Label2)</visible>
				</control>
				<control type="group">
					<visible>!String.IsEmpty(ListItem.Label2)</visible>
					<control type="label">
						<left>46</left>
						<top>8</top>
						<width>506</width>
						<height>23</height>
						<font>apptv22</font>
						<label>$INFO[ListItem.Label]</label>
					</control>
					<control type="label">
						<left>46</left>
						<top>32</top>
						<width>506</width>
						<height>23</height>
						<font>apptv22</font>
						<textcolor>disabled-text</textcolor>
						<label>$INFO[ListItem.Label2]</label>
					</control>
				</control>
			</itemlayout>
			<focusedlayout width="575" height="66">
				<control type="image"><!-- Button focus -->
					<left>6</left>
					<top>0</top>
					<width>563</width>
					<height>66</height>
					<texture border="6">button-default-focus.png</texture>
					<aspectratio>stretch</aspectratio>
				</control>
				<control type="label">
					<left>46</left>
					<top>16</top>
					<width>506</width>
					<height>23</height>
					<font>apptv23</font>
					<label>$INFO[ListItem.Label]</label>
					<visible>String.IsEmpty(ListItem.Label2)</visible>
				</control>
				<control type="group">
					<visible>!String.IsEmpty(ListItem.Label2)</visible>
					<control type="label">
						<left>46</left>
						<top>8</top>
						<width>506</width>
						<height>23</height>
						<font>apptv22</font>
						<label>$INFO[ListItem.Label]</label>
					</control>
					<control type="label">
						<left>46</left>
						<top>32</top>
						<width>506</width>
						<height>23</height>
						<font>apptv22</font>
						<textcolor>disabled-text</textcolor>
						<label>$INFO[ListItem.Label2]</label>
					</control>
				</control>
			</focusedlayout>
		</control>
		<control type="group">
			<visible>Control.IsVisible(50)</visible>
			<control type="group">
				<visible>![Window.IsVisible(videoplaylist) | Window.IsVisible(musicplaylist)]</visible>
				<animation type="TYPE" condition="Skin.HasSetting(tiltmisclisticon)" reversible="false">
					<effect type="rotatey" start="-25" end="-25" time="0"/>
					<effect type="slide" end="15,0" time="0"/>
					<effect type="zoom" start="100" end="114" center="auto" time="0" tween="back" easing="out"/>
				</animation>
				<control type="group">
					<visible>!Container.Content(addons)</visible>
					<control type="image">
						<left>122</left>
						<top>150</top>
						<width>384</width>
						<height>384</height>
						<texture background="true" diffuse="mask-squ.png">$INFO[ListItem.Icon]</texture>
						<aspectratio scalediffuse="false">keep</aspectratio>
					</control>
				</control>
				<control type="group">
					<visible>Container.Content(addons)</visible>
					<control type="group">
						<visible>!String.StartsWith(ListItem.Icon,DefaultFolder.png)</visible>
						<control type="image">
							<left>122</left>
							<top>150</top>
							<width>384</width>
							<height>384</height>
							<texture background="true" fallback="DefaultAddon.png" diffuse="mask-squ.png">$INFO[ListItem.Icon]</texture>
							<aspectratio>keep</aspectratio>
						</control>
					</control>
					<control type="group">
						<visible>String.StartsWith(ListItem.Icon,DefaultFolder.png)</visible>
						<control type="image">
							<left>122</left>
							<top>150</top>
							<width>384</width>
							<height>384</height>
							<texture background="true">DefaultAddon.png</texture>
							<aspectratio>keep</aspectratio>
						</control>
					</control>
				</control>
			</control>
			<control type="group">
				<include>sortletternotification</include>
				<control type="scrollbar" id="1250">
					<left>1250</left>
					<top>112</top>
					<width>16</width>
					<height>555</height>
					<onleft>50</onleft>
					<animation condition="!Control.HasFocus(1250) + !Container.Scrolling + !String.IsEqual(Skin.String(show-scrollbar),$LOCALIZE[31875])" effect="fade" start="100" end="0" time="200" reversible="true">Conditional</animation>
					<visible>$EXP[isEnabledScrollbar]</visible>
				</control>
			</control>
		</control>
	</include>
	<include name="IconView">
		<control type="panel" id="52">
			<left>20</left>
			<top>130</top>
			<width>1200</width>
			<height>450</height>
			<onleft condition="Skin.HasSetting(lock-screensettings)">noop</onleft>
			<onleft condition="!Skin.HasSetting(lock-screensettings)">9000</onleft>
			<onright condition="String.IsEqual(Skin.String(show-scrollbar),$LOCALIZE[31877])">noop</onright>
			<onright condition="!String.IsEqual(Skin.String(show-scrollbar),$LOCALIZE[31877])">1252</onright>
			<onup>52</onup>
			<ondown>52</ondown>
			<viewtype label="31943">icon</viewtype>
			<pagecontrol>1252</pagecontrol>
			<itemlayout height="225" width="240">
				<control type="image">
					<left>40</left>
					<top>7</top>
					<width>160</width>
					<height>160</height>
					<texture colordiffuse="UnFocusedPosters">$INFO[ListItem.Icon]</texture>
					<aspectratio>keep</aspectratio>
				</control>
				<control type="image">
					<left>132</left>
					<top>90</top>
					<width>49</width>
					<height>35</height>
					<texture>$INFO[ListItem.Overlay]</texture>
				</control>
			</itemlayout>
			<focusedlayout height="225" width="240">
				<control type="image">
					<left>40</left>
					<top>7</top>
					<width>160</width>
					<height>160</height>
					<texture diffuse="mask-squ.png" background="true">$INFO[ListItem.Icon]</texture>
					<aspectratio>keep</aspectratio>
					<animation effect="zoom" start="100" end="110" center="auto" time="300" tween="back" easing="out" reversible="false">focus</animation>
					<visible>$EXP[isDefaultIcon]</visible>
				</control>
				<control type="image">
					<left>33</left>
					<top>0</top>
					<width>174</width>
					<height>174</height>
					<texture background="true" diffuse="mask-squ.png">$INFO[ListItem.Icon]</texture>
					<bordertexture border="7">mask-hilitesqu.png</bordertexture>
					<bordersize>7</bordersize>
					<aspectratio scalediffuse="false">keep</aspectratio>
					<animation effect="zoom" start="100" end="110" center="auto" time="300" tween="back" easing="out" reversible="false">focus</animation>
					<visible>$EXP[isnotDefaultIcon]</visible>
				</control>
				<control type="image">
					<left>141</left>
					<top>93</top>
					<width>49</width>
					<height>35</height>
					<texture>$INFO[ListItem.Overlay]</texture>
				</control>
				<control type="textbox">
					<left>0</left>
					<top>174</top>
					<width>240</width>
					<height>46</height>
					<font>apptv20</font>
					<label>$INFO[ListItem.Label]</label>
					<align>center</align>
					<autoscroll time="2000" delay="3000" repeat="6000">Skin.HasSetting(text-autoscroll) + !System.ScreenSaverActive</autoscroll>
				</control>
			</focusedlayout>
		</control>
		<control type="group"><!-- Show the bottom row of icons as long as another row exists -->
			<visible>Control.IsVisible(52) + Container(52).HasNext + ![Container().OnScrollNext | Container().OnScrollPrevious]</visible>
			<animation effect="fade" delay="100" start="0" end="100" time="200">Visible</animation>
			<control type="image">
				<left>60</left>
				<top>574</top>
				<width>160</width>
				<height>160</height>
				<aspectratio>keep</aspectratio>
				<texture colordiffuse="UnFocusedPosters" background="true" diffuse="mask-fadetop.png">$VAR[Icon(10)Thumb]</texture>
			</control>
			<control type="image">
				<left>300</left>
				<top>574</top>
				<width>160</width>
				<height>160</height>
				<aspectratio>keep</aspectratio>
				<texture colordiffuse="UnFocusedPosters" background="true" diffuse="mask-fadetop.png">$VAR[Icon(11)Thumb]</texture>
			</control>
			<control type="image">
				<left>540</left>
				<top>574</top>
				<width>160</width>
				<height>160</height>
				<aspectratio>keep</aspectratio>
				<texture colordiffuse="UnFocusedPosters" background="true" diffuse="mask-fadetop.png">$VAR[Icon(12)Thumb]</texture>
			</control>
			<control type="image">
				<left>780</left>
				<top>574</top>
				<width>160</width>
				<height>160</height>
				<aspectratio>keep</aspectratio>
				<texture colordiffuse="UnFocusedPosters" background="true" diffuse="mask-fadetop.png">$VAR[Icon(13)Thumb]</texture>
			</control>
			<control type="image">
				<left>1020</left>
				<top>574</top>
				<width>160</width>
				<height>160</height>
				<aspectratio>keep</aspectratio>
				<texture colordiffuse="UnFocusedPosters" background="true" diffuse="mask-fadetop.png">$VAR[Icon(14)Thumb]</texture>
			</control>
		</control>
		<control type="scrollbar" id="1252">
			<left>1244</left>
			<top>102</top>
			<width>18</width>
			<height>527</height>
			<onleft>52</onleft>
			<animation condition="!Control.HasFocus(1252) + !Container.Scrolling + !String.IsEqual(Skin.String(show-scrollbar),$LOCALIZE[31875])" effect="fade" start="100" end="0" time="200" reversible="true">Conditional</animation>
			<visible>$EXP[isEnabledScrollbar] + Control.IsVisible(52)</visible>
		</control>
	</include>
	<include name="WrapView">
		<control type="wraplist" id="54">
			<viewtype label="31942">wrap</viewtype>
			<left>26</left>
			<top>220</top>
			<width>1216</width>
			<height>450</height>
			<onleft>54</onleft>
			<onright>54</onright>
			<onup condition="Skin.HasSetting(lock-screensettings)">noop</onup>
			<onup condition="!Skin.HasSetting(lock-screensettings)">9000</onup>
			<ondown condition="String.IsEqual(Skin.String(show-scrollbar),$LOCALIZE[31877])">noop</ondown>
			<ondown condition="!String.IsEqual(Skin.String(show-scrollbar),$LOCALIZE[31877])">1254</ondown>
			<focusposition>0</focusposition>
			<orientation>horizontal</orientation>
			<preloaditems>4</preloaditems>
			<scrolltime>0</scrolltime>
			<pagecontrol>1254</pagecontrol>
			<itemlayout height="176" width="176">
				<control type="image">
					<left>8</left>
					<top>212</top>
					<width>160</width>
					<height>160</height>
					<aspectratio aligny="bottom">keep</aspectratio>
					<texture background="true" diffuse="mask-squ.png">$INFO[ListItem.Icon]</texture>
					<colordiffuse>UnFocusedCovers</colordiffuse>
				</control>
			</itemlayout>
			<focusedlayout height="336" width="336">
				<control type="image">
					<left>8</left>
					<top>52</top>
					<width>320</width>
					<height>320</height>
					<aspectratio aligny="bottom">keep</aspectratio>
					<texture background="true" diffuse="mask-squ.png">$INFO[ListItem.Icon]</texture>
				</control>
			</focusedlayout>
		</control>
		<control type="group">
			<visible>Control.IsVisible(54)</visible>
			<include>sortletternotification</include>
			<control type="scrollbar" id="1254">
				<left>14</left>
				<top>612</top>
				<width>1239</width>
				<height>18</height>
				<onup>54</onup>
				<orientation>horizontal</orientation>
				<animation condition="!Control.HasFocus(1254) + !Container.Scrolling + !String.IsEqual(Skin.String(show-scrollbar),$LOCALIZE[31875])" effect="fade" start="100" end="0" time="200" reversible="true">Conditional</animation>
				<visible>$EXP[isEnabledScrollbar]</visible>
			</control>
			<control type="label"><!-- Go Back -->
				<left>17</left>
				<top>637</top>
				<width>1239</width>
				<height>38</height>
				<font>apptv38</font>
				<align>center</align>
				<include condition="Skin.HasSetting(text-autoscroll)">scrolltext</include>
				<label>$LOCALIZE[31688]</label>
				<textoffsetx>0</textoffsetx>
				<visible>ListItem.IsParentFolder</visible>
			</control>
			<control type="label"><!-- Label -->
				<left>17</left>
				<top>637</top>
				<width>1239</width>
				<height>38</height>
				<font>apptv38</font>
				<align>center</align>
				<include condition="Skin.HasSetting(text-autoscroll)">scrolltext</include>
				<label>$INFO[ListItem.Label]</label>
				<textoffsetx>0</textoffsetx>
				<visible>!ListItem.IsParentFolder</visible>
			</control>
		</control>
	</include>
	<include name="PhotoWrap">
		<control type="wraplist" id="54">
			<viewtype label="31942">wrap</viewtype>
			<left>10</left>
			<top>193</top>
			<width>1256</width>
			<height>500</height>
			<onleft>54</onleft>
			<onright>54</onright>
			<onup condition="Skin.HasSetting(lock-screensettings)">noop</onup>
			<onup condition="!Skin.HasSetting(lock-screensettings)">9000</onup>
			<ondown condition="String.IsEqual(Skin.String(show-scrollbar),$LOCALIZE[31877])">noop</ondown>
			<ondown condition="!String.IsEqual(Skin.String(show-scrollbar),$LOCALIZE[31877])">1254</ondown>
			<ondown>1254</ondown>
			<focusposition>2</focusposition>
			<orientation>horizontal</orientation>
			<scrolltime>0</scrolltime>
			<pagecontrol>1254</pagecontrol>
			<itemlayout height="202" width="202">
				<control type="image">
					<left>5</left>
					<top>224</top>
					<width>192</width>
					<height>192</height>
					<texture background="true" fallback="DefaultPicture.png">$INFO[ListItem.Icon]</texture>
					<fadetime>300</fadetime>
					<aspectratio aligny="bottom">keep</aspectratio>
					<visible>$EXP[isDefaultIcon]</visible>
				</control>
				<control type="image">
					<left>5</left>
					<top>224</top>
					<width>192</width>
					<height>192</height>
					<texture background="true" fallback="DefaultPicture.png">$INFO[ListItem.Icon]</texture>
					<aspectratio aligny="bottom">keep</aspectratio>
					<bordertexture border="12">picturepanel.png</bordertexture>
					<bordersize>12</bordersize>
					<fadetime>300</fadetime>
					<visible>$EXP[isnotDefaultIcon]</visible>
				</control>
			</itemlayout>
			<focusedlayout height="448" width="448">
				<control type="image">
					<left>16</left>
					<top>0</top>
					<height>416</height>
					<width>416</width>
					<texture background="true" fallback="DefaultPicture.png">$INFO[ListItem.Icon]</texture>
					<aspectratio aligny="bottom">keep</aspectratio>
					<bordertexture border="16">picturepanel.png</bordertexture>
					<bordersize>16</bordersize>
					<fadetime>300</fadetime>
					<visible>$EXP[isnotDefaultIcon]</visible>
				</control>
				<control type="image">
					<left>16</left>
					<top>0</top>
					<height>416</height>
					<width>416</width>
					<texture background="true" fallback="DefaultPicture.png">$INFO[ListItem.Icon]</texture>
					<aspectratio aligny="bottom">keep</aspectratio>
					<fadetime>300</fadetime>
					<visible>$EXP[isDefaultIcon]</visible>
				</control>
			</focusedlayout>
		</control>
		<control type="group">
			<visible>Control.IsVisible(54)</visible>
			<include>sortletternotification</include>
			<control type="scrollbar" id="1254">
				<left>17</left>
				<top>614</top>
				<width>1239</width>
				<height>18</height>
				<onup>54</onup>
				<orientation>horizontal</orientation>
				<animation condition="!Control.HasFocus(1254) + !Container.Scrolling + !String.IsEqual(Skin.String(show-scrollbar),$LOCALIZE[31875])" effect="fade" start="100" end="0" time="200" reversible="true">Conditional</animation>
				<visible>$EXP[isEnabledScrollbar] + String.StartsWith(Container.Viewmode,Wrap)</visible>
			</control>
			<control type="label"><!-- Go Back -->
				<left>17</left>
				<top>633</top>
				<width>1239</width>
				<height>37</height>
				<font>apptv38</font>
				<align>center</align>
				<include condition="Skin.HasSetting(text-autoscroll)">scrolltext</include>
				<label>$LOCALIZE[31688]</label>
				<textoffsetx>0</textoffsetx>
				<visible>ListItem.IsParentFolder</visible>
			</control>
			<control type="label"><!-- Label -->
				<left>17</left>
				<top>633</top>
				<width>1239</width>
				<height>37</height>
				<font>apptv38</font>
				<align>center</align>
				<include condition="Skin.HasSetting(text-autoscroll)">scrolltext</include>
				<label>$INFO[ListItem.Label]</label>
				<textoffsetx>0</textoffsetx>
				<visible>!ListItem.IsParentFolder</visible>
			</control>
			<control type="label"><!-- Resolution -->
				<left>283</left>
				<top>683</top>
				<width>708</width>
				<height>37</height>
				<align>center</align>
				<include condition="Skin.HasSetting(text-autoscroll)">scrolltext</include>
				<label>$INFO[ListItem.PictureResolution]</label>
				<textoffsetx>0</textoffsetx>
			</control>
		</control>
	</include>
	<include name="Coverflow">
		<control type="wraplist" id="57">
			<viewtype label="31945">wrap</viewtype>
			<left>-141</left>
			<top>187</top>
			<width>1416</width>
			<height>525</height>
			<onleft>57</onleft>
			<onright>57</onright>
			<onup condition="Skin.HasSetting(lock-screensettings)">noop</onup>
			<onup condition="!Skin.HasSetting(lock-screensettings)">9000</onup>
			<ondown condition="String.IsEqual(Skin.String(show-scrollbar),$LOCALIZE[31877])">noop</ondown>
			<ondown condition="!String.IsEqual(Skin.String(show-scrollbar),$LOCALIZE[31877])">1257</ondown>
			<focusposition>2</focusposition>
			<orientation>horizontal</orientation>
			<preloaditems>4</preloaditems>
			<pagecontrol>1257</pagecontrol>
			<itemlayout height="390" width="140"></itemlayout>
			<focusedlayout height="410" width="320"></focusedlayout>
		</control>
		<control type="group" id="3011">
			<left>10</left>
			<top>200</top>
			<camera x="640" y="360"/>
			<visible>Control.IsVisible(57) + Container.OnNext</visible>
			<animation effect="slide" end="-50,0" time="200" reversible="false">Hidden</animation>
			<control type="image">
				<left>0</left>
				<top>0</top>
				<width>288</width>
				<height>288</height>
				<texture background="true" diffuse="mask-squ.png">DefaultScript.png</texture>
				<info>Container.ListItem(-5).Icon</info>
				<animation effect="rotatey" center="-40" start="-60" end="-60" time="0" condition="true">Conditional</animation>
				<visible>[Integer.IsGreater(Container(57).NumItems,10) + $EXP[isnotEnabledParentDirectory]] | [Integer.IsGreater(Container(57).NumItems,9) + $EXP[isEnabledParentDirectory]]</visible>
			</control>
			<control type="image">
				<left>88</left>
				<top>0</top>
				<width>288</width>
				<height>288</height>
				<texture background="true" diffuse="mask-squ.png">DefaultScript.png</texture>
				<info>Container.ListItem(-4).Icon</info>
				<animation effect="rotatey" center="10" start="-60" end="-60" time="0" condition="true">Conditional</animation>
				<visible>[Integer.IsGreater(Container(57).NumItems,8) + $EXP[isnotEnabledParentDirectory]] | [Integer.IsGreater(Container(57).NumItems,7) + $EXP[isEnabledParentDirectory]]</visible>
			</control>
			<control type="image">
				<left>177</left>
				<top>0</top>
				<width>288</width>
				<height>288</height>
				<texture background="true" diffuse="mask-squ.png">DefaultScript.png</texture>
				<info>Container.ListItem(-3).Icon</info>
				<animation effect="rotatey" center="60" start="-60" end="-60" time="0" condition="true">Conditional</animation>
				<visible>[Integer.IsGreater(Container(57).NumItems,6) + $EXP[isnotEnabledParentDirectory]] | [Integer.IsGreater(Container(57).NumItems,5) + $EXP[isEnabledParentDirectory]]</visible>
			</control>
			<control type="image">
				<left>265</left>
				<top>0</top>
				<width>288</width>
				<height>288</height>
				<texture background="true" diffuse="mask-squ.png">DefaultScript.png</texture>
				<info>Container.ListItem(-2).Icon</info>
				<animation effect="rotatey" center="110" start="-60" end="-60" time="0" condition="true">Conditional</animation>
				<visible>[Integer.IsGreater(Container(57).NumItems,4) + $EXP[isnotEnabledParentDirectory]] | [Integer.IsGreater(Container(57).NumItems,3) + $EXP[isEnabledParentDirectory]]</visible>
			</control>
			<control type="image">
				<left>1008</left>
				<top>0</top>
				<width>288</width>
				<height>288</height>
				<texture background="true" diffuse="mask-rect.png">DefaultScript.png</texture>
				<info>Container.ListItem(4).Icon</info>
				<animation effect="rotatey" center="1434" start="60" end="60" time="0" condition="true">Conditional</animation>
				<visible>[Integer.IsGreater(Container(57).NumItems,7) + $EXP[isnotEnabledParentDirectory]] | [Integer.IsGreater(Container(57).NumItems,6) + $EXP[isEnabledParentDirectory]]</visible>
			</control>
			<control type="image">
				<left>920</left>
				<top>0</top>
				<width>288</width>
				<height>288</height>
				<texture background="true" diffuse="mask-squ.png">DefaultScript.png</texture>
				<info>Container.ListItem(3).Icon</info>
				<animation effect="rotatey" center="1345" start="60" end="60" time="0" condition="true">Conditional</animation>
				<visible>[Integer.IsGreater(Container(57).NumItems,5) + $EXP[isnotEnabledParentDirectory]] | [Integer.IsGreater(Container(57).NumItems,4) + $EXP[isEnabledParentDirectory]]</visible>
			</control>
			<control type="image">
				<left>831</left>
				<top>0</top>
				<width>288</width>
				<height>288</height>
				<texture background="true" diffuse="mask-squ.png">DefaultScript.png</texture>
				<info>Container.ListItem(2).Icon</info>
				<animation effect="rotatey" center="1257" start="60" end="60" time="0" condition="true">Conditional</animation>
				<visible>[Integer.IsGreater(Container(57).NumItems,3) + $EXP[isnotEnabledParentDirectory]] | [Integer.IsGreater(Container(57).NumItems,2) + $EXP[isEnabledParentDirectory]]</visible>
			</control>
			<control type="image">
				<left>743</left>
				<top>0</top>
				<width>288</width>
				<height>288</height>
				<texture background="true" diffuse="mask-squ.png">DefaultScript.png</texture>
				<info>Container.ListItem(1).Icon</info>
				<animation effect="rotatey" center="1168" start="60" end="60" time="0" condition="true">Conditional</animation>
				<visible>[Integer.IsGreater(Container(57).NumItems,1) + $EXP[isnotEnabledParentDirectory]] | [Integer.IsGreater(Container(57).NumItems,0) + $EXP[isEnabledParentDirectory]]</visible>
			</control>
			<control type="group">
				<visible>Control.IsVisible(57) + Container.OnNext</visible>
				<animation effect="slide" end="-60,0" time="200" reversible="false">Hidden</animation>
				<control type="image">
					<left>460</left>
					<top>0</top>
					<width>288</width>
					<height>288</height>
					<texture background="true" diffuse="mask-squ.png">DefaultScript.png</texture>
					<info>Container.ListItem(-1).Icon</info>
					<visible>Container.OnNext</visible>
					<animation effect="rotatey" center="220" start="0" end="-60" time="200" reversible="false">Hidden</animation>
					<visible>[Integer.IsGreater(Container(57).NumItems,2) + $EXP[isnotEnabledParentDirectory]] | [Integer.IsGreater(Container(57).NumItems,1) + $EXP[isEnabledParentDirectory]]</visible>
				</control>
				<control type="image">
					<left>654</left>
					<top>0</top>
					<width>288</width>
					<height>288</height>
					<texture background="true" diffuse="mask-rect.png">DefaultScript.png</texture>
					<info>Container.ListItem(0).Icon</info>
					<visible>Container.OnNext</visible>
					<animation effect="rotatey" center="1080" start="0" end="-60" time="200" reversible="false">Hidden</animation>
					<animation effect="rotatey" center="1080" start="60" end="60" time="200" condition="true">Conditional</animation>
				</control>
			</control>
		</control>
		<control type="group" id="3012">
			<left>10</left>
			<top>200</top>
			<camera x="640" y="360"/>
			<visible>Control.IsVisible(57) + Container.OnPrevious</visible>
			<animation effect="slide" end="50,0" time="200" reversible="false">Hidden</animation>
			<control type="image">
				<left>-88</left>
				<top>0</top>
				<width>288</width>
				<height>288</height>
				<texture background="true" diffuse="mask-squ.png">DefaultScript.png</texture>
				<info>Container.ListItem(-4).Icon</info>
				<animation effect="rotatey" center="-90" start="-60" end="-60" time="0" condition="true">Conditional</animation>
				<visible>[Integer.IsGreater(Container(57).NumItems,8) + $EXP[isnotEnabledParentDirectory]] | [Integer.IsGreater(Container(57).NumItems,7) + $EXP[isEnabledParentDirectory]]</visible>
			</control>
			<control type="image">
				<left>0</left>
				<top>0</top>
				<width>288</width>
				<height>288</height>
				<texture background="true" diffuse="mask-squ.png">DefaultScript.png</texture>
				<info>Container.ListItem(-3).Icon</info>
				<animation effect="rotatey" center="-40" start="-60" end="-60" time="0" condition="true">Conditional</animation>
				<visible>[Integer.IsGreater(Container(57).NumItems,6) + $EXP[isnotEnabledParentDirectory]] | [Integer.IsGreater(Container(57).NumItems,5) + $EXP[isEnabledParentDirectory]]</visible>
			</control>
			<control type="image">
				<left>88</left>
				<top>0</top>
				<width>288</width>
				<height>288</height>
				<texture background="true" diffuse="mask-squ.png">DefaultScript.png</texture>
				<info>Container.ListItem(-2).Icon</info>
				<animation effect="rotatey" center="10" start="-60" end="-60" time="0" condition="true">Conditional</animation>
				<visible>[Integer.IsGreater(Container(57).NumItems,4) + $EXP[isnotEnabledParentDirectory]] | [Integer.IsGreater(Container(57).NumItems,3) + $EXP[isEnabledParentDirectory]]</visible>
			</control>
			<control type="image">
				<left>177</left>
				<top>0</top>
				<width>288</width>
				<height>288</height>
				<texture background="true" diffuse="mask-squ.png">DefaultScript.png</texture>
				<info>Container.ListItem(-1).Icon</info>
				<animation effect="rotatey" center="60" start="-60" end="-60" time="0" condition="true">Conditional</animation>
				<visible>[Integer.IsGreater(Container(57).NumItems,2) + $EXP[isnotEnabledParentDirectory]] | [Integer.IsGreater(Container(57).NumItems,1) + $EXP[isEnabledParentDirectory]]</visible>
			</control>
			<control type="image">
				<left>920</left>
				<top>0</top>
				<width>288</width>
				<height>288</height>
				<texture background="true" diffuse="mask-squ.png">DefaultScript.png</texture>
				<info>Container.ListItem(5).Icon</info>
				<animation effect="rotatey" center="1345" start="60" end="60" time="0" condition="true">Conditional</animation>
				<visible>[Integer.IsGreater(Container(57).NumItems,9) + $EXP[isnotEnabledParentDirectory]] | [Integer.IsGreater(Container(57).NumItems,8) + $EXP[isEnabledParentDirectory]]</visible>
			</control>
			<control type="image">
				<left>831</left>
				<top>0</top>
				<width>288</width>
				<height>288</height>
				<texture background="true" diffuse="mask-squ.png">DefaultScript.png</texture>
				<info>Container.ListItem(4).Icon</info>
				<animation effect="rotatey" center="1257" start="60" end="60" time="0" condition="true">Conditional</animation>
				<visible>[Integer.IsGreater(Container(57).NumItems,7) + $EXP[isnotEnabledParentDirectory]] | [Integer.IsGreater(Container(57).NumItems,6) + $EXP[isEnabledParentDirectory]]</visible>
			</control>
			<control type="image">
				<left>743</left>
				<top>0</top>
				<width>288</width>
				<height>288</height>
				<texture background="true" diffuse="mask-squ.png">DefaultScript.png</texture>
				<info>Container.ListItem(3).Icon</info>
				<animation effect="rotatey" center="1168" start="60" end="60" time="0" condition="true">Conditional</animation>
				<visible>[Integer.IsGreater(Container(57).NumItems,5) + $EXP[isnotEnabledParentDirectory]] | [Integer.IsGreater(Container(57).NumItems,4) + $EXP[isEnabledParentDirectory]]</visible>
			</control>
			<control type="image">
				<left>654</left>
				<top>0</top>
				<width>288</width>
				<height>288</height>
				<texture background="true" diffuse="mask-squ.png">DefaultScript.png</texture>
				<info>Container.ListItem(2).Icon</info>
				<animation effect="rotatey" center="1080" start="60" end="60" time="0" condition="true">Conditional</animation>
				<visible>[Integer.IsGreater(Container(57).NumItems,3) + $EXP[isnotEnabledParentDirectory]] | [Integer.IsGreater(Container(57).NumItems,2) + $EXP[isEnabledParentDirectory]]</visible>
			</control>
			<control type="group">
				<visible>Control.IsVisible(57) + Container.OnPrevious</visible>
				<animation effect="slide" end="60,0" time="200" reversible="false">Hidden</animation>
				<control type="image">
					<left>460</left>
					<top>0</top>
					<width>288</width>
					<height>288</height>
					<texture background="true" diffuse="mask-squ.png">DefaultScript.png</texture>
					<info>Container.ListItem(1).Icon</info>
					<visible>Container.OnPrevious</visible>
					<animation effect="rotatey" center="500" start="0" end="60" time="200" reversible="false">Hidden</animation>
					<visible>[Integer.IsGreater(Container(57).NumItems,1) + $EXP[isnotEnabledParentDirectory]] | [Integer.IsGreater(Container(57).NumItems,0) + $EXP[isEnabledParentDirectory]]</visible>
				</control>
				<control type="image">
					<left>265</left>
					<top>0</top>
					<width>288</width>
					<height>288</height>
					<texture background="true" diffuse="mask-squ.png">DefaultScript.png</texture>
					<info>Container.ListItem(0).Icon</info>
					<visible>Container.OnPrevious</visible>
					<animation effect="rotatey" center="110" start="0" end="60" time="200" reversible="false">Hidden</animation>
					<animation effect="rotatey" center="110" start="-60" end="-60" time="0" condition="true">Conditional</animation>
				</control>
			</control>
		</control>
		<control type="group" id="3010">
			<left>10</left>
			<top>200</top>
			<camera x="640" y="360"/>
			<visible>Control.IsVisible(57) + !Control.IsVisible(3011)  + !Control.IsVisible(3012)</visible>
			<control type="image">
				<left>0</left>
				<top>0</top>
				<width>288</width>
				<height>288</height>
				<texture background="true" diffuse="mask-squ.png">DefaultScript.png</texture>
				<info>Container.ListItem(-4).Icon</info>
				<animation effect="rotatey" center="-40" start="-60" end="-60" time="0" condition="true">Conditional</animation>
				<visible>[Integer.IsGreater(Container(57).NumItems,8) + $EXP[isnotEnabledParentDirectory]] | [Integer.IsGreater(Container(57).NumItems,7) + $EXP[isEnabledParentDirectory]]</visible>
			</control>
			<control type="image">
				<left>88</left>
				<top>0</top>
				<width>288</width>
				<height>288</height>
				<texture background="true" diffuse="mask-squ.png">DefaultScript.png</texture>
				<info>Container.ListItem(-3).Icon</info>
				<animation effect="rotatey" center="10" start="-60" end="-60" time="0" condition="true">Conditional</animation>
				<visible>[Integer.IsGreater(Container(57).NumItems,6) + $EXP[isnotEnabledParentDirectory]] | [Integer.IsGreater(Container(57).NumItems,5) + $EXP[isEnabledParentDirectory]]</visible>
			</control>
			<control type="image">
				<left>177</left>
				<top>0</top>
				<width>288</width>
				<height>288</height>
				<texture background="true" diffuse="mask-squ.png">DefaultScript.png</texture>
				<info>Container.ListItem(-2).Icon</info>
				<animation effect="rotatey" center="60" start="-60" end="-60" time="0" condition="true">Conditional</animation>
				<visible>[Integer.IsGreater(Container(57).NumItems,4) + $EXP[isnotEnabledParentDirectory]] | [Integer.IsGreater(Container(57).NumItems,3) + $EXP[isEnabledParentDirectory]]</visible>
			</control>
			<control type="image">
				<left>265</left>
				<top>0</top>
				<width>288</width>
				<height>288</height>
				<texture background="true" diffuse="mask-squ.png">DefaultScript.png</texture>
				<info>Container.ListItem(-1).Icon</info>
				<animation effect="rotatey" center="110" start="-60" end="-60" time="0" condition="true">Conditional</animation>
				<visible>[Integer.IsGreater(Container(57).NumItems,2) + $EXP[isnotEnabledParentDirectory]] | [Integer.IsGreater(Container(57).NumItems,1) + $EXP[isEnabledParentDirectory]]</visible>
			</control>
			<control type="image">
				<left>920</left>
				<top>0</top>
				<width>288</width>
				<height>288</height>
				<texture background="true" diffuse="mask-squ.png">DefaultScript.png</texture>
				<info>Container.ListItem(4).Icon</info>
				<animation effect="rotatey" center="1345" start="60" end="60" time="0" condition="true">Conditional</animation>
				<visible>[Integer.IsGreater(Container(57).NumItems,7) + $EXP[isnotEnabledParentDirectory]] | [Integer.IsGreater(Container(57).NumItems,6) + $EXP[isEnabledParentDirectory]]</visible>
			</control>
			<control type="image">
				<left>831</left>
				<top>0</top>
				<width>288</width>
				<height>288</height>
				<texture background="true" diffuse="mask-squ.png">DefaultScript.png</texture>
				<info>Container.ListItem(3).Icon</info>
				<animation effect="rotatey" center="1257" start="60" end="60" time="0" condition="true">Conditional</animation>
				<visible>[Integer.IsGreater(Container(57).NumItems,5) + $EXP[isnotEnabledParentDirectory]] | [Integer.IsGreater(Container(57).NumItems,4) + $EXP[isEnabledParentDirectory]]</visible>
			</control>
			<control type="image">
				<left>743</left>
				<top>0</top>
				<width>288</width>
				<height>288</height>
				<texture background="true" diffuse="mask-squ.png">DefaultScript.png</texture>
				<info>Container.ListItem(2).Icon</info>
				<animation effect="rotatey" center="1168" start="60" end="60" time="0" condition="true">Conditional</animation>
				<visible>[Integer.IsGreater(Container(57).NumItems,3) + $EXP[isnotEnabledParentDirectory]] | [Integer.IsGreater(Container(57).NumItems,2) + $EXP[isEnabledParentDirectory]]</visible>
			</control>
			<control type="image">
				<left>654</left>
				<top>0</top>
				<width>288</width>
				<height>288</height>
				<texture background="true" diffuse="mask-squ.png">DefaultScript.png</texture>
				<info>Container.ListItem(1).Icon</info>
				<animation effect="rotatey" center="1080" start="60" end="60" time="0" condition="true">Conditional</animation>
				<visible>[Integer.IsGreater(Container(57).NumItems,1) + $EXP[isnotEnabledParentDirectory]] | [Integer.IsGreater(Container(57).NumItems,0) + $EXP[isEnabledParentDirectory]]</visible>
			</control>
			<control type="image">
				<left>484</left>
				<top>0</top>
				<width>288</width>
				<height>288</height>
				<texture background="true" diffuse="mask-squ.png">DefaultScript.png</texture>
				<aspectratio>stretch</aspectratio>
				<info>Container.ListItem(0).Icon</info>
			</control>
		</control>
		<control type="group">
			<visible>Control.IsVisible(57)</visible>
			<include>sortletternotification</include>
			<!-- Scroll Bar -->
			<control type="scrollbar" id="1257">
				<left>17</left>
				<top>590</top>
				<width>1239</width>
				<height>18</height>
				<onup>57</onup>
				<orientation>horizontal</orientation>
				<animation condition="!Control.HasFocus(1257) + !Container.Scrolling + !String.IsEqual(Skin.String(show-scrollbar),$LOCALIZE[31875])" effect="fade" start="100" end="0" time="200" reversible="true">Conditional</animation>
				<visible>$EXP[isEnabledScrollbar] + [[Integer.IsGreater(Container(57).NumItems,10) + $EXP[isnotEnabledParentDirectory]] | [Integer.IsGreater(Container(57).NumItems,9) + $EXP[isEnabledParentDirectory]]]</visible>
			</control>
			<control type="label">
				<left>194</left>
				<top>637</top>
				<width>885</width>
				<height>38</height>
				<font>apptv38</font>
				<align>center</align>
				<include condition="Skin.HasSetting(text-autoscroll)">scrolltext</include>
				<info>ListItem.Label</info>
				<textoffsetx>0</textoffsetx>
			</control>
		</control>
	</include>
	<include name="WallView">
		<control type="panel" id="58">
			<left>136</left>
			<top>152</top>
			<width>1008</width>
			<height>432</height>
			<onleft condition="Skin.HasSetting(lock-screensettings)">noop</onleft>
			<onleft condition="!Skin.HasSetting(lock-screensettings)">9000</onleft>
			<onright condition="String.IsEqual(Skin.String(show-scrollbar),$LOCALIZE[31877])">noop</onright>
			<onright condition="!String.IsEqual(Skin.String(show-scrollbar),$LOCALIZE[31877])">1258</onright>
			<onup>58</onup>
			<ondown>58</ondown>
			<viewtype label="31944">wall</viewtype>
			<animation effect="rotatey" start="-15" end="-15" time="0" condition="Skin.HasSetting(tilted-videowall)">Conditional</animation>
			<pagecontrol>1258</pagecontrol>
			<preloaditems>4</preloaditems>
			<animation type="TYPE" condition="Skin.HasSetting(tiltmiscwallicon)" reversible="false">
				<effect type="rotatey" start="-15" end="-15" time="0"/>
				<effect type="slide" end="65,0" time="0"/>
				<effect type="zoom" start="100" end="115" center="auto" time="0" tween="back" easing="out"/>
			</animation>
			<itemlayout height="144" width="144">
				<control type="image">
					<left>8</left>
					<top>8</top>
					<width>128</width>
					<height>128</height>
					<aspectratio>keep</aspectratio>
					<colordiffuse>UnFocusedCovers</colordiffuse>
					<texture fallback="DefaultProgram.png" background="true" diffuse="mask-squ.png">$INFO[ListItem.Icon]</texture>
				</control>
			</itemlayout>
			<focusedlayout height="144" width="144">
				<control type="image">
					<left>0</left>
					<top>0</top>
					<width>144</width>
					<height>144</height>
					<texture background="true" diffuse="mask-squ.png">$INFO[ListItem.Icon]</texture>
					<aspectratio>keep</aspectratio>
					<bordertexture border="9">mask-hilite.png</bordertexture>
					<bordersize>9</bordersize>
					<animation effect="zoom" start="90" end="140" center="auto" time="600" tween="back" easing="out" reversible="false">focus</animation>
					<visible>$EXP[isnotDefaultIcon]</visible>
				</control>
				<control type="image">
					<left>8</left>
					<top>8</top>
					<width>128</width>
					<height>128</height>
					<aspectratio>keep</aspectratio>
					<animation effect="zoom" start="90" end="140" center="auto" time="600" tween="back" easing="out" reversible="false">focus</animation>
					<texture background="true" diffuse="mask-squ.png">$INFO[ListItem.Icon]</texture>
					<visible>$EXP[isDefaultIcon]</visible>
				</control>
			</focusedlayout>
		</control>
		<control type="group">
			<visible>Control.IsVisible(58)</visible>
			<control type="label"><!-- Title -->
				<left>200</left>
				<top>625</top>
				<width>880</width>
				<height>37</height>
				<font>apptv38</font>
				<align>center</align>
				<include condition="Skin.HasSetting(text-autoscroll)">scrolltext</include>
				<label>$INFO[ListItem.Label]</label>
				<textoffsetx>0</textoffsetx>
				<visible>!ListItem.IsParentFolder</visible>
			</control>
			<control type="label"><!-- Go Back -->
				<left>200</left>
				<top>625</top>
				<width>880</width>
				<height>37</height>
				<font>apptv38</font>
				<align>center</align>
				<include condition="Skin.HasSetting(text-autoscroll)">scrolltext</include>
				<label>$LOCALIZE[31688]</label>
				<textoffsetx>0</textoffsetx>
				<visible>ListItem.IsParentFolder</visible>
			</control>
			<control type="scrollbar" id="1258">
				<left>1244</left>
				<top>102</top>
				<width>18</width>
				<height>490</height>
				<onleft>58</onleft>
				<animation condition="!Control.HasFocus(1258) + !Container.Scrolling + !String.IsEqual(Skin.String(show-scrollbar),$LOCALIZE[31875])" effect="fade" start="100" end="0" time="200" reversible="true">Conditional</animation>
				<visible>$EXP[isEnabledScrollbar]</visible>
			</control>
		</control>
	</include>
	<include name="PhotoWall">
		<control type="panel" id="58">
			<left>136</left>
			<top>143</top>
			<width>1008</width>
			<height>432</height>
			<onleft condition="Skin.HasSetting(lock-screensettings)">noop</onleft>
			<onleft condition="!Skin.HasSetting(lock-screensettings)">9000</onleft>
			<onright condition="String.IsEqual(Skin.String(show-scrollbar),$LOCALIZE[31877])">noop</onright>
			<onright condition="!String.IsEqual(Skin.String(show-scrollbar),$LOCALIZE[31877])">1258</onright>
			<onup>58</onup>
			<ondown>58</ondown>
			<viewtype label="31944">wall</viewtype>
			<animation effect="rotatey" start="-15" end="-15" time="0" condition="Skin.HasSetting(tiltmiscwallicon)">Conditional</animation>
			<preloaditems>4</preloaditems>
			<pagecontrol>1258</pagecontrol>
			<itemlayout height="144" width="144">
				<control type="image">
					<left>8</left>
					<top>8</top>
					<width>128</width>
					<height>128</height>
					<texture background="true" diffuse="mask-squ.png">$INFO[ListItem.Icon]</texture>
					<aspectratio>keep</aspectratio>
					<bordertexture border="10">picturepanel.png</bordertexture>
					<bordersize>10</bordersize>
					<visible>$EXP[isnotDefaultIcon]</visible>
				</control>
				<control type="image">
					<left>8</left>
					<top>8</top>
					<width>128</width>
					<height>128</height>
					<aspectratio>keep</aspectratio>
					<texture background="true">$INFO[ListItem.Icon]</texture>
					<visible>$EXP[isDefaultIcon]</visible>
				</control>
			</itemlayout>
			<focusedlayout height="144" width="144">
				<control type="image">
					<left>8</left>
					<top>8</top>
					<width>128</width>
					<height>128</height>
					<texture background="true" diffuse="mask-squ.png">$INFO[ListItem.Icon]</texture>
					<aspectratio>keep</aspectratio>
					<bordertexture border="10">picturepanel.png</bordertexture>
					<bordersize>10</bordersize>
					<animation effect="zoom" start="90" end="150" center="auto" time="600" tween="back" easing="out" reversible="false">focus</animation>
					<visible>$EXP[isnotDefaultIcon]</visible>
				</control>
				<control type="image">
					<left>8</left>
					<top>8</top>
					<width>128</width>
					<height>128</height>
					<aspectratio>keep</aspectratio>
					<animation effect="zoom" start="90" end="150" center="auto" time="600" tween="back" easing="out" reversible="false">focus</animation>
					<texture background="true">$INFO[ListItem.Icon]</texture>
					<visible>$EXP[isDefaultIcon]</visible>
				</control>
			</focusedlayout>
		</control>
		<control type="group">
			<visible>Control.IsVisible(58)</visible>
			<!-- Label -->
			<control type="label">
				<left>20</left>
				<top>632</top>
				<width>1240</width>
				<height>37</height>
				<font>apptv38</font>
				<align>center</align>
				<include condition="Skin.HasSetting(text-autoscroll)">scrolltext</include>
				<label>$INFO[ListItem.Label]</label>
				<textoffsetx>0</textoffsetx>
				<visible>!ListItem.IsParentFolder</visible>
			</control>
			<!-- Go Back -->
			<control type="label">
				<left>240</left>
				<top>632</top>
				<width>800</width>
				<height>37</height>
				<font>apptv38</font>
				<align>center</align>
				<include condition="Skin.HasSetting(text-autoscroll)">scrolltext</include>
				<label>$LOCALIZE[31688]</label>
				<textoffsetx>0</textoffsetx>
				<visible>ListItem.IsParentFolder</visible>
			</control>
			<!-- Resolution -->
			<control type="label">
				<left>240</left>
				<top>682</top>
				<width>800</width>
				<height>37</height>
				<align>center</align>
				<include condition="Skin.HasSetting(text-autoscroll)">scrolltext</include>
				<label>$INFO[ListItem.PictureResolution]</label>
				<textoffsetx>0</textoffsetx>
			</control>
			<control type="scrollbar" id="1258">
				<left>1244</left>
				<top>102</top>
				<width>18</width>
				<height>527</height>
				<onleft>58</onleft>
				<animation condition="!Control.HasFocus(1258) + !Container.Scrolling + !String.IsEqual(Skin.String(show-scrollbar),$LOCALIZE[31875])" effect="fade" start="100" end="0" time="200" reversible="true">Conditional</animation>
				<visible>$EXP[isEnabledScrollbar]</visible>
			</control>
		</control>
	</include>
</includes>
