<?xml version="1.0" encoding="UTF-8"?>
<window>
	<defaultcontrol>29</defaultcontrol>
	<coordinates>
		<left>0</left>
		<top>0</top>
	</coordinates>
	<include>screen-fade</include>
	<controls>
		<include>fadebackground</include>
		<control type="image"><!-- Dialog background image -->
			<left>275</left>
			<top>30</top>
			<width>730</width>
			<height>660</height>
			<texture border="8">button-menu-background.png</texture>
		</control>
		<control type="label" id="2"><!-- Dialog heading -->
			<left>315</left>
			<top>46</top>
			<width>650</width>
			<height>30</height>
			<label>-</label>
			<align>center</align>
		</control>
		<control type="label"><!-- Dialog heading -->
			<left>315</left>
			<top>46</top>
			<width>650</width>
			<height>30</height>
			<align>center</align>
			<label>$LOCALIZE[19026]</label>
			<visible>IsEmpty(Control.GetLabel(2))</visible>
		</control>
		<control type="image">
			<left>315</left>
			<top>80</top>
			<width>650</width>
			<height>4</height>
			<texture>separator.png</texture>
		</control>

		<control type="grouplist" id="5"><!-- Control area -->
			<left>305</left>
			<top>100</top>
			<width>670</width>
			<height>510</height>
			<onup>9001</onup>
			<ondown>9001</ondown>
			<onleft>9001</onleft>
			<onright>9001</onright>
		</control>
		<control type="group" id="9001">
			<left>335</left>
			<top>620</top>
			<control type="button" id="28"><!-- OK -->
				<left>0</left>
				<top>0</top>
				<width>300</width>
				<height>46</height>
				<align>center</align>
				<font>font12</font>
				<label>$LOCALIZE[186]</label>
				<onleft>29</onleft>
				<onright>29</onright>
				<onup>5</onup>
				<ondown>5</ondown>
			</control>
			<control type="button" id="29"><!-- Cancel -->
				<left>310</left>
				<top>0</top>
				<width>300</width>
				<height>46</height>
				<align>center</align>
				<font>font12</font>
				<label>$LOCALIZE[222]</label>
				<onleft>28</onleft>
				<onright>28</onright>
				<onup>5</onup>
				<ondown>5</ondown>
			</control>
		</control>
		<control type="button" id="7"><!-- Default button -->
			<height>46</height>
			<focusedcolor>button-text</focusedcolor>
		</control>
		<control type="radiobutton" id="8"><!-- Default radiobutton -->
			<height>46</height>
			<radioposx>630</radioposx>
		</control>
		<control type="spincontrolex" id="9"><!-- Default spincontrolex -->
			<height>46</height>
			<focusedcolor>button-text</focusedcolor>
			<reverse>yes</reverse>
		</control>
		<control type="image" id="11">
			<height>4</height>
			<texture>separator.png</texture>
		</control>
		<control type="edit" id="12"><!-- Default edit -->
			<height>46</height>
			<focusedcolor>button-text</focusedcolor>
		</control>
		<control type="sliderex" id="13"><!-- Default slider -->
			<height>46</height>
		</control>
		<control type="label" id="14"><!-- Default label -->
			<height>46</height>
		</control>
	</controls>
</window>