<?xml version="1.0" encoding="UTF-8"?>
<window>
	<defaultcontrol always="true">52</defaultcontrol>
	<visible>!Window.IsActive(startup)</visible>
	<allowoverlay>no</allowoverlay>
	<include>screen-fade</include>
	<controls>
		<include>background</include>
		<control type="grouplist">
			<left>946</left>
			<top>50</top>
			<width>auto</width>
			<height>32</height>
			<align>left</align>
			<aligny>center</aligny>
			<orientation>horizontal</orientation>
			<control type="label"><!-- Load profile heading label -->
				<width max="256">auto</width>
				<height>32</height>
				<label>$LOCALIZE[20092]</label>
				<font>font18</font>
			</control>
			<control type="label"><!-- Number of files -->
				<top>13</top>
				<width max="80">auto</width>
				<height>32</height>
				<label>$INFO[Container(52).NumItems,(,)]</label>
			</control>
		</control>
		<control type="fixedlist" id="52">
			<viewtype label="31941">list</viewtype>
			<left>240</left>
			<top>116</top>
			<width>800</width>
			<height>456</height>
			<focusposition>1</focusposition>
			<movement>2</movement>
			<preloaditems>2</preloaditems>
			<itemlayout width="800" height="114">
				<control type="image">
					<left>0</left>
					<top>0</top>
					<width>114</width>
					<height>114</height>
					<texture background="true">$INFO[ListItem.Icon]</texture>
					<colordiffuse>UnFocusedPosters</colordiffuse>
					<aspectratio>keep</aspectratio>
				</control>
				<control type="label">
					<left>150</left>
					<top>16</top>
					<width>626</width>
					<height>31</height>
					<font>font18</font>
					<label>$INFO[ListItem.Label]</label>
				</control>
				<control type="label">
					<left>150</left>
					<top>72</top>
					<width>626</width>
					<height>25</height>
					<textcolor>disabled-text</textcolor>
					<label>$INFO[ListItem.Label2]</label>
				</control>
			</itemlayout>
			<focusedlayout width="800" height="114">
				<control type="image">
					<left>0</left>
					<top>0</top>
					<width>114</width>
					<height>114</height>
					<texture background="true">$INFO[ListItem.Icon]</texture>
					<aspectratio>keep</aspectratio>
				</control>
				<control type="label">
					<left>150</left>
					<top>16</top>
					<width>626</width>
					<height>31</height>
					<font>font18</font>
					<selectedcolor>listselected-text</selectedcolor>
					<label>$INFO[ListItem.Label]</label>
					<include condition="Skin.HasSetting(text-autoscroll)">scrolltext</include>
				</control>
				<control type="label">
					<left>150</left>
					<top>72</top>
					<width>626</width>
					<height>25</height>
					<textcolor>disabled-text</textcolor>
					<label>$INFO[ListItem.Label2]</label>
					<include condition="Skin.HasSetting(text-autoscroll)">scrolltext</include>
				</control>
			</focusedlayout>
		</control>
		<control type="group">
			<top>66</top>
			<visible>Control.IsVisible(52)</visible>
			<control type="group">
				<control type="image"><!-- Slider -->
					<left>374</left>
					<top>278</top>
					<width>658</width>
					<height>114</height>
					<texture border="8">button-default-focus.png</texture>
					<aspectratio>stretch</aspectratio>
				</control>
				<animation condition="Container(52).Position(0)" effect="slide" start="0,0" end="0,-228"
					time="0" easing="inout" reversible="true">Conditional</animation>
				<animation condition="Container(52).Position(1)" effect="slide" start="0,0" end="0,-114"
					time="0" easing="inout" reversible="true">Conditional</animation>
				<!-- Animation for postion 2 does nothing, so remove -->
				<animation condition="Container(52).Position(3)" effect="slide" start="0,0" end="0,114"
					time="0" easing="inout" reversible="true">Conditional</animation>
			</control>
		</control>
		<control type="label"><!-- Current Profile name -->
			<left>228</left>
			<top>677</top>
			<width>824</width>
			<height>31</height>
			<align>center</align>
			<label>$LOCALIZE[13204] $INFO[System.ProfileName]</label>
			<font>font18</font>
		</control>
	</controls>
</window>