<?xml version="1.0" encoding="UTF-8" standalone="yes"?>
<addon id="plugin.video.UpdateDesiTV" name="DesiTV Updater" version="1.1.7" provider-name="Rozeb Momin">
  <requires>
   <import addon="xbmc.python" version="2.1.0"/>
   <import addon="script.module.requests" version="2.7.0"/>
   <import addon="script.module.beautifulsoup" version="3.2.1"/>
   <import addon="script.module.beautifulsoup4" version="4.3.2"/>
   <import addon="plugin.video.CartoonNetwork" version="1.1.0"/>
   <import addon="plugin.video.WinIslamicNetwork" version="1.1.5"/>
  </requires>
  <extension point="xbmc.python.pluginsource" library="default.py">
        <provides>video</provides>
  </extension>
  <extension point="xbmc.addon.metadata">
    <summary lang="en">Updater for DesiTV-MC</summary>
    <description lang="en">Keeps the DesiTV-MC up to date with the latest software and bug fixes.</description>
    <platform>all</platform>
    <language>en</language>
    <email>...</email>
  </extension>
  <extension point="xbmc.addon.repository" name="DesiTV MediaCenter">
            <info compressed="false">https://raw.githubusercontent.com/RozebMomin/KodiAddons/master/_repo/addons.xml</info>
            <checksum>https://raw.githubusercontent.com/RozebMomin/KodiAddons/master/_repo/addons.xml.md5</checksum>
            <datadir zip="true">https://raw.githubusercontent.com/RozebMomin/KodiAddons/master/_repo/</datadir>
            <hashes>false</hashes>
  </extension>
</addon>
