<?xml version="1.0" encoding="UTF-8"?>
<window type="dialog" id="1156">
	<defaultcontrol always="true">999</defaultcontrol>
	<allowoverlay>no</allowoverlay>
	<include>screen-fade</include>
	<controls>
		<include>fadebackground</include>
		<control type="button" id="999"><!-- Dummy button to shift focus -->
			<left>-10</left>
			<top>-10</top>
			<height>1</height>
			<width>1</width>
			<onfocus condition="Skin.HasSetting(select-movieentry)">SetFocus(511)</onfocus>
			<onfocus condition="Skin.HasSetting(select-tvshowentry)">SetFocus(521)</onfocus>
			<onfocus condition="Skin.HasSetting(select-musicvidentry)">SetFocus(531)</onfocus>
			<onfocus condition="Skin.HasSetting(select-musicentry)">SetFocus(541)</onfocus>
			<onfocus condition="Skin.HasSetting(select-tventry)">SetFocus(551)</onfocus>
			<onfocus condition="Skin.HasSetting(select-radioentry)">SetFocus(561)</onfocus>
		</control>
		<control type="group">
			<control type="group" id="510">
				<visible>Skin.HasSetting(select-movieentry)</visible>
				<control type="image"><!-- Dialog background -->
					<left>442</left>
					<top>28</top>
					<width>414</width>
					<height>658</height>
					<texture border="8">button-menu-background.png</texture>
				</control>
				<control type="label"><!-- Dialog heading -->
					<left>454</left>
					<top>34</top>
					<width>390</width>
					<height>34</height>
					<font>font12</font>
					<label>$LOCALIZE[31920]</label>
					<align>center</align>
				</control>
				<control type="button"><!-- Touch Close button -->
					<left>834</left>
					<top>18</top>
					<width>32</width>
					<height>32</height>
					<texturefocus>touch-close.png</texturefocus>
					<texturenofocus>touch-close.png</texturenofocus>
					<onclick>Dialog.Close(1156)</onclick>
					<visible>system.getbool(input.enablemouse)</visible>
				</control>
				<control type="image">
					<left>454</left>
					<top>69</top>
					<width>390</width>
					<height>4</height>
					<texture>separator.png</texture>
				</control>
				<control type="list" id="511"><!-- Movie library entry point -->
					<left>454</left>
					<top>77</top>
					<width>390</width>
					<height>598</height>
					<onup>noop</onup>
					<ondown>noop</ondown>
					<onleft>Dialog.Close(1156)</onleft>
					<onright>Dialog.Close(1156)</onright>
					<viewtype label="31028">list</viewtype>
					<itemlayout height="46" width="390">
						<control type="label">
							<left>10</left>
							<top>2</top>
							<width>370</width>
							<height>34</height>
							<label>$INFO[ListItem.Label]</label>
							<align>center</align>
							<font>font11</font>
						</control>
					</itemlayout>
					<focusedlayout height="46" width="390">
						<control type="image">
							<left>0</left>
							<top>0</top>
							<width>390</width>
							<height>46</height>
							<align>left</align>
							<texture border="8">button-default-focus.png</texture>
						</control>
						<control type="label">
							<left>10</left>
							<top>2</top>
							<width>370</width>
							<height>34</height>
							<label>$INFO[ListItem.Label]</label>
							<align>center</align>
							<font>font11</font>
						</control>
					</focusedlayout>
					<content>
						<item><!-- Movie library entry point - Title -->
							<label>$LOCALIZE[369]</label>
							<onclick>Skin.SetString(libraryentry-movie,$LOCALIZE[369])</onclick>
							<onclick>Skin.Reset(select-movieentry)</onclick>
							<onclick>Dialog.Close(1156)</onclick>
						</item>
						<item><!-- Movie library entry point - Root -->
							<label>$LOCALIZE[20108]</label>
							<onclick>Skin.SetString(libraryentry-movie,$LOCALIZE[20108])</onclick>
							<onclick>Skin.Reset(select-movieentry)</onclick>
							<onclick>Dialog.Close(1156)</onclick>
						</item>
						<item><!-- Movie library entry point - RecentlyAdded -->
							<label>$LOCALIZE[20386]</label>
							<onclick>Skin.SetString(libraryentry-movie,$LOCALIZE[20386])</onclick>
							<onclick>Skin.Reset(select-movieentry)</onclick>
							<onclick>Dialog.Close(1156)</onclick>
						</item>
						<item><!-- Movie library entry point - Genre -->
							<label>$LOCALIZE[135]</label>
							<onclick>Skin.SetString(libraryentry-movie,$LOCALIZE[135])</onclick>
							<onclick>Skin.Reset(select-movieentry)</onclick>
							<onclick>Dialog.Close(1156)</onclick>
						</item>
						<item><!-- Movie library entry point - Years -->
							<label>$LOCALIZE[652]</label>
							<onclick>Skin.SetString(libraryentry-movie,$LOCALIZE[652])</onclick>
							<onclick>Skin.Reset(select-movieentry)</onclick>
							<onclick>Dialog.Close(1156)</onclick>
						</item>
						<item><!-- Movie library entry point - Actors -->
							<label>$LOCALIZE[344]</label>
							<onclick>Skin.SetString(libraryentry-movie,$LOCALIZE[344])</onclick>
							<onclick>Skin.Reset(select-movieentry)</onclick>
							<onclick>Dialog.Close(1156)</onclick>
						</item>
						<item><!-- Movie library entry point - Directors -->
							<label>$LOCALIZE[20348]</label>
							<onclick>Skin.SetString(libraryentry-movie,$LOCALIZE[20348])</onclick>
							<onclick>Skin.Reset(select-movieentry)</onclick>
							<onclick>Dialog.Close(1156)</onclick>
						</item>
						<item><!-- Movie library entry point - Studios -->
							<label>$LOCALIZE[20388]</label>
							<onclick>Skin.SetString(libraryentry-movie,$LOCALIZE[20388])</onclick>
							<onclick>Skin.Reset(select-movieentry)</onclick>
							<onclick>Dialog.Close(1156)</onclick>
						</item>
						<item><!-- Movie library entry point - Sets -->
							<label>$LOCALIZE[20434]</label>
							<onclick>Skin.SetString(libraryentry-movie,$LOCALIZE[20434])</onclick>
							<onclick>Skin.Reset(select-movieentry)</onclick>
							<onclick>Dialog.Close(1156)</onclick>
						</item>
						<item><!-- Movie library entry point - Countries -->
							<label>$LOCALIZE[20451]</label>
							<onclick>Skin.SetString(libraryentry-movie,$LOCALIZE[20451])</onclick>
							<onclick>Skin.Reset(select-movieentry)</onclick>
							<onclick>Dialog.Close(1156)</onclick>
						</item>
						<item><!-- Movie library entry point - Tags -->
							<label>$LOCALIZE[20459]</label>
							<onclick>Skin.SetString(libraryentry-movie,$LOCALIZE[20459])</onclick>
							<onclick>Skin.Reset(select-movieentry)</onclick>
							<onclick>Dialog.Close(1156)</onclick>
						</item>
						<item><!-- Movie library entry point - Files -->
							<label>$LOCALIZE[744]</label>
							<onclick>Skin.SetString(libraryentry-movie,$LOCALIZE[744])</onclick>
							<onclick>Skin.Reset(select-movieentry)</onclick>
							<onclick>Dialog.Close(1156)</onclick>
						</item>
						<item><!-- Movie library entry point - Custom Favourite -->
							<label>$LOCALIZE[31652]</label>
							<onclick>Skin.SetString(libraryentry-movie,$LOCALIZE[31652])</onclick>
							<onclick>RunScript(script.favourites,changetitle=false&amp;property=CustomMovieEntry)</onclick>
							<onclick>Skin.Reset(select-movieentry)</onclick>
							<onclick>Dialog.Close(1156)</onclick>
							<enable>System.HasAddon(script.favourites)</enable>
						</item>
					</content>
				</control>
			</control>
			<control type="group" id="520">
				<visible>Skin.HasSetting(select-tvshowentry)</visible>
				<control type="image"><!-- Dialog background -->
					<left>442</left>
					<top>137</top>
					<width>414</width>
					<height>472</height>
					<texture border="8">button-menu-background.png</texture>
				</control>
				<control type="label"><!-- Dialog heading -->
					<left>454</left>
					<top>143</top>
					<width>390</width>
					<height>34</height>
					<font>font12</font>
					<label>$LOCALIZE[31921]</label>
					<align>center</align>
				</control>
				<control type="button"><!-- Touch Close button -->
					<left>834</left>
					<top>128</top>
					<width>32</width>
					<height>32</height>
					<texturefocus>touch-close.png</texturefocus>
					<texturenofocus>touch-close.png</texturenofocus>
					<onclick>Dialog.Close(1156)</onclick>
					<visible>system.getbool(input.enablemouse)</visible>
				</control>
				<control type="image">
					<left>454</left>
					<top>175</top>
					<width>390</width>
					<height>4</height>
					<texture>separator.png</texture>
				</control>
				<control type="list" id="521"><!-- TVShow library entry point -->
					<left>454</left>
					<top>183</top>
					<width>390</width>
					<height>428</height>
					<onup>noop</onup>
					<ondown>noop</ondown>
					<onleft>Dialog.Close(1156)</onleft>
					<onright>Dialog.Close(1156)</onright>
					<viewtype label="31028">list</viewtype>
					<itemlayout height="46" width="390">
						<control type="label">
							<left>10</left>
							<top>2</top>
							<width>370</width>
							<height>34</height>
							<label>$INFO[ListItem.Label]</label>
							<align>center</align>
							<font>font11</font>
						</control>
					</itemlayout>
					<focusedlayout height="46" width="390">
						<control type="image">
							<left>0</left>
							<top>0</top>
							<width>390</width>
							<height>46</height>
							<align>left</align>
							<texture border="8">button-default-focus.png</texture>
						</control>
						<control type="label">
							<left>10</left>
							<top>2</top>
							<width>370</width>
							<height>34</height>
							<label>$INFO[ListItem.Label]</label>
							<align>center</align>
							<font>font11</font>
						</control>
					</focusedlayout>
					<content>
						<item><!-- TVShow library entry point - Title -->
							<label>$LOCALIZE[369]</label>
							<onclick>Skin.SetString(libraryentry-tvshow,$LOCALIZE[369])</onclick>
							<onclick>Skin.Reset(select-tvshowentry)</onclick>
							<onclick>Dialog.Close(1156)</onclick>
						</item>
						<item><!-- TVShow library entry point - Root -->
							<label>$LOCALIZE[20108]</label>
							<onclick>Skin.SetString(libraryentry-tvshow,$LOCALIZE[20108])</onclick>
							<onclick>Skin.Reset(select-tvshowentry)</onclick>
							<onclick>Dialog.Close(1156)</onclick>
						</item>
						<item><!-- TVShow library entry point - RecentlyAdded -->
							<label>$LOCALIZE[20387]</label>
							<onclick>Skin.SetString(libraryentry-tvshow,$LOCALIZE[20387])</onclick>
							<onclick>Skin.Reset(select-tvshowentry)</onclick>
							<onclick>Dialog.Close(1156)</onclick>
						</item>
						<item><!-- TVShow library entry point - Genres -->
							<label>$LOCALIZE[135]</label>
							<onclick>Skin.SetString(libraryentry-tvshow,$LOCALIZE[135])</onclick>
							<onclick>Skin.Reset(select-tvshowentry)</onclick>
							<onclick>Dialog.Close(1156)</onclick>
						</item>
						<item><!-- TVShow library entry point - Years -->
							<label>$LOCALIZE[652]</label>
							<onclick>Skin.SetString(libraryentry-tvshow,$LOCALIZE[652])</onclick>
							<onclick>Skin.Reset(select-tvshowentry)</onclick>
							<onclick>Dialog.Close(1156)</onclick>
						</item>
						<item><!-- TVShow library entry point - Actors -->
							<label>$LOCALIZE[344]</label>
							<onclick>Skin.SetString(libraryentry-tvshow,$LOCALIZE[344])</onclick>
							<onclick>Skin.Reset(select-tvshowentry)</onclick>
							<onclick>Dialog.Close(1156)</onclick>
						</item>
						<item><!-- TVShow library entry point - Studios -->
							<label>$LOCALIZE[20388]</label>
							<onclick>Skin.SetString(libraryentry-tvshow,$LOCALIZE[20388])</onclick>
							<onclick>Skin.Reset(select-tvshowentry)</onclick>
							<onclick>Dialog.Close(1156)</onclick>
						</item>
						<item><!-- TVShow library entry point - Files -->
							<label>$LOCALIZE[744]</label>
							<onclick>Skin.SetString(libraryentry-tvshow,$LOCALIZE[744])</onclick>
							<onclick>Skin.Reset(select-tvshowentry)</onclick>
							<onclick>Dialog.Close(1156)</onclick>
						</item>
						<item><!-- TVShow library entry point - Custom Favourite -->
							<label>$LOCALIZE[31652]</label>
							<onclick>Skin.SetString(libraryentry-tvshow,$LOCALIZE[31652])</onclick>
							<onclick>RunScript(script.favourites,changetitle=false&amp;property=CustomTVShowEntry)</onclick>
							<onclick>Skin.Reset(select-tvshowentry)</onclick>
							<onclick>Dialog.Close(1156)</onclick>
							<enable>System.HasAddon(script.favourites)</enable>
						</item>
					</content>
				</control>
			</control>
			<control type="group" id="530">
				<visible>Skin.HasSetting(select-musicvidentry)</visible>
				<control type="image"><!-- Dialog background -->
					<left>442</left>
					<top>112</top>
					<width>414</width>
					<height>524</height>
					<texture border="8">button-menu-background.png</texture>
				</control>
				<control type="label"><!-- Dialog heading -->
					<left>454</left>
					<top>118</top>
					<width>380</width>
					<height>34</height>
					<font>font12</font>
					<label>$LOCALIZE[31922]</label>
					<align>center</align>
				</control>
				<control type="button"><!-- Touch Close button -->
					<left>834</left>
					<top>102</top>
					<width>32</width>
					<height>32</height>
					<texturefocus>touch-close.png</texturefocus>
					<texturenofocus>touch-close.png</texturenofocus>
					<onclick>Dialog.Close(1156)</onclick>
					<visible>system.getbool(input.enablemouse)</visible>
				</control>
				<control type="image">
					<left>454</left>
					<top>152</top>
					<width>390</width>
					<height>4</height>
					<texture>separator.png</texture>
				</control>
				<control type="list" id="531"><!-- Music video library entry point -->
					<left>454</left>
					<top>160</top>
					<width>390</width>
					<height>460</height>
					<onup>noop</onup>
					<ondown>noop</ondown>
					<onleft>Dialog.Close(1156)</onleft>
					<onright>Dialog.Close(1156)</onright>
					<viewtype label="31028">list</viewtype>
					<itemlayout height="46" width="390">
						<control type="label">
							<left>10</left>
							<top>2</top>
							<width>370</width>
							<height>34</height>
							<label>$INFO[ListItem.Label]</label>
							<align>center</align>
							<font>font11</font>
						</control>
					</itemlayout>
					<focusedlayout height="46" width="390">
						<control type="image">
							<left>0</left>
							<top>0</top>
							<width>390</width>
							<height>46</height>
							<align>left</align>
							<texture border="8">button-default-focus.png</texture>
						</control>
						<control type="label">
							<left>10</left>
							<top>2</top>
							<width>370</width>
							<height>34</height>
							<label>$INFO[ListItem.Label]</label>
							<align>center</align>
							<font>font11</font>
						</control>
					</focusedlayout>
					<content>
						<item><!-- Music video library entry point - Title -->
							<label>$LOCALIZE[369]</label>
							<onclick>Skin.SetString(libraryentry-musicvideo,$LOCALIZE[369])</onclick>
							<onclick>Skin.Reset(select-musicvidentry)</onclick>
							<onclick>Dialog.Close(1156)</onclick>
						</item>
						<item><!-- Music video library entry point - Root -->
							<label>$LOCALIZE[20108]</label>
							<onclick>Skin.SetString(libraryentry-musicvideo,$LOCALIZE[20108])</onclick>
							<onclick>Skin.Reset(select-musicvidentry)</onclick>
							<onclick>Dialog.Close(1156)</onclick>
						</item>
						<item><!-- Music video library entry point - RecentlyAdded -->
							<label>$LOCALIZE[20390]</label>
							<onclick>Skin.SetString(libraryentry-musicvideo,$LOCALIZE[20390])</onclick>
							<onclick>Skin.Reset(select-musicvidentry)</onclick>
							<onclick>Dialog.Close(1156)</onclick>
						</item>
						<item><!-- Music video library entry point - Genres -->
							<label>$LOCALIZE[135]</label>
							<onclick>Skin.SetString(libraryentry-musicvideo,$LOCALIZE[135])</onclick>
							<onclick>Skin.Reset(select-musicvidentry)</onclick>
							<onclick>Dialog.Close(1156)</onclick>
						</item>
						<item><!-- Music video library entry point - Years -->
							<label>$LOCALIZE[652]</label>
							<onclick>Skin.SetString(libraryentry-musicvideo,$LOCALIZE[652])</onclick>
							<onclick>Skin.Reset(select-musicvidentry)</onclick>
							<onclick>Dialog.Close(1156)</onclick>
						</item>
						<item><!-- Music video library entry point - Artists -->
							<label>$LOCALIZE[133]</label>
							<onclick>Skin.SetString(libraryentry-musicvideo,$LOCALIZE[133])</onclick>
							<onclick>Skin.Reset(select-musicvidentry)</onclick>
							<onclick>Dialog.Close(1156)</onclick>
						</item>
						<item><!-- Music video library entry point - Directors -->
							<label>$LOCALIZE[20348]</label>
							<onclick>Skin.SetString(libraryentry-musicvideo,$LOCALIZE[20348])</onclick>
							<onclick>Skin.Reset(select-musicvidentry)</onclick>
							<onclick>Dialog.Close(1156)</onclick>
						</item>
						<item><!-- Music video library entry point - Studios -->
							<label>$LOCALIZE[20388]</label>
							<onclick>Skin.SetString(libraryentry-musicvideo,$LOCALIZE[20388])</onclick>
							<onclick>Skin.Reset(select-musicvidentry)</onclick>
							<onclick>Dialog.Close(1156)</onclick>
						</item>
						<item><!-- Music video library entry point - Files -->
							<label>$LOCALIZE[744]</label>
							<onclick>Skin.SetString(libraryentry-musicvideo,$LOCALIZE[744])</onclick>
							<onclick>Skin.Reset(select-musicvidentry)</onclick>
							<onclick>Dialog.Close(1156)</onclick>
						</item>
						<item><!-- Music Video library entry point - Custom Favourite -->
							<label>$LOCALIZE[31652]</label>
							<onclick>Skin.SetString(libraryentry-musicvideo,$LOCALIZE[31652])</onclick>
							<onclick>RunScript(script.favourites,changetitle=false&amp;property=CustomMusicVideoEntry)</onclick>
							<onclick>Skin.Reset(select-musicvidentry)</onclick>
							<onclick>Dialog.Close(1156)</onclick>
							<enable>System.HasAddon(script.favourites)</enable>
						</item>
					</content>
				</control>
			</control>
			<control type="group" id="540">
				<visible>Skin.HasSetting(select-musicentry)</visible>
				<control type="image"><!-- Dialog background -->
					<left>442</left>
					<top>12</top>
					<width>414</width>
					<height>702</height>
					<texture border="8">button-menu-background.png</texture>
				</control>
				<control type="label"><!-- Dialog heading -->
					<left>454</left>
					<top>17</top>
					<width>390</width>
					<height>34</height>
					<font>font12</font>
					<label>$LOCALIZE[31923]</label>
					<align>center</align>
				</control>
				<control type="button"><!-- Touch Close button -->
					<left>834</left>
					<top>2</top>
					<width>32</width>
					<height>32</height>
					<texturefocus>touch-close.png</texturefocus>
					<texturenofocus>touch-close.png</texturenofocus>
					<onclick>Dialog.Close(1156)</onclick>
					<visible>system.getbool(input.enablemouse)</visible>
				</control>
				<control type="image">
					<left>454</left>
					<top>50</top>
					<width>390</width>
					<height>4</height>
					<texture>separator.png</texture>
				</control>
				<control type="list" id="541"><!-- Music library entry point -->
					<left>454</left>
					<top>58</top>
					<width>390</width>
					<height>644</height>
					<onup>noop</onup>
					<ondown>noop</ondown>
					<onleft>Dialog.Close(1156)</onleft>
					<onright>Dialog.Close(1156)</onright>
					<viewtype label="31028">list</viewtype>
					<itemlayout height="46" width="390">
						<control type="label">
							<left>10</left>
							<top>2</top>
							<width>370</width>
							<height>34</height>
							<label>$INFO[ListItem.Label]</label>
							<align>center</align>
							<font>font11</font>
						</control>
					</itemlayout>
					<focusedlayout height="46" width="390">
						<control type="image">
							<left>0</left>
							<top>0</top>
							<width>390</width>
							<height>46</height>
							<align>left</align>
							<texture border="8">button-default-focus.png</texture>
						</control>
						<control type="label">
							<left>10</left>
							<top>2</top>
							<width>370</width>
							<height>34</height>
							<label>$INFO[ListItem.Label]</label>
							<align>center</align>
							<font>font11</font>
						</control>
					</focusedlayout>
					<content>
						<item><!-- Music library entry point - Root -->
							<label>$LOCALIZE[20108]</label>
							<onclick>Skin.SetString(libraryentry-music,$LOCALIZE[20108])</onclick>
							<onclick>Skin.Reset(select-musicentry)</onclick>
							<onclick>Dialog.Close(1156)</onclick>
						</item>
						<item><!-- Music library entry point - Genres -->
							<label>$LOCALIZE[135]</label>
							<onclick>Skin.SetString(libraryentry-music,$LOCALIZE[135])</onclick>
							<onclick>Skin.Reset(select-musicentry)</onclick>
							<onclick>Dialog.Close(1156)</onclick>
						</item>
						<item><!-- Music library entry point - Artist -->
							<label>$LOCALIZE[133]</label>
							<onclick>Skin.SetString(libraryentry-music,$LOCALIZE[133])</onclick>
							<onclick>Skin.Reset(select-musicentry)</onclick>
							<onclick>Dialog.Close(1156)</onclick>
						</item>
						<item><!-- Music library entry point - Album -->
							<label>$LOCALIZE[132]</label>
							<onclick>Skin.SetString(libraryentry-music,$LOCALIZE[132])</onclick>
							<onclick>Skin.Reset(select-musicentry)</onclick>
							<onclick>Dialog.Close(1156)</onclick>
						</item>
						<item><!-- Music library entry point - Songs -->
							<label>$LOCALIZE[134]</label>
							<onclick>Skin.SetString(libraryentry-music,$LOCALIZE[134])</onclick>
							<onclick>Skin.Reset(select-musicentry)</onclick>
							<onclick>Dialog.Close(1156)</onclick>
						</item>
						<item><!-- Music library entry point - Top100Songs -->
							<label>$LOCALIZE[10504]</label>
							<onclick>Skin.SetString(libraryentry-music,$LOCALIZE[10504])</onclick>
							<onclick>Skin.Reset(select-musicentry)</onclick>
							<onclick>Dialog.Close(1156)</onclick>
						</item>
						<item><!-- Music library entry point - Top100Albums -->
							<label>$LOCALIZE[10505]</label>
							<onclick>Skin.SetString(libraryentry-music,$LOCALIZE[10505])</onclick>
							<onclick>Skin.Reset(select-musicentry)</onclick>
							<onclick>Dialog.Close(1156)</onclick>
						</item>
						<item><!-- Music library entry point - RecentlyAddedAlbums -->
							<label>$LOCALIZE[359]</label>
							<onclick>Skin.SetString(libraryentry-music,$LOCALIZE[359])</onclick>
							<onclick>Skin.Reset(select-musicentry)</onclick>
							<onclick>Dialog.Close(1156)</onclick>
						</item>
						<item><!-- Music library entry point - RecentlyPlayedAlbums -->
							<label>$LOCALIZE[517]</label>
							<onclick>Skin.SetString(libraryentry-music,$LOCALIZE[517])</onclick>
							<onclick>Skin.Reset(select-musicentry)</onclick>
							<onclick>Dialog.Close(1156)</onclick>
						</item>
						<item><!-- Music library entry point - Compilations -->
							<label>$LOCALIZE[521]</label>
							<onclick>Skin.SetString(libraryentry-music,$LOCALIZE[521])</onclick>
							<onclick>Skin.Reset(select-musicentry)</onclick>
							<onclick>Dialog.Close(1156)</onclick>
						</item>
						<item><!-- Music library entry point - Years -->
							<label>$LOCALIZE[652]</label>
							<onclick>Skin.SetString(libraryentry-music,$LOCALIZE[652])</onclick>
							<onclick>Skin.Reset(select-musicentry)</onclick>
							<onclick>Dialog.Close(1156)</onclick>
						</item>
						<item><!-- Music library entry point - Singles -->
							<label>$LOCALIZE[1050]</label>
							<onclick>Skin.SetString(libraryentry-music,$LOCALIZE[1050])</onclick>
							<onclick>Skin.Reset(select-musicentry)</onclick>
							<onclick>Dialog.Close(1156)</onclick>
						</item>
						<item><!-- Music library entry point - Files -->
							<label>$LOCALIZE[744]</label>
							<onclick>Skin.SetString(libraryentry-music,$LOCALIZE[744])</onclick>
							<onclick>Skin.Reset(select-musicentry)</onclick>
							<onclick>Dialog.Close(1156)</onclick>
						</item>
						<item><!-- Music library entry point - Custom Favourite -->
							<label>$LOCALIZE[31652]</label>
							<onclick>Skin.SetString(libraryentry-music,$LOCALIZE[31652])</onclick>
							<onclick>RunScript(script.favourites,changetitle=false&amp;property=CustomMusicEntry)</onclick>
							<onclick>Skin.Reset(select-musicentry)</onclick>
							<onclick>Dialog.Close(1156)</onclick>
							<enable>System.HasAddon(script.favourites)</enable>
						</item>
					</content>
				</control>
			</control>
			<control type="group" id="550">
				<visible>Skin.HasSetting(select-tventry)</visible>
				<control type="image"><!-- Dialog background -->
					<left>442</left>
					<top>112</top>
					<width>414</width>
					<height>338</height>
					<texture border="8">button-menu-background.png</texture>
				</control>
				<control type="label"><!-- Dialog heading -->
					<left>454</left>
					<top>118</top>
					<width>390</width>
					<height>34</height>
					<font>font12</font>
					<label>$LOCALIZE[31924]</label>
					<align>center</align>
				</control>
				<control type="button"><!-- Touch Close button -->
					<left>834</left>
					<top>102</top>
					<width>32</width>
					<height>32</height>
					<texturefocus>touch-close.png</texturefocus>
					<texturenofocus>touch-close.png</texturenofocus>
					<onclick>Dialog.Close(1156)</onclick>
					<visible>system.getbool(input.enablemouse)</visible>
				</control>
				<control type="image">
					<left>454</left>
					<top>152</top>
					<width>390</width>
					<height>4</height>
					<texture>separator.png</texture>
				</control>
				<control type="list" id="551"><!-- TV entry point -->
					<left>454</left>
					<top>160</top>
					<width>390</width>
					<height>276</height>
					<onup>noop</onup>
					<ondown>noop</ondown>
					<onleft>Dialog.Close(1156)</onleft>
					<onright>Dialog.Close(1156)</onright>
					<viewtype label="31028">list</viewtype>
					<itemlayout height="46" width="390">
						<control type="label">
							<left>10</left>
							<top>2</top>
							<width>370</width>
							<height>34</height>
							<label>$INFO[ListItem.Label]</label>
							<align>center</align>
							<font>font11</font>
						</control>
					</itemlayout>
					<focusedlayout height="46" width="390">
						<control type="image">
							<left>0</left>
							<top>0</top>
							<width>390</width>
							<height>46</height>
							<align>left</align>
							<texture border="8">button-default-focus.png</texture>
						</control>
						<control type="label">
							<left>10</left>
							<top>2</top>
							<width>370</width>
							<height>34</height>
							<label>$INFO[ListItem.Label]</label>
							<align>center</align>
							<font>font11</font>
						</control>
					</focusedlayout>
					<content>
						<item><!-- TV entry point - Play TV -->
							<label>$LOCALIZE[31701]</label>
							<onclick>Skin.SetString(libraryentry-tv,$LOCALIZE[31703])</onclick>
							<onclick>Skin.Reset(select-tventry)</onclick>
							<onclick>Dialog.Close(1156)</onclick>
						</item>
						<item><!-- TV entry point - TV Channels -->
							<label>$LOCALIZE[19023]</label>
							<onclick>Skin.SetString(libraryentry-tv,$LOCALIZE[19023])</onclick>
							<onclick>Skin.Reset(select-tventry)</onclick>
							<onclick>Dialog.Close(1156)</onclick>
						</item>
						<item><!-- TV entry point - Guide -->
							<label>$LOCALIZE[31709]</label>
							<onclick>Skin.SetString(libraryentry-tv,$LOCALIZE[22020])</onclick>
							<onclick>Skin.Reset(select-tventry)</onclick>
							<onclick>Dialog.Close(1156)</onclick>
						</item>
						<item><!-- TV entry point - Recordings -->
							<label>$LOCALIZE[31711]</label>
							<onclick>Skin.SetString(libraryentry-tv,$LOCALIZE[19163])</onclick>
							<onclick>Skin.Reset(select-tventry)</onclick>
							<onclick>Dialog.Close(1156)</onclick>
						</item>
						<item><!-- TV entry point - Timer -->
							<label>$LOCALIZE[31713]</label>
							<onclick>Skin.SetString(libraryentry-tv,$LOCALIZE[19040])</onclick>
							<onclick>Skin.Reset(select-tventry)</onclick>
							<onclick>Dialog.Close(1156)</onclick>
						</item>
						<item><!-- TV entry point - Search -->
							<label>$LOCALIZE[31707]</label>
							<onclick>Skin.SetString(libraryentry-tv,$LOCALIZE[137])</onclick>
							<onclick>Skin.Reset(select-tventry)</onclick>
							<onclick>Dialog.Close(1156)</onclick>
						</item>
					</content>
				</control>
			</control>
			<control type="group" id="560">
				<visible>Skin.HasSetting(select-radioentry)</visible>
				<control type="image"><!-- Dialog background -->
					<left>442</left>
					<top>112</top>
					<width>414</width>
					<height>338</height>
					<texture border="8">button-menu-background.png</texture>
				</control>
				<control type="label"><!-- Dialog heading -->
					<left>454</left>
					<top>118</top>
					<width>390</width>
					<height>34</height>
					<font>font12</font>
					<label>$LOCALIZE[31925]</label>
					<align>center</align>
				</control>
				<control type="button"><!-- Touch Close button -->
					<left>834</left>
					<top>102</top>
					<width>32</width>
					<height>32</height>
					<texturefocus>touch-close.png</texturefocus>
					<texturenofocus>touch-close.png</texturenofocus>
					<onclick>Dialog.Close(1156)</onclick>
					<visible>system.getbool(input.enablemouse)</visible>
				</control>
				<control type="image">
					<left>454</left>
					<top>152</top>
					<width>390</width>
					<height>4</height>
					<texture>separator.png</texture>
				</control>
				<control type="list" id="561"><!-- Radio entry point -->
					<left>454</left>
					<top>160</top>
					<width>390</width>
					<height>276</height>
					<onup>noop</onup>
					<ondown>noop</ondown>
					<onleft>Dialog.Close(1156)</onleft>
					<onright>Dialog.Close(1156)</onright>
					<viewtype label="31028">list</viewtype>
					<itemlayout height="46" width="390">
						<control type="label">
							<left>10</left>
							<top>2</top>
							<width>370</width>
							<height>34</height>
							<label>$INFO[ListItem.Label]</label>
							<align>center</align>
							<font>font11</font>
						</control>
					</itemlayout>
					<focusedlayout height="46" width="390">
						<control type="image">
							<left>0</left>
							<top>0</top>
							<width>390</width>
							<height>46</height>
							<align>left</align>
							<texture border="8">button-default-focus.png</texture>
						</control>
						<control type="label">
							<left>10</left>
							<top>2</top>
							<width>370</width>
							<height>34</height>
							<label>$INFO[ListItem.Label]</label>
							<align>center</align>
							<font>font11</font>
						</control>
					</focusedlayout>
					<content>
						<item><!-- Radio entry point - Play Radio -->
							<label>$LOCALIZE[31702]</label>
							<onclick>Skin.SetString(libraryentry-radio,$LOCALIZE[31703])</onclick>
							<onclick>Skin.Reset(select-radioentry)</onclick>
							<onclick>Dialog.Close(1156)</onclick>
						</item>
						<item><!-- Radio entry point - Radio channels -->
							<label>$LOCALIZE[19024]</label>
							<onclick>Skin.SetString(libraryentry-radio,$LOCALIZE[19024])</onclick>
							<onclick>Skin.Reset(select-radioentry)</onclick>
							<onclick>Dialog.Close(1156)</onclick>
						</item>
						<item><!-- Radio entry point - Guide -->
							<label>$LOCALIZE[31710]</label>
							<onclick>Skin.SetString(libraryentry-radio,$LOCALIZE[22020])</onclick>
							<onclick>Skin.Reset(select-radioentry)</onclick>
							<onclick>Dialog.Close(1156)</onclick>
						</item>
						<item><!-- Radio entry point - Recordings -->
							<label>$LOCALIZE[31712]</label>
							<onclick>Skin.SetString(libraryentry-radio,$LOCALIZE[19163])</onclick>
							<onclick>Skin.Reset(select-radioentry)</onclick>
							<onclick>Dialog.Close(1156)</onclick>
						</item>
						<item><!-- Radio entry point - Timer -->
							<label>$LOCALIZE[31714]</label>
							<onclick>Skin.SetString(libraryentry-radio,$LOCALIZE[19040])</onclick>
							<onclick>Skin.Reset(select-radioentry)</onclick>
							<onclick>Dialog.Close(1156)</onclick>
						</item>
						<item><!-- Radio entry point - Search -->
							<label>$LOCALIZE[31708]</label>
							<onclick>Skin.SetString(libraryentry-radio,$LOCALIZE[19040])</onclick>
							<onclick>Skin.Reset(select-radioentry)</onclick>
							<onclick>Dialog.Close(1156)</onclick>
						</item>
					</content>
				</control>
			</control>
		</control>
	</controls>
</window>