<?xml version="1.0" encoding="UTF-8"?>
<window>
	<defaultcontrol always="true">1000</defaultcontrol>
	<coordinates>
		<origin x="0" y="0"/>
	</coordinates>
	<include>screen-fade</include>
	<controls>
		<include>fadebackground</include>
		<control type="group">
			<control type="image" id="999"><!-- Dialog background image -->
				<left>384</left>
				<top>96</top>
				<width>516</width>
				<height>602</height>
				<texture border="8">button-menu-background.png</texture>
			</control>
			<control type="label"><!-- Dialog heading -->
				<left>394</left>
				<top>106</top>
				<width>496</width>
				<height>34</height>
				<font>font12</font>
				<label>$LOCALIZE[31560]</label>
				<align>center</align>
			</control>
			<control type="button">
				<left>878</left>
				<top>86</top>
				<width>32</width>
				<height>32</height>
				<texturefocus>touch-close.png</texturefocus>
				<texturenofocus>touch-close.png</texturenofocus>
				<onclick>Dialog.Close(contextmenu)</onclick>
				<visible>system.getbool(input.enablemouse)</visible>
			</control>
			<control type="image">
				<left>394</left>
				<top>142</top>
				<width>496</width>
				<height>4</height>
				<texture>separator.png</texture>
			</control>
			<control type="grouplist" id="996"><!-- Grouplist for context buttons -->
				<left>394</left>
				<top>154</top>
				<width>496</width>
				<height min="48" max="528">auto</height>
				<onback>Dialog.Close(contextmenu)</onback>
				<onleft>Dialog.Close(contextmenu)</onleft>
				<onright>Dialog.Close(contextmenu)</onright>
				<control type="button" id="1000"><!-- Button template -->
					<left>0</left>
					<top>0</top>
					<width>496</width>
					<height>48</height>
					<align>center</align>
					<aligny>center</aligny>
				</control>
			</control>
		</control>
	</controls>
</window>