<?xml version="1.0" encoding="UTF-8"?>
<window>
	<defaultcontrol>7</defaultcontrol>
	<controls>
		<include>fadebackground</include>
		<control type="image"><!-- Dialog background -->
			<left>30</left>
			<top>30</top>
			<width>1220</width>
			<height>652</height>
			<texture border="8">button-menu-background.png</texture>
		</control>
		<control type="label"><!-- Dialog heading -->
			<left>44</left>
			<top>38</top>
			<width>1192</width>
			<height>36</height>
			<align>center</align>
			<label>$VAR[PVRChannelManagerHeading]</label>
			<font>font18</font>
		</control>
		<control type="image">
			<left>44</left>
			<top>78</top>
			<width>1192</width>
			<height>4</height>
			<texture>separator.png</texture>
		</control>
		<control type="group">
			<left>34</left>
			<top>88</top>
			<control type="scrollbar" id="60">
				<left>10</left>
				<top>0</top>
				<width>18</width>
				<height>532</height>
				<onright>20</onright>
				<animation condition="!Control.HasFocus(60) + !Container.Scrolling + !StringCompare(Skin.String(show-scrollbar),$LOCALIZE[31875])" effect="fade" start="100" end="0" time="200" reversible="true">Conditional</animation>
				<visible>!StringCompare(Skin.String(show-scrollbar),$LOCALIZE[31877])</visible>
			</control>
			<control type="list" id="20">
				<left>36</left>
				<top>0</top>
				<width>550</width>
				<height>532</height>
				<itemgap>0</itemgap>
				<onup>20</onup>
				<ondown>9000</ondown>
				<onleft condition="StringCompare(Skin.String(show-scrollbar),$LOCALIZE[31877])">noop</onleft>
				<onleft condition="!StringCompare(Skin.String(show-scrollbar),$LOCALIZE[31877])">60</onleft>
				<onright>9002</onright>
				<pagecontrol>60</pagecontrol>
				<animation effect="fade" start="100" end="60" time="50" condition="ControlGroup(9002).HasFocus">Conditional</animation>
				<itemlayout height="76" width="544">
					<control type="image">
						<left>10</left>
						<top>10</top>
						<width>28</width>
						<height>28</height>
						<texture>$INFO[ListItem.Property(Icon)]</texture>
						<visible>ListItem.Property(ActiveChannel)</visible>
					</control>
					<control type="label">
						<left>45</left>
						<top>8</top>
						<width>454</width>
						<height>24</height>
						<font>font12</font>
						<selectedcolor>listselected-text</selectedcolor>
						<label>$INFO[ListItem.Property(Number),(,) - ]$INFO[ListItem.Property(Name)]</label>
						<visible>ListItem.Property(ActiveChannel)</visible>
					</control>
					<control type="label">
						<left>45</left>
						<top>8</top>
						<width>454</width>
						<height>24</height>
						<font>font12</font>
						<selectedcolor>listselected-text</selectedcolor>
						<label>$INFO[ListItem.Property(Number),(,) - ]$INFO[ListItem.Property(Name)]</label>
						<visible>!ListItem.Property(ActiveChannel)</visible>
					</control>
					<control type="image">
						<left>510</left>
						<top>10</top>
						<width>20</width>
						<height>20</height>
						<texture>OverlayWatched.png</texture>
						<visible>ListItem.Property(Changed)</visible>
					</control>
				</itemlayout>
				<focusedlayout height="76" width="544">
					<control type="image">
						<left>0</left>
						<top>0</top>
						<width>544</width>
						<height>76</height>
						<texture border="6">button-default-focus.png</texture>
					</control>
					<control type="image">
						<left>10</left>
						<top>10</top>
						<width>28</width>
						<height>28</height>
						<texture>$INFO[ListItem.Property(Icon)]</texture>
					</control>
					<control type="label">
						<left>45</left>
						<top>8</top>
						<width>454</width>
						<height>24</height>
						<font>font12</font>
						<selectedcolor>listselected-text</selectedcolor>
						<label>$INFO[ListItem.Property(Number),(,) - ]$INFO[ListItem.Property(Name)]</label>
						<visible>ListItem.Property(ActiveChannel)</visible>
					</control>
					<control type="label">
						<left>45</left>
						<top>8</top>
						<width>454</width>
						<height>24</height>
						<font>font12</font>
						<selectedcolor>listselected-text</selectedcolor>
						<label>$INFO[ListItem.Property(Number),(,) - ]$INFO[ListItem.Property(Name)]</label>
						<visible>!ListItem.Property(ActiveChannel)</visible>
					</control>
					<control type="image">
						<left>510</left>
						<top>10</top>
						<width>20</width>
						<height>20</height>
						<texture>OverlayWatched.png</texture>
						<visible>ListItem.Property(Changed)</visible>
					</control>
					<control type="label">
						<left>18</left>
						<top>40</top>
						<width>500</width>
						<height>24</height>
						<font>font11</font>
						<selectedcolor>listselected-text</selectedcolor>
						<label>$LOCALIZE[19210]: $INFO[ListItem.Property(ClientName)]</label>
					</control>
				</focusedlayout>
			</control>
		</control>
		<control type="group" id="9002">
			<control type="group">
				<left>640</left>
				<top>88</top>
				<control type="label"><!-- Channel option header -->
					<left>0</left>
					<top>0</top>
					<width>580</width>
					<height>24</height>
					<label>[I]$VAR[PVRChannelManagerSubHeading][/I]</label>
				</control>
				<control type="radiobutton" id ="7"><!-- Channel activated -->
					<left>0</left>
					<top>28</top>
					<width>580</width>
					<height>50</height>
					<font>font11</font>
					<focusedcolor>button-text</focusedcolor>
					<label>$LOCALIZE[19074]</label>
					<radioposx>540</radioposx>
					<onleft>20</onleft>
					<onright>7</onright>
					<onup>7</onup>
					<ondown>8</ondown>
				</control>
				<control type="edit" id ="8"><!-- Channel name -->
					<left>0</left>
					<top>78</top>
					<width>580</width>
					<height>50</height>
					<font>font11</font>
					<focusedcolor>button-text</focusedcolor>
					<label>$LOCALIZE[19201] </label>
					<textwidth>538</textwidth>
					<onright>8</onright>
					<onleft>20</onleft>
					<onup>7</onup>
					<ondown>9</ondown>
				</control>
				<control type="button" id ="9"><!-- Channel logo -->
					<left>0</left>
					<top>128</top>
					<width>580</width>
					<height>50</height>
					<font>font11</font>
					<label>$LOCALIZE[19202]</label>
					<onleft>20</onleft>
					<onright>9</onright>
					<onup>8</onup>
					<ondown>12</ondown>
				</control>
				<control type="image" id ="10"><!-- Current channel icon -->
					<left>535</left>
					<top>139</top>
					<width>28</width>
					<height>28</height>
					<aspectratio>keep</aspectratio>
					<texture>$INFO[ListItem.Property(Icon)]</texture>
				</control>
				<control type="radiobutton" id ="12"><!-- EPG activated -->
					<left>0</left>
					<top>178</top>
					<width>580</width>
					<height>50</height>
					<font>font11</font>
					<focusedcolor>button-text</focusedcolor>
					<label>$LOCALIZE[19206]</label>
					<radioposx>540</radioposx>
					<onleft>20</onleft>
					<onright>12</onright>
					<onup>9</onup>
					<ondown>13</ondown>
				</control>
				<control type="spincontrolex" id ="13"><!-- EPG Source -->
					<left>0</left>
					<top>228</top>
					<width>580</width>
					<height>50</height>
					<font>font11</font>
					<label>$LOCALIZE[19200]</label>
					<onright>13</onright>
					<onleft>20</onleft>
					<onup>12</onup>
					<ondown>14</ondown>
				</control>
				<control type="radiobutton" id ="14"><!-- Parental locked -->
					<left>0</left>
					<top>278</top>
					<width>580</width>
					<height>50</height>
					<font>font11</font>
					<focusedcolor>button-text</focusedcolor>
					<label>$LOCALIZE[19267]</label>
					<radioposx>540</radioposx>
					<onleft>20</onleft>
					<onright>14</onright>
					<onup>13</onup>
					<ondown>30</ondown>
				</control>
			</control>
			<control type="group">
				<left>640</left>
				<top>440</top>
				<control type="label"><!-- Advanced channel options Header -->
					<left>0</left>
					<top>0</top>
					<width>480</width>
					<height>24</height>
					<label>[I]$LOCALIZE[31706][/I]</label>
				</control>
				<control type="button" id ="30"><!-- Group manager -->
					<left>0</left>
					<top>28</top>
					<width>290</width>
					<height>50</height>
					<font>font11</font>
					<align>center</align>
					<label>$LOCALIZE[19205]</label>
					<onleft>20</onleft>
					<onright>34</onright>
					<onup>14</onup>
					<ondown>9000</ondown>
				</control>
				<control type="button" id ="34"><!-- TV/Radio -->
					<left>295</left>
					<top>28</top>
					<width>285</width>
					<height>50</height>
					<font>font11</font>
					<visible>IsEmpty(Window.Property(IsRadio))</visible>
					<align>center</align>
					<label>$LOCALIZE[19024]</label>
					<onleft>30</onleft>
					<onright>34</onright>
					<onup>14</onup>
					<ondown>9000</ondown>
				</control>
				<control type="button" id ="34"><!-- TV/Radio -->
					<left>295</left>
					<top>28</top>
					<width>285</width>
					<height>50</height>
					<font>font11</font>
					<visible>!IsEmpty(Window.Property(IsRadio))</visible>
					<align>center</align>
					<label>$LOCALIZE[19023]</label>
					<onleft>30</onleft>
					<onright>34</onright>
					<onup>14</onup>
					<ondown>9000</ondown>
				</control>
			</control>
		</control>
		<control type="group" id="9000">
			<left>180</left>
			<top>622</top>
			<control type="button" id ="4"><!-- OK -->
				<left>0</left>
				<top>0</top>
				<width>300</width>
				<height>46</height>
				<label>$LOCALIZE[186]</label>
				<font>font11</font>
				<align>center</align>
				<onleft>6</onleft>
				<onright>5</onright>
				<onup>30</onup>
			</control>
			<control type="button" id ="5"><!-- Apply changes -->
				<left>310</left>
				<top>0</top>
				<width>300</width>
				<height>46</height>
				<label>$LOCALIZE[14070]</label>
				<font>font11</font>
				<align>center</align>
				<onleft>4</onleft>
				<onright>6</onright>
				<onup>30</onup>
			</control>
			<control type="button" id ="6"><!-- Cancel -->
				<left>620</left>
				<top>0</top>
				<width>300</width>
				<height>46</height>
				<label>$LOCALIZE[222]</label>
				<font>font11</font>
				<align>center</align>
				<onleft>5</onleft>
				<onright>4</onright>
				<onup>30</onup>
			</control>
		</control>
	</controls>
</window>
