<?xml version="1.0" encoding="UTF-8"?>
<window>
	<controls>
		<control type="group" id="1">
			<visible>[Player.ShowInfo | Window.IsActive(videoosd)] + ![Window.IsVisible(sliderdialog) | Window.IsVisible(osdvideosettings) | Window.IsVisible(osdaudiosettings) | Window.IsVisible(osdaudiodspsettings) | Window.IsVisible(videobookmarks) | Window.IsVisible(script-nextup-notification-StillWatchingInfo.xml) | Window.IsVisible(script-nextup-notification-NextUpInfo.xml) | Window.IsVisible(DialogParametricEQ.xml) | Window.IsVisible(DialogSpeakerDistance.xml) | Window.IsVisible(DialogMasterModeFreeSurround.xml) | Window.IsVisible(DialogSpeakerGain.xml)]</visible>
			<control type="group" id="1">
				<control type="image" id="1"><!-- Dialog background -->
					<left>0</left>
					<top>462</top>
					<height>264</height>
					<width>1280</width>
					<texture colordiffuse="mask-background">background-mask.png</texture>
				</control>
				<include>player-mediaicon</include>
			</control>

			<control type="label" id="1"><!-- Title of currently playing video -->
				<left>290</left>
				<top>460</top>
				<width>960</width>
				<height>25</height>
				<label>$INFO[VideoPlayer.Title]</label>
				<align>center</align>
				<visible>!VideoPlayer.Content(LiveTV)</visible>
			</control>
			<control type="group" id="1"><!-- Details of Live TV Program -->
				<visible>VideoPlayer.Content(LiveTV)</visible>
				<control type="label"><!-- TV Channel Number -->
					<left>8</left>
					<top>380</top>
					<width>150</width>
					<height>48</height>
					<textcolor>info-text</textcolor>
					<label>$INFO[VideoPlayer.ChannelNumber]</label>
					<font>font28</font>
				</control>
				<control type="label" id="1"><!-- TV Channel Name -->
					<left>8</left>
					<top>430</top>
					<width>400</width>
					<height>25</height>
					<label>$INFO[VideoPlayer.ChannelName]</label>
				</control>
				<control type="label" id="1"><!-- Title of Live TV Program -->
					<left>290</left>
					<top>460</top>
					<width>475</width>
					<height>25</height>
					<label>$INFO[VideoPlayer.Title,$LOCALIZE[19030]: ,]</label>
				</control>
				<control type="label" id="1"><!-- Tv Show title up next -->
					<left>775</left>
					<top>460</top>
					<width>475</width>
					<height>25</height>
					<label>$INFO[VideoPlayer.NextTitle,$LOCALIZE[19031]: ,]</label>
					<align>right</align>
					<textcolor>disabled-text</textcolor>
				</control>
			</control>
			<control type="image" id="1">
				<left>290</left>
				<top>488</top>
				<width>960</width>
				<height>4</height>
				<texture>separator.png</texture>
			</control>
			<control type="textbox" id="1"><!-- Plot (Show if available)-->
				<left>290</left>
				<top>494</top>
				<width>960</width>
				<height>104</height>
				<font>font11</font>
				<label>$INFO[VideoPlayer.Plot]</label>
				<align>justify</align>
				<autoscroll time="4000" delay="12000" repeat="8000">Skin.HasSetting(text-autoscroll) + !System.ScreenSaverActive</autoscroll>
				<visible>!IsEmpty(VideoPlayer.Plot)</visible>
			</control>
			<control type="textbox" id="1"><!-- Plot Outline (Show if plot not found)-->
				<left>290</left>
				<top>494</top>
				<width>960</width>
				<height>104</height>
				<font>font11</font>
				<label>$INFO[VideoPlayer.PlotOutline]</label>
				<align>justify</align>
				<visible>!IsEmpty(VideoPlayer.PlotOutline) + IsEmpty(VideoPlayer.Plot)</visible>
			</control>

			<control type="grouplist" id="1"><!-- Media flags -->
				<left>670</left>
				<top>606</top>
				<width>232</width>
				<height>40</height>
				<align>center</align>
				<orientation>horizontal</orientation>
				<itemgap>-8</itemgap>
				<animation effect="fade" start="0" end="100" time="1000">WindowOpen</animation>
				<control type="image" id="1"><!-- Audio Codec -->
					<width>54</width>
					<height>40</height>
					<texture background="true">$INFO[VideoPlayer.AudioCodec,special://skin/extras/images/audio/,.png]</texture>
					<visible>!Player.ChannelPreviewActive</visible>
				</control>
				<control type="image" id="1"><!-- Video Codec -->
					<width>54</width>
					<height>40</height>
					<texture background="true">$INFO[VideoPlayer.VideoCodec,special://skin/extras/images/video/,.png]</texture>
					<visible>!Player.ChannelPreviewActive</visible>
				</control>
				<control type="image" id="1"><!-- Video Aspect Ratio -->
					<width>54</width>
					<height>40</height>
					<texture background="true">$INFO[VideoPlayer.VideoAspect,special://skin/extras/images/aspectratio/,.png]</texture>
					<visible>!Player.ChannelPreviewActive</visible>
				</control>
				<control type="image" id="1"><!-- Video Resolution -->
					<width>54</width>
					<height>40</height>
					<texture background="true">$INFO[VideoPlayer.VideoResolution,special://skin/extras/images/resolution/,.png]</texture>
					<visible>!Player.ChannelPreviewActive</visible>
				</control>
			</control>

			<control type="group" id="1">
				<visible>[Window.IsVisible(fullscreenvideo)] + ![Window.IsVisible(sliderdialog) | Window.IsVisible(osdvideosettings) | Window.IsVisible(osdaudiosettings) | Window.IsVisible(videobookmarks) | Window.IsVisible(script-nextup-notification-StillWatchingInfo.xml) | Window.IsVisible(script-nextup-notification-NextUpInfo.xml)]</visible>
				<control type="label" id="1">
					<left>8</left>
					<top>644</top>
					<width>220</width>
					<height>26</height>
					<font>font10</font>
					<label>[COLOR=disabled-text]($INFO[System.Time])[/COLOR] $INFO[VideoPlayer.Time]</label>
					<align>right</align>
				</control>
				<control type="label" id="1">
					<left>1048</left>
					<top>644</top>
					<width>220</width>
					<height>26</height>
					<font>font10</font>
					<label>-$INFO[VideoPlayer.TimeRemaining] [COLOR=disabled-text]($INFO[Player.FinishTime])[/COLOR]</label>
				</control>

				<control type="progress" id="1">
					<left>238</left>
					<top>652</top>
					<width>800</width>
					<height>16</height>
					<info>Player.ProgressCache</info>
					<colordiffuse>CacheBarColor</colordiffuse>
				</control>
				<control type="progress" id="1">
					<left>238</left>
					<top>652</top>
					<width>800</width>
					<height>16</height>
					<info>Player.Progress</info>
				</control>
				<control type="slider" id="1">
					<left>238</left>
					<top>650</top>
					<width>800</width>
					<height>20</height>
					<info>Player.Progress</info>
				</control>
			</control>
		</control>

		<control type="group" id="0">
			<visible>Player.ShowCodec</visible>
			<control type="image"><!-- Background shadow -->
				<left>0</left>
				<top>0</top>
				<width>1280</width>
				<height>186</height>
				<texture colordiffuse="mask-background">background-mask.png</texture>
				<visible>!VideoPlayer.Content(LiveTV)</visible>
			</control>
			<control type="image"><!-- Background shadow for LiveTV -->
				<left>0</left>
				<top>0</top>
				<width>1280</width>
				<height>380</height>
				<texture colordiffuse="mask-background">background-mask.png</texture>
				<visible>VideoPlayer.Content(LiveTV)</visible>
			</control>
			<!-- codec infos -->
			<control type="label" id="10"><!-- Row 1 label -->
				<left>15</left>
				<top>8</top>
				<width>1250</width>
				<height>52</height>
				<font>font12</font>
				<wrapmultiline>true</wrapmultiline>
			</control>
			<control type="label" id="11"><!-- Row 2 label -->
				<left>15</left>
				<top>60</top>
				<width>1250</width>
				<height>52</height>
				<font>font12</font>
				<wrapmultiline>true</wrapmultiline>
			</control>
			<control type="label" id="12"><!-- Row 3 label -->
				<left>15</left>
				<top>112</top>
				<width>1250</width>
				<height>78</height>
				<font>font12</font>
				<wrapmultiline>true</wrapmultiline>
			</control>
			<control type="group">
				<visible>VideoPlayer.Content(LiveTV) + System.GetBool(pvrplayback.signalquality)</visible>
				<top>180</top>
				<control type="label"><!-- PVR Codec header -->
					<left>15</left>
					<top>0</top>
					<width>1250</width>
					<height>25</height>
					<label>$LOCALIZE[19005]</label>
				</control>
				<control type="label"><!-- Backend title -->
					<left>30</left>
					<top>40</top>
					<width>185</width>
					<height>25</height>
					<label>$LOCALIZE[19012]:</label>
					<font>font12</font>
				</control>
				<control type="label"><!-- Backend value -->
					<left>220</left>
					<top>40</top>
					<width>1000</width>
					<height>25</height>
					<label>$INFO[PVR.ActStreamClient]</label>
					<font>font12</font>
				</control>
				<control type="label"><!-- Device title -->
					<left>30</left>
					<top>65</top>
					<width>185</width>
					<height>25</height>
					<label>$LOCALIZE[19006]:</label>
					<font>font12</font>
				</control>
				<control type="label"><!-- Device value -->
					<left>220</left>
					<top>65</top>
					<width>1000</width>
					<height>25</height>
					<label>$INFO[PVR.ActStreamDevice]</label>
					<font>font12</font>
				</control>
				<control type="label"><!-- Status title -->
					<left>30</left>
					<top>90</top>
					<width>185</width>
					<height>25</height>
					<label>$LOCALIZE[19007]:</label>
					<font>font12</font>
				</control>
				<control type="label"><!-- Status value -->
					<left>220</left>
					<top>90</top>
					<width>400</width>
					<height>25</height>
					<label>$INFO[PVR.ActStreamStatus]</label>
					<font>font12</font>
				</control>
				<control type="label"><!-- Encryption title -->
					<left>630</left>
					<top>90</top>
					<width>185</width>
					<height>25</height>
					<label>$LOCALIZE[19015]:</label>
					<font>font12</font>
				</control>
				<control type="label"><!-- Encryption value -->
					<left>820</left>
					<top>90</top>
					<width>400</width>
					<height>25</height>
					<label>$INFO[PVR.ActStreamEncryptionName]</label>
					<font>font12</font>
				</control>
				<control type="label"><!-- Signal title -->
					<left>30</left>
					<top>115</top>
					<width>185</width>
					<height>25</height>
					<label>$LOCALIZE[19008]:</label>
					<font>font12</font>
				</control>
				<control type="progress"><!-- Signal progressbar -->
					<left>220</left>
					<top>122</top>
					<width>200</width>
					<height>14</height>
					<info>PVR.ActStreamProgrSignal</info>
				</control>
				<control type="label"><!-- Signal value -->
					<left>430</left>
					<top>115</top>
					<width>180</width>
					<height>25</height>
					<label>$INFO[PVR.ActStreamSignal]</label>
					<font>font12</font>
				</control>
				<control type="label"><!-- Service title -->
					<left>630</left>
					<top>115</top>
					<width>165</width>
					<height>25</height>
					<label>$LOCALIZE[19099]:</label>
					<font>font12</font>
				</control>
				<control type="label"><!-- Service value -->
					<left>820</left>
					<top>115</top>
					<width>400</width>
					<height>25</height>
					<label>$INFO[PVR.ActStreamServiceName]</label>
					<font>font12</font>
				</control>
				<control type="label"><!-- SNR Title -->
					<left>30</left>
					<top>140</top>
					<width>185</width>
					<height>25</height>
					<label>$LOCALIZE[19009]:</label>
					<font>font12</font>
				</control>
				<control type="progress"><!-- SNR progressbar -->
					<left>220</left>
					<top>147</top>
					<width>200</width>
					<height>14</height>
					<info>PVR.ActStreamProgrSNR</info>
				</control>
				<control type="label"><!-- SNR value -->
					<left>430</left>
					<top>140</top>
					<width>180</width>
					<height>25</height>
					<label>$INFO[PVR.ActStreamSNR]</label>
					<font>font12</font>
				</control>
				<control type="label"><!-- Provider title -->
					<left>630</left>
					<top>140</top>
					<width>165</width>
					<height>25</height>
					<label>$LOCALIZE[19101]:</label>
					<font>font12</font>
				</control>
				<control type="label"><!-- Provider value -->
					<left>820</left>
					<top>140</top>
					<width>165</width>
					<height>25</height>
					<label>$INFO[PVR.ActStreamProviderName]</label>
					<font>font12</font>
				</control>
				<control type="label"><!-- BER Title -->
					<left>30</left>
					<top>165</top>
					<width>185</width>
					<height>25</height>
					<label>$LOCALIZE[19010]:</label>
					<font>font12</font>
				</control>
				<control type="label"><!-- BER value -->
					<left>220</left>
					<top>165</top>
					<width>165</width>
					<height>25</height>
					<label>$INFO[PVR.ActStreamBER]</label>
					<font>font12</font>
				</control>
				<control type="label"><!-- UNC title -->
					<left>430</left>
					<top>165</top>
					<width>165</width>
					<height>25</height>
					<label>$LOCALIZE[19011]:</label>
					<font>font12</font>
				</control>
				<control type="label"><!-- UNC value -->
					<left>630</left>
					<top>165</top>
					<width>165</width>
					<height>25</height>
					<label>$INFO[PVR.ActStreamUNC]</label>
					<font>font12</font>
				</control>
				<control type="label"><!-- Mux title -->
					<left>820</left>
					<top>165</top>
					<width>145</width>
					<height>25</height>
					<label>$LOCALIZE[19100]:</label>
					<font>font12</font>
				</control>
				<control type="label"><!-- Mux value -->
					<left>990</left>
					<top>165</top>
					<width>280</width>
					<height>25</height>
					<label>$INFO[PVR.ActStreamMux]</label>
					<font>font12</font>
				</control>
			</control>
		</control>
	</controls>
</window>